row,score,flagged
0,0.479583,0
1,0.512900,0
2,0.471753,0
3,0.465093,0
4,0.649654,1
5,0.613091,1
6,0.645925,1
7,0.439709,0
8,0.509015,0
9,0.488984,0
10,0.494409,0
11,0.392554,0
12,0.429075,0
13,0.389493,0
14,0.522864,0
15,0.392916,0
16,0.614875,1
17,0.420105,0
18,0.670018,1
19,0.523130,0
20,0.523130,0
21,0.523130,0
22,0.505368,0
23,0.523335,0
24,0.600740,1
25,0.518960,0
26,0.466571,0
27,0.608512,1
28,0.755637,1
29,0.662858,1
30,0.474121,0
31,0.508235,0
32,0.575448,1
33,0.550098,1
34,0.768074,1
35,0.608280,1
36,0.570136,1
37,0.447206,0
38,0.447226,0
39,0.707245,1
40,0.474274,0
41,0.622314,1
42,0.533479,0
43,0.737136,1
44,0.688735,1
45,0.486728,0
46,0.774860,1
47,0.588601,1
48,0.661291,1
49,0.620644,1
50,0.691839,1
51,0.569308,1
52,0.692994,1
53,0.536306,0
54,0.474940,0
55,0.515240,0
56,0.481139,0
57,0.681052,1
58,0.539140,0
59,0.561844,1
60,0.639858,1
61,0.508679,0
62,0.656048,1
63,0.656048,1
64,0.638682,1
65,0.533365,0
66,0.556830,1
67,0.416018,0
68,0.640379,1
69,0.545589,0
70,0.584377,1
71,0.452354,0
72,0.581670,1
73,0.540451,0
74,0.543529,0
75,0.469809,0
76,0.487643,0
77,0.386224,0
78,0.695061,1
79,0.609637,1
80,0.608414,1
81,0.628104,1
82,0.628104,1
83,0.637459,1
84,0.672743,1
85,0.586344,1
86,0.720501,1
87,0.564219,1
88,0.557543,1
89,0.471905,0
90,0.654936,1
91,0.565411,1
92,0.791819,1
93,0.831347,1
94,0.744871,1
95,0.724355,1
96,0.756215,1
97,0.756726,1
98,0.660998,1
99,0.685870,1
100,0.844957,1
101,0.677568,1
102,0.735625,1
103,0.489932,0
104,0.838691,1
105,0.829661,1
106,0.755085,1
107,0.813072,1
108,0.763227,1
109,0.827419,1
110,0.670821,1
111,0.678026,1
112,0.814643,1
113,0.684696,1
114,0.693027,1
115,0.658784,1
116,0.658784,1
117,0.482702,0
118,0.764445,1
119,0.678268,1
120,0.795578,1
121,0.484667,0
122,0.555436,1
123,0.581922,1
124,0.453207,0
125,0.359511,0
126,0.387299,0
127,0.348709,0
128,0.400278,0
129,0.490836,0
130,0.480435,0
131,0.605444,1
132,0.704867,1
133,0.613782,1
134,0.456495,0
135,0.520129,0
136,0.680338,1
137,0.498172,0
138,0.399476,0
139,0.403045,0
140,0.428064,0
141,0.423380,0
142,0.477656,0
143,0.383547,0
144,0.455316,0
145,0.458191,0
146,0.395473,0
147,0.711879,1
148,0.790748,1
149,0.463474,0
150,0.616109,1
151,0.732619,1
152,0.697934,1
153,0.506314,0
154,0.767036,1
155,0.770755,1
156,0.565350,1
157,0.525007,0
158,0.619880,1
159,0.377080,0
160,0.402173,0
161,0.402173,0
162,0.449324,0
163,0.380200,0
164,0.469421,0
165,0.479429,0
166,0.460540,0
167,0.430910,0
168,0.446965,0
169,0.373183,0
170,0.425653,0
171,0.398130,0
172,0.376764,0
173,0.473798,0
174,0.393291,0
175,0.395990,0
176,0.404096,0
177,0.401868,0
178,0.453130,0
179,0.394529,0
180,0.668216,1
181,0.497566,0
182,0.556956,1
183,0.676147,1
184,0.718625,1
185,0.447407,0
186,0.657367,1
187,0.694139,1
188,0.542210,0
189,0.696627,1
190,0.757226,1
191,0.720966,1
192,0.527073,0
193,0.781705,1
194,0.492078,0
195,0.501175,0
196,0.474602,0
197,0.553305,1
198,0.365565,0
199,0.367035,0
200,0.373995,0
201,0.392616,0
202,0.411580,0
203,0.409637,0
204,0.391289,0
205,0.407491,0
206,0.392103,0
207,0.415574,0
208,0.348119,0
209,0.382244,0
210,0.399688,0
211,0.415844,0
212,0.410178,0
213,0.432447,0
214,0.393057,0
215,0.393057,0
216,0.357851,0
217,0.346014,0
218,0.385801,0
219,0.400263,0
220,0.375320,0
221,0.368633,0
222,0.378339,0
223,0.381643,0
224,0.420246,0
225,0.397757,0
226,0.409989,0
227,0.377168,0
228,0.364185,0
229,0.369249,0
230,0.390171,0
231,0.376791,0
232,0.370501,0
233,0.370501,0
234,0.448015,0
235,0.375093,0
236,0.376803,0
237,0.376803,0
238,0.452266,0
239,0.694922,1
240,0.400903,0
241,0.400903,0
242,0.689966,1
243,0.435779,0
244,0.419913,0
245,0.426484,0
246,0.420588,0
247,0.590163,1
248,0.430786,0
249,0.453252,0
250,0.397762,0
251,0.409144,0
252,0.427839,0
253,0.451708,0
254,0.420517,0
255,0.643884,1
256,0.544438,0
257,0.495722,0
258,0.525051,0
259,0.511866,0
260,0.399468,0
261,0.384796,0
262,0.706356,1
263,0.447407,0
264,0.553950,1
265,0.402800,0
266,0.518664,0
267,0.349512,0
268,0.402183,0
269,0.471920,0
270,0.400625,0
271,0.519516,0
272,0.440291,0
273,0.423886,0
274,0.518664,0
275,0.457798,0
276,0.518891,0
277,0.518891,0
278,0.457798,0
279,0.404279,0
280,0.440904,0
281,0.519165,0
282,0.519165,0
283,0.448688,0
284,0.466704,0
285,0.441787,0
286,0.513773,0
287,0.503028,0
288,0.545173,0
289,0.431589,0
290,0.602475,1
291,0.655159,1
292,0.649188,1
293,0.719844,1
294,0.400343,0
295,0.672498,1
296,0.472025,0
297,0.537994,0
298,0.519122,0
299,0.493774,0
300,0.846101,1
301,0.846673,1
302,0.846101,1
303,0.846673,1
304,0.846101,1
305,0.846673,1
306,0.840964,1
307,0.857048,1
308,0.857048,1
309,0.857048,1
310,0.840964,1
311,0.759805,1
312,0.854731,1
313,0.674683,1
314,0.727114,1
315,0.453902,0
316,0.517635,0
317,0.710450,1
318,0.565513,1
319,0.742600,1
320,0.505672,0
321,0.550591,1
322,0.653937,1
323,0.554802,1
324,0.569207,1
325,0.524046,0
326,0.524046,0
327,0.495798,0
328,0.418392,0
329,0.476545,0
330,0.440390,0
331,0.453529,0
332,0.503039,0
333,0.417090,0
334,0.466094,0
335,0.379561,0
336,0.438752,0
337,0.387490,0
338,0.393117,0
339,0.744538,1
340,0.720295,1
341,0.711576,1
342,0.738054,1
343,0.700448,1
344,0.529200,0
345,0.719285,1
346,0.518216,0
347,0.686903,1
348,0.686510,1
349,0.670847,1
350,0.644650,1
351,0.668742,1
352,0.668289,1
353,0.688508,1
354,0.480332,0
355,0.435518,0
356,0.529998,0
357,0.609791,1
358,0.488006,0
359,0.429877,0
360,0.429877,0
361,0.576303,1
362,0.529778,0
363,0.632352,1
364,0.632352,1
365,0.454082,0
366,0.454082,0
367,0.712539,1
368,0.504561,0
369,0.580991,1
370,0.581778,1
371,0.580991,1
372,0.715643,1
373,0.447847,0
374,0.395974,0
375,0.698020,1
376,0.696133,1
377,0.685719,1
378,0.711511,1
379,0.677428,1
380,0.688647,1
381,0.701871,1
382,0.583076,1
383,0.623246,1
384,0.605444,1
385,0.639835,1
386,0.669729,1
387,0.697547,1
388,0.571558,1
389,0.592302,1
390,0.595942,1
391,0.595942,1
392,0.513698,0
393,0.597694,1
394,0.618257,1
395,0.679779,1
396,0.474736,0
397,0.504561,0
398,0.474736,0
399,0.520797,0
400,0.689234,1
401,0.566597,1
402,0.683745,1
403,0.495169,0
404,0.567186,1
405,0.709927,1
406,0.436131,0
407,0.699594,1
408,0.429702,0
409,0.500156,0
410,0.814643,1
411,0.727586,1
412,0.682246,1
413,0.736521,1
414,0.770156,1
415,0.652974,1
416,0.678376,1
417,0.496370,0
418,0.536146,0
419,0.541641,0
420,0.501838,0
421,0.433088,0
422,0.495423,0
423,0.531362,0
424,0.498197,0
425,0.635800,1
426,0.428771,0
427,0.393629,0
428,0.411071,0
429,0.437900,0
430,0.378230,0
431,0.341510,0
432,0.394866,0
433,0.415538,0
434,0.378777,0
435,0.390319,0
436,0.384574,0
437,0.378871,0
438,0.359872,0
439,0.377379,0
440,0.366190,0
441,0.380754,0
442,0.390161,0
443,0.395371,0
444,0.372731,0
445,0.375093,0
446,0.374602,0
447,0.397591,0
448,0.426264,0
449,0.391133,0
450,0.466198,0
451,0.392422,0
452,0.434299,0
453,0.426408,0
454,0.468342,0
455,0.433533,0
456,0.396654,0
457,0.645173,1
458,0.619371,1
459,0.390265,0
460,0.387217,0
461,0.466017,0
462,0.706876,1
463,0.762379,1
464,0.784354,1
465,0.427365,0
466,0.668418,1
467,0.476549,0
468,0.575168,1
469,0.587421,1
470,0.529174,0
471,0.407984,0
472,0.392559,0
473,0.407361,0
474,0.508410,0
475,0.447248,0
476,0.635836,1
477,0.636266,1
478,0.729578,1
479,0.778012,1
480,0.684532,1
481,0.576022,1
482,0.352467,0
483,0.352467,0
484,0.632058,1
485,0.655783,1
486,0.576120,1
487,0.652509,1
488,0.665646,1
489,0.680822,1
490,0.600609,1
491,0.699368,1
492,0.641753,1
493,0.720259,1
494,0.762895,1
495,0.758671,1
496,0.519396,0
497,0.638992,1
498,0.638992,1
499,0.441609,0
500,0.632029,1
501,0.563803,1
502,0.566162,1
503,0.521788,0
504,0.508489,0
505,0.753620,1
506,0.781705,1
507,0.564567,1
508,0.345976,0
509,0.365647,0
510,0.451587,0
511,0.507896,0
512,0.603190,1
513,0.864619,1
514,0.770677,1
515,0.817403,1
516,0.489664,0
517,0.816850,1
518,0.492217,0
519,0.513934,0
520,0.696472,1
521,0.643998,1
522,0.521977,0
523,0.697598,1
524,0.658794,1
525,0.690448,1
526,0.592216,1
527,0.647742,1
528,0.550122,1
529,0.597942,1
530,0.676002,1
531,0.662818,1
532,0.589366,1
533,0.778012,1
534,0.704214,1
535,0.497770,0
536,0.506032,0
537,0.515674,0
538,0.457399,0
539,0.659606,1
540,0.459670,0
541,0.497623,0
542,0.449483,0
543,0.485888,0
544,0.651234,1
545,0.467764,0
546,0.558400,1
547,0.595548,1
548,0.534198,0
549,0.591671,1
550,0.569790,1
551,0.394164,0
552,0.698992,1
553,0.624881,1
554,0.609433,1
555,0.608375,1
556,0.606385,1
557,0.676512,1
558,0.589398,1
559,0.549826,1
560,0.616526,1
561,0.541630,0
562,0.610345,1
563,0.671531,1
564,0.671531,1
565,0.702751,1
566,0.782764,1
567,0.782764,1
568,0.508285,0
569,0.652333,1
570,0.827979,1
571,0.727794,1
572,0.510017,0
573,0.670900,1
574,0.573509,1
575,0.393307,0
576,0.398468,0
577,0.414243,0
578,0.387458,0
579,0.398512,0
580,0.595995,1
581,0.441908,0
582,0.490669,0
583,0.421443,0
584,0.625257,1
585,0.546628,0
586,0.710549,1
587,0.781705,1
588,0.474437,0
589,0.463644,0
590,0.463644,0
591,0.501834,0
592,0.588637,1
593,0.607799,1
594,0.598763,1
595,0.569853,1
596,0.712046,1
597,0.736023,1
598,0.803150,1
599,0.641081,1
600,0.581473,1
601,0.465390,0
602,0.737489,1
603,0.775929,1
604,0.752027,1
605,0.605824,1
606,0.478558,0
607,0.691755,1
608,0.691755,1
609,0.691755,1
610,0.691755,1
611,0.691755,1
612,0.691755,1
613,0.691755,1
614,0.691755,1
615,0.691755,1
616,0.691755,1
617,0.691755,1
618,0.691755,1
619,0.691755,1
620,0.691755,1
621,0.691755,1
622,0.691755,1
623,0.691755,1
624,0.691755,1
625,0.691755,1
626,0.691755,1
627,0.691755,1
628,0.691755,1
629,0.691755,1
630,0.691755,1
631,0.691755,1
632,0.691755,1
633,0.691755,1
634,0.691755,1
635,0.691755,1
636,0.691755,1
637,0.691755,1
638,0.691755,1
639,0.691755,1
640,0.691755,1
641,0.691755,1
642,0.691755,1
643,0.691755,1
644,0.691755,1
645,0.691755,1
646,0.691755,1
647,0.691755,1
648,0.691755,1
649,0.691755,1
650,0.691755,1
651,0.691755,1
652,0.691755,1
653,0.691755,1
654,0.691755,1
655,0.691755,1
656,0.691755,1
657,0.691755,1
658,0.691755,1
659,0.691755,1
660,0.691755,1
661,0.691755,1
662,0.691755,1
663,0.691755,1
664,0.691755,1
665,0.705973,1
666,0.601808,1
667,0.570554,1
668,0.386481,0
669,0.385256,0
670,0.526820,0
671,0.514879,0
672,0.510034,0
673,0.456898,0
674,0.540123,0
675,0.523537,0
676,0.516990,0
677,0.580719,1
678,0.539779,0
679,0.708693,1
680,0.800437,1
681,0.539097,0
682,0.554166,1
683,0.507151,0
684,0.471152,0
685,0.664042,1
686,0.672277,1
687,0.661187,1
688,0.631442,1
689,0.458499,0
690,0.604200,1
691,0.458791,0
692,0.609308,1
693,0.698951,1
694,0.773268,1
695,0.373890,0
696,0.454032,0
697,0.399688,0
698,0.703234,1
699,0.707244,1
700,0.565784,1
701,0.636267,1
702,0.396307,0
703,0.648550,1
704,0.477211,0
705,0.731031,1
706,0.731031,1
707,0.489369,0
708,0.718356,1
709,0.600886,1
710,0.454753,0
711,0.574951,1
712,0.526010,0
713,0.509747,0
714,0.524842,0
715,0.636349,1
716,0.560198,1
717,0.765999,1
718,0.697174,1
719,0.409931,0
720,0.410327,0
721,0.428281,0
722,0.418564,0
723,0.397692,0
724,0.397692,0
725,0.384465,0
726,0.404720,0
727,0.418913,0
728,0.474599,0
729,0.389513,0
730,0.424505,0
731,0.407316,0
732,0.403589,0
733,0.385005,0
734,0.393567,0
735,0.409382,0
736,0.394555,0
737,0.386375,0
738,0.386375,0
739,0.370691,0
740,0.363452,0
741,0.364797,0
742,0.387912,0
743,0.347057,0
744,0.384698,0
745,0.438604,0
746,0.534795,0
747,0.425870,0
748,0.560307,1
749,0.567203,1
750,0.616090,1
751,0.524298,0
752,0.607837,1
753,0.666689,1
754,0.629677,1
755,0.684328,1
756,0.525552,0
757,0.518129,0
758,0.599614,1
759,0.556124,1
760,0.833600,1
761,0.485507,0
762,0.598328,1
763,0.808055,1
764,0.854153,1
765,0.541232,0
766,0.530209,0
767,0.531838,0
768,0.511741,0
769,0.526734,0
770,0.542725,0
771,0.756041,1
772,0.494524,0
773,0.514012,0
774,0.686101,1
775,0.515047,0
776,0.525205,0
777,0.602430,1
778,0.437250,0
779,0.395568,0
780,0.387465,0
781,0.418671,0
782,0.474518,0
783,0.440909,0
784,0.408583,0
785,0.400046,0
786,0.400046,0
787,0.400569,0
788,0.372194,0
789,0.433096,0
790,0.404006,0
791,0.386337,0
792,0.382261,0
793,0.405438,0
794,0.507479,0
795,0.392644,0
796,0.605853,1
797,0.469404,0
798,0.748107,1
799,0.430118,0
800,0.561655,1
801,0.619077,1
802,0.542751,0
803,0.595191,1
804,0.661129,1
805,0.521195,0
806,0.510124,0
807,0.511925,0
808,0.561456,1
809,0.561456,1
810,0.718834,1
811,0.613904,1
812,0.408701,0
813,0.608966,1
814,0.595191,1
815,0.513350,0
816,0.584077,1
817,0.505549,0
818,0.517865,0
819,0.609669,1
820,0.622006,1
821,0.849543,1
822,0.570238,1
823,0.558282,1
824,0.493021,0
825,0.626544,1
826,0.488739,0
827,0.494037,0
828,0.489229,0
829,0.767555,1
830,0.448864,0
831,0.682821,1
832,0.533565,0
833,0.643884,1
834,0.768594,1
835,0.403628,0
836,0.417264,0
837,0.449153,0
838,0.478563,0
839,0.401380,0
840,0.402262,0
841,0.423632,0
842,0.507822,0
843,0.507479,0
844,0.495394,0
845,0.509957,0
846,0.455490,0
847,0.563821,1
848,0.513231,0
849,0.537054,0
850,0.472627,0
851,0.814643,1
852,0.859952,1
853,0.536727,0
854,0.678862,1
855,0.424097,0
856,0.393092,0
857,0.409158,0
858,0.426940,0
859,0.405569,0
860,0.417492,0
861,0.422742,0
862,0.409910,0
863,0.399308,0
864,0.388979,0
865,0.390861,0
866,0.375778,0
867,0.470512,0
868,0.430234,0
869,0.532746,0
870,0.439502,0
871,0.432989,0
872,0.440281,0
873,0.558172,1
874,0.535252,0
875,0.466591,0
876,0.520240,0
877,0.503185,0
878,0.429718,0
879,0.475546,0
880,0.533952,0
881,0.539648,0
882,0.804237,1
883,0.628646,1
884,0.840964,1
885,0.781705,1
886,0.806963,1
887,0.597290,1
888,0.450013,0
889,0.370639,0
890,0.395814,0
891,0.417687,0
892,0.583693,1
893,0.596115,1
894,0.583298,1
895,0.557204,1
896,0.586758,1
897,0.536615,0
898,0.507479,0
899,0.707177,1
900,0.791284,1
901,0.386572,0
902,0.372310,0
903,0.336908,0
904,0.372416,0
905,0.383925,0
906,0.721267,1
907,0.526062,0
908,0.526062,0
909,0.604972,1
910,0.526062,0
911,0.526062,0
912,0.578698,1
913,0.695594,1
914,0.487264,0
915,0.678804,1
916,0.689701,1
917,0.723678,1
918,0.748072,1
919,0.741521,1
920,0.733538,1
921,0.764445,1
922,0.759291,1
923,0.718799,1
924,0.745042,1
925,0.781177,1
926,0.775909,1
927,0.760212,1
928,0.778012,1
929,0.811891,1
930,0.756726,1
931,0.520706,0
932,0.540311,0
933,0.490264,0
934,0.364326,0
935,0.374780,0
936,0.631976,1
937,0.631976,1
938,0.658817,1
939,0.656846,1
940,0.559380,1
941,0.417320,0
942,0.678523,1
943,0.685050,1
944,0.651110,1
945,0.668771,1
946,0.667835,1
947,0.685514,1
948,0.770156,1
949,0.787545,1
950,0.678081,1
951,0.699208,1
952,0.777486,1
953,0.778538,1
954,0.684575,1
955,0.495207,0
956,0.378667,0
957,0.379009,0
958,0.364354,0
959,0.361522,0
960,0.361522,0
961,0.390396,0
962,0.394624,0
963,0.463844,0
964,0.377456,0
965,0.418742,0
966,0.343234,0
967,0.343234,0
968,0.442024,0
969,0.351234,0
970,0.398663,0
971,0.380218,0
972,0.363494,0
973,0.374516,0
974,0.374151,0
975,0.374151,0
976,0.397286,0
977,0.454506,0
978,0.399068,0
979,0.373909,0
980,0.466545,0
981,0.464773,0
982,0.464773,0
983,0.496857,0
984,0.505951,0
985,0.563476,1
986,0.553699,1
987,0.661945,1
988,0.717365,1
989,0.448073,0
990,0.544897,0
991,0.491080,0
992,0.547267,0
993,0.535106,0
994,0.471229,0
995,0.512326,0
996,0.464206,0
997,0.346889,0
998,0.346889,0
999,0.335585,0
1000,0.343081,0
1001,0.423962,0
1002,0.423962,0
1003,0.333546,0
1004,0.333546,0
1005,0.333546,0
1006,0.332112,0
1007,0.332112,0
1008,0.333607,0
1009,0.336697,0
1010,0.336697,0
1011,0.336697,0
1012,0.336697,0
1013,0.333111,0
1014,0.333607,0
1015,0.333607,0
1016,0.343604,0
1017,0.339380,0
1018,0.329270,0
1019,0.329730,0
1020,0.335578,0
1021,0.329926,0
1022,0.340202,0
1023,0.342925,0
1024,0.340094,0
1025,0.345285,0
1026,0.353731,0
1027,0.341417,0
1028,0.342627,0
1029,0.335117,0
1030,0.335117,0
1031,0.342932,0
1032,0.343293,0
1033,0.343293,0
1034,0.336786,0
1035,0.336786,0
1036,0.343911,0
1037,0.345285,0
1038,0.356040,0
1039,0.367640,0
1040,0.330358,0
1041,0.345344,0
1042,0.344423,0
1043,0.344423,0
1044,0.358494,0
1045,0.346809,0
1046,0.358494,0
1047,0.358494,0
1048,0.337393,0
1049,0.343260,0
1050,0.343260,0
1051,0.347390,0
1052,0.343293,0
1053,0.343293,0
1054,0.343293,0
1055,0.344776,0
1056,0.329683,0
1057,0.330607,0
1058,0.348095,0
1059,0.350467,0
1060,0.347420,0
1061,0.347420,0
1062,0.345884,0
1063,0.438400,0
1064,0.343199,0
1065,0.352717,0
1066,0.337864,0
1067,0.337607,0
1068,0.339700,0
1069,0.333685,0
1070,0.354945,0
1071,0.344270,0
1072,0.369884,0
1073,0.330120,0
1074,0.334500,0
1075,0.331275,0
1076,0.329303,0
1077,0.332460,0
1078,0.332460,0
1079,0.332355,0
1080,0.353083,0
1081,0.326592,0
1082,0.330383,0
1083,0.338417,0
1084,0.329543,0
1085,0.326820,0
1086,0.326364,0
1087,0.334623,0
1088,0.418794,0
1089,0.336052,0
1090,0.329359,0
1091,0.326563,0
1092,0.340337,0
1093,0.340337,0
1094,0.340337,0
1095,0.326364,0
1096,0.349171,0
1097,0.328123,0
1098,0.328123,0
1099,0.344281,0
1100,0.339167,0
1101,0.339167,0
1102,0.332280,0
1103,0.332637,0
1104,0.354545,0
1105,0.356528,0
1106,0.357353,0
1107,0.341011,0
1108,0.342132,0
1109,0.330258,0
1110,0.372125,0
1111,0.423569,0
1112,0.342639,0
1113,0.354178,0
1114,0.358454,0
1115,0.356500,0
1116,0.342872,0
1117,0.398028,0
1118,0.332183,0
1119,0.372021,0
1120,0.372021,0
1121,0.343970,0
1122,0.434954,0
1123,0.380058,0
1124,0.353865,0
1125,0.394735,0
1126,0.343560,0
1127,0.347016,0
1128,0.347016,0
1129,0.330615,0
1130,0.333276,0
1131,0.367633,0
1132,0.330911,0
1133,0.330911,0
1134,0.344774,0
1135,0.344774,0
1136,0.347417,0
1137,0.332347,0
1138,0.331860,0
1139,0.351472,0
1140,0.345147,0
1141,0.375479,0
1142,0.375479,0
1143,0.358173,0
1144,0.361027,0
1145,0.345234,0
1146,0.406016,0
1147,0.406016,0
1148,0.344387,0
1149,0.406022,0
1150,0.341235,0
1151,0.332183,0
1152,0.351539,0
1153,0.346154,0
1154,0.346154,0
1155,0.342714,0
1156,0.355978,0
1157,0.367538,0
1158,0.353884,0
1159,0.353884,0
1160,0.397509,0
1161,0.405187,0
1162,0.405187,0
1163,0.353000,0
1164,0.385604,0
1165,0.384739,0
1166,0.346154,0
1167,0.400631,0
1168,0.353884,0
1169,0.397374,0
1170,0.418664,0
1171,0.419383,0
1172,0.328995,0
1173,0.370322,0
1174,0.339933,0
1175,0.355066,0
1176,0.344993,0
1177,0.350172,0
1178,0.375600,0
1179,0.392814,0
1180,0.358166,0
1181,0.351023,0
1182,0.359717,0
1183,0.341450,0
1184,0.350100,0
1185,0.433751,0
1186,0.433751,0
1187,0.400356,0
1188,0.388393,0
1189,0.393931,0
1190,0.392538,0
1191,0.392231,0
1192,0.370497,0
1193,0.333724,0
1194,0.330672,0
1195,0.337933,0
1196,0.347638,0
1197,0.353505,0
1198,0.353505,0
1199,0.350289,0
1200,0.365198,0
1201,0.344398,0
1202,0.373204,0
1203,0.358257,0
1204,0.358257,0
1205,0.350981,0
1206,0.345178,0
1207,0.352106,0
1208,0.352106,0
1209,0.339864,0
1210,0.328995,0
1211,0.328995,0
1212,0.410329,0
1213,0.361496,0
1214,0.344854,0
1215,0.344854,0
1216,0.344602,0
1217,0.349193,0
1218,0.349193,0
1219,0.351809,0
1220,0.350015,0
1221,0.350015,0
1222,0.432788,0
1223,0.432788,0
1224,0.348678,0
1225,0.397586,0
1226,0.441562,0
1227,0.377163,0
1228,0.444197,0
1229,0.370286,0
1230,0.462389,0
1231,0.391747,0
1232,0.385218,0
1233,0.377272,0
1234,0.436137,0
1235,0.443980,0
1236,0.354653,0
1237,0.405770,0
1238,0.442379,0
1239,0.403170,0
1240,0.469525,0
1241,0.449543,0
1242,0.467612,0
1243,0.357022,0
1244,0.435655,0
1245,0.442339,0
1246,0.440117,0
1247,0.363972,0
1248,0.415784,0
1249,0.468688,0
1250,0.382937,0
1251,0.400714,0
1252,0.366547,0
1253,0.394187,0
1254,0.381918,0
1255,0.487198,0
1256,0.429753,0
1257,0.381442,0
1258,0.394437,0
1259,0.441883,0
1260,0.443978,0
1261,0.437184,0
1262,0.449325,0
1263,0.615823,1
1264,0.405011,0
1265,0.511387,0
1266,0.624404,1
1267,0.475020,0
1268,0.475020,0
1269,0.447926,0
1270,0.600585,1
1271,0.462699,0
1272,0.534836,0
1273,0.643307,1
1274,0.582402,1
1275,0.549579,1
1276,0.420787,0
1277,0.595163,1
1278,0.495377,0
1279,0.456747,0
1280,0.332452,0
1281,0.336637,0
1282,0.327610,0
1283,0.328941,0
1284,0.355313,0
1285,0.355313,0
1286,0.352257,0
1287,0.346255,0
1288,0.345525,0
1289,0.343272,0
1290,0.340942,0
1291,0.345300,0
1292,0.369099,0
1293,0.353996,0
1294,0.341011,0
1295,0.357864,0
1296,0.332888,0
1297,0.349563,0
1298,0.330484,0
1299,0.338484,0
1300,0.352411,0
1301,0.340406,0
1302,0.362108,0
1303,0.381394,0
1304,0.372821,0
1305,0.369484,0
1306,0.359999,0
1307,0.363074,0
1308,0.334259,0
1309,0.445471,0
1310,0.439868,0
1311,0.339429,0
1312,0.342754,0
1313,0.370795,0
1314,0.375640,0
1315,0.352843,0
1316,0.351492,0
1317,0.399465,0
1318,0.370313,0
1319,0.333282,0
1320,0.352528,0
1321,0.341941,0
1322,0.343098,0
1323,0.341405,0
1324,0.341910,0
1325,0.356546,0
1326,0.361325,0
1327,0.358067,0
1328,0.342824,0
1329,0.374399,0
1330,0.361282,0
1331,0.363655,0
1332,0.354883,0
1333,0.345159,0
1334,0.340780,0
1335,0.331702,0
1336,0.353112,0
1337,0.432049,0
1338,0.432049,0
1339,0.403432,0
1340,0.389499,0
1341,0.367075,0
1342,0.356183,0
1343,0.394741,0
1344,0.394711,0
1345,0.365972,0
1346,0.362139,0
1347,0.362139,0
1348,0.362139,0
1349,0.362139,0
1350,0.355252,0
1351,0.362139,0
1352,0.406757,0
1353,0.361181,0
1354,0.382633,0
1355,0.585756,1
1356,0.716856,1
1357,0.693611,1
1358,0.732050,1
1359,0.480387,0
1360,0.573365,1
1361,0.572812,1
1362,0.566788,1
1363,0.663480,1
1364,0.661945,1
1365,0.497359,0
1366,0.469148,0
1367,0.779065,1
1368,0.655632,1
1369,0.664512,1
1370,0.440786,0
1371,0.489467,0
1372,0.615651,1
1373,0.420322,0
1374,0.602793,1
1375,0.700456,1
1376,0.334821,0
1377,0.327867,0
1378,0.348767,0
1379,0.375326,0
1380,0.341003,0
1381,0.341003,0
1382,0.341003,0
1383,0.363606,0
1384,0.371634,0
1385,0.417564,0
1386,0.459578,0
1387,0.351787,0
1388,0.329929,0
1389,0.352095,0
1390,0.338968,0
1391,0.330325,0
1392,0.340923,0
1393,0.417973,0
1394,0.363452,0
1395,0.342815,0
1396,0.408999,0
1397,0.384686,0
1398,0.471273,0
1399,0.391941,0
1400,0.355620,0
1401,0.469210,0
1402,0.378428,0
1403,0.366353,0
1404,0.460607,0
1405,0.703939,1
1406,0.518858,0
1407,0.512770,0
1408,0.695991,1
1409,0.653128,1
1410,0.497286,0
1411,0.703739,1
1412,0.702747,1
1413,0.617941,1
1414,0.430303,0
1415,0.610741,1
1416,0.771721,1
1417,0.484649,0
1418,0.550803,1
1419,0.427782,0
1420,0.434229,0
1421,0.568168,1
1422,0.367167,0
1423,0.341614,0
1424,0.326393,0
1425,0.350274,0
1426,0.339593,0
1427,0.358416,0
1428,0.345020,0
1429,0.332172,0
1430,0.343019,0
1431,0.340337,0
1432,0.335015,0
1433,0.335015,0
1434,0.332705,0
1435,0.432796,0
1436,0.370392,0
1437,0.357963,0
1438,0.361148,0
1439,0.329446,0
1440,0.349563,0
1441,0.342925,0
1442,0.353361,0
1443,0.336288,0
1444,0.347434,0
1445,0.347799,0
1446,0.338635,0
1447,0.337287,0
1448,0.342509,0
1449,0.332460,0
1450,0.337665,0
1451,0.342509,0
1452,0.348568,0
1453,0.351753,0
1454,0.350295,0
1455,0.365244,0
1456,0.377714,0
1457,0.416284,0
1458,0.420835,0
1459,0.342156,0
1460,0.341455,0
1461,0.329389,0
1462,0.339610,0
1463,0.341894,0
1464,0.435777,0
1465,0.377420,0
1466,0.344343,0
1467,0.337592,0
1468,0.339011,0
1469,0.331321,0
1470,0.340084,0
1471,0.343911,0
1472,0.343358,0
1473,0.372873,0
1474,0.336274,0
1475,0.339879,0
1476,0.334045,0
1477,0.338086,0
1478,0.356864,0
1479,0.330773,0
1480,0.329165,0
1481,0.340688,0
1482,0.342509,0
1483,0.342509,0
1484,0.342509,0
1485,0.334181,0
1486,0.372930,0
1487,0.372930,0
1488,0.341385,0
1489,0.480917,0
1490,0.383862,0
1491,0.351314,0
1492,0.374271,0
1493,0.333252,0
1494,0.418501,0
1495,0.329701,0
1496,0.329701,0
1497,0.330672,0
1498,0.329929,0
1499,0.333736,0
1500,0.332760,0
1501,0.353751,0
1502,0.403612,0
1503,0.335104,0
1504,0.329279,0
1505,0.347638,0
1506,0.343874,0
1507,0.373631,0
1508,0.354355,0
1509,0.348066,0
1510,0.348620,0
1511,0.339316,0
1512,0.350307,0
1513,0.350307,0
1514,0.337185,0
1515,0.333659,0
1516,0.335227,0
1517,0.369118,0
1518,0.333973,0
1519,0.341964,0
1520,0.433026,0
1521,0.419610,0
1522,0.350948,0
1523,0.342208,0
1524,0.339994,0
1525,0.343970,0
1526,0.361469,0
1527,0.347140,0
1528,0.347140,0
1529,0.347140,0
1530,0.330248,0
1531,0.355364,0
1532,0.355364,0
1533,0.347672,0
1534,0.443796,0
1535,0.450258,0
1536,0.450258,0
1537,0.450258,0
1538,0.369667,0
1539,0.430403,0
1540,0.408855,0
1541,0.355500,0
1542,0.339477,0
1543,0.329701,0
1544,0.347874,0
1545,0.344195,0
1546,0.344195,0
1547,0.346796,0
1548,0.350823,0
1549,0.332517,0
1550,0.338740,0
1551,0.347130,0
1552,0.349890,0
1553,0.342246,0
1554,0.342246,0
1555,0.335055,0
1556,0.354966,0
1557,0.344870,0
1558,0.346528,0
1559,0.358663,0
1560,0.389151,0
1561,0.359707,0
1562,0.353965,0
1563,0.373740,0
1564,0.386644,0
1565,0.425520,0
1566,0.367851,0
1567,0.358308,0
1568,0.364428,0
1569,0.468461,0
1570,0.381719,0
1571,0.448681,0
1572,0.367123,0
1573,0.370002,0
1574,0.423491,0
1575,0.390150,0
1576,0.631634,1
1577,0.866962,1
1578,0.379392,0
1579,0.379392,0
1580,0.568320,1
1581,0.393545,0
1582,0.428158,0
1583,0.399962,0
1584,0.769114,1
1585,0.426601,0
1586,0.644982,1
1587,0.521355,0
1588,0.623243,1
1589,0.490171,0
1590,0.748299,1
1591,0.475472,0
1592,0.348852,0
1593,0.348852,0
1594,0.348852,0
1595,0.350724,0
1596,0.344897,0
1597,0.341990,0
1598,0.342488,0
1599,0.331716,0
1600,0.326925,0
1601,0.345057,0
1602,0.334640,0
1603,0.342910,0
1604,0.333829,0
1605,0.375132,0
1606,0.327094,0
1607,0.329655,0
1608,0.326470,0
1609,0.326470,0
1610,0.326498,0
1611,0.338908,0
1612,0.333241,0
1613,0.344946,0
1614,0.339421,0
1615,0.339421,0
1616,0.349207,0
1617,0.341385,0
1618,0.332764,0
1619,0.348316,0
1620,0.411613,0
1621,0.332021,0
1622,0.391696,0
1623,0.397034,0
1624,0.393653,0
1625,0.430203,0
1626,0.357639,0
1627,0.407360,0
1628,0.352335,0
1629,0.387890,0
1630,0.352047,0
1631,0.397656,0
1632,0.334433,0
1633,0.380432,0
1634,0.402512,0
1635,0.335799,0
1636,0.355978,0
1637,0.355978,0
1638,0.344286,0
1639,0.389898,0
1640,0.351577,0
1641,0.340715,0
1642,0.352047,0
1643,0.344883,0
1644,0.344883,0
1645,0.413922,0
1646,0.367190,0
1647,0.340717,0
1648,0.340717,0
1649,0.348564,0
1650,0.332859,0
1651,0.336727,0
1652,0.406802,0
1653,0.352151,0
1654,0.341347,0
1655,0.342863,0
1656,0.357729,0
1657,0.333616,0
1658,0.330878,0
1659,0.332122,0
1660,0.350122,0
1661,0.346356,0
1662,0.348719,0
1663,0.365733,0
1664,0.336304,0
1665,0.329730,0
1666,0.331300,0
1667,0.387265,0
1668,0.387265,0
1669,0.463045,0
1670,0.360797,0
1671,0.357035,0
1672,0.331711,0
1673,0.334739,0
1674,0.331731,0
1675,0.390804,0
1676,0.391849,0
1677,0.462380,0
1678,0.391043,0
1679,0.366380,0
1680,0.365927,0
1681,0.365927,0
1682,0.365927,0
1683,0.431904,0
1684,0.366957,0
1685,0.465751,0
1686,0.376131,0
1687,0.356272,0
1688,0.356226,0
1689,0.383319,0
1690,0.356272,0
1691,0.553940,1
1692,0.390376,0
1693,0.381094,0
1694,0.740593,1
1695,0.740593,1
1696,0.383678,0
1697,0.383678,0
1698,0.382565,0
1699,0.841533,1
1700,0.453794,0
1701,0.703519,1
1702,0.703519,1
1703,0.678355,1
1704,0.372568,0
1705,0.345941,0
1706,0.354230,0
1707,0.438281,0
1708,0.340320,0
1709,0.349794,0
1710,0.342700,0
1711,0.348615,0
1712,0.328462,0
1713,0.345653,0
1714,0.381667,0
1715,0.348420,0
1716,0.343060,0
1717,0.395372,0
1718,0.326364,0
1719,0.391262,0
1720,0.402113,0
1721,0.352442,0
1722,0.347388,0
1723,0.408822,0
1724,0.399738,0
1725,0.352375,0
1726,0.412482,0
1727,0.355140,0
1728,0.337432,0
1729,0.352237,0
1730,0.350541,0
1731,0.338325,0
1732,0.398071,0
1733,0.349963,0
1734,0.396084,0
1735,0.357381,0
1736,0.332637,0
1737,0.493717,0
1738,0.348607,0
1739,0.334854,0
1740,0.432101,0
1741,0.355619,0
1742,0.350774,0
1743,0.555419,1
1744,0.685372,1
1745,0.336497,0
1746,0.335342,0
1747,0.508598,0
1748,0.553737,1
1749,0.344232,0
1750,0.347598,0
1751,0.341958,0
1752,0.331006,0
1753,0.329892,0
1754,0.342290,0
1755,0.359891,0
1756,0.338166,0
1757,0.329009,0
1758,0.350918,0
1759,0.333819,0
1760,0.346393,0
1761,0.326657,0
1762,0.329672,0
1763,0.338613,0
1764,0.360036,0
1765,0.335864,0
1766,0.335864,0
1767,0.335864,0
1768,0.333157,0
1769,0.381206,0
1770,0.385291,0
1771,0.349142,0
1772,0.345966,0
1773,0.343171,0
1774,0.348762,0
1775,0.348762,0
1776,0.338002,0
1777,0.338002,0
1778,0.340497,0
1779,0.411029,0
1780,0.339307,0
1781,0.342592,0
1782,0.376318,0
1783,0.349415,0
1784,0.337053,0
1785,0.336587,0
1786,0.338159,0
1787,0.338159,0
1788,0.345623,0
1789,0.351069,0
1790,0.339287,0
1791,0.343293,0
1792,0.348395,0
1793,0.352535,0
1794,0.343585,0
1795,0.367190,0
1796,0.344423,0
1797,0.339005,0
1798,0.367190,0
1799,0.342060,0
1800,0.345884,0
1801,0.326657,0
1802,0.345456,0
1803,0.361041,0
1804,0.367413,0
1805,0.350364,0
1806,0.343604,0
1807,0.342523,0
1808,0.354918,0
1809,0.333685,0
1810,0.342509,0
1811,0.338222,0
1812,0.366947,0
1813,0.327694,0
1814,0.334516,0
1815,0.334857,0
1816,0.347664,0
1817,0.348070,0
1818,0.338996,0
1819,0.361835,0
1820,0.339515,0
1821,0.345827,0
1822,0.338882,0
1823,0.338882,0
1824,0.392192,0
1825,0.402277,0
1826,0.361821,0
1827,0.430178,0
1828,0.351314,0
1829,0.363904,0
1830,0.364655,0
1831,0.355237,0
1832,0.341366,0
1833,0.356367,0
1834,0.333724,0
1835,0.351808,0
1836,0.348003,0
1837,0.409640,0
1838,0.355978,0
1839,0.355728,0
1840,0.343899,0
1841,0.343899,0
1842,0.338186,0
1843,0.335699,0
1844,0.396745,0
1845,0.400218,0
1846,0.439376,0
1847,0.519531,0
1848,0.410929,0
1849,0.378132,0
1850,0.485248,0
1851,0.410549,0
1852,0.387224,0
1853,0.469915,0
1854,0.364785,0
1855,0.368447,0
1856,0.366935,0
1857,0.334828,0
1858,0.357544,0
1859,0.334735,0
1860,0.336170,0
1861,0.394624,0
1862,0.332760,0
1863,0.394846,0
1864,0.339068,0
1865,0.390576,0
1866,0.341898,0
1867,0.553081,1
1868,0.334698,0
1869,0.449931,0
1870,0.387297,0
1871,0.381934,0
1872,0.372816,0
1873,0.499652,0
1874,0.665728,1
1875,0.558577,1
1876,0.421078,0
1877,0.386629,0
1878,0.550725,1
1879,0.491025,0
1880,0.581073,1
1881,0.561184,1
1882,0.447216,0
1883,0.416737,0
1884,0.452373,0
1885,0.423178,0
1886,0.449251,0
1887,0.534781,0
1888,0.685380,1
1889,0.372286,0
1890,0.340068,0
1891,0.364935,0
1892,0.368780,0
1893,0.369128,0
1894,0.364793,0
1895,0.381108,0
1896,0.360256,0
1897,0.373318,0
1898,0.373196,0
1899,0.367056,0
1900,0.399544,0
1901,0.373257,0
1902,0.358420,0
1903,0.369382,0
1904,0.350270,0
1905,0.366916,0
1906,0.363494,0
1907,0.342379,0
1908,0.397360,0
1909,0.392269,0
1910,0.393788,0
1911,0.352783,0
1912,0.331703,0
1913,0.411369,0
1914,0.333773,0
1915,0.363823,0
1916,0.363823,0
1917,0.424869,0
1918,0.332625,0
1919,0.393919,0
1920,0.356546,0
1921,0.440345,0
1922,0.388422,0
1923,0.380885,0
1924,0.368929,0
1925,0.371215,0
1926,0.372835,0
1927,0.356243,0
1928,0.381382,0
1929,0.484580,0
1930,0.462767,0
1931,0.393864,0
1932,0.393864,0
1933,0.451143,0
1934,0.451908,0
1935,0.383041,0
1936,0.488668,0
1937,0.472037,0
1938,0.475530,0
1939,0.466528,0
1940,0.466528,0
1941,0.389981,0
1942,0.475643,0
1943,0.475000,0
1944,0.392131,0
1945,0.365414,0
1946,0.368117,0
1947,0.365995,0
1948,0.462519,0
1949,0.462519,0
1950,0.356141,0
1951,0.444989,0
1952,0.437997,0
1953,0.632404,1
1954,0.694444,1
1955,0.770677,1
1956,0.447911,0
1957,0.489156,0
1958,0.487036,0
1959,0.686698,1
1960,0.534286,0
1961,0.549250,1
1962,0.561434,1
1963,0.557950,1
1964,0.681855,1
1965,0.734501,1
1966,0.491868,0
1967,0.633962,1
1968,0.540910,0
1969,0.609517,1
1970,0.575122,1
1971,0.561292,1
1972,0.508908,0
1973,0.395746,0
1974,0.376593,0
1975,0.501793,0
1976,0.533054,0
1977,0.478667,0
1978,0.446415,0
1979,0.380720,0
1980,0.385618,0
1981,0.455015,0
1982,0.389150,0
1983,0.514218,0
1984,0.332201,0
1985,0.332201,0
1986,0.483369,0
1987,0.618083,1
1988,0.730072,1
1989,0.540686,0
1990,0.334460,0
1991,0.439155,0
1992,0.359954,0
1993,0.379983,0
1994,0.379486,0
1995,0.385441,0
1996,0.370659,0
1997,0.360013,0
1998,0.364300,0
1999,0.364300,0
2000,0.359784,0
2001,0.361723,0
2002,0.360045,0
2003,0.364163,0
2004,0.358346,0
2005,0.420965,0
2006,0.385786,0
2007,0.380003,0
2008,0.382094,0
2009,0.390433,0
2010,0.368801,0
2011,0.357651,0
2012,0.363586,0
2013,0.367984,0
2014,0.352628,0
2015,0.345973,0
2016,0.384591,0
2017,0.385394,0
2018,0.378484,0
2019,0.365228,0
2020,0.597991,1
2021,0.572644,1
2022,0.754681,1
2023,0.509935,0
2024,0.701177,1
2025,0.715922,1
2026,0.722211,1
2027,0.671459,1
2028,0.556207,1
2029,0.729578,1
2030,0.533808,0
2031,0.562727,1
2032,0.740018,1
2033,0.733538,1
2034,0.502923,0
2035,0.571656,1
2036,0.620951,1
2037,0.377294,0
2038,0.382568,0
2039,0.382568,0
2040,0.384696,0
2041,0.327265,0
2042,0.334567,0
2043,0.440977,0
2044,0.455612,0
2045,0.368198,0
2046,0.380723,0
2047,0.417397,0
2048,0.334843,0
2049,0.338324,0
2050,0.338324,0
2051,0.402402,0
2052,0.386521,0
2053,0.358247,0
2054,0.334899,0
2055,0.341833,0
2056,0.340114,0
2057,0.340114,0
2058,0.340114,0
2059,0.394672,0
2060,0.359418,0
2061,0.359418,0
2062,0.347479,0
2063,0.398750,0
2064,0.352691,0
2065,0.370501,0
2066,0.371786,0
2067,0.367975,0
2068,0.440831,0
2069,0.438292,0
2070,0.439815,0
2071,0.456525,0
2072,0.480294,0
2073,0.364196,0
2074,0.377359,0
2075,0.474819,0
2076,0.403433,0
2077,0.669341,1
2078,0.505489,0
2079,0.726695,1
2080,0.579930,1
2081,0.704592,1
2082,0.751368,1
2083,0.490618,0
2084,0.641026,1
2085,0.430677,0
2086,0.731134,1
2087,0.724658,1
2088,0.710578,1
2089,0.860534,1
2090,0.767555,1
2091,0.741596,1
2092,0.616760,1
2093,0.616760,1
2094,0.659256,1
2095,0.571449,1
2096,0.712754,1
2097,0.326535,0
2098,0.369712,0
2099,0.331715,0
2100,0.358668,0
2101,0.397145,0
2102,0.358771,0
2103,0.358771,0
2104,0.340399,0
2105,0.410644,0
2106,0.416097,0
2107,0.340262,0
2108,0.344598,0
2109,0.386003,0
2110,0.385404,0
2111,0.355778,0
2112,0.447950,0
2113,0.447950,0
2114,0.366111,0
2115,0.369239,0
2116,0.455488,0
2117,0.382067,0
2118,0.465963,0
2119,0.455488,0
2120,0.457311,0
2121,0.366238,0
2122,0.767036,1
2123,0.444771,0
2124,0.421521,0
2125,0.480628,0
2126,0.641386,1
2127,0.552431,1
2128,0.490541,0
2129,0.513899,0
2130,0.573529,1
2131,0.630091,1
2132,0.503111,0
2133,0.753912,1
2134,0.757228,1
2135,0.643863,1
2136,0.532737,0
2137,0.477721,0
2138,0.493123,0
2139,0.382632,0
2140,0.345248,0
2141,0.396481,0
2142,0.396481,0
2143,0.329892,0
2144,0.372242,0
2145,0.356181,0
2146,0.363558,0
2147,0.388832,0
2148,0.350534,0
2149,0.363431,0
2150,0.370616,0
2151,0.374571,0
2152,0.407765,0
2153,0.367891,0
2154,0.406659,0
2155,0.352154,0
2156,0.350937,0
2157,0.408611,0
2158,0.359725,0
2159,0.401595,0
2160,0.401595,0
2161,0.362752,0
2162,0.358420,0
2163,0.356546,0
2164,0.435626,0
2165,0.476084,0
2166,0.356912,0
2167,0.402949,0
2168,0.396273,0
2169,0.441706,0
2170,0.370091,0
2171,0.648632,1
2172,0.638608,1
2173,0.697035,1
2174,0.721747,1
2175,0.739517,1
2176,0.657211,1
2177,0.592564,1
2178,0.670098,1
2179,0.687963,1
2180,0.513509,0
2181,0.414758,0
2182,0.757751,1
2183,0.713469,1
2184,0.607657,1
2185,0.498980,0
2186,0.744682,1
2187,0.334643,0
2188,0.406017,0
2189,0.353528,0
2190,0.332495,0
2191,0.359292,0
2192,0.331788,0
2193,0.335059,0
2194,0.404912,0
2195,0.331990,0
2196,0.385745,0
2197,0.344252,0
2198,0.332703,0
2199,0.333323,0
2200,0.331832,0
2201,0.336578,0
2202,0.336054,0
2203,0.335329,0
2204,0.332446,0
2205,0.357897,0
2206,0.336967,0
2207,0.330666,0
2208,0.381641,0
2209,0.439475,0
2210,0.439475,0
2211,0.371481,0
2212,0.335451,0
2213,0.335451,0
2214,0.441454,0
2215,0.339621,0
2216,0.339621,0
2217,0.363640,0
2218,0.343533,0
2219,0.355706,0
2220,0.345199,0
2221,0.343807,0
2222,0.339712,0
2223,0.338856,0
2224,0.344723,0
2225,0.340123,0
2226,0.331365,0
2227,0.355478,0
2228,0.409084,0
2229,0.386411,0
2230,0.388072,0
2231,0.385422,0
2232,0.458840,0
2233,0.458840,0
2234,0.366526,0
2235,0.358663,0
2236,0.358663,0
2237,0.786480,1
2238,0.436707,0
2239,0.809697,1
2240,0.526690,0
2241,0.787545,1
2242,0.787012,1
2243,0.774839,1
2244,0.801521,1
2245,0.428213,0
2246,0.562860,1
2247,0.515749,0
2248,0.635623,1
2249,0.373983,0
2250,0.366971,0
2251,0.372907,0
2252,0.372907,0
2253,0.447346,0
2254,0.388316,0
2255,0.383589,0
2256,0.366451,0
2257,0.368042,0
2258,0.390015,0
2259,0.366383,0
2260,0.356969,0
2261,0.359026,0
2262,0.414983,0
2263,0.392746,0
2264,0.333972,0
2265,0.344123,0
2266,0.331398,0
2267,0.331398,0
2268,0.373536,0
2269,0.367648,0
2270,0.361098,0
2271,0.358773,0
2272,0.357035,0
2273,0.375999,0
2274,0.386729,0
2275,0.356684,0
2276,0.382947,0
2277,0.382947,0
2278,0.413332,0
2279,0.413332,0
2280,0.402400,0
2281,0.373229,0
2282,0.377456,0
2283,0.365468,0
2284,0.385581,0
2285,0.468716,0
2286,0.468716,0
2287,0.368865,0
2288,0.386982,0
2289,0.375592,0
2290,0.488630,0
2291,0.367095,0
2292,0.367095,0
2293,0.361319,0
2294,0.363955,0
2295,0.363955,0
2296,0.363955,0
2297,0.359879,0
2298,0.380188,0
2299,0.376313,0
2300,0.391249,0
2301,0.474495,0
2302,0.441388,0
2303,0.390001,0
2304,0.402917,0
2305,0.394433,0
2306,0.403221,0
2307,0.388536,0
2308,0.686446,1
2309,0.662632,1
2310,0.652945,1
2311,0.547186,0
2312,0.547186,0
2313,0.586139,1
2314,0.562601,1
2315,0.643518,1
2316,0.725392,1
2317,0.678523,1
2318,0.411084,0
2319,0.450003,0
2320,0.450003,0
2321,0.525933,0
2322,0.725392,1
2323,0.721965,1
2324,0.688865,1
2325,0.448023,0
2326,0.757751,1
2327,0.868136,1
2328,0.713952,1
2329,0.833600,1
2330,0.793428,1
2331,0.623968,1
2332,0.572940,1
2333,0.468569,0
2334,0.635877,1
2335,0.462411,0
2336,0.743068,1
2337,0.502935,0
2338,0.332320,0
2339,0.335675,0
2340,0.378914,0
2341,0.359558,0
2342,0.352612,0
2343,0.363250,0
2344,0.346302,0
2345,0.338124,0
2346,0.364776,0
2347,0.330257,0
2348,0.329892,0
2349,0.329246,0
2350,0.332637,0
2351,0.337620,0
2352,0.327429,0
2353,0.329371,0
2354,0.339404,0
2355,0.340275,0
2356,0.329543,0
2357,0.329543,0
2358,0.410348,0
2359,0.333300,0
2360,0.336551,0
2361,0.345272,0
2362,0.326393,0
2363,0.326364,0
2364,0.327494,0
2365,0.330383,0
2366,0.348455,0
2367,0.331006,0
2368,0.330750,0
2369,0.335329,0
2370,0.331535,0
2371,0.363320,0
2372,0.332392,0
2373,0.365674,0
2374,0.365674,0
2375,0.371092,0
2376,0.352908,0
2377,0.341385,0
2378,0.339288,0
2379,0.328535,0
2380,0.331350,0
2381,0.345653,0
2382,0.331350,0
2383,0.335412,0
2384,0.358938,0
2385,0.330769,0
2386,0.329725,0
2387,0.339712,0
2388,0.338330,0
2389,0.369109,0
2390,0.330681,0
2391,0.329725,0
2392,0.342620,0
2393,0.385776,0
2394,0.342092,0
2395,0.360919,0
2396,0.339573,0
2397,0.368470,0
2398,0.366411,0
2399,0.369154,0
2400,0.367520,0
2401,0.366726,0
2402,0.362108,0
2403,0.360891,0
2404,0.358938,0
2405,0.333743,0
2406,0.344251,0
2407,0.346960,0
2408,0.332690,0
2409,0.332351,0
2410,0.331162,0
2411,0.339205,0
2412,0.339205,0
2413,0.335774,0
2414,0.350314,0
2415,0.343633,0
2416,0.337476,0
2417,0.355321,0
2418,0.345128,0
2419,0.365280,0
2420,0.348136,0
2421,0.348176,0
2422,0.348176,0
2423,0.332760,0
2424,0.359396,0
2425,0.341382,0
2426,0.330248,0
2427,0.329783,0
2428,0.330816,0
2429,0.357720,0
2430,0.343255,0
2431,0.453553,0
2432,0.454824,0
2433,0.333572,0
2434,0.335682,0
2435,0.332242,0
2436,0.338079,0
2437,0.370897,0
2438,0.329701,0
2439,0.352149,0
2440,0.350222,0
2441,0.350222,0
2442,0.332351,0
2443,0.328995,0
2444,0.340898,0
2445,0.340898,0
2446,0.340898,0
2447,0.337173,0
2448,0.332853,0
2449,0.340400,0
2450,0.342386,0
2451,0.356187,0
2452,0.355255,0
2453,0.340490,0
2454,0.355619,0
2455,0.364547,0
2456,0.347638,0
2457,0.348531,0
2458,0.329929,0
2459,0.358642,0
2460,0.332620,0
2461,0.343769,0
2462,0.352960,0
2463,0.330848,0
2464,0.330848,0
2465,0.330911,0
2466,0.339320,0
2467,0.337786,0
2468,0.343724,0
2469,0.328995,0
2470,0.352227,0
2471,0.352227,0
2472,0.363080,0
2473,0.356912,0
2474,0.362515,0
2475,0.379406,0
2476,0.381299,0
2477,0.392823,0
2478,0.388056,0
2479,0.393214,0
2480,0.379299,0
2481,0.363972,0
2482,0.433728,0
2483,0.457044,0
2484,0.459316,0
2485,0.378703,0
2486,0.383334,0
2487,0.384004,0
2488,0.375523,0
2489,0.375202,0
2490,0.352340,0
2491,0.355213,0
2492,0.363863,0
2493,0.380601,0
2494,0.363922,0
2495,0.362644,0
2496,0.369159,0
2497,0.382161,0
2498,0.525560,0
2499,0.410477,0
2500,0.381633,0
2501,0.381210,0
2502,0.461040,0
2503,0.634056,1
2504,0.472693,0
2505,0.508561,0
2506,0.438744,0
2507,0.470557,0
2508,0.404756,0
2509,0.456736,0
2510,0.446397,0
2511,0.446397,0
2512,0.364839,0
2513,0.385355,0
2514,0.357928,0
2515,0.423499,0
2516,0.346778,0
2517,0.332452,0
2518,0.372470,0
2519,0.377182,0
2520,0.389452,0
2521,0.374344,0
2522,0.374997,0
2523,0.364741,0
2524,0.365093,0
2525,0.365360,0
2526,0.330272,0
2527,0.376013,0
2528,0.390846,0
2529,0.386999,0
2530,0.367235,0
2531,0.384731,0
2532,0.386385,0
2533,0.363583,0
2534,0.370463,0
2535,0.363583,0
2536,0.422725,0
2537,0.368694,0
2538,0.427245,0
2539,0.371391,0
2540,0.419383,0
2541,0.358241,0
2542,0.361723,0
2543,0.398793,0
2544,0.402617,0
2545,0.365174,0
2546,0.359698,0
2547,0.347605,0
2548,0.425436,0
2549,0.422098,0
2550,0.420708,0
2551,0.420708,0
2552,0.364077,0
2553,0.438459,0
2554,0.389217,0
2555,0.386628,0
2556,0.384499,0
2557,0.389217,0
2558,0.393594,0
2559,0.360584,0
2560,0.384097,0
2561,0.384097,0
2562,0.393803,0
2563,0.389781,0
2564,0.345686,0
2565,0.396091,0
2566,0.394599,0
2567,0.398316,0
2568,0.392865,0
2569,0.540272,0
2570,0.393138,0
2571,0.389945,0
2572,0.357111,0
2573,0.424795,0
2574,0.361962,0
2575,0.367685,0
2576,0.359714,0
2577,0.447306,0
2578,0.450096,0
2579,0.329541,0
2580,0.366780,0
2581,0.356684,0
2582,0.358763,0
2583,0.355628,0
2584,0.386427,0
2585,0.444398,0
2586,0.370171,0
2587,0.380378,0
2588,0.468465,0
2589,0.366738,0
2590,0.387657,0
2591,0.354973,0
2592,0.460328,0
2593,0.379670,0
2594,0.362515,0
2595,0.453295,0
2596,0.451895,0
2597,0.463192,0
2598,0.473807,0
2599,0.381842,0
2600,0.391779,0
2601,0.371135,0
2602,0.369842,0
2603,0.373830,0
2604,0.373830,0
2605,0.474833,0
2606,0.474188,0
2607,0.474188,0
2608,0.387010,0
2609,0.490210,0
2610,0.383041,0
2611,0.380524,0
2612,0.439851,0
2613,0.441386,0
2614,0.455599,0
2615,0.391867,0
2616,0.382554,0
2617,0.373043,0
2618,0.453761,0
2619,0.459827,0
2620,0.389371,0
2621,0.359813,0
2622,0.477033,0
2623,0.472335,0
2624,0.453411,0
2625,0.463678,0
2626,0.468708,0
2627,0.470898,0
2628,0.381139,0
2629,0.382554,0
2630,0.475601,0
2631,0.366824,0
2632,0.366824,0
2633,0.370461,0
2634,0.366524,0
2635,0.444353,0
2636,0.367018,0
2637,0.462480,0
2638,0.381649,0
2639,0.522300,0
2640,0.689636,1
2641,0.662956,1
2642,0.521804,0
2643,0.481524,0
2644,0.717341,1
2645,0.412129,0
2646,0.501481,0
2647,0.405643,0
2648,0.426753,0
2649,0.616366,1
2650,0.599270,1
2651,0.637241,1
2652,0.637241,1
2653,0.611071,1
2654,0.401950,0
2655,0.400360,0
2656,0.393775,0
2657,0.721307,1
2658,0.724168,1
2659,0.420500,0
2660,0.445723,0
2661,0.482875,0
2662,0.383902,0
2663,0.383902,0
2664,0.383902,0
2665,0.382137,0
2666,0.522428,0
2667,0.689936,1
2668,0.625493,1
2669,0.414060,0
2670,0.787545,1
2671,0.764445,1
2672,0.471188,0
2673,0.474033,0
2674,0.488190,0
2675,0.510503,0
2676,0.569160,1
2677,0.506294,0
2678,0.670001,1
2679,0.446071,0
2680,0.446071,0
2681,0.458802,0
2682,0.576329,1
2683,0.763412,1
2684,0.576750,1
2685,0.628641,1
2686,0.660203,1
2687,0.516883,0
2688,0.482917,0
2689,0.426015,0
2690,0.753812,1
2691,0.426366,0
2692,0.535993,0
2693,0.695374,1
2694,0.433650,0
2695,0.572726,1
2696,0.701043,1
2697,0.373646,0
2698,0.390970,0
2699,0.372425,0
2700,0.355824,0
2701,0.355824,0
2702,0.355824,0
2703,0.352018,0
2704,0.355265,0
2705,0.378673,0
2706,0.361228,0
2707,0.361228,0
2708,0.382951,0
2709,0.381487,0
2710,0.371748,0
2711,0.364960,0
2712,0.399101,0
2713,0.361723,0
2714,0.448210,0
2715,0.371609,0
2716,0.388411,0
2717,0.388411,0
2718,0.388411,0
2719,0.392593,0
2720,0.386855,0
2721,0.386855,0
2722,0.386855,0
2723,0.394352,0
2724,0.391736,0
2725,0.395073,0
2726,0.339908,0
2727,0.404436,0
2728,0.341358,0
2729,0.365218,0
2730,0.390722,0
2731,0.387010,0
2732,0.466213,0
2733,0.466213,0
2734,0.438324,0
2735,0.438324,0
2736,0.407171,0
2737,0.373055,0
2738,0.381184,0
2739,0.382203,0
2740,0.638916,1
2741,0.513031,0
2742,0.536830,0
2743,0.536830,0
2744,0.491595,0
2745,0.580331,1
2746,0.403048,0
2747,0.407827,0
2748,0.554520,1
2749,0.676069,1
2750,0.526192,0
2751,0.599648,1
2752,0.622637,1
2753,0.429569,0
2754,0.651358,1
2755,0.697064,1
2756,0.583436,1
2757,0.580563,1
2758,0.469317,0
2759,0.561727,1
2760,0.509311,0
2761,0.449323,0
2762,0.705730,1
2763,0.485436,0
2764,0.418024,0
2765,0.467634,0
2766,0.525413,0
2767,0.466603,0
2768,0.542011,0
2769,0.699532,1
2770,0.501158,0
2771,0.668274,1
2772,0.700119,1
2773,0.712637,1
2774,0.483067,0
2775,0.595947,1
2776,0.446166,0
2777,0.578396,1
2778,0.524780,0
2779,0.534781,0
2780,0.526552,0
2781,0.746218,1
2782,0.488697,0
2783,0.435858,0
2784,0.621482,1
2785,0.363741,0
2786,0.363741,0
2787,0.353577,0
2788,0.337533,0
2789,0.383354,0
2790,0.375302,0
2791,0.364822,0
2792,0.366865,0
2793,0.371678,0
2794,0.355014,0
2795,0.380723,0
2796,0.461682,0
2797,0.417878,0
2798,0.380819,0
2799,0.390764,0
2800,0.359526,0
2801,0.368042,0
2802,0.336883,0
2803,0.356931,0
2804,0.356931,0
2805,0.371280,0
2806,0.440814,0
2807,0.391048,0
2808,0.357345,0
2809,0.357286,0
2810,0.413883,0
2811,0.395419,0
2812,0.391824,0
2813,0.394660,0
2814,0.388513,0
2815,0.365491,0
2816,0.397839,0
2817,0.392811,0
2818,0.392811,0
2819,0.366444,0
2820,0.390589,0
2821,0.364459,0
2822,0.395434,0
2823,0.658398,1
2824,0.722700,1
2825,0.715402,1
2826,0.751624,1
2827,0.739648,1
2828,0.733041,1
2829,0.687577,1
2830,0.834729,1
2831,0.800979,1
2832,0.441323,0
2833,0.598980,1
2834,0.547313,1
2835,0.547313,1
2836,0.568365,1
2837,0.620880,1
2838,0.330204,0
2839,0.332438,0
2840,0.345158,0
2841,0.446460,0
2842,0.341698,0
2843,0.379056,0
2844,0.338990,0
2845,0.340756,0
2846,0.359103,0
2847,0.426335,0
2848,0.416532,0
2849,0.334050,0
2850,0.334604,0
2851,0.331808,0
2852,0.393833,0
2853,0.393833,0
2854,0.334657,0
2855,0.330603,0
2856,0.340208,0
2857,0.345022,0
2858,0.342092,0
2859,0.356480,0
2860,0.360063,0
2861,0.369315,0
2862,0.366383,0
2863,0.365189,0
2864,0.365189,0
2865,0.340921,0
2866,0.334024,0
2867,0.380323,0
2868,0.386472,0
2869,0.481457,0
2870,0.383100,0
2871,0.377358,0
2872,0.372400,0
2873,0.392519,0
2874,0.478766,0
2875,0.478766,0
2876,0.370576,0
2877,0.362074,0
2878,0.467251,0
2879,0.352289,0
2880,0.354016,0
2881,0.376682,0
2882,0.369817,0
2883,0.392823,0
2884,0.448813,0
2885,0.388513,0
2886,0.366001,0
2887,0.356912,0
2888,0.706001,1
2889,0.714507,1
2890,0.407452,0
2891,0.383838,0
2892,0.385449,0
2893,0.402154,0
2894,0.446069,0
2895,0.423585,0
2896,0.491196,0
2897,0.406223,0
2898,0.562033,1
2899,0.429766,0
2900,0.645620,1
2901,0.680472,1
2902,0.484138,0
2903,0.347605,0
2904,0.335504,0
2905,0.335504,0
2906,0.336486,0
2907,0.339478,0
2908,0.339478,0
2909,0.339173,0
2910,0.360175,0
2911,0.350044,0
2912,0.401567,0
2913,0.356339,0
2914,0.357014,0
2915,0.347072,0
2916,0.344454,0
2917,0.384360,0
2918,0.344062,0
2919,0.337687,0
2920,0.332346,0
2921,0.331321,0
2922,0.332172,0
2923,0.337129,0
2924,0.370777,0
2925,0.331779,0
2926,0.337096,0
2927,0.327695,0
2928,0.349750,0
2929,0.334110,0
2930,0.345653,0
2931,0.345653,0
2932,0.387255,0
2933,0.387308,0
2934,0.348762,0
2935,0.348017,0
2936,0.348017,0
2937,0.354446,0
2938,0.357061,0
2939,0.342705,0
2940,0.395765,0
2941,0.344845,0
2942,0.373592,0
2943,0.360924,0
2944,0.406053,0
2945,0.338820,0
2946,0.336829,0
2947,0.340443,0
2948,0.343998,0
2949,0.343364,0
2950,0.346331,0
2951,0.423659,0
2952,0.423659,0
2953,0.423659,0
2954,0.422057,0
2955,0.401408,0
2956,0.385826,0
2957,0.742675,1
2958,0.342869,0
2959,0.386931,0
2960,0.334623,0
2961,0.331006,0
2962,0.361724,0
2963,0.339287,0
2964,0.327694,0
2965,0.330972,0
2966,0.332223,0
2967,0.370398,0
2968,0.414847,0
2969,0.342925,0
2970,0.387191,0
2971,0.335014,0
2972,0.335014,0
2973,0.446723,0
2974,0.331008,0
2975,0.335329,0
2976,0.335329,0
2977,0.351370,0
2978,0.347982,0
2979,0.341156,0
2980,0.339313,0
2981,0.345057,0
2982,0.397930,0
2983,0.337296,0
2984,0.346136,0
2985,0.347756,0
2986,0.347466,0
2987,0.338572,0
2988,0.328469,0
2989,0.331171,0
2990,0.332755,0
2991,0.339686,0
2992,0.368720,0
2993,0.343004,0
2994,0.326755,0
2995,0.355171,0
2996,0.372103,0
2997,0.357664,0
2998,0.347638,0
2999,0.345827,0
3000,0.342620,0
3001,0.342620,0
3002,0.342620,0
3003,0.344130,0
3004,0.346891,0
3005,0.366268,0
3006,0.343409,0
3007,0.355478,0
3008,0.336291,0
3009,0.354201,0
3010,0.441931,0
3011,0.370429,0
3012,0.347255,0
3013,0.343899,0
3014,0.346062,0
3015,0.346140,0
3016,0.348146,0
3017,0.346198,0
3018,0.345246,0
3019,0.352208,0
3020,0.397949,0
3021,0.359035,0
3022,0.358724,0
3023,0.358724,0
3024,0.359630,0
3025,0.329791,0
3026,0.336764,0
3027,0.338167,0
3028,0.370723,0
3029,0.353388,0
3030,0.350502,0
3031,0.344716,0
3032,0.340453,0
3033,0.345065,0
3034,0.359236,0
3035,0.343180,0
3036,0.345359,0
3037,0.341007,0
3038,0.343639,0
3039,0.349842,0
3040,0.342908,0
3041,0.382554,0
3042,0.367256,0
3043,0.374683,0
3044,0.378104,0
3045,0.386120,0
3046,0.363913,0
3047,0.374892,0
3048,0.394281,0
3049,0.564509,1
3050,0.408390,0
3051,0.358769,0
3052,0.339099,0
3053,0.357071,0
3054,0.332830,0
3055,0.345974,0
3056,0.331321,0
3057,0.331321,0
3058,0.328959,0
3059,0.343079,0
3060,0.336651,0
3061,0.345248,0
3062,0.345248,0
3063,0.350302,0
3064,0.346088,0
3065,0.366768,0
3066,0.340652,0
3067,0.382316,0
3068,0.357367,0
3069,0.346062,0
3070,0.343409,0
3071,0.377529,0
3072,0.336742,0
3073,0.329279,0
3074,0.345234,0
3075,0.346062,0
3076,0.336252,0
3077,0.332312,0
3078,0.338233,0
3079,0.339266,0
3080,0.385414,0
3081,0.579510,1
3082,0.692078,1
3083,0.396110,0
3084,0.378700,0
3085,0.347108,0
3086,0.361069,0
3087,0.486594,0
3088,0.449826,0
3089,0.449826,0
3090,0.345422,0
3091,0.429458,0
3092,0.352522,0
3093,0.342274,0
3094,0.344612,0
3095,0.354372,0
3096,0.327494,0
3097,0.338695,0
3098,0.326299,0
3099,0.326299,0
3100,0.342730,0
3101,0.331861,0
3102,0.395146,0
3103,0.331821,0
3104,0.347236,0
3105,0.330193,0
3106,0.332981,0
3107,0.368525,0
3108,0.436569,0
3109,0.438931,0
3110,0.352213,0
3111,0.350289,0
3112,0.433858,0
3113,0.548187,1
3114,0.470231,0
3115,0.432259,0
3116,0.418141,0
3117,0.458271,0
3118,0.490559,0
3119,0.352181,0
3120,0.362324,0
3121,0.411746,0
3122,0.400977,0
3123,0.348531,0
3124,0.488783,0
3125,0.347675,0
3126,0.427090,0
3127,0.329566,0
3128,0.426249,0
3129,0.422973,0
3130,0.356216,0
3131,0.588713,1
3132,0.400224,0
3133,0.802607,1
3134,0.841533,1
3135,0.852421,1
3136,0.575212,1
3137,0.657778,1
3138,0.702464,1
3139,0.753396,1
3140,0.331762,0
3141,0.332744,0
3142,0.331275,0
3143,0.331275,0
3144,0.340535,0
3145,0.340202,0
3146,0.345213,0
3147,0.330825,0
3148,0.342351,0
3149,0.341302,0
3150,0.441387,0
3151,0.338695,0
3152,0.342630,0
3153,0.339910,0
3154,0.347217,0
3155,0.341698,0
3156,0.330264,0
3157,0.382323,0
3158,0.387604,0
3159,0.381862,0
3160,0.344423,0
3161,0.340821,0
3162,0.341901,0
3163,0.336195,0
3164,0.340930,0
3165,0.339795,0
3166,0.350504,0
3167,0.350504,0
3168,0.348395,0
3169,0.357274,0
3170,0.330647,0
3171,0.333485,0
3172,0.335577,0
3173,0.332755,0
3174,0.342925,0
3175,0.327934,0
3176,0.332172,0
3177,0.334113,0
3178,0.330091,0
3179,0.326563,0
3180,0.326563,0
3181,0.329584,0
3182,0.327694,0
3183,0.327084,0
3184,0.394577,0
3185,0.394577,0
3186,0.340302,0
3187,0.340254,0
3188,0.330476,0
3189,0.397539,0
3190,0.330816,0
3191,0.328995,0
3192,0.328995,0
3193,0.352319,0
3194,0.398538,0
3195,0.344206,0
3196,0.333162,0
3197,0.353952,0
3198,0.358509,0
3199,0.347195,0
3200,0.343771,0
3201,0.347059,0
3202,0.331394,0
3203,0.342381,0
3204,0.343409,0
3205,0.357102,0
3206,0.350351,0
3207,0.331703,0
3208,0.355365,0
3209,0.355321,0
3210,0.347684,0
3211,0.332760,0
3212,0.332760,0
3213,0.337590,0
3214,0.350977,0
3215,0.346636,0
3216,0.401968,0
3217,0.401953,0
3218,0.349022,0
3219,0.332183,0
3220,0.346960,0
3221,0.400579,0
3222,0.346763,0
3223,0.360160,0
3224,0.338819,0
3225,0.407568,0
3226,0.409627,0
3227,0.332158,0
3228,0.331641,0
3229,0.347486,0
3230,0.398310,0
3231,0.330650,0
3232,0.338233,0
3233,0.330911,0
3234,0.346199,0
3235,0.341348,0
3236,0.332460,0
3237,0.339082,0
3238,0.332859,0
3239,0.343098,0
3240,0.330355,0
3241,0.333391,0
3242,0.333162,0
3243,0.347664,0
3244,0.407432,0
3245,0.398884,0
3246,0.334164,0
3247,0.333353,0
3248,0.346249,0
3249,0.355098,0
3250,0.412093,0
3251,0.369014,0
3252,0.362664,0
3253,0.333972,0
3254,0.338567,0
3255,0.336910,0
3256,0.344176,0
3257,0.338709,0
3258,0.406615,0
3259,0.407280,0
3260,0.406672,0
3261,0.372836,0
3262,0.372836,0
3263,0.399930,0
3264,0.387671,0
3265,0.372330,0
3266,0.430937,0
3267,0.415370,0
3268,0.471736,0
3269,0.386390,0
3270,0.356148,0
3271,0.436918,0
3272,0.478528,0
3273,0.356306,0
3274,0.354505,0
3275,0.433118,0
3276,0.365305,0
3277,0.355965,0
3278,0.377906,0
3279,0.455079,0
3280,0.353329,0
3281,0.444391,0
3282,0.383968,0
3283,0.383172,0
3284,0.381187,0
3285,0.439086,0
3286,0.382376,0
3287,0.422127,0
3288,0.811891,1
3289,0.470854,0
3290,0.781067,1
3291,0.498114,0
3292,0.452260,0
3293,0.581106,1
3294,0.345650,0
3295,0.379719,0
3296,0.336389,0
3297,0.338463,0
3298,0.351916,0
3299,0.332201,0
3300,0.341698,0
3301,0.344915,0
3302,0.334136,0
3303,0.331494,0
3304,0.332366,0
3305,0.374326,0
3306,0.331788,0
3307,0.334216,0
3308,0.334216,0
3309,0.329631,0
3310,0.332856,0
3311,0.380917,0
3312,0.380917,0
3313,0.339392,0
3314,0.343958,0
3315,0.331350,0
3316,0.334211,0
3317,0.329371,0
3318,0.334147,0
3319,0.334762,0
3320,0.326879,0
3321,0.326470,0
3322,0.327189,0
3323,0.336574,0
3324,0.329306,0
3325,0.339199,0
3326,0.343958,0
3327,0.337154,0
3328,0.335129,0
3329,0.335129,0
3330,0.329926,0
3331,0.336427,0
3332,0.326640,0
3333,0.326640,0
3334,0.333765,0
3335,0.327429,0
3336,0.331305,0
3337,0.331305,0
3338,0.332965,0
3339,0.367745,0
3340,0.357893,0
3341,0.429375,0
3342,0.428942,0
3343,0.438933,0
3344,0.438933,0
3345,0.438933,0
3346,0.438933,0
3347,0.438933,0
3348,0.438933,0
3349,0.436065,0
3350,0.438933,0
3351,0.438933,0
3352,0.438933,0
3353,0.438933,0
3354,0.445478,0
3355,0.438124,0
3356,0.441823,0
3357,0.441823,0
3358,0.429035,0
3359,0.435332,0
3360,0.435332,0
3361,0.369316,0
3362,0.369316,0
3363,0.401392,0
3364,0.405099,0
3365,0.405099,0
3366,0.405099,0
3367,0.336833,0
3368,0.336833,0
3369,0.339110,0
3370,0.413668,0
3371,0.360546,0
3372,0.353524,0
3373,0.335187,0
3374,0.329929,0
3375,0.328995,0
3376,0.335055,0
3377,0.356786,0
3378,0.352047,0
3379,0.371898,0
3380,0.371898,0
3381,0.332681,0
3382,0.332681,0
3383,0.360476,0
3384,0.356759,0
3385,0.356759,0
3386,0.355045,0
3387,0.359200,0
3388,0.342217,0
3389,0.346598,0
3390,0.335451,0
3391,0.354549,0
3392,0.345493,0
3393,0.359088,0
3394,0.347051,0
3395,0.340415,0
3396,0.402119,0
3397,0.361540,0
3398,0.332760,0
3399,0.407606,0
3400,0.340789,0
3401,0.332760,0
3402,0.332760,0
3403,0.386936,0
3404,0.336452,0
3405,0.336452,0
3406,0.393065,0
3407,0.342446,0
3408,0.344096,0
3409,0.345827,0
3410,0.345827,0
3411,0.345827,0
3412,0.345254,0
3413,0.345254,0
3414,0.338493,0
3415,0.338233,0
3416,0.353241,0
3417,0.334029,0
3418,0.334029,0
3419,0.345596,0
3420,0.344942,0
3421,0.336903,0
3422,0.356185,0
3423,0.345579,0
3424,0.353952,0
3425,0.355563,0
3426,0.329701,0
3427,0.335774,0
3428,0.362245,0
3429,0.336910,0
3430,0.378368,0
3431,0.378368,0
3432,0.434557,0
3433,0.434557,0
3434,0.343070,0
3435,0.340959,0
3436,0.347479,0
3437,0.333458,0
3438,0.333458,0
3439,0.338282,0
3440,0.338282,0
3441,0.352151,0
3442,0.333007,0
3443,0.332710,0
3444,0.332710,0
3445,0.334250,0
3446,0.331588,0
3447,0.334092,0
3448,0.334092,0
3449,0.336223,0
3450,0.337529,0
3451,0.346278,0
3452,0.343712,0
3453,0.331928,0
3454,0.331808,0
3455,0.333740,0
3456,0.365468,0
3457,0.357544,0
3458,0.344462,0
3459,0.348605,0
3460,0.360333,0
3461,0.404228,0
3462,0.402653,0
3463,0.424016,0
3464,0.402653,0
3465,0.402653,0
3466,0.402653,0
3467,0.402009,0
3468,0.386056,0
3469,0.382409,0
3470,0.384175,0
3471,0.384175,0
3472,0.382305,0
3473,0.391658,0
3474,0.384859,0
3475,0.382471,0
3476,0.381864,0
3477,0.352610,0
3478,0.353708,0
3479,0.357442,0
3480,0.394408,0
3481,0.391658,0
3482,0.363129,0
3483,0.358804,0
3484,0.383819,0
3485,0.383819,0
3486,0.398315,0
3487,0.384152,0
3488,0.430251,0
3489,0.473488,0
3490,0.468461,0
3491,0.468461,0
3492,0.474908,0
3493,0.474908,0
3494,0.364930,0
3495,0.355245,0
3496,0.379699,0
3497,0.373684,0
3498,0.455042,0
3499,0.362641,0
3500,0.360255,0
3501,0.358398,0
3502,0.377636,0
3503,0.352246,0
3504,0.360525,0
3505,0.379658,0
3506,0.379356,0
3507,0.379106,0
3508,0.380840,0
3509,0.376676,0
3510,0.376676,0
3511,0.365143,0
3512,0.467258,0
3513,0.391763,0
3514,0.363426,0
3515,0.375360,0
3516,0.369239,0
3517,0.363129,0
3518,0.405172,0
3519,0.513992,0
3520,0.409922,0
3521,0.409922,0
3522,0.772243,1
3523,0.406953,0
3524,0.380530,0
3525,0.380530,0
3526,0.380530,0
3527,0.380862,0
3528,0.382621,0
3529,0.382621,0
3530,0.380530,0
3531,0.381726,0
3532,0.381082,0
3533,0.380862,0
3534,0.380862,0
3535,0.380530,0
3536,0.380530,0
3537,0.380530,0
3538,0.380530,0
3539,0.380530,0
3540,0.384880,0
3541,0.441899,0
3542,0.378374,0
3543,0.378374,0
3544,0.639367,1
3545,0.378374,0
3546,0.424260,0
3547,0.424260,0
3548,0.386645,0
3549,0.383957,0
3550,0.382217,0
3551,0.383201,0
3552,0.381758,0
3553,0.442028,0
3554,0.867549,1
3555,0.822396,1
3556,0.624750,1
3557,0.615480,1
3558,0.592045,1
3559,0.521122,0
3560,0.477422,0
3561,0.331171,0
3562,0.329644,0
3563,0.332605,0
3564,0.335785,0
3565,0.350541,0
3566,0.341726,0
3567,0.339063,0
3568,0.343911,0
3569,0.337154,0
3570,0.346983,0
3571,0.328878,0
3572,0.335222,0
3573,0.345860,0
3574,0.348412,0
3575,0.326328,0
3576,0.367517,0
3577,0.341758,0
3578,0.337723,0
3579,0.347963,0
3580,0.354831,0
3581,0.346156,0
3582,0.355155,0
3583,0.346547,0
3584,0.344432,0
3585,0.344432,0
3586,0.344099,0
3587,0.345775,0
3588,0.336729,0
3589,0.349075,0
3590,0.345860,0
3591,0.345860,0
3592,0.331788,0
3593,0.341335,0
3594,0.336971,0
3595,0.328907,0
3596,0.342066,0
3597,0.339872,0
3598,0.343442,0
3599,0.334246,0
3600,0.331843,0
3601,0.331171,0
3602,0.343549,0
3603,0.368344,0
3604,0.336341,0
3605,0.336283,0
3606,0.338695,0
3607,0.472125,0
3608,0.336452,0
3609,0.361715,0
3610,0.381353,0
3611,0.379478,0
3612,0.330100,0
3613,0.326755,0
3614,0.326470,0
3615,0.350516,0
3616,0.349250,0
3617,0.346370,0
3618,0.328940,0
3619,0.343079,0
3620,0.339026,0
3621,0.340691,0
3622,0.366112,0
3623,0.338811,0
3624,0.335026,0
3625,0.333886,0
3626,0.340821,0
3627,0.349772,0
3628,0.351626,0
3629,0.341345,0
3630,0.337938,0
3631,0.334662,0
3632,0.334516,0
3633,0.347388,0
3634,0.333570,0
3635,0.348302,0
3636,0.334221,0
3637,0.334516,0
3638,0.335432,0
3639,0.341944,0
3640,0.326933,0
3641,0.326933,0
3642,0.326393,0
3643,0.346891,0
3644,0.337938,0
3645,0.462632,0
3646,0.351626,0
3647,0.339845,0
3648,0.340352,0
3649,0.342498,0
3650,0.343839,0
3651,0.330629,0
3652,0.339473,0
3653,0.345914,0
3654,0.342925,0
3655,0.342925,0
3656,0.344329,0
3657,0.343642,0
3658,0.338594,0
3659,0.342200,0
3660,0.347352,0
3661,0.348474,0
3662,0.351626,0
3663,0.351626,0
3664,0.348472,0
3665,0.347333,0
3666,0.333570,0
3667,0.415219,0
3668,0.347174,0
3669,0.353886,0
3670,0.353886,0
3671,0.331321,0
3672,0.393747,0
3673,0.365888,0
3674,0.336611,0
3675,0.360714,0
3676,0.340538,0
3677,0.331703,0
3678,0.346891,0
3679,0.353524,0
3680,0.353524,0
3681,0.356479,0
3682,0.329701,0
3683,0.331002,0
3684,0.331002,0
3685,0.329701,0
3686,0.353985,0
3687,0.353985,0
3688,0.357466,0
3689,0.361066,0
3690,0.352745,0
3691,0.347907,0
3692,0.350289,0
3693,0.345790,0
3694,0.351014,0
3695,0.362220,0
3696,0.382197,0
3697,0.357533,0
3698,0.350289,0
3699,0.336764,0
3700,0.335854,0
3701,0.355066,0
3702,0.350892,0
3703,0.350555,0
3704,0.337432,0
3705,0.343644,0
3706,0.339741,0
3707,0.346188,0
3708,0.346891,0
3709,0.335774,0
3710,0.344579,0
3711,0.344529,0
3712,0.347968,0
3713,0.396257,0
3714,0.351760,0
3715,0.336951,0
3716,0.335774,0
3717,0.335774,0
3718,0.335774,0
3719,0.335774,0
3720,0.390311,0
3721,0.330820,0
3722,0.330820,0
3723,0.330248,0
3724,0.330248,0
3725,0.330248,0
3726,0.332322,0
3727,0.330432,0
3728,0.344290,0
3729,0.341159,0
3730,0.409355,0
3731,0.354522,0
3732,0.370699,0
3733,0.350351,0
3734,0.398923,0
3735,0.332183,0
3736,0.344611,0
3737,0.344611,0
3738,0.330848,0
3739,0.331749,0
3740,0.352299,0
3741,0.339621,0
3742,0.345596,0
3743,0.347664,0
3744,0.445359,0
3745,0.445359,0
3746,0.350015,0
3747,0.329701,0
3748,0.330476,0
3749,0.346775,0
3750,0.346585,0
3751,0.431302,0
3752,0.380210,0
3753,0.444549,0
3754,0.448113,0
3755,0.353226,0
3756,0.433320,0
3757,0.433320,0
3758,0.375708,0
3759,0.366712,0
3760,0.352610,0
3761,0.354905,0
3762,0.427456,0
3763,0.427456,0
3764,0.354468,0
3765,0.453976,0
3766,0.454669,0
3767,0.447712,0
3768,0.384948,0
3769,0.390156,0
3770,0.567525,1
3771,0.474648,0
3772,0.418860,0
3773,0.446055,0
3774,0.341378,0
3775,0.362984,0
3776,0.328503,0
3777,0.326755,0
3778,0.345706,0
3779,0.327021,0
3780,0.330832,0
3781,0.328947,0
3782,0.332926,0
3783,0.332874,0
3784,0.330793,0
3785,0.330793,0
3786,0.330793,0
3787,0.334678,0
3788,0.334678,0
3789,0.337385,0
3790,0.331287,0
3791,0.339868,0
3792,0.329053,0
3793,0.355185,0
3794,0.345794,0
3795,0.340314,0
3796,0.349843,0
3797,0.332605,0
3798,0.350532,0
3799,0.350532,0
3800,0.339930,0
3801,0.342200,0
3802,0.336656,0
3803,0.346544,0
3804,0.346544,0
3805,0.333546,0
3806,0.350504,0
3807,0.350504,0
3808,0.327084,0
3809,0.334253,0
3810,0.326880,0
3811,0.331141,0
3812,0.328987,0
3813,0.342783,0
3814,0.328535,0
3815,0.336330,0
3816,0.340337,0
3817,0.371440,0
3818,0.334145,0
3819,0.350985,0
3820,0.412398,0
3821,0.332452,0
3822,0.353849,0
3823,0.353849,0
3824,0.328987,0
3825,0.331932,0
3826,0.344542,0
3827,0.345319,0
3828,0.331218,0
3829,0.345721,0
3830,0.369245,0
3831,0.348935,0
3832,0.349695,0
3833,0.353137,0
3834,0.338441,0
3835,0.326820,0
3836,0.361962,0
3837,0.367387,0
3838,0.343782,0
3839,0.417002,0
3840,0.417002,0
3841,0.359276,0
3842,0.423678,0
3843,0.350113,0
3844,0.340887,0
3845,0.350353,0
3846,0.333244,0
3847,0.349529,0
3848,0.342740,0
3849,0.330272,0
3850,0.338167,0
3851,0.338167,0
3852,0.330272,0
3853,0.355079,0
3854,0.342740,0
3855,0.334978,0
3856,0.342997,0
3857,0.337185,0
3858,0.338233,0
3859,0.352303,0
3860,0.406053,0
3861,0.360180,0
3862,0.357869,0
3863,0.348583,0
3864,0.329701,0
3865,0.425311,0
3866,0.360684,0
3867,0.333282,0
3868,0.332374,0
3869,0.348450,0
3870,0.357433,0
3871,0.357319,0
3872,0.346599,0
3873,0.340033,0
3874,0.334027,0
3875,0.342608,0
3876,0.331703,0
3877,0.356969,0
3878,0.350714,0
3879,0.348593,0
3880,0.352774,0
3881,0.351214,0
3882,0.331635,0
3883,0.353966,0
3884,0.332590,0
3885,0.408733,0
3886,0.365273,0
3887,0.372476,0
3888,0.404289,0
3889,0.360476,0
3890,0.331162,0
3891,0.337862,0
3892,0.331278,0
3893,0.341629,0
3894,0.334913,0
3895,0.334642,0
3896,0.335380,0
3897,0.337464,0
3898,0.331703,0
3899,0.332351,0
3900,0.331712,0
3901,0.334698,0
3902,0.347667,0
3903,0.389848,0
3904,0.467285,0
3905,0.467285,0
3906,0.356272,0
3907,0.367037,0
3908,0.359576,0
3909,0.391779,0
3910,0.441410,0
3911,0.379669,0
3912,0.356249,0
3913,0.356249,0
3914,0.360348,0
3915,0.455122,0
3916,0.355658,0
3917,0.388839,0
3918,0.672251,1
3919,0.443702,0
3920,0.646627,1
3921,0.379300,0
3922,0.415765,0
3923,0.663929,1
3924,0.385801,0
3925,0.414117,0
3926,0.462690,0
3927,0.575174,1
3928,0.477964,0
3929,0.477008,0
3930,0.502258,0
3931,0.418283,0
3932,0.555567,1
3933,0.598400,1
3934,0.679914,1
3935,0.348063,0
3936,0.341929,0
3937,0.327551,0
3938,0.332965,0
3939,0.332128,0
3940,0.342712,0
3941,0.380213,0
3942,0.331845,0
3943,0.345880,0
3944,0.345880,0
3945,0.326592,0
3946,0.344289,0
3947,0.354415,0
3948,0.363386,0
3949,0.331162,0
3950,0.369025,0
3951,0.350902,0
3952,0.413264,0
3953,0.348684,0
3954,0.343408,0
3955,0.394496,0
3956,0.333433,0
3957,0.334148,0
3958,0.346376,0
3959,0.341143,0
3960,0.339985,0
3961,0.346179,0
3962,0.334394,0
3963,0.378098,0
3964,0.363652,0
3965,0.369585,0
3966,0.369585,0
3967,0.359429,0
3968,0.359429,0
3969,0.359429,0
3970,0.394037,0
3971,0.353377,0
3972,0.336713,0
3973,0.336713,0
3974,0.354200,0
3975,0.332374,0
3976,0.342688,0
3977,0.344884,0
3978,0.360318,0
3979,0.339985,0
3980,0.347867,0
3981,0.342852,0
3982,0.358863,0
3983,0.341978,0
3984,0.343322,0
3985,0.340863,0
3986,0.416219,0
3987,0.452083,0
3988,0.425613,0
3989,0.331389,0
3990,0.356605,0
3991,0.371467,0
3992,0.358220,0
3993,0.338324,0
3994,0.390017,0
3995,0.427880,0
3996,0.369350,0
3997,0.356206,0
3998,0.475775,0
3999,0.377169,0
4000,0.475591,0
4001,0.466858,0
4002,0.351587,0
4003,0.379519,0
4004,0.659778,1
4005,0.662135,1
4006,0.381617,0
4007,0.566651,1
4008,0.503030,0
4009,0.596725,1
4010,0.473810,0
4011,0.382451,0
4012,0.379909,0
4013,0.381851,0
4014,0.425570,0
4015,0.568607,1
4016,0.511588,0
4017,0.499858,0
4018,0.358475,0
4019,0.342664,0
4020,0.329962,0
4021,0.329962,0
4022,0.326733,0
4023,0.327248,0
4024,0.327248,0
4025,0.419186,0
4026,0.365123,0
4027,0.415527,0
4028,0.340313,0
4029,0.340068,0
4030,0.364295,0
4031,0.346591,0
4032,0.369595,0
4033,0.334983,0
4034,0.343137,0
4035,0.376249,0
4036,0.348297,0
4037,0.334833,0
4038,0.328883,0
4039,0.374406,0
4040,0.336286,0
4041,0.339048,0
4042,0.338544,0
4043,0.338544,0
4044,0.337163,0
4045,0.341443,0
4046,0.339570,0
4047,0.337665,0
4048,0.330092,0
4049,0.335931,0
4050,0.339048,0
4051,0.339048,0
4052,0.358109,0
4053,0.358109,0
4054,0.347488,0
4055,0.330276,0
4056,0.356633,0
4057,0.332021,0
4058,0.342986,0
4059,0.326762,0
4060,0.342203,0
4061,0.338496,0
4062,0.340352,0
4063,0.339672,0
4064,0.356577,0
4065,0.357733,0
4066,0.363844,0
4067,0.345645,0
4068,0.341385,0
4069,0.368912,0
4070,0.382544,0
4071,0.337327,0
4072,0.328940,0
4073,0.359537,0
4074,0.359537,0
4075,0.339767,0
4076,0.343358,0
4077,0.339431,0
4078,0.343358,0
4079,0.334630,0
4080,0.339273,0
4081,0.345878,0
4082,0.329359,0
4083,0.376729,0
4084,0.376729,0
4085,0.341659,0
4086,0.369760,0
4087,0.365378,0
4088,0.334956,0
4089,0.330432,0
4090,0.416097,0
4091,0.339813,0
4092,0.401372,0
4093,0.346302,0
4094,0.343444,0
4095,0.397348,0
4096,0.416580,0
4097,0.435248,0
4098,0.353030,0
4099,0.364403,0
4100,0.367705,0
4101,0.331303,0
4102,0.336404,0
4103,0.360063,0
4104,0.398810,0
4105,0.399631,0
4106,0.420614,0
4107,0.333114,0
4108,0.349420,0
4109,0.361083,0
4110,0.369932,0
4111,0.372040,0
4112,0.344667,0
4113,0.371433,0
4114,0.341386,0
4115,0.499968,0
4116,0.449956,0
4117,0.444494,0
4118,0.347675,0
4119,0.329256,0
4120,0.330272,0
4121,0.349194,0
4122,0.366108,0
4123,0.379802,0
4124,0.350948,0
4125,0.350948,0
4126,0.337635,0
4127,0.410530,0
4128,0.410530,0
4129,0.380582,0
4130,0.370323,0
4131,0.372700,0
4132,0.332570,0
4133,0.354176,0
4134,0.362479,0
4135,0.347933,0
4136,0.337467,0
4137,0.360904,0
4138,0.336829,0
4139,0.350452,0
4140,0.340033,0
4141,0.343390,0
4142,0.340033,0
4143,0.340033,0
4144,0.339205,0
4145,0.338079,0
4146,0.341202,0
4147,0.340652,0
4148,0.340443,0
4149,0.403360,0
4150,0.401023,0
4151,0.348685,0
4152,0.398965,0
4153,0.401367,0
4154,0.340668,0
4155,0.354364,0
4156,0.344519,0
4157,0.344519,0
4158,0.361469,0
4159,0.330593,0
4160,0.357124,0
4161,0.358238,0
4162,0.331002,0
4163,0.344228,0
4164,0.331162,0
4165,0.331162,0
4166,0.330911,0
4167,0.440464,0
4168,0.352983,0
4169,0.362579,0
4170,0.362579,0
4171,0.364791,0
4172,0.411840,0
4173,0.333497,0
4174,0.341924,0
4175,0.340633,0
4176,0.358779,0
4177,0.343320,0
4178,0.331710,0
4179,0.334116,0
4180,0.355405,0
4181,0.361192,0
4182,0.406072,0
4183,0.337350,0
4184,0.340950,0
4185,0.332318,0
4186,0.339144,0
4187,0.367808,0
4188,0.423340,0
4189,0.330138,0
4190,0.330138,0
4191,0.330138,0
4192,0.365223,0
4193,0.365223,0
4194,0.335324,0
4195,0.335324,0
4196,0.343035,0
4197,0.351614,0
4198,0.356106,0
4199,0.344082,0
4200,0.332460,0
4201,0.333146,0
4202,0.373382,0
4203,0.358566,0
4204,0.341845,0
4205,0.342349,0
4206,0.365251,0
4207,0.343487,0
4208,0.352637,0
4209,0.352637,0
4210,0.363509,0
4211,0.334309,0
4212,0.334309,0
4213,0.359242,0
4214,0.369154,0
4215,0.334124,0
4216,0.345013,0
4217,0.333271,0
4218,0.333271,0
4219,0.357094,0
4220,0.353963,0
4221,0.347218,0
4222,0.362851,0
4223,0.338590,0
4224,0.348531,0
4225,0.340033,0
4226,0.340720,0
4227,0.372100,0
4228,0.343970,0
4229,0.343970,0
4230,0.334843,0
4231,0.367008,0
4232,0.337969,0
4233,0.350315,0
4234,0.350315,0
4235,0.399621,0
4236,0.406726,0
4237,0.345951,0
4238,0.330928,0
4239,0.340084,0
4240,0.330246,0
4241,0.454939,0
4242,0.388656,0
4243,0.372783,0
4244,0.365669,0
4245,0.368963,0
4246,0.379228,0
4247,0.388952,0
4248,0.466367,0
4249,0.444262,0
4250,0.465963,0
4251,0.465963,0
4252,0.459151,0
4253,0.355032,0
4254,0.353812,0
4255,0.372173,0
4256,0.353849,0
4257,0.357309,0
4258,0.366050,0
4259,0.403857,0
4260,0.462119,0
4261,0.384935,0
4262,0.365372,0
4263,0.460981,0
4264,0.368610,0
4265,0.368610,0
4266,0.446078,0
4267,0.355711,0
4268,0.450276,0
4269,0.371127,0
4270,0.466190,0
4271,0.362094,0
4272,0.391941,0
4273,0.358316,0
4274,0.430379,0
4275,0.460061,0
4276,0.391591,0
4277,0.371293,0
4278,0.460880,0
4279,0.372315,0
4280,0.384602,0
4281,0.428691,0
4282,0.434454,0
4283,0.376096,0
4284,0.382157,0
4285,0.732124,1
4286,0.392091,0
4287,0.390750,0
4288,0.414968,0
4289,0.386373,0
4290,0.469082,0
4291,0.528334,0
4292,0.461840,0
4293,0.424789,0
4294,0.419184,0
4295,0.379032,0
4296,0.390150,0
4297,0.383611,0
4298,0.389092,0
4299,0.408663,0
4300,0.452303,0
4301,0.626150,1
4302,0.411729,0
4303,0.644738,1
4304,0.713869,1
4305,0.759291,1
4306,0.461151,0
4307,0.426533,0
4308,0.499066,0
4309,0.481742,0
4310,0.431570,0
4311,0.525155,0
4312,0.466721,0
4313,0.427196,0
4314,0.427196,0
4315,0.615544,1
4316,0.687793,1
4317,0.424556,0
4318,0.328787,0
4319,0.340850,0
4320,0.330100,0
4321,0.328535,0
4322,0.334190,0
4323,0.331843,0
4324,0.360677,0
4325,0.337829,0
4326,0.334929,0
4327,0.339421,0
4328,0.331305,0
4329,0.363944,0
4330,0.344217,0
4331,0.361197,0
4332,0.331523,0
4333,0.331387,0
4334,0.331006,0
4335,0.339800,0
4336,0.340820,0
4337,0.370053,0
4338,0.336707,0
4339,0.350948,0
4340,0.350144,0
4341,0.342639,0
4342,0.360134,0
4343,0.356969,0
4344,0.356480,0
4345,0.359418,0
4346,0.341898,0
4347,0.344761,0
4348,0.383988,0
4349,0.357611,0
4350,0.443827,0
4351,0.371212,0
4352,0.409657,0
4353,0.622242,1
4354,0.796655,1
4355,0.499586,0
4356,0.536047,0
4357,0.334529,0
4358,0.423405,0
4359,0.420318,0
4360,0.429836,0
4361,0.402293,0
4362,0.357327,0
4363,0.441387,0
4364,0.333323,0
4365,0.333323,0
4366,0.334415,0
4367,0.348139,0
4368,0.345611,0
4369,0.334061,0
4370,0.360975,0
4371,0.334662,0
4372,0.329007,0
4373,0.329007,0
4374,0.329007,0
4375,0.329759,0
4376,0.410909,0
4377,0.357991,0
4378,0.331365,0
4379,0.332347,0
4380,0.365478,0
4381,0.443543,0
4382,0.398629,0
4383,0.400304,0
4384,0.437561,0
4385,0.330272,0
4386,0.334148,0
4387,0.334148,0
4388,0.345890,0
4389,0.344932,0
4390,0.340946,0
4391,0.346891,0
4392,0.349329,0
4393,0.336477,0
4394,0.333391,0
4395,0.334346,0
4396,0.337476,0
4397,0.335149,0
4398,0.333112,0
4399,0.331318,0
4400,0.331611,0
4401,0.363020,0
4402,0.366251,0
4403,0.346949,0
4404,0.409748,0
4405,0.340920,0
4406,0.338567,0
4407,0.353689,0
4408,0.336096,0
4409,0.337319,0
4410,0.358160,0
4411,0.441609,0
4412,0.351214,0
4413,0.337418,0
4414,0.337418,0
4415,0.356891,0
4416,0.340549,0
4417,0.343921,0
4418,0.348144,0
4419,0.345915,0
4420,0.348887,0
4421,0.343321,0
4422,0.342151,0
4423,0.341348,0
4424,0.339316,0
4425,0.347569,0
4426,0.343747,0
4427,0.344178,0
4428,0.349702,0
4429,0.344942,0
4430,0.355600,0
4431,0.387160,0
4432,0.371794,0
4433,0.371794,0
4434,0.525020,0
4435,0.382746,0
4436,0.359868,0
4437,0.356092,0
4438,0.367805,0
4439,0.367092,0
4440,0.353329,0
4441,0.399459,0
4442,0.416869,0
4443,0.421007,0
4444,0.482966,0
4445,0.462347,0
4446,0.354905,0
4447,0.370348,0
4448,0.408112,0
4449,0.359127,0
4450,0.376129,0
4451,0.381410,0
4452,0.437525,0
4453,0.649406,1
4454,0.413475,0
4455,0.560581,1
4456,0.427599,0
4457,0.333133,0
4458,0.334045,0
4459,0.370946,0
4460,0.378346,0
4461,0.333143,0
4462,0.336280,0
4463,0.343432,0
4464,0.343432,0
4465,0.336050,0
4466,0.425691,0
4467,0.354752,0
4468,0.349649,0
4469,0.330383,0
4470,0.328738,0
4471,0.350810,0
4472,0.328830,0
4473,0.328830,0
4474,0.384029,0
4475,0.425849,0
4476,0.332423,0
4477,0.360146,0
4478,0.395809,0
4479,0.425848,0
4480,0.444366,0
4481,0.352231,0
4482,0.332606,0
4483,0.326880,0
4484,0.328611,0
4485,0.331587,0
4486,0.331334,0
4487,0.343061,0
4488,0.327865,0
4489,0.326880,0
4490,0.389726,0
4491,0.333401,0
4492,0.329528,0
4493,0.326328,0
4494,0.334285,0
4495,0.349526,0
4496,0.389094,0
4497,0.330357,0
4498,0.342382,0
4499,0.329181,0
4500,0.352661,0
4501,0.334939,0
4502,0.329038,0
4503,0.344252,0
4504,0.336679,0
4505,0.375287,0
4506,0.332714,0
4507,0.351002,0
4508,0.337073,0
4509,0.338882,0
4510,0.332339,0
4511,0.417352,0
4512,0.336025,0
4513,0.348199,0
4514,0.340944,0
4515,0.382535,0
4516,0.326393,0
4517,0.329736,0
4518,0.345698,0
4519,0.326393,0
4520,0.332346,0
4521,0.359990,0
4522,0.331461,0
4523,0.331767,0
4524,0.334357,0
4525,0.326364,0
4526,0.355459,0
4527,0.328738,0
4528,0.328461,0
4529,0.326364,0
4530,0.328309,0
4531,0.346294,0
4532,0.336630,0
4533,0.326393,0
4534,0.331063,0
4535,0.326879,0
4536,0.326879,0
4537,0.330464,0
4538,0.359346,0
4539,0.359346,0
4540,0.347622,0
4541,0.383572,0
4542,0.331449,0
4543,0.336416,0
4544,0.447289,0
4545,0.389962,0
4546,0.326393,0
4547,0.396889,0
4548,0.370525,0
4549,0.329820,0
4550,0.334892,0
4551,0.331566,0
4552,0.345622,0
4553,0.332298,0
4554,0.347972,0
4555,0.331363,0
4556,0.332678,0
4557,0.337848,0
4558,0.334195,0
4559,0.418107,0
4560,0.346297,0
4561,0.346297,0
4562,0.337018,0
4563,0.331520,0
4564,0.438972,0
4565,0.346249,0
4566,0.332760,0
4567,0.346796,0
4568,0.350795,0
4569,0.346325,0
4570,0.439292,0
4571,0.338737,0
4572,0.336872,0
4573,0.334550,0
4574,0.334082,0
4575,0.413111,0
4576,0.413111,0
4577,0.336311,0
4578,0.332806,0
4579,0.331793,0
4580,0.430065,0
4581,0.336625,0
4582,0.338849,0
4583,0.329394,0
4584,0.343124,0
4585,0.424990,0
4586,0.332277,0
4587,0.331749,0
4588,0.355308,0
4589,0.330854,0
4590,0.330769,0
4591,0.431501,0
4592,0.347273,0
4593,0.346995,0
4594,0.332460,0
4595,0.357035,0
4596,0.362558,0
4597,0.331457,0
4598,0.330854,0
4599,0.369846,0
4600,0.343334,0
4601,0.342892,0
4602,0.420099,0
4603,0.341728,0
4604,0.334104,0
4605,0.342562,0
4606,0.331292,0
4607,0.415299,0
4608,0.356969,0
4609,0.358258,0
4610,0.332438,0
4611,0.417091,0
4612,0.433312,0
4613,0.332831,0
4614,0.343558,0
4615,0.343558,0
4616,0.346689,0
4617,0.336170,0
4618,0.339008,0
4619,0.411022,0
4620,0.331611,0
4621,0.336466,0
4622,0.341010,0
4623,0.391579,0
4624,0.332327,0
4625,0.357677,0
4626,0.353016,0
4627,0.364319,0
4628,0.331774,0
4629,0.332318,0
4630,0.354509,0
4631,0.331702,0
4632,0.329693,0
4633,0.329693,0
4634,0.330432,0
4635,0.330457,0
4636,0.342555,0
4637,0.419788,0
4638,0.419010,0
4639,0.359026,0
4640,0.330138,0
4641,0.332177,0
4642,0.330138,0
4643,0.330138,0
4644,0.331843,0
4645,0.348559,0
4646,0.418345,0
4647,0.331342,0
4648,0.332806,0
4649,0.361047,0
4650,0.360950,0
4651,0.332786,0
4652,0.341274,0
4653,0.424539,0
4654,0.338856,0
4655,0.331310,0
4656,0.335109,0
4657,0.337350,0
4658,0.332251,0
4659,0.331563,0
4660,0.420442,0
4661,0.339526,0
4662,0.375245,0
4663,0.331746,0
4664,0.340463,0
4665,0.330854,0
4666,0.346644,0
4667,0.331611,0
4668,0.370754,0
4669,0.390661,0
4670,0.377660,0
4671,0.409922,0
4672,0.365952,0
4673,0.472786,0
4674,0.371420,0
4675,0.354608,0
4676,0.353667,0
4677,0.375718,0
4678,0.412839,0
4679,0.602064,1
4680,0.453191,0
4681,0.453191,0
4682,0.621630,1
4683,0.440101,0
4684,0.691638,1
4685,0.381316,0
4686,0.568774,1
4687,0.637347,1
4688,0.428199,0
4689,0.383697,0
4690,0.383728,0
4691,0.430155,0
4692,0.517282,0
4693,0.445971,0
4694,0.654992,1
4695,0.519457,0
4696,0.444287,0
4697,0.433529,0
4698,0.436588,0
4699,0.435003,0
4700,0.435003,0
4701,0.435003,0
4702,0.430600,0
4703,0.425592,0
4704,0.460057,0
4705,0.461224,0
4706,0.422923,0
4707,0.480611,0
4708,0.573171,1
4709,0.512914,0
4710,0.461760,0
4711,0.482144,0
4712,0.465713,0
4713,0.631839,1
4714,0.406223,0
4715,0.428496,0
4716,0.446326,0
4717,0.558243,1
4718,0.527042,0
4719,0.501772,0
4720,0.363551,0
4721,0.376724,0
4722,0.379036,0
4723,0.372154,0
4724,0.382637,0
4725,0.382637,0
4726,0.382637,0
4727,0.382637,0
4728,0.373256,0
4729,0.372265,0
4730,0.406378,0
4731,0.372338,0
4732,0.372338,0
4733,0.372338,0
4734,0.434466,0
4735,0.409643,0
4736,0.381848,0
4737,0.381848,0
4738,0.372144,0
4739,0.372144,0
4740,0.373532,0
4741,0.373532,0
4742,0.370986,0
4743,0.397787,0
4744,0.402069,0
4745,0.347623,0
4746,0.340761,0
4747,0.369249,0
4748,0.396225,0
4749,0.396225,0
4750,0.396225,0
4751,0.381487,0
4752,0.378588,0
4753,0.383764,0
4754,0.377367,0
4755,0.379076,0
4756,0.379036,0
4757,0.385979,0
4758,0.357915,0
4759,0.350273,0
4760,0.394542,0
4761,0.353148,0
4762,0.444370,0
4763,0.366971,0
4764,0.399476,0
4765,0.369780,0
4766,0.369780,0
4767,0.372663,0
4768,0.381619,0
4769,0.367648,0
4770,0.367648,0
4771,0.370435,0
4772,0.389733,0
4773,0.370080,0
4774,0.374703,0
4775,0.382193,0
4776,0.369966,0
4777,0.372659,0
4778,0.376804,0
4779,0.384092,0
4780,0.384092,0
4781,0.350508,0
4782,0.368696,0
4783,0.368696,0
4784,0.373939,0
4785,0.395018,0
4786,0.371526,0
4787,0.374636,0
4788,0.378147,0
4789,0.367648,0
4790,0.367648,0
4791,0.369780,0
4792,0.370148,0
4793,0.369367,0
4794,0.403065,0
4795,0.355682,0
4796,0.372155,0
4797,0.379561,0
4798,0.377947,0
4799,0.373769,0
4800,0.374040,0
4801,0.346503,0
4802,0.346503,0
4803,0.361723,0
4804,0.372926,0
4805,0.362161,0
4806,0.372926,0
4807,0.370849,0
4808,0.370849,0
4809,0.376953,0
4810,0.373890,0
4811,0.376190,0
4812,0.339025,0
4813,0.369803,0
4814,0.371526,0
4815,0.374198,0
4816,0.374198,0
4817,0.423485,0
4818,0.366383,0
4819,0.370008,0
4820,0.370008,0
4821,0.371464,0
4822,0.372155,0
4823,0.372659,0
4824,0.369780,0
4825,0.392496,0
4826,0.369780,0
4827,0.369780,0
4828,0.357910,0
4829,0.341114,0
4830,0.343234,0
4831,0.370141,0
4832,0.374290,0
4833,0.396123,0
4834,0.399778,0
4835,0.372383,0
4836,0.370552,0
4837,0.370552,0
4838,0.371183,0
4839,0.372663,0
4840,0.371536,0
4841,0.372309,0
4842,0.364438,0
4843,0.364438,0
4844,0.382340,0
4845,0.374198,0
4846,0.370960,0
4847,0.372295,0
4848,0.384092,0
4849,0.408611,0
4850,0.375531,0
4851,0.372926,0
4852,0.369780,0
4853,0.373263,0
4854,0.373683,0
4855,0.387231,0
4856,0.367331,0
4857,0.369592,0
4858,0.372926,0
4859,0.370407,0
4860,0.372835,0
4861,0.380847,0
4862,0.380504,0
4863,0.369484,0
4864,0.381326,0
4865,0.374488,0
4866,0.372975,0
4867,0.391365,0
4868,0.371526,0
4869,0.385811,0
4870,0.374022,0
4871,0.376811,0
4872,0.372975,0
4873,0.362353,0
4874,0.372606,0
4875,0.372606,0
4876,0.377947,0
4877,0.373058,0
4878,0.374543,0
4879,0.381624,0
4880,0.381624,0
4881,0.374543,0
4882,0.371998,0
4883,0.393291,0
4884,0.373058,0
4885,0.370538,0
4886,0.376605,0
4887,0.370407,0
4888,0.371258,0
4889,0.370455,0
4890,0.374519,0
4891,0.377456,0
4892,0.367331,0
4893,0.431104,0
4894,0.391365,0
4895,0.360890,0
4896,0.358584,0
4897,0.361017,0
4898,0.374040,0
4899,0.447532,0
4900,0.391243,0
4901,0.375568,0
4902,0.365578,0
4903,0.365578,0
4904,0.376729,0
4905,0.363198,0
4906,0.366231,0
4907,0.471699,0
4908,0.357919,0
4909,0.370366,0
4910,0.418560,0
4911,0.340923,0
4912,0.391193,0
4913,0.392229,0
4914,0.391384,0
4915,0.387045,0
4916,0.407511,0
4917,0.417984,0
4918,0.370552,0
4919,0.370552,0
4920,0.360392,0
4921,0.373126,0
4922,0.363443,0
4923,0.363474,0
4924,0.358705,0
4925,0.345016,0
4926,0.425085,0
4927,0.340463,0
4928,0.368710,0
4929,0.344897,0
4930,0.345667,0
4931,0.343979,0
4932,0.345519,0
4933,0.343743,0
4934,0.343743,0
4935,0.348404,0
4936,0.369499,0
4937,0.368393,0
4938,0.369830,0
4939,0.369830,0
4940,0.377947,0
4941,0.376608,0
4942,0.368710,0
4943,0.367580,0
4944,0.373534,0
4945,0.411942,0
4946,0.377910,0
4947,0.378289,0
4948,0.371480,0
4949,0.371480,0
4950,0.371480,0
4951,0.391365,0
4952,0.372476,0
4953,0.374636,0
4954,0.346995,0
4955,0.372476,0
4956,0.372476,0
4957,0.416061,0
4958,0.372926,0
4959,0.372926,0
4960,0.369780,0
4961,0.349712,0
4962,0.375271,0
4963,0.374519,0
4964,0.392952,0
4965,0.369780,0
4966,0.351037,0
4967,0.358001,0
4968,0.355430,0
4969,0.392885,0
4970,0.373683,0
4971,0.367648,0
4972,0.331588,0
4973,0.370407,0
4974,0.372835,0
4975,0.361603,0
4976,0.369287,0
4977,0.375141,0
4978,0.372606,0
4979,0.381239,0
4980,0.458636,0
4981,0.458636,0
4982,0.369780,0
4983,0.372155,0
4984,0.370962,0
4985,0.377456,0
4986,0.371244,0
4987,0.374586,0
4988,0.385468,0
4989,0.398063,0
4990,0.341545,0
4991,0.357260,0
4992,0.344897,0
4993,0.359945,0
4994,0.350887,0
4995,0.424791,0
4996,0.364890,0
4997,0.350518,0
4998,0.348223,0
4999,0.360570,0
5000,0.371609,0
5001,0.367648,0
5002,0.369780,0
5003,0.369780,0
5004,0.361404,0
5005,0.342541,0
5006,0.358319,0
5007,0.350277,0
5008,0.353081,0
5009,0.456562,0
5010,0.349837,0
5011,0.370141,0
5012,0.391365,0
5013,0.391365,0
5014,0.391365,0
5015,0.384092,0
5016,0.367754,0
5017,0.459580,0
5018,0.375848,0
5019,0.380020,0
5020,0.395312,0
5021,0.395312,0
5022,0.381497,0
5023,0.454871,0
5024,0.380504,0
5025,0.358117,0
5026,0.429680,0
5027,0.366190,0
5028,0.366437,0
5029,0.362078,0
5030,0.344649,0
5031,0.370991,0
5032,0.333282,0
5033,0.463335,0
5034,0.445710,0
5035,0.363987,0
5036,0.431131,0
5037,0.375257,0
5038,0.376388,0
5039,0.496705,0
5040,0.385801,0
5041,0.429575,0
5042,0.381075,0
5043,0.354876,0
5044,0.352391,0
5045,0.382475,0
5046,0.340554,0
5047,0.400543,0
5048,0.391075,0
5049,0.395528,0
5050,0.395528,0
5051,0.395528,0
5052,0.387699,0
5053,0.393938,0
5054,0.394357,0
5055,0.397660,0
5056,0.394157,0
5057,0.395090,0
5058,0.391019,0
5059,0.401743,0
5060,0.406545,0
5061,0.391019,0
5062,0.400666,0
5063,0.488365,0
5064,0.396709,0
5065,0.393763,0
5066,0.451529,0
5067,0.391004,0
5068,0.389964,0
5069,0.372815,0
5070,0.387490,0
5071,0.387490,0
5072,0.387490,0
5073,0.387490,0
5074,0.387490,0
5075,0.393919,0
5076,0.385404,0
5077,0.397351,0
5078,0.399989,0
5079,0.396165,0
5080,0.394229,0
5081,0.391019,0
5082,0.467186,0
5083,0.394357,0
5084,0.395265,0
5085,0.392584,0
5086,0.384427,0
5087,0.372115,0
5088,0.390529,0
5089,0.391019,0
5090,0.373605,0
5091,0.385895,0
5092,0.390954,0
5093,0.390954,0
5094,0.392811,0
5095,0.391019,0
5096,0.394157,0
5097,0.390640,0
5098,0.379758,0
5099,0.386982,0
5100,0.363978,0
5101,0.387490,0
5102,0.396296,0
5103,0.396296,0
5104,0.364979,0
5105,0.366254,0
5106,0.367555,0
5107,0.367555,0
5108,0.371433,0
5109,0.397351,0
5110,0.386876,0
5111,0.409219,0
5112,0.383041,0
5113,0.395934,0
5114,0.381051,0
5115,0.394357,0
5116,0.363938,0
5117,0.387251,0
5118,0.465963,0
5119,0.391019,0
5120,0.396296,0
5121,0.388064,0
5122,0.388064,0
5123,0.456824,0
5124,0.393815,0
5125,0.384304,0
5126,0.395528,0
5127,0.404769,0
5128,0.383041,0
5129,0.367466,0
5130,0.364493,0
5131,0.375334,0
5132,0.363144,0
5133,0.390615,0
5134,0.386425,0
5135,0.397980,0
5136,0.390619,0
5137,0.381755,0
5138,0.401432,0
5139,0.450788,0
5140,0.396387,0
5141,0.387805,0
5142,0.392350,0
5143,0.394660,0
5144,0.406113,0
5145,0.400599,0
5146,0.404456,0
5147,0.402815,0
5148,0.402815,0
5149,0.405140,0
5150,0.405140,0
5151,0.397351,0
5152,0.389823,0
5153,0.392811,0
5154,0.392811,0
5155,0.396891,0
5156,0.396164,0
5157,0.388409,0
5158,0.388655,0
5159,0.388655,0
5160,0.399897,0
5161,0.378166,0
5162,0.382881,0
5163,0.387959,0
5164,0.389103,0
5165,0.451021,0
5166,0.506231,0
5167,0.385404,0
5168,0.391204,0
5169,0.386805,0
5170,0.405887,0
5171,0.395791,0
5172,0.401976,0
5173,0.388571,0
5174,0.388571,0
5175,0.392808,0
5176,0.391240,0
5177,0.375824,0
5178,0.392177,0
5179,0.450278,0
5180,0.759805,1
5181,0.431438,0
5182,0.518415,0
5183,0.383983,0
5184,0.429859,0
5185,0.387749,0
5186,0.433183,0
5187,0.390142,0
5188,0.419765,0
5189,0.388834,0
5190,0.387720,0
5191,0.449645,0
5192,0.559308,1
5193,0.496857,0
5194,0.432731,0
5195,0.409756,0
5196,0.501436,0
5197,0.418208,0
5198,0.396601,0
5199,0.396869,0
5200,0.422078,0
5201,0.593811,1
5202,0.426904,0
5203,0.476447,0
5204,0.598456,1
5205,0.429403,0
5206,0.447707,0
5207,0.400785,0
5208,0.541804,0
5209,0.396869,0
5210,0.397698,0
5211,0.397698,0
5212,0.391818,0
5213,0.393363,0
5214,0.392589,0
5215,0.464836,0
5216,0.512725,0
5217,0.480332,0
5218,0.547699,1
5219,0.425454,0
5220,0.573176,1
5221,0.391159,0
5222,0.523120,0
5223,0.424916,0
5224,0.616092,1
5225,0.443405,0
5226,0.445410,0
5227,0.385557,0
5228,0.449051,0
5229,0.617693,1
5230,0.635342,1
5231,0.386085,0
5232,0.385403,0
5233,0.389699,0
5234,0.627592,1
5235,0.386085,0
5236,0.423217,0
5237,0.416781,0
5238,0.386085,0
5239,0.445410,0
5240,0.445410,0
5241,0.499652,0
5242,0.573152,1
5243,0.573152,1
5244,0.429018,0
5245,0.496313,0
5246,0.461055,0
5247,0.480798,0
5248,0.425450,0
5249,0.426312,0
5250,0.397932,0
5251,0.427357,0
5252,0.625062,1
5253,0.618091,1
5254,0.485593,0
5255,0.691085,1
5256,0.480022,0
5257,0.566121,1
5258,0.610102,1
5259,0.447964,0
5260,0.461181,0
5261,0.516645,0
5262,0.540845,0
5263,0.540845,0
5264,0.419014,0
5265,0.406918,0
5266,0.389842,0
5267,0.464307,0
5268,0.441394,0
5269,0.708729,1
5270,0.736168,1
5271,0.656359,1
5272,0.458589,0
5273,0.470555,0
5274,0.442178,0
5275,0.463272,0
5276,0.515195,0
5277,0.441968,0
5278,0.422379,0
5279,0.467623,0
5280,0.576412,1
5281,0.458909,0
5282,0.460846,0
5283,0.436016,0
5284,0.476059,0
5285,0.433914,0
5286,0.432224,0
5287,0.441156,0
5288,0.467951,0
5289,0.476766,0
5290,0.473678,0
5291,0.498962,0
5292,0.432667,0
5293,0.490383,0
5294,0.445435,0
5295,0.418719,0
5296,0.438476,0
5297,0.512518,0
5298,0.459697,0
5299,0.422381,0
5300,0.573729,1
5301,0.420322,0
5302,0.573232,1
5303,0.721810,1
5304,0.468912,0
5305,0.456343,0
5306,0.569244,1
5307,0.488838,0
5308,0.421177,0
5309,0.595302,1
5310,0.574176,1
5311,0.489962,0
5312,0.415030,0
5313,0.439767,0
5314,0.737840,1
5315,0.326813,0
5316,0.332708,0
5317,0.342400,0
5318,0.327519,0
5319,0.426040,0
5320,0.425691,0
5321,0.326352,0
5322,0.326364,0
5323,0.341667,0
5324,0.341667,0
5325,0.330040,0
5326,0.331672,0
5327,0.370973,0
5328,0.331767,0
5329,0.353228,0
5330,0.353228,0
5331,0.353228,0
5332,0.331827,0
5333,0.329383,0
5334,0.330461,0
5335,0.347467,0
5336,0.335944,0
5337,0.335944,0
5338,0.330720,0
5339,0.338129,0
5340,0.337471,0
5341,0.338129,0
5342,0.328830,0
5343,0.343495,0
5344,0.343495,0
5345,0.343495,0
5346,0.355913,0
5347,0.406459,0
5348,0.346401,0
5349,0.410897,0
5350,0.359037,0
5351,0.328787,0
5352,0.331478,0
5353,0.349722,0
5354,0.326733,0
5355,0.349572,0
5356,0.326807,0
5357,0.334328,0
5358,0.329684,0
5359,0.436432,0
5360,0.342680,0
5361,0.329950,0
5362,0.332970,0
5363,0.332543,0
5364,0.331860,0
5365,0.331310,0
5366,0.330248,0
5367,0.337504,0
5368,0.337504,0
5369,0.419199,0
5370,0.340715,0
5371,0.340715,0
5372,0.340715,0
5373,0.329020,0
5374,0.350479,0
5375,0.339441,0
5376,0.337132,0
5377,0.418077,0
5378,0.418077,0
5379,0.339515,0
5380,0.330265,0
5381,0.333471,0
5382,0.333326,0
5383,0.337921,0
5384,0.331390,0
5385,0.344206,0
5386,0.333082,0
5387,0.333724,0
5388,0.338484,0
5389,0.333270,0
5390,0.339472,0
5391,0.329712,0
5392,0.330248,0
5393,0.330432,0
5394,0.330848,0
5395,0.349753,0
5396,0.349753,0
5397,0.361727,0
5398,0.332620,0
5399,0.333175,0
5400,0.413694,0
5401,0.337126,0
5402,0.334091,0
5403,0.335918,0
5404,0.334929,0
5405,0.341798,0
5406,0.329957,0
5407,0.330240,0
5408,0.332069,0
5409,0.332069,0
5410,0.417984,0
5411,0.338133,0
5412,0.331796,0
5413,0.423393,0
5414,0.369747,0
5415,0.331675,0
5416,0.329541,0
5417,0.330848,0
5418,0.332620,0
5419,0.347633,0
5420,0.338968,0
5421,0.329566,0
5422,0.329566,0
5423,0.334967,0
5424,0.334967,0
5425,0.332305,0
5426,0.331715,0
5427,0.331715,0
5428,0.339427,0
5429,0.419530,0
5430,0.331808,0
5431,0.330365,0
5432,0.339499,0
5433,0.337418,0
5434,0.338541,0
5435,0.335104,0
5436,0.331817,0
5437,0.333171,0
5438,0.332332,0
5439,0.332492,0
5440,0.331293,0
5441,0.338954,0
5442,0.330853,0
5443,0.332492,0
5444,0.332359,0
5445,0.331433,0
5446,0.413814,0
5447,0.329463,0
5448,0.330820,0
5449,0.333995,0
5450,0.336727,0
5451,0.329701,0
5452,0.337651,0
5453,0.375325,0
5454,0.332859,0
5455,0.353049,0
5456,0.330603,0
5457,0.339089,0
5458,0.340883,0
5459,0.356781,0
5460,0.333607,0
5461,0.333646,0
5462,0.330848,0
5463,0.348037,0
5464,0.342246,0
5465,0.331349,0
5466,0.354334,0
5467,0.332183,0
5468,0.346627,0
5469,0.342849,0
5470,0.331635,0
5471,0.380141,0
5472,0.377187,0
5473,0.345957,0
5474,0.332831,0
5475,0.332831,0
5476,0.359795,0
5477,0.329815,0
5478,0.330330,0
5479,0.336365,0
5480,0.382402,0
5481,0.369993,0
5482,0.343013,0
5483,0.337651,0
5484,0.337504,0
5485,0.335051,0
5486,0.331703,0
5487,0.332760,0
5488,0.332831,0
5489,0.335854,0
5490,0.418062,0
5491,0.333335,0
5492,0.332919,0
5493,0.462920,0
5494,0.439636,0
5495,0.353931,0
5496,0.384447,0
5497,0.377108,0
5498,0.355724,0
5499,0.368092,0
5500,0.400926,0
5501,0.376456,0
5502,0.361801,0
5503,0.467399,0
5504,0.353080,0
5505,0.429255,0
5506,0.367720,0
5507,0.354905,0
5508,0.363204,0
5509,0.360155,0
5510,0.372089,0
5511,0.376456,0
5512,0.353163,0
5513,0.351726,0
5514,0.454329,0
5515,0.355442,0
5516,0.353527,0
5517,0.366786,0
5518,0.366786,0
5519,0.355915,0
5520,0.373742,0
5521,0.352340,0
5522,0.356677,0
5523,0.354587,0
5524,0.372151,0
5525,0.393263,0
5526,0.360145,0
5527,0.376745,0
5528,0.391724,0
5529,0.417308,0
5530,0.367703,0
5531,0.438740,0
5532,0.412572,0
5533,0.403081,0
5534,0.405852,0
5535,0.387585,0
5536,0.364423,0
5537,0.401074,0
5538,0.360139,0
5539,0.413097,0
5540,0.524665,0
5541,0.385667,0
5542,0.386865,0
5543,0.388437,0
5544,0.388437,0
5545,0.420303,0
5546,0.388437,0
5547,0.383728,0
5548,0.410295,0
5549,0.443697,0
5550,0.378718,0
5551,0.387289,0
5552,0.382187,0
5553,0.385190,0
5554,0.387436,0
5555,0.383697,0
5556,0.384024,0
5557,0.384744,0
5558,0.640376,1
5559,0.381341,0
5560,0.430634,0
5561,0.383842,0
5562,0.379682,0
5563,0.490581,0
5564,0.415905,0
5565,0.469681,0
5566,0.522111,0
5567,0.530996,0
5568,0.411384,0
5569,0.650730,1
5570,0.549193,1
5571,0.536224,0
5572,0.532769,0
5573,0.628485,1
5574,0.429862,0
5575,0.530908,0
5576,0.384160,0
5577,0.398741,0
5578,0.398741,0
5579,0.398741,0
5580,0.386470,0
5581,0.389671,0
5582,0.397262,0
5583,0.351862,0
5584,0.370156,0
5585,0.452589,0
5586,0.401814,0
5587,0.348416,0
5588,0.331141,0
5589,0.334106,0
5590,0.334106,0
5591,0.334106,0
5592,0.334106,0
5593,0.347065,0
5594,0.331141,0
5595,0.343412,0
5596,0.347874,0
5597,0.363322,0
5598,0.351692,0
5599,0.339474,0
5600,0.341352,0
5601,0.335436,0
5602,0.340346,0
5603,0.396784,0
5604,0.396784,0
5605,0.396784,0
5606,0.351069,0
5607,0.353806,0
5608,0.353806,0
5609,0.351862,0
5610,0.349415,0
5611,0.394044,0
5612,0.358486,0
5613,0.390349,0
5614,0.425181,0
5615,0.472625,0
5616,0.378827,0
5617,0.360160,0
5618,0.375538,0
5619,0.356277,0
5620,0.351822,0
5621,0.403908,0
5622,0.424634,0
5623,0.381250,0
5624,0.367294,0
5625,0.378041,0
5626,0.395318,0
5627,0.350113,0
5628,0.352774,0
5629,0.349790,0
5630,0.380467,0
5631,0.363796,0
5632,0.353851,0
5633,0.351665,0
5634,0.336493,0
5635,0.358416,0
5636,0.373244,0
5637,0.364829,0
5638,0.358330,0
5639,0.415625,0
5640,0.414512,0
5641,0.440075,0
5642,0.425354,0
5643,0.399759,0
5644,0.404401,0
5645,0.391513,0
5646,0.408419,0
5647,0.378632,0
5648,0.385815,0
5649,0.409834,0
5650,0.412370,0
5651,0.474660,0
5652,0.474660,0
5653,0.474660,0
5654,0.474660,0
5655,0.478057,0
5656,0.365453,0
5657,0.413078,0
5658,0.349787,0
5659,0.388078,0
5660,0.397553,0
5661,0.359810,0
5662,0.361392,0
5663,0.369272,0
5664,0.469832,0
5665,0.390080,0
5666,0.397328,0
5667,0.415227,0
5668,0.371806,0
5669,0.379384,0
5670,0.429075,0
5671,0.360937,0
5672,0.348564,0
5673,0.343384,0
5674,0.343384,0
5675,0.343384,0
5676,0.434419,0
5677,0.430756,0
5678,0.415398,0
5679,0.396123,0
5680,0.378630,0
5681,0.372295,0
5682,0.377947,0
5683,0.332312,0
5684,0.369780,0
5685,0.367339,0
5686,0.373567,0
5687,0.365822,0
5688,0.366238,0
5689,0.392277,0
5690,0.387251,0
5691,0.622539,1
5692,0.385471,0
5693,0.525970,0
5694,0.423217,0
5695,0.433259,0
5696,0.433259,0
5697,0.461618,0
5698,0.399088,0
5699,0.430847,0
5700,0.510198,0
5701,0.418903,0
5702,0.468608,0
5703,0.601232,1
5704,0.465973,0
5705,0.447535,0
5706,0.493104,0
5707,0.434254,0
5708,0.530869,0
5709,0.483184,0
5710,0.483717,0
5711,0.479599,0
5712,0.539827,0
5713,0.620473,1
5714,0.535802,0
5715,0.364280,0
5716,0.364280,0
5717,0.331113,0
5718,0.331113,0
5719,0.360781,0
5720,0.328560,0
5721,0.331387,0
5722,0.326559,0
5723,0.329937,0
5724,0.331305,0
5725,0.359389,0
5726,0.468586,0
5727,0.343495,0
5728,0.343495,0
5729,0.337073,0
5730,0.334592,0
5731,0.332280,0
5732,0.332280,0
5733,0.331478,0
5734,0.328452,0
5735,0.347467,0
5736,0.328740,0
5737,0.336579,0
5738,0.334028,0
5739,0.328882,0
5740,0.332278,0
5741,0.338129,0
5742,0.328280,0
5743,0.337850,0
5744,0.329923,0
5745,0.329923,0
5746,0.329543,0
5747,0.329543,0
5748,0.334357,0
5749,0.361811,0
5750,0.327724,0
5751,0.326813,0
5752,0.331304,0
5753,0.330272,0
5754,0.329229,0
5755,0.329229,0
5756,0.329849,0
5757,0.342351,0
5758,0.338202,0
5759,0.429400,0
5760,0.344476,0
5761,0.360295,0
5762,0.364890,0
5763,0.358559,0
5764,0.362274,0
5765,0.362274,0
5766,0.334492,0
5767,0.339205,0
5768,0.435662,0
5769,0.335059,0
5770,0.481694,0
5771,0.422106,0
5772,0.333582,0
5773,0.410799,0
5774,0.327724,0
5775,0.327695,0
5776,0.411610,0
5777,0.332981,0
5778,0.336769,0
5779,0.419451,0
5780,0.367648,0
5781,0.372593,0
5782,0.412061,0
5783,0.419319,0
5784,0.330878,0
5785,0.356969,0
5786,0.340262,0
5787,0.342017,0
5788,0.335815,0
5789,0.329566,0
5790,0.331746,0
5791,0.422944,0
5792,0.336262,0
5793,0.340144,0
5794,0.340144,0
5795,0.411667,0
5796,0.356969,0
5797,0.356969,0
5798,0.343759,0
5799,0.335779,0
5800,0.430997,0
5801,0.340922,0
5802,0.337144,0
5803,0.371464,0
5804,0.387021,0
5805,0.387021,0
5806,0.387021,0
5807,0.396256,0
5808,0.343545,0
5809,0.335055,0
5810,0.331715,0
5811,0.340391,0
5812,0.453358,0
5813,0.329020,0
5814,0.335560,0
5815,0.359170,0
5816,0.334649,0
5817,0.354636,0
5818,0.425804,0
5819,0.425804,0
5820,0.332685,0
5821,0.332710,0
5822,0.336513,0
5823,0.367364,0
5824,0.427600,0
5825,0.332685,0
5826,0.332277,0
5827,0.331703,0
5828,0.339893,0
5829,0.336884,0
5830,0.331365,0
5831,0.332685,0
5832,0.343835,0
5833,0.335918,0
5834,0.331793,0
5835,0.335453,0
5836,0.335453,0
5837,0.335453,0
5838,0.335453,0
5839,0.332069,0
5840,0.333972,0
5841,0.419052,0
5842,0.423247,0
5843,0.331796,0
5844,0.420242,0
5845,0.337651,0
5846,0.352188,0
5847,0.337889,0
5848,0.334791,0
5849,0.341825,0
5850,0.332438,0
5851,0.345006,0
5852,0.342909,0
5853,0.332806,0
5854,0.333497,0
5855,0.333497,0
5856,0.340715,0
5857,0.340715,0
5858,0.340961,0
5859,0.332579,0
5860,0.346812,0
5861,0.359959,0
5862,0.357035,0
5863,0.347130,0
5864,0.330240,0
5865,0.332798,0
5866,0.416373,0
5867,0.428479,0
5868,0.428479,0
5869,0.428726,0
5870,0.336840,0
5871,0.333973,0
5872,0.356969,0
5873,0.356969,0
5874,0.412390,0
5875,0.329693,0
5876,0.340780,0
5877,0.342076,0
5878,0.346930,0
5879,0.345088,0
5880,0.344851,0
5881,0.342815,0
5882,0.332965,0
5883,0.367364,0
5884,0.367364,0
5885,0.477702,0
5886,0.423380,0
5887,0.377628,0
5888,0.422582,0
5889,0.335421,0
5890,0.357176,0
5891,0.347004,0
5892,0.340262,0
5893,0.356418,0
5894,0.335451,0
5895,0.332359,0
5896,0.332359,0
5897,0.335550,0
5898,0.340262,0
5899,0.340204,0
5900,0.330911,0
5901,0.337144,0
5902,0.330432,0
5903,0.337399,0
5904,0.360476,0
5905,0.328947,0
5906,0.337856,0
5907,0.337856,0
5908,0.379022,0
5909,0.342246,0
5910,0.431475,0
5911,0.399907,0
5912,0.332327,0
5913,0.342005,0
5914,0.329020,0
5915,0.461629,0
5916,0.330257,0
5917,0.354759,0
5918,0.367648,0
5919,0.411667,0
5920,0.330854,0
5921,0.331563,0
5922,0.330854,0
5923,0.343545,0
5924,0.330745,0
5925,0.346891,0
5926,0.335076,0
5927,0.335222,0
5928,0.356710,0
5929,0.337650,0
5930,0.333160,0
5931,0.329020,0
5932,0.342009,0
5933,0.330248,0
5934,0.330248,0
5935,0.358328,0
5936,0.367806,0
5937,0.330854,0
5938,0.331349,0
5939,0.329693,0
5940,0.337624,0
5941,0.333607,0
5942,0.331588,0
5943,0.345218,0
5944,0.389261,0
5945,0.371819,0
5946,0.357769,0
5947,0.372915,0
5948,0.364356,0
5949,0.376977,0
5950,0.390630,0
5951,0.390630,0
5952,0.420840,0
5953,0.441387,0
5954,0.382968,0
5955,0.408325,0
5956,0.377153,0
5957,0.440564,0
5958,0.365753,0
5959,0.408053,0
5960,0.400702,0
5961,0.378961,0
5962,0.376084,0
5963,0.364466,0
5964,0.352610,0
5965,0.352610,0
5966,0.352610,0
5967,0.355954,0
5968,0.373157,0
5969,0.361934,0
5970,0.351552,0
5971,0.369720,0
5972,0.367052,0
5973,0.355574,0
5974,0.355574,0
5975,0.379947,0
5976,0.379947,0
5977,0.377446,0
5978,0.368366,0
5979,0.368366,0
5980,0.365919,0
5981,0.365919,0
5982,0.366238,0
5983,0.377645,0
5984,0.439703,0
5985,0.401114,0
5986,0.403110,0
5987,0.403110,0
5988,0.367109,0
5989,0.368007,0
5990,0.447244,0
5991,0.400753,0
5992,0.404571,0
5993,0.386056,0
5994,0.442718,0
5995,0.429692,0
5996,0.425411,0
5997,0.442709,0
5998,0.449767,0
5999,0.417708,0
6000,0.365919,0
6001,0.355915,0
6002,0.381051,0
6003,0.376561,0
6004,0.362515,0
6005,0.359267,0
6006,0.424164,0
6007,0.424164,0
6008,0.423812,0
6009,0.388365,0
6010,0.359155,0
6011,0.373043,0
6012,0.351997,0
6013,0.354179,0
6014,0.399633,0
6015,0.381734,0
6016,0.374442,0
6017,0.381838,0
6018,0.343282,0
6019,0.663780,1
6020,0.428903,0
6021,0.489113,0
6022,0.415608,0
6023,0.438462,0
6024,0.388834,0
6025,0.428204,0
6026,0.712815,1
6027,0.396625,0
6028,0.715887,1
6029,0.386911,0
6030,0.386085,0
6031,0.386085,0
6032,0.386085,0
6033,0.430412,0
6034,0.383697,0
6035,0.384956,0
6036,0.634301,1
6037,0.384515,0
6038,0.385468,0
6039,0.385468,0
6040,0.713952,1
6041,0.382916,0
6042,0.720248,1
6043,0.430580,0
6044,0.387073,0
6045,0.428525,0
6046,0.439732,0
6047,0.382187,0
6048,0.378726,0
6049,0.384833,0
6050,0.382187,0
6051,0.385054,0
6052,0.385054,0
6053,0.379701,0
6054,0.427599,0
6055,0.379300,0
6056,0.378873,0
6057,0.438391,0
6058,0.462649,0
6059,0.466963,0
6060,0.455114,0
6061,0.431525,0
6062,0.464949,0
6063,0.670121,1
6064,0.447829,0
6065,0.558290,1
6066,0.494582,0
6067,0.407325,0
6068,0.504902,0
6069,0.634029,1
6070,0.592035,1
6071,0.464388,0
6072,0.424348,0
6073,0.539314,0
6074,0.524868,0
6075,0.528281,0
6076,0.531047,0
6077,0.456708,0
6078,0.528342,0
6079,0.674307,1
6080,0.406743,0
6081,0.515749,0
6082,0.434374,0
6083,0.615398,1
6084,0.608547,1
6085,0.621341,1
6086,0.511444,0
6087,0.614347,1
6088,0.490014,0
6089,0.450833,0
6090,0.562064,1
6091,0.524990,0
6092,0.496169,0
6093,0.378505,0
6094,0.375922,0
6095,0.389823,0
6096,0.337858,0
6097,0.343662,0
6098,0.338949,0
6099,0.355432,0
6100,0.353839,0
6101,0.354970,0
6102,0.340444,0
6103,0.330678,0
6104,0.332485,0
6105,0.335987,0
6106,0.471659,0
6107,0.338354,0
6108,0.334952,0
6109,0.359004,0
6110,0.366642,0
6111,0.345976,0
6112,0.332685,0
6113,0.332685,0
6114,0.332685,0
6115,0.332685,0
6116,0.380009,0
6117,0.350376,0
6118,0.339090,0
6119,0.339401,0
6120,0.340426,0
6121,0.414872,0
6122,0.337657,0
6123,0.357204,0
6124,0.357812,0
6125,0.355003,0
6126,0.354424,0
6127,0.356067,0
6128,0.363204,0
6129,0.361843,0
6130,0.361448,0
6131,0.376914,0
6132,0.390344,0
6133,0.382880,0
6134,0.393441,0
6135,0.388405,0
6136,0.421479,0
6137,0.386143,0
6138,0.474925,0
6139,0.474925,0
6140,0.479366,0
6141,0.583956,1
6142,0.564508,1
6143,0.426634,0
6144,0.426634,0
6145,0.636978,1
6146,0.474351,0
6147,0.671039,1
6148,0.413878,0
6149,0.364755,0
6150,0.401691,0
6151,0.450547,0
6152,0.416632,0
6153,0.379656,0
6154,0.389826,0
6155,0.360709,0
6156,0.411984,0
6157,0.409050,0
6158,0.395313,0
6159,0.377947,0
6160,0.378339,0
6161,0.338438,0
6162,0.413955,0
6163,0.416409,0
6164,0.391254,0
6165,0.407088,0
6166,0.546342,0
6167,0.547108,0
6168,0.525991,0
6169,0.517982,0
6170,0.547425,1
6171,0.531509,0
6172,0.496152,0
6173,0.610345,1
6174,0.601456,1
6175,0.708086,1
6176,0.478949,0
6177,0.490852,0
6178,0.541417,0
6179,0.430923,0
6180,0.694618,1
6181,0.657465,1
6182,0.380099,0
6183,0.380099,0
6184,0.372868,0
6185,0.372868,0
6186,0.372868,0
6187,0.377598,0
6188,0.372868,0
6189,0.372868,0
6190,0.343242,0
6191,0.343242,0
6192,0.327724,0
6193,0.327724,0
6194,0.381858,0
6195,0.381858,0
6196,0.331756,0
6197,0.381858,0
6198,0.380396,0
6199,0.380396,0
6200,0.408749,0
6201,0.328882,0
6202,0.429056,0
6203,0.381858,0
6204,0.380099,0
6205,0.380396,0
6206,0.380396,0
6207,0.380396,0
6208,0.387170,0
6209,0.387170,0
6210,0.380396,0
6211,0.380396,0
6212,0.381858,0
6213,0.376600,0
6214,0.381858,0
6215,0.381858,0
6216,0.380099,0
6217,0.381858,0
6218,0.381858,0
6219,0.420344,0
6220,0.401553,0
6221,0.441921,0
6222,0.413495,0
6223,0.332122,0
6224,0.331293,0
6225,0.332565,0
6226,0.332565,0
6227,0.330248,0
6228,0.332351,0
6229,0.331851,0
6230,0.391120,0
6231,0.331928,0
6232,0.330365,0
6233,0.331588,0
6234,0.331588,0
6235,0.402378,0
6236,0.336280,0
6237,0.333937,0
6238,0.329541,0
6239,0.329541,0
6240,0.394060,0
6241,0.428640,0
6242,0.359714,0
6243,0.358705,0
6244,0.359921,0
6245,0.369664,0
6246,0.369664,0
6247,0.402385,0
6248,0.402385,0
6249,0.455032,0
6250,0.357207,0
6251,0.357207,0
6252,0.356969,0
6253,0.362848,0
6254,0.432232,0
6255,0.331670,0
6256,0.329566,0
6257,0.329541,0
6258,0.329541,0
6259,0.329541,0
6260,0.329541,0
6261,0.329566,0
6262,0.329566,0
6263,0.329850,0
6264,0.418803,0
6265,0.330272,0
6266,0.330272,0
6267,0.332111,0
6268,0.440841,0
6269,0.447966,0
6270,0.413947,0
6271,0.433312,0
6272,0.480218,0
6273,0.461872,0
6274,0.446949,0
6275,0.360852,0
6276,0.386717,0
6277,0.367276,0
6278,0.491965,0
6279,0.491965,0
6280,0.360583,0
6281,0.382137,0
6282,0.382137,0
6283,0.528481,0
6284,0.677080,1
6285,0.442842,0
6286,0.434389,0
6287,0.427092,0
6288,0.436397,0
6289,0.381860,0
6290,0.382137,0
6291,0.387783,0
6292,0.385247,0
6293,0.387783,0
6294,0.382137,0
6295,0.592843,1
6296,0.385141,0
6297,0.385141,0
6298,0.387783,0
6299,0.382168,0
6300,0.382168,0
6301,0.383458,0
6302,0.384817,0
6303,0.391814,0
6304,0.383902,0
6305,0.488359,0
6306,0.583046,1
6307,0.414212,0
6308,0.474697,0
6309,0.482632,0
6310,0.493027,0
6311,0.493167,0
6312,0.711028,1
6313,0.567783,1
6314,0.501747,0
6315,0.533119,0
6316,0.595515,1
6317,0.446952,0
6318,0.336809,0
6319,0.336809,0
6320,0.332579,0
6321,0.332579,0
6322,0.344648,0
6323,0.414233,0
6324,0.340144,0
6325,0.369830,0
6326,0.369287,0
6327,0.358705,0
6328,0.370407,0
6329,0.366231,0
6330,0.341638,0
6331,0.353455,0
6332,0.443845,0
6333,0.430423,0
6334,0.430847,0
6335,0.504825,0
6336,0.513111,0
6337,0.428142,0
6338,0.736114,1
6339,0.492137,0
6340,0.418233,0
6341,0.368007,0
6342,0.339116,0
6343,0.342434,0
6344,0.337779,0
6345,0.370870,0
6346,0.330100,0
6347,0.390883,0
6348,0.372425,0
6349,0.408613,0
6350,0.374039,0
6351,0.350972,0
6352,0.372854,0
6353,0.362970,0
6354,0.334835,0
6355,0.408450,0
6356,0.408386,0
6357,0.366912,0
6358,0.370435,0
6359,0.332122,0
6360,0.345705,0
6361,0.345705,0
6362,0.343743,0
6363,0.396078,0
6364,0.363641,0
6365,0.395651,0
6366,0.436586,0
6367,0.433906,0
6368,0.337031,0
6369,0.426553,0
6370,0.332864,0
6371,0.337418,0
6372,0.420926,0
6373,0.448797,0
6374,0.332690,0
6375,0.406185,0
6376,0.361040,0
6377,0.339545,0
6378,0.345951,0
6379,0.389358,0
6380,0.331365,0
6381,0.364438,0
6382,0.360326,0
6383,0.420363,0
6384,0.337308,0
6385,0.337308,0
6386,0.343856,0
6387,0.337825,0
6388,0.337825,0
6389,0.335092,0
6390,0.333226,0
6391,0.331675,0
6392,0.363415,0
6393,0.361223,0
6394,0.410680,0
6395,0.359800,0
6396,0.359800,0
6397,0.345187,0
6398,0.364326,0
6399,0.359283,0
6400,0.370141,0
6401,0.358247,0
6402,0.337018,0
6403,0.348578,0
6404,0.340341,0
6405,0.392705,0
6406,0.337230,0
6407,0.343347,0
6408,0.347605,0
6409,0.340923,0
6410,0.355781,0
6411,0.350025,0
6412,0.344897,0
6413,0.344897,0
6414,0.341627,0
6415,0.361817,0
6416,0.361817,0
6417,0.390135,0
6418,0.364152,0
6419,0.358935,0
6420,0.347672,0
6421,0.343184,0
6422,0.351973,0
6423,0.429680,0
6424,0.429680,0
6425,0.416604,0
6426,0.416604,0
6427,0.393707,0
6428,0.391437,0
6429,0.447660,0
6430,0.342824,0
6431,0.347661,0
6432,0.344648,0
6433,0.342786,0
6434,0.342562,0
6435,0.368326,0
6436,0.407598,0
6437,0.358117,0
6438,0.355784,0
6439,0.357421,0
6440,0.358117,0
6441,0.362558,0
6442,0.357515,0
6443,0.357515,0
6444,0.368326,0
6445,0.338396,0
6446,0.389595,0
6447,0.346417,0
6448,0.342786,0
6449,0.342786,0
6450,0.387662,0
6451,0.342842,0
6452,0.344851,0
6453,0.342295,0
6454,0.350436,0
6455,0.344897,0
6456,0.443811,0
6457,0.344851,0
6458,0.345462,0
6459,0.367331,0
6460,0.367331,0
6461,0.342786,0
6462,0.342786,0
6463,0.342295,0
6464,0.337624,0
6465,0.343124,0
6466,0.337624,0
6467,0.356418,0
6468,0.356418,0
6469,0.369780,0
6470,0.336724,0
6471,0.422103,0
6472,0.343110,0
6473,0.343110,0
6474,0.347157,0
6475,0.340923,0
6476,0.333773,0
6477,0.333773,0
6478,0.336550,0
6479,0.335894,0
6480,0.336724,0
6481,0.338123,0
6482,0.334437,0
6483,0.346034,0
6484,0.336724,0
6485,0.347516,0
6486,0.336280,0
6487,0.372476,0
6488,0.467072,0
6489,0.373441,0
6490,0.359999,0
6491,0.340402,0
6492,0.365218,0
6493,0.365218,0
6494,0.365218,0
6495,0.361305,0
6496,0.426335,0
6497,0.329701,0
6498,0.341845,0
6499,0.340262,0
6500,0.340262,0
6501,0.342562,0
6502,0.353940,0
6503,0.373441,0
6504,0.340262,0
6505,0.340508,0
6506,0.346705,0
6507,0.346705,0
6508,0.346705,0
6509,0.344897,0
6510,0.344897,0
6511,0.344897,0
6512,0.344897,0
6513,0.344897,0
6514,0.358117,0
6515,0.358117,0
6516,0.367364,0
6517,0.364621,0
6518,0.364621,0
6519,0.344851,0
6520,0.357035,0
6521,0.357035,0
6522,0.362115,0
6523,0.362115,0
6524,0.357837,0
6525,0.355376,0
6526,0.354636,0
6527,0.382171,0
6528,0.351829,0
6529,0.388407,0
6530,0.362187,0
6531,0.478356,0
6532,0.462831,0
6533,0.377446,0
6534,0.368007,0
6535,0.452597,0
6536,0.409748,0
6537,0.357947,0
6538,0.369274,0
6539,0.404148,0
6540,0.357947,0
6541,0.450120,0
6542,0.364185,0
6543,0.376791,0
6544,0.376268,0
6545,0.364185,0
6546,0.385680,0
6547,0.374826,0
6548,0.478080,0
6549,0.478671,0
6550,0.375163,0
6551,0.470697,0
6552,0.374826,0
6553,0.363144,0
6554,0.387016,0
6555,0.375039,0
6556,0.374826,0
6557,0.376357,0
6558,0.377449,0
6559,0.355324,0
6560,0.356086,0
6561,0.365118,0
6562,0.365118,0
6563,0.377660,0
6564,0.362938,0
6565,0.481987,0
6566,0.384427,0
6567,0.424584,0
6568,0.356086,0
6569,0.361843,0
6570,0.368449,0
6571,0.360532,0
6572,0.401432,0
6573,0.387645,0
6574,0.351066,0
6575,0.351066,0
6576,0.351066,0
6577,0.351066,0
6578,0.351066,0
6579,0.397351,0
6580,0.355324,0
6581,0.490566,0
6582,0.360557,0
6583,0.386487,0
6584,0.470580,0
6585,0.378909,0
6586,0.371416,0
6587,0.471008,0
6588,0.365916,0
6589,0.468227,0
6590,0.464175,0
6591,0.388958,0
6592,0.379703,0
6593,0.368309,0
6594,0.457074,0
6595,0.457074,0
6596,0.386832,0
6597,0.374826,0
6598,0.488747,0
6599,0.365891,0
6600,0.443410,0
6601,0.417003,0
6602,0.523785,0
6603,0.487420,0
6604,0.428205,0
6605,0.425454,0
6606,0.481524,0
6607,0.425454,0
6608,0.417003,0
6609,0.479436,0
6610,0.425454,0
6611,0.565885,1
6612,0.499652,0
6613,0.425453,0
6614,0.425453,0
6615,0.429640,0
6616,0.425453,0
6617,0.427392,0
6618,0.427392,0
6619,0.427392,0
6620,0.446824,0
6621,0.427392,0
6622,0.427392,0
6623,0.426594,0
6624,0.426594,0
6625,0.426594,0
6626,0.427392,0
6627,0.427336,0
6628,0.428835,0
6629,0.427392,0
6630,0.423885,0
6631,0.500591,0
6632,0.435280,0
6633,0.451164,0
6634,0.384468,0
6635,0.620316,1
6636,0.438260,0
6637,0.370113,0
6638,0.490527,0
6639,0.440289,0
6640,0.388823,0
6641,0.380475,0
6642,0.454030,0
6643,0.442005,0
6644,0.437319,0
6645,0.419090,0
6646,0.429787,0
6647,0.435198,0
6648,0.457691,0
6649,0.453723,0
6650,0.452997,0
6651,0.773812,1
6652,0.663469,1
6653,0.460125,0
6654,0.458411,0
6655,0.503599,0
6656,0.461041,0
6657,0.468708,0
6658,0.475069,0
6659,0.483418,0
6660,0.457940,0
6661,0.472677,0
6662,0.530723,0
6663,0.444366,0
6664,0.465970,0
6665,0.516085,0
6666,0.551848,1
6667,0.626245,1
6668,0.531656,0
6669,0.488289,0
6670,0.632471,1
6671,0.439584,0
6672,0.417790,0
6673,0.417790,0
6674,0.718842,1
6675,0.468018,0
6676,0.497167,0
6677,0.486195,0
6678,0.332363,0
6679,0.336786,0
6680,0.336786,0
6681,0.351138,0
6682,0.348505,0
6683,0.349811,0
6684,0.344968,0
6685,0.352443,0
6686,0.328987,0
6687,0.344498,0
6688,0.344979,0
6689,0.345375,0
6690,0.330092,0
6691,0.334692,0
6692,0.333840,0
6693,0.333840,0
6694,0.464513,0
6695,0.350443,0
6696,0.350443,0
6697,0.335500,0
6698,0.353541,0
6699,0.362747,0
6700,0.362747,0
6701,0.357351,0
6702,0.357351,0
6703,0.357351,0
6704,0.331304,0
6705,0.326180,0
6706,0.336684,0
6707,0.347874,0
6708,0.332854,0
6709,0.328706,0
6710,0.329963,0
6711,0.338390,0
6712,0.336732,0
6713,0.336228,0
6714,0.330108,0
6715,0.328738,0
6716,0.341667,0
6717,0.326820,0
6718,0.363275,0
6719,0.339203,0
6720,0.326762,0
6721,0.333519,0
6722,0.357876,0
6723,0.364326,0
6724,0.336031,0
6725,0.343236,0
6726,0.357369,0
6727,0.345127,0
6728,0.419768,0
6729,0.342325,0
6730,0.345071,0
6731,0.334362,0
6732,0.336695,0
6733,0.337683,0
6734,0.354134,0
6735,0.328568,0
6736,0.349372,0
6737,0.335207,0
6738,0.335207,0
6739,0.342745,0
6740,0.403291,0
6741,0.334221,0
6742,0.341962,0
6743,0.333595,0
6744,0.414229,0
6745,0.414649,0
6746,0.339466,0
6747,0.334221,0
6748,0.343912,0
6749,0.341863,0
6750,0.346629,0
6751,0.342289,0
6752,0.343008,0
6753,0.343008,0
6754,0.436074,0
6755,0.348682,0
6756,0.348682,0
6757,0.373070,0
6758,0.330678,0
6759,0.354372,0
6760,0.349851,0
6761,0.349032,0
6762,0.342289,0
6763,0.342289,0
6764,0.331786,0
6765,0.331786,0
6766,0.331832,0
6767,0.352067,0
6768,0.351782,0
6769,0.412838,0
6770,0.345057,0
6771,0.342146,0
6772,0.332965,0
6773,0.332965,0
6774,0.341977,0
6775,0.343740,0
6776,0.342246,0
6777,0.333310,0
6778,0.339316,0
6779,0.339316,0
6780,0.335950,0
6781,0.337908,0
6782,0.337908,0
6783,0.336903,0
6784,0.337992,0
6785,0.338233,0
6786,0.347052,0
6787,0.341876,0
6788,0.342784,0
6789,0.349649,0
6790,0.361154,0
6791,0.350892,0
6792,0.355236,0
6793,0.390794,0
6794,0.350762,0
6795,0.335315,0
6796,0.350859,0
6797,0.354436,0
6798,0.345304,0
6799,0.345304,0
6800,0.350212,0
6801,0.361469,0
6802,0.352724,0
6803,0.354350,0
6804,0.354350,0
6805,0.356746,0
6806,0.350762,0
6807,0.344425,0
6808,0.350483,0
6809,0.371898,0
6810,0.371898,0
6811,0.330248,0
6812,0.330248,0
6813,0.350859,0
6814,0.350859,0
6815,0.350915,0
6816,0.350677,0
6817,0.358426,0
6818,0.334967,0
6819,0.336908,0
6820,0.362548,0
6821,0.355710,0
6822,0.350677,0
6823,0.365219,0
6824,0.342991,0
6825,0.367677,0
6826,0.340358,0
6827,0.332347,0
6828,0.353923,0
6829,0.356177,0
6830,0.359284,0
6831,0.360720,0
6832,0.373880,0
6833,0.417163,0
6834,0.333103,0
6835,0.355753,0
6836,0.345818,0
6837,0.345818,0
6838,0.350529,0
6839,0.350714,0
6840,0.350714,0
6841,0.345493,0
6842,0.345493,0
6843,0.361282,0
6844,0.362619,0
6845,0.345933,0
6846,0.345493,0
6847,0.345493,0
6848,0.334250,0
6849,0.334642,0
6850,0.362263,0
6851,0.354214,0
6852,0.354214,0
6853,0.364137,0
6854,0.364137,0
6855,0.344519,0
6856,0.344519,0
6857,0.344519,0
6858,0.344519,0
6859,0.345535,0
6860,0.345535,0
6861,0.351893,0
6862,0.344519,0
6863,0.345535,0
6864,0.345535,0
6865,0.345685,0
6866,0.353803,0
6867,0.350420,0
6868,0.360828,0
6869,0.360828,0
6870,0.352774,0
6871,0.356219,0
6872,0.352774,0
6873,0.357991,0
6874,0.357253,0
6875,0.348767,0
6876,0.352983,0
6877,0.350934,0
6878,0.349793,0
6879,0.336291,0
6880,0.356106,0
6881,0.359386,0
6882,0.358881,0
6883,0.331793,0
6884,0.331793,0
6885,0.330705,0
6886,0.351045,0
6887,0.332347,0
6888,0.399851,0
6889,0.453596,0
6890,0.338233,0
6891,0.393348,0
6892,0.393348,0
6893,0.335542,0
6894,0.335542,0
6895,0.335542,0
6896,0.334104,0
6897,0.343077,0
6898,0.401428,0
6899,0.342554,0
6900,0.336871,0
6901,0.336871,0
6902,0.366249,0
6903,0.331048,0
6904,0.329730,0
6905,0.335784,0
6906,0.409942,0
6907,0.332586,0
6908,0.332586,0
6909,0.335315,0
6910,0.330794,0
6911,0.344391,0
6912,0.339970,0
6913,0.333122,0
6914,0.394365,0
6915,0.406401,0
6916,0.330981,0
6917,0.413545,0
6918,0.451513,0
6919,0.343435,0
6920,0.343891,0
6921,0.371621,0
6922,0.371621,0
6923,0.329244,0
6924,0.338123,0
6925,0.412855,0
6926,0.345535,0
6927,0.345535,0
6928,0.343970,0
6929,0.335719,0
6930,0.340213,0
6931,0.333773,0
6932,0.448577,0
6933,0.353705,0
6934,0.337086,0
6935,0.334104,0
6936,0.336439,0
6937,0.336439,0
6938,0.344425,0
6939,0.344244,0
6940,0.345988,0
6941,0.330248,0
6942,0.330248,0
6943,0.416439,0
6944,0.353199,0
6945,0.353199,0
6946,0.352317,0
6947,0.347022,0
6948,0.332125,0
6949,0.369946,0
6950,0.405385,0
6951,0.344165,0
6952,0.344519,0
6953,0.347270,0
6954,0.354000,0
6955,0.344195,0
6956,0.343812,0
6957,0.347454,0
6958,0.347454,0
6959,0.353241,0
6960,0.351578,0
6961,0.353790,0
6962,0.363527,0
6963,0.346839,0
6964,0.335909,0
6965,0.333307,0
6966,0.332330,0
6967,0.338820,0
6968,0.333838,0
6969,0.333772,0
6970,0.344150,0
6971,0.344519,0
6972,0.345535,0
6973,0.344519,0
6974,0.345502,0
6975,0.345980,0
6976,0.345980,0
6977,0.344963,0
6978,0.344704,0
6979,0.351311,0
6980,0.350859,0
6981,0.351311,0
6982,0.349093,0
6983,0.349883,0
6984,0.334093,0
6985,0.334339,0
6986,0.418810,0
6987,0.356479,0
6988,0.345979,0
6989,0.332540,0
6990,0.333301,0
6991,0.345720,0
6992,0.366290,0
6993,0.369664,0
6994,0.409480,0
6995,0.351420,0
6996,0.348020,0
6997,0.348020,0
6998,0.338820,0
6999,0.348568,0
7000,0.344425,0
7001,0.344510,0
7002,0.348800,0
7003,0.419703,0
7004,0.369444,0
7005,0.369444,0
7006,0.356963,0
7007,0.336439,0
7008,0.357124,0
7009,0.411511,0
7010,0.349346,0
7011,0.349472,0
7012,0.356746,0
7013,0.354322,0
7014,0.351388,0
7015,0.402805,0
7016,0.371522,0
7017,0.355066,0
7018,0.373254,0
7019,0.369927,0
7020,0.359646,0
7021,0.353352,0
7022,0.382700,0
7023,0.383358,0
7024,0.382388,0
7025,0.397583,0
7026,0.357764,0
7027,0.357764,0
7028,0.402362,0
7029,0.391969,0
7030,0.382095,0
7031,0.382095,0
7032,0.394281,0
7033,0.383579,0
7034,0.381801,0
7035,0.387259,0
7036,0.390197,0
7037,0.391013,0
7038,0.385648,0
7039,0.396190,0
7040,0.378723,0
7041,0.378723,0
7042,0.366367,0
7043,0.352762,0
7044,0.358251,0
7045,0.469801,0
7046,0.387835,0
7047,0.461847,0
7048,0.461912,0
7049,0.356290,0
7050,0.405604,0
7051,0.385403,0
7052,0.385403,0
7053,0.447625,0
7054,0.407266,0
7055,0.410423,0
7056,0.392930,0
7057,0.637729,1
7058,0.620747,1
7059,0.616917,1
7060,0.506329,0
7061,0.415076,0
7062,0.556533,1
7063,0.605483,1
7064,0.516221,0
7065,0.450293,0
7066,0.585490,1
7067,0.487355,0
7068,0.472575,0
7069,0.472575,0
7070,0.655550,1
7071,0.639868,1
7072,0.503391,0
7073,0.655216,1
7074,0.452166,0
7075,0.401492,0
7076,0.398375,0
7077,0.439269,0
7078,0.349722,0
7079,0.393506,0
7080,0.377947,0
7081,0.370323,0
7082,0.385500,0
7083,0.418910,0
7084,0.419788,0
7085,0.382644,0
7086,0.418562,0
7087,0.363641,0
7088,0.391053,0
7089,0.385734,0
7090,0.439191,0
7091,0.393726,0
7092,0.396107,0
7093,0.369367,0
7094,0.371761,0
7095,0.413245,0
7096,0.369184,0
7097,0.407722,0
7098,0.377017,0
7099,0.400090,0
7100,0.386717,0
7101,0.410203,0
7102,0.386258,0
7103,0.396900,0
7104,0.402949,0
7105,0.363978,0
7106,0.391019,0
7107,0.395261,0
7108,0.416494,0
7109,0.428727,0
7110,0.425162,0
7111,0.425651,0
7112,0.419537,0
7113,0.419537,0
7114,0.424977,0
7115,0.431767,0
7116,0.428313,0
7117,0.469183,0
7118,0.427778,0
7119,0.426001,0
7120,0.385521,0
7121,0.382245,0
7122,0.431581,0
7123,0.425864,0
7124,0.424736,0
7125,0.459348,0
7126,0.385718,0
7127,0.384072,0
7128,0.420351,0
7129,0.383223,0
7130,0.485101,0
7131,0.465973,0
7132,0.453042,0
7133,0.545751,0
7134,0.398672,0
7135,0.391838,0
7136,0.420218,0
7137,0.420218,0
7138,0.420218,0
7139,0.386711,0
7140,0.387920,0
7141,0.456562,0
7142,0.349512,0
7143,0.358763,0
7144,0.360241,0
7145,0.358705,0
7146,0.363987,0
7147,0.376729,0
7148,0.356287,0
7149,0.363987,0
7150,0.407069,0
7151,0.368616,0
7152,0.422261,0
7153,0.436671,0
7154,0.361838,0
7155,0.412594,0
7156,0.347415,0
7157,0.385031,0
7158,0.376263,0
7159,0.376836,0
7160,0.383533,0
7161,0.435666,0
7162,0.377456,0
7163,0.368199,0
7164,0.376804,0
7165,0.410250,0
7166,0.458288,0
7167,0.403428,0
7168,0.380935,0
7169,0.397589,0
7170,0.379899,0
7171,0.431290,0
7172,0.380574,0
7173,0.391019,0
7174,0.386487,0
7175,0.396265,0
7176,0.400331,0
7177,0.400331,0
7178,0.402125,0
7179,0.422120,0
7180,0.445940,0
7181,0.502528,0
7182,0.733288,1
7183,0.616821,1
7184,0.511351,0
7185,0.475247,0
7186,0.390367,0
7187,0.443336,0
7188,0.486021,0
7189,0.479112,0
7190,0.467370,0
7191,0.715383,1
7192,0.776960,1
7193,0.693999,1
7194,0.725003,1
7195,0.431483,0
7196,0.578626,1
7197,0.454992,0
7198,0.624876,1
7199,0.481471,0
7200,0.470189,0
7201,0.370034,0
7202,0.404006,0
7203,0.408713,0
7204,0.384445,0
7205,0.394659,0
7206,0.385207,0
7207,0.411773,0
7208,0.385161,0
7209,0.392808,0
7210,0.420760,0
7211,0.488908,0
7212,0.461220,0
7213,0.394461,0
7214,0.476547,0
7215,0.371186,0
7216,0.510669,0
7217,0.510160,0
7218,0.427195,0
7219,0.329561,0
7220,0.373874,0
7221,0.411667,0
7222,0.411362,0
7223,0.418562,0
7224,0.367648,0
7225,0.443980,0
7226,0.388670,0
7227,0.393495,0
7228,0.480311,0
7229,0.480311,0
7230,0.395493,0
7231,0.425432,0
7232,0.465308,0
7233,0.433664,0
7234,0.480743,0
7235,0.460368,0
7236,0.483309,0
7237,0.350615,0
7238,0.372806,0
7239,0.366620,0
7240,0.377168,0
7241,0.373882,0
7242,0.387556,0
7243,0.379117,0
7244,0.379117,0
7245,0.379117,0
7246,0.410914,0
7247,0.370427,0
7248,0.375717,0
7249,0.371754,0
7250,0.387873,0
7251,0.387873,0
7252,0.377755,0
7253,0.382771,0
7254,0.382771,0
7255,0.382771,0
7256,0.382771,0
7257,0.396153,0
7258,0.383382,0
7259,0.372391,0
7260,0.364207,0
7261,0.365670,0
7262,0.337850,0
7263,0.387704,0
7264,0.415226,0
7265,0.392665,0
7266,0.392862,0
7267,0.332183,0
7268,0.332183,0
7269,0.337657,0
7270,0.426689,0
7271,0.387880,0
7272,0.356216,0
7273,0.370031,0
7274,0.426464,0
7275,0.462581,0
7276,0.462581,0
7277,0.411026,0
7278,0.410038,0
7279,0.817956,1
7280,0.496549,0
7281,0.647584,1
7282,0.683227,1
7283,0.451252,0
7284,0.805758,1
7285,0.528885,0
7286,0.435933,0
7287,0.559352,1
7288,0.429346,0
7289,0.378973,0
7290,0.372332,0
7291,0.388544,0
7292,0.388544,0
7293,0.346526,0
7294,0.394801,0
7295,0.384995,0
7296,0.384995,0
7297,0.423348,0
7298,0.340961,0
7299,0.370973,0
7300,0.370973,0
7301,0.379285,0
7302,0.379285,0
7303,0.379285,0
7304,0.356645,0
7305,0.369615,0
7306,0.353128,0
7307,0.341673,0
7308,0.393589,0
7309,0.366534,0
7310,0.369008,0
7311,0.365890,0
7312,0.366806,0
7313,0.337343,0
7314,0.354223,0
7315,0.357796,0
7316,0.334795,0
7317,0.353849,0
7318,0.328556,0
7319,0.380852,0
7320,0.375201,0
7321,0.375743,0
7322,0.375743,0
7323,0.333242,0
7324,0.333242,0
7325,0.342851,0
7326,0.333807,0
7327,0.333807,0
7328,0.333807,0
7329,0.358831,0
7330,0.339204,0
7331,0.362946,0
7332,0.342477,0
7333,0.359953,0
7334,0.375848,0
7335,0.431104,0
7336,0.364106,0
7337,0.377895,0
7338,0.422582,0
7339,0.361677,0
7340,0.364106,0
7341,0.368473,0
7342,0.368473,0
7343,0.359784,0
7344,0.362679,0
7345,0.342541,0
7346,0.342541,0
7347,0.335346,0
7348,0.427653,0
7349,0.382113,0
7350,0.385624,0
7351,0.369890,0
7352,0.374318,0
7353,0.376552,0
7354,0.368801,0
7355,0.375779,0
7356,0.373536,0
7357,0.373536,0
7358,0.357471,0
7359,0.351115,0
7360,0.369493,0
7361,0.369493,0
7362,0.369493,0
7363,0.348854,0
7364,0.363012,0
7365,0.364106,0
7366,0.432447,0
7367,0.353000,0
7368,0.455360,0
7369,0.368426,0
7370,0.341312,0
7371,0.361017,0
7372,0.356267,0
7373,0.376816,0
7374,0.373683,0
7375,0.361657,0
7376,0.350476,0
7377,0.364106,0
7378,0.354316,0
7379,0.413025,0
7380,0.365908,0
7381,0.363787,0
7382,0.363787,0
7383,0.342455,0
7384,0.368961,0
7385,0.369023,0
7386,0.366786,0
7387,0.392340,0
7388,0.345906,0
7389,0.332177,0
7390,0.363351,0
7391,0.332069,0
7392,0.330325,0
7393,0.332069,0
7394,0.334139,0
7395,0.334139,0
7396,0.447494,0
7397,0.382343,0
7398,0.337266,0
7399,0.371619,0
7400,0.359270,0
7401,0.359270,0
7402,0.359270,0
7403,0.359270,0
7404,0.359270,0
7405,0.359270,0
7406,0.359270,0
7407,0.344481,0
7408,0.359293,0
7409,0.333218,0
7410,0.405653,0
7411,0.415522,0
7412,0.429311,0
7413,0.350493,0
7414,0.333740,0
7415,0.337031,0
7416,0.426640,0
7417,0.403360,0
7418,0.366317,0
7419,0.379790,0
7420,0.412191,0
7421,0.370166,0
7422,0.368628,0
7423,0.409646,0
7424,0.359413,0
7425,0.342478,0
7426,0.388552,0
7427,0.442986,0
7428,0.368747,0
7429,0.376454,0
7430,0.376454,0
7431,0.344059,0
7432,0.341853,0
7433,0.356630,0
7434,0.356630,0
7435,0.351307,0
7436,0.372385,0
7437,0.372385,0
7438,0.344416,0
7439,0.369209,0
7440,0.363487,0
7441,0.361173,0
7442,0.376268,0
7443,0.376268,0
7444,0.376268,0
7445,0.372931,0
7446,0.415713,0
7447,0.415713,0
7448,0.371761,0
7449,0.385019,0
7450,0.385019,0
7451,0.412428,0
7452,0.417176,0
7453,0.417176,0
7454,0.371817,0
7455,0.367648,0
7456,0.468676,0
7457,0.426959,0
7458,0.359948,0
7459,0.334560,0
7460,0.480151,0
7461,0.380298,0
7462,0.378467,0
7463,0.357061,0
7464,0.377895,0
7465,0.347832,0
7466,0.337266,0
7467,0.386041,0
7468,0.386041,0
7469,0.386041,0
7470,0.334226,0
7471,0.335315,0
7472,0.331568,0
7473,0.331568,0
7474,0.363978,0
7475,0.364489,0
7476,0.392020,0
7477,0.371442,0
7478,0.365021,0
7479,0.360881,0
7480,0.390529,0
7481,0.389532,0
7482,0.363175,0
7483,0.364513,0
7484,0.397351,0
7485,0.376960,0
7486,0.380385,0
7487,0.375824,0
7488,0.365962,0
7489,0.389376,0
7490,0.360532,0
7491,0.360795,0
7492,0.390954,0
7493,0.485260,0
7494,0.463789,0
7495,0.448955,0
7496,0.372265,0
7497,0.372265,0
7498,0.480299,0
7499,0.454442,0
7500,0.384459,0
7501,0.371769,0
7502,0.386459,0
7503,0.369116,0
7504,0.468884,0
7505,0.379445,0
7506,0.383806,0
7507,0.400348,0
7508,0.364841,0
7509,0.379116,0
7510,0.391375,0
7511,0.398072,0
7512,0.465224,0
7513,0.419678,0
7514,0.400629,0
7515,0.402636,0
7516,0.461124,0
7517,0.438366,0
7518,0.718312,1
7519,0.459174,0
7520,0.446730,0
7521,0.483654,0
7522,0.387720,0
7523,0.491595,0
7524,0.458282,0
7525,0.464891,0
7526,0.401896,0
7527,0.650022,1
7528,0.672332,1
7529,0.385054,0
7530,0.503508,0
7531,0.608200,1
7532,0.442050,0
7533,0.442050,0
7534,0.425108,0
7535,0.410019,0
7536,0.409919,0
7537,0.669076,1
7538,0.607472,1
7539,0.490881,0
7540,0.502734,0
7541,0.406745,0
7542,0.394022,0
7543,0.428380,0
7544,0.428380,0
7545,0.495679,0
7546,0.495679,0
7547,0.381949,0
7548,0.395402,0
7549,0.395402,0
7550,0.525197,0
7551,0.393876,0
7552,0.657047,1
7553,0.396980,0
7554,0.557511,1
7555,0.426824,0
7556,0.406167,0
7557,0.380153,0
7558,0.380153,0
7559,0.380153,0
7560,0.409376,0
7561,0.512180,0
7562,0.478818,0
7563,0.767036,1
7564,0.671914,1
7565,0.533158,0
7566,0.419722,0
7567,0.412131,0
7568,0.638928,1
7569,0.683606,1
7570,0.798274,1
7571,0.449170,0
7572,0.487751,0
7573,0.519702,0
7574,0.559842,1
7575,0.475698,0
7576,0.655110,1
7577,0.418901,0
7578,0.430647,0
7579,0.492657,0
7580,0.570931,1
7581,0.482500,0
7582,0.445641,0
7583,0.419672,0
7584,0.481027,0
7585,0.340944,0
7586,0.372449,0
7587,0.345587,0
7588,0.420818,0
7589,0.420818,0
7590,0.361294,0
7591,0.361891,0
7592,0.329788,0
7593,0.329417,0
7594,0.327865,0
7595,0.347514,0
7596,0.347514,0
7597,0.343783,0
7598,0.343783,0
7599,0.370183,0
7600,0.341679,0
7601,0.344252,0
7602,0.344252,0
7603,0.343272,0
7604,0.340535,0
7605,0.343721,0
7606,0.340550,0
7607,0.361228,0
7608,0.475450,0
7609,0.351976,0
7610,0.326535,0
7611,0.343772,0
7612,0.330259,0
7613,0.333111,0
7614,0.367255,0
7615,0.348632,0
7616,0.371004,0
7617,0.339087,0
7618,0.338497,0
7619,0.340207,0
7620,0.347621,0
7621,0.343905,0
7622,0.343905,0
7623,0.366859,0
7624,0.365157,0
7625,0.339222,0
7626,0.360291,0
7627,0.361896,0
7628,0.402622,0
7629,0.402622,0
7630,0.358584,0
7631,0.339741,0
7632,0.339430,0
7633,0.368893,0
7634,0.330432,0
7635,0.336534,0
7636,0.343533,0
7637,0.347507,0
7638,0.347507,0
7639,0.345158,0
7640,0.342421,0
7641,0.342421,0
7642,0.343234,0
7643,0.360685,0
7644,0.335109,0
7645,0.339741,0
7646,0.332318,0
7647,0.342822,0
7648,0.332579,0
7649,0.341853,0
7650,0.332785,0
7651,0.333082,0
7652,0.373534,0
7653,0.342349,0
7654,0.330911,0
7655,0.330816,0
7656,0.342404,0
7657,0.340402,0
7658,0.340402,0
7659,0.343002,0
7660,0.341235,0
7661,0.341853,0
7662,0.332886,0
7663,0.359283,0
7664,0.414515,0
7665,0.356671,0
7666,0.355207,0
7667,0.382429,0
7668,0.356995,0
7669,0.340232,0
7670,0.356995,0
7671,0.356995,0
7672,0.356995,0
7673,0.413344,0
7674,0.362501,0
7675,0.354742,0
7676,0.385381,0
7677,0.363130,0
7678,0.405481,0
7679,0.405481,0
7680,0.376465,0
7681,0.357035,0
7682,0.356995,0
7683,0.343035,0
7684,0.347867,0
7685,0.397460,0
7686,0.358241,0
7687,0.337429,0
7688,0.332122,0
7689,0.332122,0
7690,0.330820,0
7691,0.330816,0
7692,0.340204,0
7693,0.343445,0
7694,0.336513,0
7695,0.415425,0
7696,0.338965,0
7697,0.359195,0
7698,0.359811,0
7699,0.367130,0
7700,0.367130,0
7701,0.356546,0
7702,0.367399,0
7703,0.342076,0
7704,0.340262,0
7705,0.333807,0
7706,0.342404,0
7707,0.362157,0
7708,0.356969,0
7709,0.362848,0
7710,0.362848,0
7711,0.332438,0
7712,0.332438,0
7713,0.362848,0
7714,0.362848,0
7715,0.337624,0
7716,0.337624,0
7717,0.337624,0
7718,0.362146,0
7719,0.361657,0
7720,0.362146,0
7721,0.437249,0
7722,0.337071,0
7723,0.374543,0
7724,0.341058,0
7725,0.340262,0
7726,0.340262,0
7727,0.371105,0
7728,0.370854,0
7729,0.370854,0
7730,0.371105,0
7731,0.371105,0
7732,0.412391,0
7733,0.367978,0
7734,0.372659,0
7735,0.369664,0
7736,0.369664,0
7737,0.372753,0
7738,0.351526,0
7739,0.371880,0
7740,0.341434,0
7741,0.351198,0
7742,0.347605,0
7743,0.364131,0
7744,0.341757,0
7745,0.341064,0
7746,0.341323,0
7747,0.343979,0
7748,0.343979,0
7749,0.344648,0
7750,0.340943,0
7751,0.333740,0
7752,0.354323,0
7753,0.339082,0
7754,0.345682,0
7755,0.367331,0
7756,0.336764,0
7757,0.383041,0
7758,0.379899,0
7759,0.417326,0
7760,0.457329,0
7761,0.380802,0
7762,0.361065,0
7763,0.378596,0
7764,0.364933,0
7765,0.363335,0
7766,0.366238,0
7767,0.367580,0
7768,0.367580,0
7769,0.381522,0
7770,0.466858,0
7771,0.400795,0
7772,0.540907,0
7773,0.484720,0
7774,0.543884,0
7775,0.388714,0
7776,0.383103,0
7777,0.381999,0
7778,0.377126,0
7779,0.389810,0
7780,0.376122,0
7781,0.389666,0
7782,0.394027,0
7783,0.393674,0
7784,0.364833,0
7785,0.366525,0
7786,0.363721,0
7787,0.354558,0
7788,0.354558,0
7789,0.354558,0
7790,0.354558,0
7791,0.354558,0
7792,0.354558,0
7793,0.432823,0
7794,0.552107,1
7795,0.420061,0
7796,0.475181,0
7797,0.434135,0
7798,0.439047,0
7799,0.406517,0
7800,0.434260,0
7801,0.437141,0
7802,0.437141,0
7803,0.389693,0
7804,0.437722,0
7805,0.458526,0
7806,0.458526,0
7807,0.443263,0
7808,0.462030,0
7809,0.550432,1
7810,0.533085,0
7811,0.496593,0
7812,0.585895,1
7813,0.450138,0
7814,0.473391,0
7815,0.419034,0
7816,0.443352,0
7817,0.491771,0
7818,0.491771,0
7819,0.491426,0
7820,0.528885,0
7821,0.560800,1
7822,0.431885,0
7823,0.502058,0
7824,0.657325,1
7825,0.446184,0
7826,0.699328,1
7827,0.434171,0
7828,0.481856,0
7829,0.631864,1
7830,0.443152,0
7831,0.522811,0
7832,0.638492,1
7833,0.747639,1
7834,0.365707,0
7835,0.391208,0
7836,0.364833,0
7837,0.721272,1
7838,0.667365,1
7839,0.719553,1
7840,0.748549,1
7841,0.740793,1
7842,0.724269,1
7843,0.728163,1
7844,0.439285,0
7845,0.424985,0
7846,0.341635,0
7847,0.341635,0
7848,0.328452,0
7849,0.328661,0
7850,0.333143,0
7851,0.334925,0
7852,0.327983,0
7853,0.331738,0
7854,0.331738,0
7855,0.331738,0
7856,0.328309,0
7857,0.334298,0
7858,0.334298,0
7859,0.328153,0
7860,0.334298,0
7861,0.329431,0
7862,0.329603,0
7863,0.329431,0
7864,0.327724,0
7865,0.328966,0
7866,0.330464,0
7867,0.328452,0
7868,0.328452,0
7869,0.326535,0
7870,0.328798,0
7871,0.329038,0
7872,0.330629,0
7873,0.326880,0
7874,0.444436,0
7875,0.328738,0
7876,0.407686,0
7877,0.330455,0
7878,0.332339,0
7879,0.332990,0
7880,0.424137,0
7881,0.365542,0
7882,0.364204,0
7883,0.333143,0
7884,0.345499,0
7885,0.331827,0
7886,0.331769,0
7887,0.345587,0
7888,0.327867,0
7889,0.328740,0
7890,0.328740,0
7891,0.331767,0
7892,0.350982,0
7893,0.335679,0
7894,0.350982,0
7895,0.350982,0
7896,0.331732,0
7897,0.338497,0
7898,0.335675,0
7899,0.327724,0
7900,0.335475,0
7901,0.336604,0
7902,0.411677,0
7903,0.338657,0
7904,0.346476,0
7905,0.360161,0
7906,0.331767,0
7907,0.342126,0
7908,0.355133,0
7909,0.326820,0
7910,0.328805,0
7911,0.328309,0
7912,0.330769,0
7913,0.331337,0
7914,0.331104,0
7915,0.332818,0
7916,0.417406,0
7917,0.346185,0
7918,0.348427,0
7919,0.356505,0
7920,0.336189,0
7921,0.338843,0
7922,0.338370,0
7923,0.333060,0
7924,0.333060,0
7925,0.413028,0
7926,0.341216,0
7927,0.347444,0
7928,0.333064,0
7929,0.381239,0
7930,0.412061,0
7931,0.348564,0
7932,0.444919,0
7933,0.350436,0
7934,0.350436,0
7935,0.332069,0
7936,0.341896,0
7937,0.340144,0
7938,0.389481,0
7939,0.328995,0
7940,0.330745,0
7941,0.330300,0
7942,0.332685,0
7943,0.330325,0
7944,0.339507,0
7945,0.332613,0
7946,0.331749,0
7947,0.332613,0
7948,0.337312,0
7949,0.341927,0
7950,0.342208,0
7951,0.342208,0
7952,0.332327,0
7953,0.346063,0
7954,0.334439,0
7955,0.333577,0
7956,0.355989,0
7957,0.330911,0
7958,0.345485,0
7959,0.334250,0
7960,0.419788,0
7961,0.331860,0
7962,0.331860,0
7963,0.331879,0
7964,0.331796,0
7965,0.338370,0
7966,0.332565,0
7967,0.332613,0
7968,0.341429,0
7969,0.333711,0
7970,0.337698,0
7971,0.337810,0
7972,0.329783,0
7973,0.331048,0
7974,0.330820,0
7975,0.382848,0
7976,0.377781,0
7977,0.374697,0
7978,0.355509,0
7979,0.415462,0
7980,0.358611,0
7981,0.357471,0
7982,0.358014,0
7983,0.383785,0
7984,0.363129,0
7985,0.363031,0
7986,0.353805,0
7987,0.361003,0
7988,0.364377,0
7989,0.374948,0
7990,0.390874,0
7991,0.364848,0
7992,0.357960,0
7993,0.456346,0
7994,0.428525,0
7995,0.433140,0
7996,0.395197,0
7997,0.386159,0
7998,0.384550,0
7999,0.380542,0
8000,0.467279,0
8001,0.601199,1
8002,0.482377,0
8003,0.461119,0
8004,0.387170,0
8005,0.387170,0
8006,0.387170,0
8007,0.394997,0
8008,0.398939,0
8009,0.392042,0
8010,0.392042,0
8011,0.392042,0
8012,0.387170,0
8013,0.384693,0
8014,0.413205,0
8015,0.394447,0
8016,0.394376,0
8017,0.394376,0
8018,0.417975,0
8019,0.395189,0
8020,0.393826,0
8021,0.393826,0
8022,0.334136,0
8023,0.414869,0
8024,0.387891,0
8025,0.376646,0
8026,0.387170,0
8027,0.468372,0
8028,0.373875,0
8029,0.387170,0
8030,0.409525,0
8031,0.387170,0
8032,0.390384,0
8033,0.414746,0
8034,0.384693,0
8035,0.387224,0
8036,0.384731,0
8037,0.391977,0
8038,0.389007,0
8039,0.403946,0
8040,0.387170,0
8041,0.387224,0
8042,0.389669,0
8043,0.390384,0
8044,0.387224,0
8045,0.387224,0
8046,0.386462,0
8047,0.392042,0
8048,0.387170,0
8049,0.387170,0
8050,0.370191,0
8051,0.387170,0
8052,0.389699,0
8053,0.366216,0
8054,0.395296,0
8055,0.389669,0
8056,0.391713,0
8057,0.384731,0
8058,0.387224,0
8059,0.468620,0
8060,0.402912,0
8061,0.337261,0
8062,0.347540,0
8063,0.344475,0
8064,0.340735,0
8065,0.326299,0
8066,0.372854,0
8067,0.329747,0
8068,0.410481,0
8069,0.412207,0
8070,0.333068,0
8071,0.348247,0
8072,0.376686,0
8073,0.343272,0
8074,0.351626,0
8075,0.356311,0
8076,0.371600,0
8077,0.371600,0
8078,0.371600,0
8079,0.329603,0
8080,0.339825,0
8081,0.343495,0
8082,0.338025,0
8083,0.339392,0
8084,0.338202,0
8085,0.332584,0
8086,0.328738,0
8087,0.396064,0
8088,0.331334,0
8089,0.349250,0
8090,0.334106,0
8091,0.350443,0
8092,0.360469,0
8093,0.348385,0
8094,0.336079,0
8095,0.349250,0
8096,0.332452,0
8097,0.329831,0
8098,0.339024,0
8099,0.339409,0
8100,0.337228,0
8101,0.334107,0
8102,0.339741,0
8103,0.368441,0
8104,0.491872,0
8105,0.366231,0
8106,0.330476,0
8107,0.339741,0
8108,0.339741,0
8109,0.339741,0
8110,0.358954,0
8111,0.340931,0
8112,0.344836,0
8113,0.344897,0
8114,0.344897,0
8115,0.330878,0
8116,0.431131,0
8117,0.430541,0
8118,0.378278,0
8119,0.340144,0
8120,0.340144,0
8121,0.340144,0
8122,0.362161,0
8123,0.330484,0
8124,0.362060,0
8125,0.358734,0
8126,0.330878,0
8127,0.336987,0
8128,0.331367,0
8129,0.356956,0
8130,0.356956,0
8131,0.331367,0
8132,0.331367,0
8133,0.340144,0
8134,0.360084,0
8135,0.345855,0
8136,0.360900,0
8137,0.409340,0
8138,0.341638,0
8139,0.339455,0
8140,0.339455,0
8141,0.339455,0
8142,0.340684,0
8143,0.341036,0
8144,0.341036,0
8145,0.522370,0
8146,0.356506,0
8147,0.340524,0
8148,0.358782,0
8149,0.341161,0
8150,0.340931,0
8151,0.341472,0
8152,0.358584,0
8153,0.346705,0
8154,0.339741,0
8155,0.341923,0
8156,0.370530,0
8157,0.348243,0
8158,0.344836,0
8159,0.366823,0
8160,0.341358,0
8161,0.412611,0
8162,0.339741,0
8163,0.359641,0
8164,0.344648,0
8165,0.335699,0
8166,0.373220,0
8167,0.402134,0
8168,0.359968,0
8169,0.341898,0
8170,0.343759,0
8171,0.332015,0
8172,0.332015,0
8173,0.333820,0
8174,0.332710,0
8175,0.361727,0
8176,0.358247,0
8177,0.358584,0
8178,0.361017,0
8179,0.361017,0
8180,0.361017,0
8181,0.361017,0
8182,0.435838,0
8183,0.344218,0
8184,0.372155,0
8185,0.363664,0
8186,0.356969,0
8187,0.394110,0
8188,0.365095,0
8189,0.331164,0
8190,0.360084,0
8191,0.360084,0
8192,0.360084,0
8193,0.333122,0
8194,0.361282,0
8195,0.404293,0
8196,0.406724,0
8197,0.333996,0
8198,0.368142,0
8199,0.392472,0
8200,0.332009,0
8201,0.331771,0
8202,0.333226,0
8203,0.333226,0
8204,0.333226,0
8205,0.331520,0
8206,0.397429,0
8207,0.364133,0
8208,0.359397,0
8209,0.363539,0
8210,0.361723,0
8211,0.361657,0
8212,0.390169,0
8213,0.358875,0
8214,0.358875,0
8215,0.359417,0
8216,0.342076,0
8217,0.342076,0
8218,0.342076,0
8219,0.360084,0
8220,0.360084,0
8221,0.333122,0
8222,0.333122,0
8223,0.362446,0
8224,0.362446,0
8225,0.363890,0
8226,0.360684,0
8227,0.342974,0
8228,0.342974,0
8229,0.425350,0
8230,0.356969,0
8231,0.356969,0
8232,0.399852,0
8233,0.399852,0
8234,0.362558,0
8235,0.362558,0
8236,0.362558,0
8237,0.350397,0
8238,0.356969,0
8239,0.356969,0
8240,0.388684,0
8241,0.415600,0
8242,0.422311,0
8243,0.422311,0
8244,0.361223,0
8245,0.362706,0
8246,0.378639,0
8247,0.335842,0
8248,0.359082,0
8249,0.402675,0
8250,0.403963,0
8251,0.339741,0
8252,0.372295,0
8253,0.372295,0
8254,0.370008,0
8255,0.346856,0
8256,0.349590,0
8257,0.335894,0
8258,0.337031,0
8259,0.340144,0
8260,0.368917,0
8261,0.398721,0
8262,0.429971,0
8263,0.341639,0
8264,0.351968,0
8265,0.343093,0
8266,0.332785,0
8267,0.332570,0
8268,0.334092,0
8269,0.341434,0
8270,0.342076,0
8271,0.340232,0
8272,0.340232,0
8273,0.344104,0
8274,0.346118,0
8275,0.340262,0
8276,0.340924,0
8277,0.342879,0
8278,0.341853,0
8279,0.415142,0
8280,0.354636,0
8281,0.354636,0
8282,0.354759,0
8283,0.329566,0
8284,0.329566,0
8285,0.401030,0
8286,0.370191,0
8287,0.369780,0
8288,0.368942,0
8289,0.410004,0
8290,0.334717,0
8291,0.333122,0
8292,0.343970,0
8293,0.333122,0
8294,0.334717,0
8295,0.408611,0
8296,0.420289,0
8297,0.335109,0
8298,0.368942,0
8299,0.374733,0
8300,0.344095,0
8301,0.343512,0
8302,0.448827,0
8303,0.449882,0
8304,0.347818,0
8305,0.347818,0
8306,0.340651,0
8307,0.341927,0
8308,0.331293,0
8309,0.337889,0
8310,0.337889,0
8311,0.331221,0
8312,0.340262,0
8313,0.329712,0
8314,0.410365,0
8315,0.334091,0
8316,0.332862,0
8317,0.405725,0
8318,0.505679,0
8319,0.505679,0
8320,0.338438,0
8321,0.353865,0
8322,0.343562,0
8323,0.343562,0
8324,0.352410,0
8325,0.339222,0
8326,0.340262,0
8327,0.340262,0
8328,0.340262,0
8329,0.382597,0
8330,0.384435,0
8331,0.337093,0
8332,0.413137,0
8333,0.347914,0
8334,0.333122,0
8335,0.365351,0
8336,0.407684,0
8337,0.372606,0
8338,0.383351,0
8339,0.377187,0
8340,0.376257,0
8341,0.367331,0
8342,0.332100,0
8343,0.332460,0
8344,0.333585,0
8345,0.344533,0
8346,0.333838,0
8347,0.340144,0
8348,0.340144,0
8349,0.340144,0
8350,0.333122,0
8351,0.375306,0
8352,0.338968,0
8353,0.371380,0
8354,0.411992,0
8355,0.408956,0
8356,0.414357,0
8357,0.414357,0
8358,0.337655,0
8359,0.337655,0
8360,0.393088,0
8361,0.329815,0
8362,0.362108,0
8363,0.356277,0
8364,0.412943,0
8365,0.418473,0
8366,0.329725,0
8367,0.330697,0
8368,0.330697,0
8369,0.329541,0
8370,0.330769,0
8371,0.335154,0
8372,0.334024,0
8373,0.334024,0
8374,0.333122,0
8375,0.335154,0
8376,0.354166,0
8377,0.449307,0
8378,0.349703,0
8379,0.357802,0
8380,0.394004,0
8381,0.331864,0
8382,0.331864,0
8383,0.334104,0
8384,0.348560,0
8385,0.355035,0
8386,0.355035,0
8387,0.352774,0
8388,0.355610,0
8389,0.356916,0
8390,0.356916,0
8391,0.354541,0
8392,0.335453,0
8393,0.331389,0
8394,0.350552,0
8395,0.333131,0
8396,0.333131,0
8397,0.396469,0
8398,0.415450,0
8399,0.412168,0
8400,0.412168,0
8401,0.415014,0
8402,0.394229,0
8403,0.333038,0
8404,0.345370,0
8405,0.352335,0
8406,0.352335,0
8407,0.331164,0
8408,0.454904,0
8409,0.348437,0
8410,0.350193,0
8411,0.350193,0
8412,0.352335,0
8413,0.391421,0
8414,0.440508,0
8415,0.333122,0
8416,0.399591,0
8417,0.391188,0
8418,0.336947,0
8419,0.395649,0
8420,0.333391,0
8421,0.336568,0
8422,0.339597,0
8423,0.403886,0
8424,0.335494,0
8425,0.410357,0
8426,0.387365,0
8427,0.366111,0
8428,0.366111,0
8429,0.462926,0
8430,0.462926,0
8431,0.364784,0
8432,0.377660,0
8433,0.377660,0
8434,0.364784,0
8435,0.459375,0
8436,0.377660,0
8437,0.387016,0
8438,0.377660,0
8439,0.380419,0
8440,0.377660,0
8441,0.369940,0
8442,0.366684,0
8443,0.363129,0
8444,0.356492,0
8445,0.467733,0
8446,0.381127,0
8447,0.381934,0
8448,0.381934,0
8449,0.372731,0
8450,0.389670,0
8451,0.365842,0
8452,0.380066,0
8453,0.463447,0
8454,0.449543,0
8455,0.481738,0
8456,0.481738,0
8457,0.388787,0
8458,0.389468,0
8459,0.389468,0
8460,0.391288,0
8461,0.363978,0
8462,0.398063,0
8463,0.462380,0
8464,0.449835,0
8465,0.379899,0
8466,0.466469,0
8467,0.451252,0
8468,0.376918,0
8469,0.379899,0
8470,0.379899,0
8471,0.388333,0
8472,0.365443,0
8473,0.365443,0
8474,0.377001,0
8475,0.363294,0
8476,0.379003,0
8477,0.382027,0
8478,0.362445,0
8479,0.458704,0
8480,0.458704,0
8481,0.365538,0
8482,0.363978,0
8483,0.370367,0
8484,0.377446,0
8485,0.369001,0
8486,0.369001,0
8487,0.428461,0
8488,0.445687,0
8489,0.362406,0
8490,0.362406,0
8491,0.372956,0
8492,0.373055,0
8493,0.373403,0
8494,0.399239,0
8495,0.367580,0
8496,0.366238,0
8497,0.365706,0
8498,0.388924,0
8499,0.391255,0
8500,0.455458,0
8501,0.353805,0
8502,0.454069,0
8503,0.359165,0
8504,0.361003,0
8505,0.393783,0
8506,0.437602,0
8507,0.466189,0
8508,0.466189,0
8509,0.455362,0
8510,0.455362,0
8511,0.463797,0
8512,0.450102,0
8513,0.450046,0
8514,0.342116,0
8515,0.354856,0
8516,0.839827,1
8517,0.423724,0
8518,0.382137,0
8519,0.400813,0
8520,0.382137,0
8521,0.383902,0
8522,0.705058,1
8523,0.504648,0
8524,0.504648,0
8525,0.426739,0
8526,0.426739,0
8527,0.419112,0
8528,0.388235,0
8529,0.413893,0
8530,0.383624,0
8531,0.381065,0
8532,0.384053,0
8533,0.634301,1
8534,0.382137,0
8535,0.430043,0
8536,0.382242,0
8537,0.427252,0
8538,0.433351,0
8539,0.393928,0
8540,0.394683,0
8541,0.434135,0
8542,0.436123,0
8543,0.448294,0
8544,0.448294,0
8545,0.381700,0
8546,0.627541,1
8547,0.549217,1
8548,0.562731,1
8549,0.562731,1
8550,0.383932,0
8551,0.387454,0
8552,0.383758,0
8553,0.384008,0
8554,0.427620,0
8555,0.382333,0
8556,0.391067,0
8557,0.433069,0
8558,0.433069,0
8559,0.421400,0
8560,0.379494,0
8561,0.381719,0
8562,0.381719,0
8563,0.429557,0
8564,0.429954,0
8565,0.428881,0
8566,0.382391,0
8567,0.382137,0
8568,0.384673,0
8569,0.459431,0
8570,0.389820,0
8571,0.382333,0
8572,0.641255,1
8573,0.417652,0
8574,0.515533,0
8575,0.485685,0
8576,0.462366,0
8577,0.575735,1
8578,0.524252,0
8579,0.533265,0
8580,0.523336,0
8581,0.425588,0
8582,0.592585,1
8583,0.487355,0
8584,0.420665,0
8585,0.420708,0
8586,0.488835,0
8587,0.591697,1
8588,0.681860,1
8589,0.632090,1
8590,0.571942,1
8591,0.571942,1
8592,0.456825,0
8593,0.623905,1
8594,0.418574,0
8595,0.423547,0
8596,0.462405,0
8597,0.366747,0
8598,0.426181,0
8599,0.419154,0
8600,0.374760,0
8601,0.409517,0
8602,0.335512,0
8603,0.331577,0
8604,0.328830,0
8605,0.328830,0
8606,0.334355,0
8607,0.338497,0
8608,0.418160,0
8609,0.346109,0
8610,0.346109,0
8611,0.524471,0
8612,0.455751,0
8613,0.424131,0
8614,0.617769,1
8615,0.334848,0
8616,0.340444,0
8617,0.335944,0
8618,0.363867,0
8619,0.340543,0
8620,0.365462,0
8621,0.414718,0
8622,0.421978,0
8623,0.462180,0
8624,0.415135,0
8625,0.413954,0
8626,0.353228,0
8627,0.408237,0
8628,0.329804,0
8629,0.329804,0
8630,0.358744,0
8631,0.357430,0
8632,0.405460,0
8633,0.343147,0
8634,0.372965,0
8635,0.331304,0
8636,0.331587,0
8637,0.377645,0
8638,0.433958,0
8639,0.382006,0
8640,0.365281,0
8641,0.369068,0
8642,0.381942,0
8643,0.385710,0
8644,0.442496,0
8645,0.427695,0
8646,0.328641,0
8647,0.361291,0
8648,0.359178,0
8649,0.373008,0
8650,0.372854,0
8651,0.332449,0
8652,0.331305,0
8653,0.382169,0
8654,0.348530,0
8655,0.380903,0
8656,0.380903,0
8657,0.448783,0
8658,0.373715,0
8659,0.373715,0
8660,0.409778,0
8661,0.375109,0
8662,0.358237,0
8663,0.370532,0
8664,0.347746,0
8665,0.334596,0
8666,0.353652,0
8667,0.410055,0
8668,0.410055,0
8669,0.347610,0
8670,0.362593,0
8671,0.361603,0
8672,0.353475,0
8673,0.382927,0
8674,0.390511,0
8675,0.510403,0
8676,0.336824,0
8677,0.376005,0
8678,0.358668,0
8679,0.358668,0
8680,0.379374,0
8681,0.358346,0
8682,0.436671,0
8683,0.345609,0
8684,0.370649,0
8685,0.341058,0
8686,0.337273,0
8687,0.333122,0
8688,0.379648,0
8689,0.373382,0
8690,0.358324,0
8691,0.362848,0
8692,0.406955,0
8693,0.411362,0
8694,0.338154,0
8695,0.354010,0
8696,0.418719,0
8697,0.426733,0
8698,0.453529,0
8699,0.414562,0
8700,0.340724,0
8701,0.340724,0
8702,0.366104,0
8703,0.386439,0
8704,0.419287,0
8705,0.340144,0
8706,0.357035,0
8707,0.435532,0
8708,0.342815,0
8709,0.356708,0
8710,0.370510,0
8711,0.384352,0
8712,0.369013,0
8713,0.357035,0
8714,0.418742,0
8715,0.411667,0
8716,0.357035,0
8717,0.357035,0
8718,0.363032,0
8719,0.329701,0
8720,0.432676,0
8721,0.425869,0
8722,0.419994,0
8723,0.370054,0
8724,0.426907,0
8725,0.342684,0
8726,0.336520,0
8727,0.393754,0
8728,0.362307,0
8729,0.416945,0
8730,0.424390,0
8731,0.340402,0
8732,0.343759,0
8733,0.343759,0
8734,0.339427,0
8735,0.336012,0
8736,0.336012,0
8737,0.415490,0
8738,0.415490,0
8739,0.378418,0
8740,0.342413,0
8741,0.345299,0
8742,0.347398,0
8743,0.373603,0
8744,0.376918,0
8745,0.365927,0
8746,0.366095,0
8747,0.388642,0
8748,0.388642,0
8749,0.463811,0
8750,0.364386,0
8751,0.363978,0
8752,0.363978,0
8753,0.372682,0
8754,0.393461,0
8755,0.372968,0
8756,0.386390,0
8757,0.480905,0
8758,0.377903,0
8759,0.366441,0
8760,0.378742,0
8761,0.389326,0
8762,0.393146,0
8763,0.445963,0
8764,0.361214,0
8765,0.477447,0
8766,0.477447,0
8767,0.363978,0
8768,0.372384,0
8769,0.417003,0
8770,0.603696,1
8771,0.642558,1
8772,0.730072,1
8773,0.716856,1
8774,0.463490,0
8775,0.463490,0
8776,0.463490,0
8777,0.463490,0
8778,0.437039,0
8779,0.477027,0
8780,0.449251,0
8781,0.429149,0
8782,0.577832,1
8783,0.577832,1
8784,0.426620,0
8785,0.491145,0
8786,0.654106,1
8787,0.428662,0
8788,0.384515,0
8789,0.603387,1
8790,0.492261,0
8791,0.556696,1
8792,0.585756,1
8793,0.578389,1
8794,0.467878,0
8795,0.467878,0
8796,0.693341,1
8797,0.755249,1
8798,0.722283,1
8799,0.596523,1
8800,0.714507,1
8801,0.777486,1
8802,0.742526,1
8803,0.466489,0
8804,0.485922,0
8805,0.560769,1
8806,0.460737,0
8807,0.467044,0
8808,0.466719,0
8809,0.581254,1
8810,0.470766,0
8811,0.495412,0
8812,0.433108,0
8813,0.509666,0
8814,0.614354,1
8815,0.486691,0
8816,0.522111,0
8817,0.489484,0
8818,0.452203,0
8819,0.445498,0
8820,0.440973,0
8821,0.479701,0
8822,0.681139,1
8823,0.681139,1
8824,0.519864,0
8825,0.581860,1
8826,0.425619,0
8827,0.588338,1
8828,0.825741,1
8829,0.599961,1
8830,0.344445,0
8831,0.341107,0
8832,0.331767,0
8833,0.343300,0
8834,0.343272,0
8835,0.338497,0
8836,0.331767,0
8837,0.332965,0
8838,0.331141,0
8839,0.331822,0
8840,0.331305,0
8841,0.331305,0
8842,0.348247,0
8843,0.348247,0
8844,0.326328,0
8845,0.334355,0
8846,0.335014,0
8847,0.337858,0
8848,0.353558,0
8849,0.339198,0
8850,0.328830,0
8851,0.335723,0
8852,0.344206,0
8853,0.329271,0
8854,0.332662,0
8855,0.342751,0
8856,0.349688,0
8857,0.343272,0
8858,0.343272,0
8859,0.331767,0
8860,0.343272,0
8861,0.346920,0
8862,0.343272,0
8863,0.343272,0
8864,0.339555,0
8865,0.353160,0
8866,0.332708,0
8867,0.328280,0
8868,0.355887,0
8869,0.331767,0
8870,0.357928,0
8871,0.331478,0
8872,0.331478,0
8873,0.359178,0
8874,0.344836,0
8875,0.328153,0
8876,0.333507,0
8877,0.344015,0
8878,0.344015,0
8879,0.329170,0
8880,0.326844,0
8881,0.330092,0
8882,0.330092,0
8883,0.330092,0
8884,0.412676,0
8885,0.343272,0
8886,0.328738,0
8887,0.331767,0
8888,0.331767,0
8889,0.331334,0
8890,0.330257,0
8891,0.331767,0
8892,0.338672,0
8893,0.340003,0
8894,0.337576,0
8895,0.332592,0
8896,0.332592,0
8897,0.328309,0
8898,0.328309,0
8899,0.351368,0
8900,0.332420,0
8901,0.331769,0
8902,0.331769,0
8903,0.331769,0
8904,0.328309,0
8905,0.328738,0
8906,0.328738,0
8907,0.328153,0
8908,0.328153,0
8909,0.327724,0
8910,0.328153,0
8911,0.327867,0
8912,0.328153,0
8913,0.328153,0
8914,0.328153,0
8915,0.328738,0
8916,0.328280,0
8917,0.328309,0
8918,0.327724,0
8919,0.345884,0
8920,0.337726,0
8921,0.329902,0
8922,0.330972,0
8923,0.327695,0
8924,0.336790,0
8925,0.339946,0
8926,0.343266,0
8927,0.328830,0
8928,0.327367,0
8929,0.328153,0
8930,0.328153,0
8931,0.329655,0
8932,0.334290,0
8933,0.418079,0
8934,0.339902,0
8935,0.345816,0
8936,0.327367,0
8937,0.327308,0
8938,0.327867,0
8939,0.327194,0
8940,0.332172,0
8941,0.331305,0
8942,0.423307,0
8943,0.334596,0
8944,0.339551,0
8945,0.328738,0
8946,0.327695,0
8947,0.328738,0
8948,0.329666,0
8949,0.329666,0
8950,0.328452,0
8951,0.329810,0
8952,0.329804,0
8953,0.328798,0
8954,0.406956,0
8955,0.330629,0
8956,0.330092,0
8957,0.329469,0
8958,0.331198,0
8959,0.331198,0
8960,0.408012,0
8961,0.329804,0
8962,0.328661,0
8963,0.328738,0
8964,0.326904,0
8965,0.328280,0
8966,0.328738,0
8967,0.331305,0
8968,0.328738,0
8969,0.328280,0
8970,0.328280,0
8971,0.328280,0
8972,0.331740,0
8973,0.329469,0
8974,0.328738,0
8975,0.328738,0
8976,0.331767,0
8977,0.359146,0
8978,0.359146,0
8979,0.330750,0
8980,0.329532,0
8981,0.329038,0
8982,0.328699,0
8983,0.348169,0
8984,0.348169,0
8985,0.329025,0
8986,0.326762,0
8987,0.328452,0
8988,0.436089,0
8989,0.358982,0
8990,0.332511,0
8991,0.328517,0
8992,0.326389,0
8993,0.417675,0
8994,0.326364,0
8995,0.328738,0
8996,0.336050,0
8997,0.336050,0
8998,0.343411,0
8999,0.340003,0
9000,0.328153,0
9001,0.328153,0
9002,0.331767,0
9003,0.342073,0
9004,0.346526,0
9005,0.343242,0
9006,0.343721,0
9007,0.345516,0
9008,0.331783,0
9009,0.327724,0
9010,0.327724,0
9011,0.328560,0
9012,0.329284,0
9013,0.335754,0
9014,0.332844,0
9015,0.337917,0
9016,0.339946,0
9017,0.331478,0
9018,0.331478,0
9019,0.328738,0
9020,0.328738,0
9021,0.331321,0
9022,0.330497,0
9023,0.343422,0
9024,0.336307,0
9025,0.363583,0
9026,0.351099,0
9027,0.327308,0
9028,0.328738,0
9029,0.328738,0
9030,0.327429,0
9031,0.329013,0
9032,0.327610,0
9033,0.330720,0
9034,0.366000,0
9035,0.330924,0
9036,0.340807,0
9037,0.332636,0
9038,0.329908,0
9039,0.326813,0
9040,0.341935,0
9041,0.338169,0
9042,0.331461,0
9043,0.419210,0
9044,0.334560,0
9045,0.333773,0
9046,0.341927,0
9047,0.340923,0
9048,0.333122,0
9049,0.342076,0
9050,0.344095,0
9051,0.420242,0
9052,0.348205,0
9053,0.337350,0
9054,0.338847,0
9055,0.372050,0
9056,0.332785,0
9057,0.338058,0
9058,0.333122,0
9059,0.335453,0
9060,0.349887,0
9061,0.336477,0
9062,0.339316,0
9063,0.339316,0
9064,0.334964,0
9065,0.332760,0
9066,0.337766,0
9067,0.331164,0
9068,0.344130,0
9069,0.337348,0
9070,0.343970,0
9071,0.346627,0
9072,0.332685,0
9073,0.335895,0
9074,0.334843,0
9075,0.330841,0
9076,0.330841,0
9077,0.347093,0
9078,0.336817,0
9079,0.330841,0
9080,0.410945,0
9081,0.334180,0
9082,0.346198,0
9083,0.332242,0
9084,0.343247,0
9085,0.340262,0
9086,0.340144,0
9087,0.341927,0
9088,0.334717,0
9089,0.332613,0
9090,0.340402,0
9091,0.334594,0
9092,0.356469,0
9093,0.418155,0
9094,0.345777,0
9095,0.370029,0
9096,0.412955,0
9097,0.345327,0
9098,0.340919,0
9099,0.342815,0
9100,0.341853,0
9101,0.342824,0
9102,0.342065,0
9103,0.337611,0
9104,0.337504,0
9105,0.340206,0
9106,0.340206,0
9107,0.346884,0
9108,0.348036,0
9109,0.373069,0
9110,0.373069,0
9111,0.333122,0
9112,0.346325,0
9113,0.419052,0
9114,0.374040,0
9115,0.374040,0
9116,0.359442,0
9117,0.340402,0
9118,0.345686,0
9119,0.335894,0
9120,0.419025,0
9121,0.342421,0
9122,0.329541,0
9123,0.338438,0
9124,0.332818,0
9125,0.336637,0
9126,0.354130,0
9127,0.353919,0
9128,0.353919,0
9129,0.333020,0
9130,0.415490,0
9131,0.415490,0
9132,0.369929,0
9133,0.343148,0
9134,0.343148,0
9135,0.343148,0
9136,0.348734,0
9137,0.348734,0
9138,0.332540,0
9139,0.333122,0
9140,0.370191,0
9141,0.370191,0
9142,0.332565,0
9143,0.332565,0
9144,0.339873,0
9145,0.339507,0
9146,0.391388,0
9147,0.336258,0
9148,0.417529,0
9149,0.335270,0
9150,0.334806,0
9151,0.341579,0
9152,0.341579,0
9153,0.340161,0
9154,0.337418,0
9155,0.340161,0
9156,0.339903,0
9157,0.344446,0
9158,0.341343,0
9159,0.344759,0
9160,0.423094,0
9161,0.340262,0
9162,0.334245,0
9163,0.335055,0
9164,0.335055,0
9165,0.383636,0
9166,0.436075,0
9167,0.350753,0
9168,0.349395,0
9169,0.337765,0
9170,0.336336,0
9171,0.332540,0
9172,0.339025,0
9173,0.340715,0
9174,0.343856,0
9175,0.340204,0
9176,0.440061,0
9177,0.367640,0
9178,0.332308,0
9179,0.330745,0
9180,0.346435,0
9181,0.330911,0
9182,0.333270,0
9183,0.341356,0
9184,0.345525,0
9185,0.332935,0
9186,0.346796,0
9187,0.342909,0
9188,0.342909,0
9189,0.330878,0
9190,0.330878,0
9191,0.340391,0
9192,0.332859,0
9193,0.346749,0
9194,0.331563,0
9195,0.332565,0
9196,0.332565,0
9197,0.347884,0
9198,0.336262,0
9199,0.424067,0
9200,0.344321,0
9201,0.355854,0
9202,0.338491,0
9203,0.357509,0
9204,0.346998,0
9205,0.344391,0
9206,0.377446,0
9207,0.365992,0
9208,0.369842,0
9209,0.355490,0
9210,0.355324,0
9211,0.379391,0
9212,0.411529,0
9213,0.370239,0
9214,0.387801,0
9215,0.369585,0
9216,0.367580,0
9217,0.364466,0
9218,0.351934,0
9219,0.365916,0
9220,0.366238,0
9221,0.486913,0
9222,0.388333,0
9223,0.388333,0
9224,0.366740,0
9225,0.389229,0
9226,0.361178,0
9227,0.387801,0
9228,0.387801,0
9229,0.367303,0
9230,0.364185,0
9231,0.363207,0
9232,0.357376,0
9233,0.367095,0
9234,0.368975,0
9235,0.367555,0
9236,0.367555,0
9237,0.388333,0
9238,0.387897,0
9239,0.388064,0
9240,0.375637,0
9241,0.375637,0
9242,0.461127,0
9243,0.374562,0
9244,0.377257,0
9245,0.377257,0
9246,0.378504,0
9247,0.363017,0
9248,0.436613,0
9249,0.443908,0
9250,0.383322,0
9251,0.444208,0
9252,0.382992,0
9253,0.637495,1
9254,0.606554,1
9255,0.444607,0
9256,0.419340,0
9257,0.635268,1
9258,0.383894,0
9259,0.677997,1
9260,0.604049,1
9261,0.698451,1
9262,0.545350,0
9263,0.428308,0
9264,0.470207,0
9265,0.465425,0
9266,0.465255,0
9267,0.471214,0
9268,0.428932,0
9269,0.415551,0
9270,0.420906,0
9271,0.420906,0
9272,0.659137,1
9273,0.536791,0
9274,0.430060,0
9275,0.576403,1
9276,0.476322,0
9277,0.529746,0
9278,0.460299,0
9279,0.548124,1
9280,0.701404,1
9281,0.443282,0
9282,0.480225,0
9283,0.554456,1
9284,0.531263,0
9285,0.509794,0
9286,0.445688,0
9287,0.573948,1
9288,0.425686,0
9289,0.425686,0
9290,0.344428,0
9291,0.344431,0
9292,0.347574,0
9293,0.371284,0
9294,0.370092,0
9295,0.418153,0
9296,0.377076,0
9297,0.357196,0
9298,0.344962,0
9299,0.401327,0
9300,0.360146,0
9301,0.360146,0
9302,0.376074,0
9303,0.364810,0
9304,0.364305,0
9305,0.373134,0
9306,0.340614,0
9307,0.340614,0
9308,0.356645,0
9309,0.357877,0
9310,0.376282,0
9311,0.377714,0
9312,0.382463,0
9313,0.358740,0
9314,0.361586,0
9315,0.340262,0
9316,0.331928,0
9317,0.357035,0
9318,0.440884,0
9319,0.340262,0
9320,0.340262,0
9321,0.356318,0
9322,0.364375,0
9323,0.366170,0
9324,0.356318,0
9325,0.334586,0
9326,0.334586,0
9327,0.334586,0
9328,0.420757,0
9329,0.332327,0
9330,0.348592,0
9331,0.340923,0
9332,0.367648,0
9333,0.350449,0
9334,0.430828,0
9335,0.438729,0
9336,0.363032,0
9337,0.341853,0
9338,0.339545,0
9339,0.379202,0
9340,0.430759,0
9341,0.341853,0
9342,0.365095,0
9343,0.371386,0
9344,0.343384,0
9345,0.343384,0
9346,0.430828,0
9347,0.340262,0
9348,0.435865,0
9349,0.356995,0
9350,0.356995,0
9351,0.495164,0
9352,0.471711,0
9353,0.336930,0
9354,0.354712,0
9355,0.373911,0
9356,0.390086,0
9357,0.388740,0
9358,0.385089,0
9359,0.364948,0
9360,0.580582,1
9361,0.743585,1
9362,0.383894,0
9363,0.383728,0
9364,0.383728,0
9365,0.619937,1
9366,0.759805,1
9367,0.569355,1
9368,0.410361,0
9369,0.804237,1
9370,0.762379,1
9371,0.726131,1
9372,0.531896,0
9373,0.505230,0
9374,0.578254,1
9375,0.336312,0
9376,0.332263,0
9377,0.332438,0
9378,0.339946,0
9379,0.405949,0
9380,0.405949,0
9381,0.337965,0
9382,0.344062,0
9383,0.335937,0
9384,0.334045,0
9385,0.336551,0
9386,0.344015,0
9387,0.354945,0
9388,0.331305,0
9389,0.331767,0
9390,0.334804,0
9391,0.334804,0
9392,0.332438,0
9393,0.332438,0
9394,0.331291,0
9395,0.422756,0
9396,0.430099,0
9397,0.346529,0
9398,0.354141,0
9399,0.356083,0
9400,0.356311,0
9401,0.346858,0
9402,0.350060,0
9403,0.338497,0
9404,0.349283,0
9405,0.340365,0
9406,0.350575,0
9407,0.426131,0
9408,0.342627,0
9409,0.342627,0
9410,0.350607,0
9411,0.330048,0
9412,0.330048,0
9413,0.341891,0
9414,0.339181,0
9415,0.416651,0
9416,0.327867,0
9417,0.339829,0
9418,0.422688,0
9419,0.422688,0
9420,0.337665,0
9421,0.329902,0
9422,0.374635,0
9423,0.339926,0
9424,0.376975,0
9425,0.333282,0
9426,0.342246,0
9427,0.343545,0
9428,0.343746,0
9429,0.348842,0
9430,0.367563,0
9431,0.339401,0
9432,0.345246,0
9433,0.339483,0
9434,0.337407,0
9435,0.349461,0
9436,0.343964,0
9437,0.345846,0
9438,0.343795,0
9439,0.348583,0
9440,0.418742,0
9441,0.423894,0
9442,0.448465,0
9443,0.439088,0
9444,0.340223,0
9445,0.339316,0
9446,0.337144,0
9447,0.347884,0
9448,0.334149,0
9449,0.335894,0
9450,0.339860,0
9451,0.339860,0
9452,0.354902,0
9453,0.345246,0
9454,0.347417,0
9455,0.349799,0
9456,0.333419,0
9457,0.335270,0
9458,0.341428,0
9459,0.356863,0
9460,0.368942,0
9461,0.338234,0
9462,0.377187,0
9463,0.377187,0
9464,0.345714,0
9465,0.344793,0
9466,0.341973,0
9467,0.344425,0
9468,0.340262,0
9469,0.340262,0
9470,0.342554,0
9471,0.350192,0
9472,0.346889,0
9473,0.347911,0
9474,0.354593,0
9475,0.345579,0
9476,0.342246,0
9477,0.342246,0
9478,0.419788,0
9479,0.345915,0
9480,0.343545,0
9481,0.334334,0
9482,0.346565,0
9483,0.345620,0
9484,0.332583,0
9485,0.360084,0
9486,0.336052,0
9487,0.335451,0
9488,0.335451,0
9489,0.335451,0
9490,0.362776,0
9491,0.475685,0
9492,0.363343,0
9493,0.375511,0
9494,0.360583,0
9495,0.377272,0
9496,0.381741,0
9497,0.358911,0
9498,0.358911,0
9499,0.401221,0
9500,0.383787,0
9501,0.375314,0
9502,0.458491,0
9503,0.494021,0
9504,0.382848,0
9505,0.385749,0
9506,0.356492,0
9507,0.356179,0
9508,0.365712,0
9509,0.351325,0
9510,0.362555,0
9511,0.354594,0
9512,0.387458,0
9513,0.422733,0
9514,0.385945,0
9515,0.387716,0
9516,0.385403,0
9517,0.385403,0
9518,0.385020,0
9519,0.382137,0
9520,0.382137,0
9521,0.443673,0
9522,0.442609,0
9523,0.385945,0
9524,0.385793,0
9525,0.387323,0
9526,0.385190,0
9527,0.385190,0
9528,0.385667,0
9529,0.383732,0
9530,0.385470,0
9531,0.387436,0
9532,0.389299,0
9533,0.382333,0
9534,0.382333,0
9535,0.382137,0
9536,0.387783,0
9537,0.492211,0
9538,0.387716,0
9539,0.381232,0
9540,0.381232,0
9541,0.681215,1
9542,0.444349,0
9543,0.386528,0
9544,0.433398,0
9545,0.387436,0
9546,0.759805,1
9547,0.476389,0
9548,0.422379,0
9549,0.478181,0
9550,0.524779,0
9551,0.587114,1
9552,0.598284,1
9553,0.422982,0
9554,0.547006,0
9555,0.431020,0
9556,0.546210,0
9557,0.427486,0
9558,0.518005,0
9559,0.349082,0
9560,0.332302,0
9561,0.332302,0
9562,0.340151,0
9563,0.343662,0
9564,0.348004,0
9565,0.348004,0
9566,0.338123,0
9567,0.344083,0
9568,0.337781,0
9569,0.341667,0
9570,0.327983,0
9571,0.341455,0
9572,0.334662,0
9573,0.331444,0
9574,0.328280,0
9575,0.328280,0
9576,0.329784,0
9577,0.327429,0
9578,0.326535,0
9579,0.331827,0
9580,0.327617,0
9581,0.379864,0
9582,0.348075,0
9583,0.336701,0
9584,0.330764,0
9585,0.328699,0
9586,0.341679,0
9587,0.333646,0
9588,0.347548,0
9589,0.330149,0
9590,0.429022,0
9591,0.328227,0
9592,0.339738,0
9593,0.326563,0
9594,0.339738,0
9595,0.336569,0
9596,0.337211,0
9597,0.335329,0
9598,0.357869,0
9599,0.342033,0
9600,0.330497,0
9601,0.329359,0
9602,0.329359,0
9603,0.333270,0
9604,0.333270,0
9605,0.330972,0
9606,0.348043,0
9607,0.330787,0
9608,0.388668,0
9609,0.331171,0
9610,0.330257,0
9611,0.343545,0
9612,0.343548,0
9613,0.346198,0
9614,0.350491,0
9615,0.353199,0
9616,0.353199,0
9617,0.351837,0
9618,0.350850,0
9619,0.339316,0
9620,0.330248,0
9621,0.343740,0
9622,0.343631,0
9623,0.337173,0
9624,0.343545,0
9625,0.341202,0
9626,0.346634,0
9627,0.343914,0
9628,0.350491,0
9629,0.343110,0
9630,0.411872,0
9631,0.352079,0
9632,0.346598,0
9633,0.363870,0
9634,0.337173,0
9635,0.332565,0
9636,0.333137,0
9637,0.345713,0
9638,0.343545,0
9639,0.346557,0
9640,0.344971,0
9641,0.358442,0
9642,0.361997,0
9643,0.355882,0
9644,0.353850,0
9645,0.350420,0
9646,0.350420,0
9647,0.363870,0
9648,0.353241,0
9649,0.355063,0
9650,0.340801,0
9651,0.333282,0
9652,0.334322,0
9653,0.337680,0
9654,0.340317,0
9655,0.345224,0
9656,0.359263,0
9657,0.334889,0
9658,0.334406,0
9659,0.348856,0
9660,0.332122,0
9661,0.334485,0
9662,0.335324,0
9663,0.335256,0
9664,0.345535,0
9665,0.348592,0
9666,0.330911,0
9667,0.331310,0
9668,0.355592,0
9669,0.819618,1
9670,0.497413,0
9671,0.498640,0
9672,0.588570,1
9673,0.667677,1
9674,0.415609,0
9675,0.573180,1
9676,0.420443,0
9677,0.470851,0
9678,0.449145,0
9679,0.379841,0
9680,0.375873,0
9681,0.375873,0
9682,0.375873,0
9683,0.445985,0
9684,0.358067,0
9685,0.371261,0
9686,0.381845,0
9687,0.389457,0
9688,0.390919,0
9689,0.382733,0
9690,0.381497,0
9691,0.390075,0
9692,0.439919,0
9693,0.374820,0
9694,0.378117,0
9695,0.387814,0
9696,0.561835,1
9697,0.397206,0
9698,0.404882,0
9699,0.375633,0
9700,0.404859,0
9701,0.387509,0
9702,0.363337,0
9703,0.375393,0
9704,0.375393,0
9705,0.403037,0
9706,0.403037,0
9707,0.403037,0
9708,0.403037,0
9709,0.419509,0
9710,0.388759,0
9711,0.451958,0
9712,0.392603,0
9713,0.514786,0
9714,0.514786,0
9715,0.389802,0
9716,0.424914,0
9717,0.465929,0
9718,0.385015,0
9719,0.783999,1
9720,0.514010,0
9721,0.451699,0
9722,0.664016,1
9723,0.500479,0
9724,0.345379,0
9725,0.342203,0
9726,0.339850,0
9727,0.346265,0
9728,0.340755,0
9729,0.334795,0
9730,0.336552,0
9731,0.350243,0
9732,0.336552,0
9733,0.351239,0
9734,0.345870,0
9735,0.334496,0
9736,0.389547,0
9737,0.334328,0
9738,0.342506,0
9739,0.333141,0
9740,0.335651,0
9741,0.335944,0
9742,0.346198,0
9743,0.335944,0
9744,0.340904,0
9745,0.340755,0
9746,0.345759,0
9747,0.344390,0
9748,0.335578,0
9749,0.397333,0
9750,0.331798,0
9751,0.336679,0
9752,0.368916,0
9753,0.368916,0
9754,0.331798,0
9755,0.337626,0
9756,0.331738,0
9757,0.374072,0
9758,0.336025,0
9759,0.334795,0
9760,0.334503,0
9761,0.334795,0
9762,0.347309,0
9763,0.372405,0
9764,0.352649,0
9765,0.350685,0
9766,0.350685,0
9767,0.350685,0
9768,0.350685,0
9769,0.352649,0
9770,0.337773,0
9771,0.332423,0
9772,0.331275,0
9773,0.339439,0
9774,0.421367,0
9775,0.332686,0
9776,0.346198,0
9777,0.343350,0
9778,0.337261,0
9779,0.335475,0
9780,0.332708,0
9781,0.359207,0
9782,0.359207,0
9783,0.333831,0
9784,0.345579,0
9785,0.337031,0
9786,0.380790,0
9787,0.419000,0
9788,0.338396,0
9789,0.337949,0
9790,0.337949,0
9791,0.346282,0
9792,0.339944,0
9793,0.351730,0
9794,0.345465,0
9795,0.332986,0
9796,0.437859,0
9797,0.441456,0
9798,0.365091,0
9799,0.365091,0
9800,0.452217,0
9801,0.452217,0
9802,0.452217,0
9803,0.412734,0
9804,0.377268,0
9805,0.357035,0
9806,0.393218,0
9807,0.374040,0
9808,0.382399,0
9809,0.388421,0
9810,0.370786,0
9811,0.341898,0
9812,0.367648,0
9813,0.358001,0
9814,0.362146,0
9815,0.369287,0
9816,0.370191,0
9817,0.370191,0
9818,0.367805,0
9819,0.368142,0
9820,0.371201,0
9821,0.333122,0
9822,0.370008,0
9823,0.370739,0
9824,0.373966,0
9825,0.377187,0
9826,0.382895,0
9827,0.457825,0
9828,0.402620,0
9829,0.420297,0
9830,0.397168,0
9831,0.382506,0
9832,0.385091,0
9833,0.388333,0
9834,0.395202,0
9835,0.386789,0
9836,0.386619,0
9837,0.653797,1
9838,0.380563,0
9839,0.378726,0
9840,0.441330,0
9841,0.512917,0
9842,0.437185,0
9843,0.469067,0
9844,0.469067,0
9845,0.469067,0
9846,0.520100,0
9847,0.424940,0
9848,0.519332,0
9849,0.592270,1
9850,0.627791,1
9851,0.414830,0
9852,0.414830,0
9853,0.447717,0
9854,0.434078,0
9855,0.421242,0
9856,0.437282,0
9857,0.509993,0
9858,0.327695,0
9859,0.329104,0
9860,0.330497,0
9861,0.333675,0
9862,0.331767,0
9863,0.357149,0
9864,0.356566,0
9865,0.339106,0
9866,0.328280,0
9867,0.333513,0
9868,0.328452,0
9869,0.347999,0
9870,0.345423,0
9871,0.332623,0
9872,0.332965,0
9873,0.470228,0
9874,0.349243,0
9875,0.360036,0
9876,0.331209,0
9877,0.336050,0
9878,0.331877,0
9879,0.333068,0
9880,0.347821,0
9881,0.345486,0
9882,0.327248,0
9883,0.345285,0
9884,0.341940,0
9885,0.334702,0
9886,0.432590,0
9887,0.343394,0
9888,0.345216,0
9889,0.337860,0
9890,0.354994,0
9891,0.331756,0
9892,0.328990,0
9893,0.331756,0
9894,0.342284,0
9895,0.366545,0
9896,0.337699,0
9897,0.335675,0
9898,0.331141,0
9899,0.331141,0
9900,0.410085,0
9901,0.341594,0
9902,0.368456,0
9903,0.439269,0
9904,0.368456,0
9905,0.334996,0
9906,0.340972,0
9907,0.354610,0
9908,0.347445,0
9909,0.379132,0
9910,0.337266,0
9911,0.336066,0
9912,0.354938,0
9913,0.330745,0
9914,0.347157,0
9915,0.338097,0
9916,0.360162,0
9917,0.332685,0
9918,0.339563,0
9919,0.335324,0
9920,0.334978,0
9921,0.336542,0
9922,0.333122,0
9923,0.334046,0
9924,0.332710,0
9925,0.332122,0
9926,0.332347,0
9927,0.331635,0
9928,0.363527,0
9929,0.332710,0
9930,0.332685,0
9931,0.353353,0
9932,0.331086,0
9933,0.331703,0
9934,0.344826,0
9935,0.346856,0
9936,0.337515,0
9937,0.338820,0
9938,0.356407,0
9939,0.334978,0
9940,0.330848,0
9941,0.332565,0
9942,0.355828,0
9943,0.330893,0
9944,0.333122,0
9945,0.336737,0
9946,0.356418,0
9947,0.429279,0
9948,0.330507,0
9949,0.357446,0
9950,0.348157,0
9951,0.332831,0
9952,0.339436,0
9953,0.346775,0
9954,0.338122,0
9955,0.335797,0
9956,0.330830,0
9957,0.334233,0
9958,0.350476,0
9959,0.330444,0
9960,0.364852,0
9961,0.349975,0
9962,0.349975,0
9963,0.332530,0
9964,0.332675,0
9965,0.352917,0
9966,0.333607,0
9967,0.329725,0
9968,0.332322,0
9969,0.345535,0
9970,0.349119,0
9971,0.344638,0
9972,0.345259,0
9973,0.347659,0
9974,0.425921,0
9975,0.343674,0
9976,0.402143,0
9977,0.360678,0
9978,0.360678,0
9979,0.375682,0
9980,0.347735,0
9981,0.355483,0
9982,0.344473,0
9983,0.332675,0
9984,0.355184,0
9985,0.355232,0
9986,0.499351,0
9987,0.330614,0
9988,0.344391,0
9989,0.335055,0
9990,0.339563,0
9991,0.337199,0
9992,0.339409,0
9993,0.339409,0
9994,0.411897,0
9995,0.329020,0
9996,0.330138,0
9997,0.356290,0
9998,0.391882,0
9999,0.332565,0
10000,0.342985,0
10001,0.332710,0
10002,0.329304,0
10003,0.333270,0
10004,0.335321,0
10005,0.351545,0
10006,0.346198,0
10007,0.350753,0
10008,0.330854,0
10009,0.339684,0
10010,0.332710,0
10011,0.332565,0
10012,0.330854,0
10013,0.330854,0
10014,0.341225,0
10015,0.335573,0
10016,0.411362,0
10017,0.335055,0
10018,0.350204,0
10019,0.351192,0
10020,0.342208,0
10021,0.343035,0
10022,0.335501,0
10023,0.340307,0
10024,0.350579,0
10025,0.331457,0
10026,0.356415,0
10027,0.334485,0
10028,0.355259,0
10029,0.396676,0
10030,0.486274,0
10031,0.486274,0
10032,0.353035,0
10033,0.353035,0
10034,0.359299,0
10035,0.359590,0
10036,0.356671,0
10037,0.376911,0
10038,0.356941,0
10039,0.372813,0
10040,0.386390,0
10041,0.367959,0
10042,0.441840,0
10043,0.360298,0
10044,0.384612,0
10045,0.375492,0
10046,0.379356,0
10047,0.353950,0
10048,0.356207,0
10049,0.382869,0
10050,0.389066,0
10051,0.353930,0
10052,0.475560,0
10053,0.395170,0
10054,0.352762,0
10055,0.354400,0
10056,0.362987,0
10057,0.356492,0
10058,0.362293,0
10059,0.356380,0
10060,0.354279,0
10061,0.367941,0
10062,0.367941,0
10063,0.379274,0
10064,0.490524,0
10065,0.361420,0
10066,0.384944,0
10067,0.382926,0
10068,0.390715,0
10069,0.384880,0
10070,0.448495,0
10071,0.383894,0
10072,0.381184,0
10073,0.387077,0
10074,0.431774,0
10075,0.465003,0
10076,0.694279,1
10077,0.747641,1
10078,0.460142,0
10079,0.483936,0
10080,0.466873,0
10081,0.538531,0
10082,0.807509,1
10083,0.807509,1
10084,0.807509,1
10085,0.807509,1
10086,0.754423,1
10087,0.430182,0
10088,0.671753,1
10089,0.598295,1
10090,0.517517,0
10091,0.564001,1
10092,0.389512,0
10093,0.369671,0
10094,0.339910,0
10095,0.395277,0
10096,0.369803,0
10097,0.368442,0
10098,0.363655,0
10099,0.347331,0
10100,0.427245,0
10101,0.341659,0
10102,0.370455,0
10103,0.366608,0
10104,0.374266,0
10105,0.386072,0
10106,0.369780,0
10107,0.376686,0
10108,0.368393,0
10109,0.369712,0
10110,0.373229,0
10111,0.396119,0
10112,0.360684,0
10113,0.361223,0
10114,0.359604,0
10115,0.365728,0
10116,0.330911,0
10117,0.362042,0
10118,0.358962,0
10119,0.359713,0
10120,0.345686,0
10121,0.372011,0
10122,0.372553,0
10123,0.376886,0
10124,0.346503,0
10125,0.332460,0
10126,0.333282,0
10127,0.340402,0
10128,0.356226,0
10129,0.399012,0
10130,0.404782,0
10131,0.385672,0
10132,0.383041,0
10133,0.409499,0
10134,0.386944,0
10135,0.369116,0
10136,0.395997,0
10137,0.395997,0
10138,0.389314,0
10139,0.395323,0
10140,0.383041,0
10141,0.402948,0
10142,0.365372,0
10143,0.381184,0
10144,0.384817,0
10145,0.365538,0
10146,0.363978,0
10147,0.397531,0
10148,0.375464,0
10149,0.331711,0
10150,0.539861,0
10151,0.425454,0
10152,0.385788,0
10153,0.385788,0
10154,0.421420,0
10155,0.431786,0
10156,0.427392,0
10157,0.425454,0
10158,0.444349,0
10159,0.389512,0
10160,0.483844,0
10161,0.442542,0
10162,0.387392,0
10163,0.393273,0
10164,0.550836,1
10165,0.480567,0
10166,0.429349,0
10167,0.384948,0
10168,0.428199,0
10169,0.601529,1
10170,0.534681,0
10171,0.531175,0
10172,0.568985,1
10173,0.534272,0
10174,0.548901,1
10175,0.575584,1
10176,0.436284,0
10177,0.419087,0
10178,0.545652,0
10179,0.427061,0
10180,0.482784,0
10181,0.502613,0
10182,0.585405,1
10183,0.541898,0
10184,0.491742,0
10185,0.612977,1
10186,0.566749,1
10187,0.595196,1
10188,0.735692,1
10189,0.735692,1
10190,0.608759,1
10191,0.434119,0
10192,0.496856,0
10193,0.485015,0
10194,0.475741,0
10195,0.604070,1
10196,0.516079,0
10197,0.505617,0
10198,0.511444,0
10199,0.633573,1
10200,0.417198,0
10201,0.414923,0
10202,0.467934,0
10203,0.350339,0
10204,0.344445,0
10205,0.332965,0
10206,0.329543,0
10207,0.331990,0
10208,0.474594,0
10209,0.344917,0
10210,0.344917,0
10211,0.330764,0
10212,0.343802,0
10213,0.338714,0
10214,0.361891,0
10215,0.345555,0
10216,0.346789,0
10217,0.331459,0
10218,0.332327,0
10219,0.351333,0
10220,0.329693,0
10221,0.334024,0
10222,0.331457,0
10223,0.329020,0
10224,0.330542,0
10225,0.423878,0
10226,0.342085,0
10227,0.337031,0
10228,0.350436,0
10229,0.359628,0
10230,0.355525,0
10231,0.359474,0
10232,0.363144,0
10233,0.385575,0
10234,0.431710,0
10235,0.818510,1
10236,0.847820,1
10237,0.758777,1
10238,0.653796,1
10239,0.555365,1
10240,0.544430,0
10241,0.328641,0
10242,0.329633,0
10243,0.326762,0
10244,0.327865,0
10245,0.375701,0
10246,0.347746,0
10247,0.347618,0
10248,0.329306,0
10249,0.327189,0
10250,0.327189,0
10251,0.332497,0
10252,0.326807,0
10253,0.328153,0
10254,0.520605,0
10255,0.331843,0
10256,0.326851,0
10257,0.342201,0
10258,0.328883,0
10259,0.326903,0
10260,0.328711,0
10261,0.327600,0
10262,0.326328,0
10263,0.328674,0
10264,0.333607,0
10265,0.328003,0
10266,0.338404,0
10267,0.332420,0
10268,0.328309,0
10269,0.331267,0
10270,0.329804,0
10271,0.329660,0
10272,0.327600,0
10273,0.334570,0
10274,0.328153,0
10275,0.328641,0
10276,0.328735,0
10277,0.326851,0
10278,0.327102,0
10279,0.339951,0
10280,0.328003,0
10281,0.345208,0
10282,0.331714,0
10283,0.339946,0
10284,0.326733,0
10285,0.335192,0
10286,0.331305,0
10287,0.357139,0
10288,0.356770,0
10289,0.357612,0
10290,0.334563,0
10291,0.328153,0
10292,0.332021,0
10293,0.351782,0
10294,0.332985,0
10295,0.341489,0
10296,0.334206,0
10297,0.334073,0
10298,0.335651,0
10299,0.327189,0
10300,0.327189,0
10301,0.341361,0
10302,0.327477,0
10303,0.349117,0
10304,0.339734,0
10305,0.343707,0
10306,0.339734,0
10307,0.330641,0
10308,0.352612,0
10309,0.334529,0
10310,0.427033,0
10311,0.326380,0
10312,0.336050,0
10313,0.336050,0
10314,0.329417,0
10315,0.334821,0
10316,0.332981,0
10317,0.332981,0
10318,0.342007,0
10319,0.339916,0
10320,0.334371,0
10321,0.344909,0
10322,0.339104,0
10323,0.327983,0
10324,0.334832,0
10325,0.333282,0
10326,0.333282,0
10327,0.345865,0
10328,0.332206,0
10329,0.330265,0
10330,0.335947,0
10331,0.333497,0
10332,0.333574,0
10333,0.329759,0
10334,0.338921,0
10335,0.338921,0
10336,0.333868,0
10337,0.346178,0
10338,0.338234,0
10339,0.333357,0
10340,0.332157,0
10341,0.335918,0
10342,0.339351,0
10343,0.338484,0
10344,0.334560,0
10345,0.371578,0
10346,0.335270,0
10347,0.335270,0
10348,0.335270,0
10349,0.366095,0
10350,0.331349,0
10351,0.352497,0
10352,0.354010,0
10353,0.361788,0
10354,0.357446,0
10355,0.336280,0
10356,0.336280,0
10357,0.336431,0
10358,0.333471,0
10359,0.334808,0
10360,0.412043,0
10361,0.365464,0
10362,0.335270,0
10363,0.333868,0
10364,0.335270,0
10365,0.329815,0
10366,0.334552,0
10367,0.334552,0
10368,0.331423,0
10369,0.343747,0
10370,0.428559,0
10371,0.354090,0
10372,0.383195,0
10373,0.381741,0
10374,0.364485,0
10375,0.361771,0
10376,0.389221,0
10377,0.389221,0
10378,0.697506,1
10379,0.384073,0
10380,0.612125,1
10381,0.435092,0
10382,0.529814,0
10383,0.530100,0
10384,0.529289,0
10385,0.482819,0
10386,0.493235,0
10387,0.381187,0
10388,0.340652,0
10389,0.340305,0
10390,0.336967,0
10391,0.337610,0
10392,0.464682,0
10393,0.351976,0
10394,0.365993,0
10395,0.338680,0
10396,0.334512,0
10397,0.342382,0
10398,0.332663,0
10399,0.458686,0
10400,0.330692,0
10401,0.382452,0
10402,0.385197,0
10403,0.397529,0
10404,0.364426,0
10405,0.368791,0
10406,0.413952,0
10407,0.349477,0
10408,0.334403,0
10409,0.335136,0
10410,0.328997,0
10411,0.334848,0
10412,0.328816,0
10413,0.331932,0
10414,0.328699,0
10415,0.513622,0
10416,0.356646,0
10417,0.338690,0
10418,0.415213,0
10419,0.376193,0
10420,0.351282,0
10421,0.414249,0
10422,0.349883,0
10423,0.369079,0
10424,0.345725,0
10425,0.338709,0
10426,0.426499,0
10427,0.432541,0
10428,0.432541,0
10429,0.329784,0
10430,0.347799,0
10431,0.328540,0
10432,0.326364,0
10433,0.326364,0
10434,0.332636,0
10435,0.332636,0
10436,0.340452,0
10437,0.327867,0
10438,0.413946,0
10439,0.328452,0
10440,0.328212,0
10441,0.330443,0
10442,0.330443,0
10443,0.329661,0
10444,0.329038,0
10445,0.328309,0
10446,0.328309,0
10447,0.326866,0
10448,0.329885,0
10449,0.327406,0
10450,0.330773,0
10451,0.330773,0
10452,0.330773,0
10453,0.326470,0
10454,0.330787,0
10455,0.340484,0
10456,0.334163,0
10457,0.334163,0
10458,0.334163,0
10459,0.331461,0
10460,0.334163,0
10461,0.330832,0
10462,0.328540,0
10463,0.329632,0
10464,0.329632,0
10465,0.331478,0
10466,0.341153,0
10467,0.329730,0
10468,0.343340,0
10469,0.336357,0
10470,0.336357,0
10471,0.336357,0
10472,0.336357,0
10473,0.336357,0
10474,0.336357,0
10475,0.336357,0
10476,0.336357,0
10477,0.336357,0
10478,0.334163,0
10479,0.334163,0
10480,0.334163,0
10481,0.334163,0
10482,0.334163,0
10483,0.338417,0
10484,0.338417,0
10485,0.335512,0
10486,0.343532,0
10487,0.326755,0
10488,0.331209,0
10489,0.334596,0
10490,0.336756,0
10491,0.333068,0
10492,0.331305,0
10493,0.336107,0
10494,0.336107,0
10495,0.331767,0
10496,0.329400,0
10497,0.327610,0
10498,0.327123,0
10499,0.330572,0
10500,0.332215,0
10501,0.330058,0
10502,0.330629,0
10503,0.330629,0
10504,0.328309,0
10505,0.339078,0
10506,0.346284,0
10507,0.339551,0
10508,0.338497,0
10509,0.336357,0
10510,0.338129,0
10511,0.337773,0
10512,0.337626,0
10513,0.337626,0
10514,0.334163,0
10515,0.337471,0
10516,0.339738,0
10517,0.339738,0
10518,0.329637,0
10519,0.333961,0
10520,0.332696,0
10521,0.329431,0
10522,0.334107,0
10523,0.334169,0
10524,0.338129,0
10525,0.334003,0
10526,0.333507,0
10527,0.337773,0
10528,0.337773,0
10529,0.336545,0
10530,0.413954,0
10531,0.342846,0
10532,0.341782,0
10533,0.337773,0
10534,0.334163,0
10535,0.334163,0
10536,0.338129,0
10537,0.334163,0
10538,0.334163,0
10539,0.337773,0
10540,0.334163,0
10541,0.337773,0
10542,0.337773,0
10543,0.330040,0
10544,0.327695,0
10545,0.326592,0
10546,0.329688,0
10547,0.329632,0
10548,0.327724,0
10549,0.337154,0
10550,0.339203,0
10551,0.328830,0
10552,0.328738,0
10553,0.330108,0
10554,0.339946,0
10555,0.331788,0
10556,0.326820,0
10557,0.329246,0
10558,0.329246,0
10559,0.340452,0
10560,0.331949,0
10561,0.332933,0
10562,0.332279,0
10563,0.333157,0
10564,0.333505,0
10565,0.331932,0
10566,0.328738,0
10567,0.330750,0
10568,0.330257,0
10569,0.338648,0
10570,0.333961,0
10571,0.384926,0
10572,0.336079,0
10573,0.354771,0
10574,0.334848,0
10575,0.337773,0
10576,0.328830,0
10577,0.328830,0
10578,0.381617,0
10579,0.349051,0
10580,0.333970,0
10581,0.339483,0
10582,0.336789,0
10583,0.338022,0
10584,0.351048,0
10585,0.330248,0
10586,0.330981,0
10587,0.329701,0
10588,0.333543,0
10589,0.332685,0
10590,0.334322,0
10591,0.328995,0
10592,0.328995,0
10593,0.347709,0
10594,0.330248,0
10595,0.330248,0
10596,0.330248,0
10597,0.330248,0
10598,0.332590,0
10599,0.334854,0
10600,0.343024,0
10601,0.339251,0
10602,0.333135,0
10603,0.344008,0
10604,0.339313,0
10605,0.331795,0
10606,0.332590,0
10607,0.336861,0
10608,0.350698,0
10609,0.448705,0
10610,0.337606,0
10611,0.423563,0
10612,0.339316,0
10613,0.338491,0
10614,0.348030,0
10615,0.339256,0
10616,0.339256,0
10617,0.339256,0
10618,0.344759,0
10619,0.335560,0
10620,0.336748,0
10621,0.336331,0
10622,0.349287,0
10623,0.346763,0
10624,0.344462,0
10625,0.332685,0
10626,0.342383,0
10627,0.333970,0
10628,0.331164,0
10629,0.331670,0
10630,0.367560,0
10631,0.354374,0
10632,0.371481,0
10633,0.415394,0
10634,0.422379,0
10635,0.476677,0
10636,0.419321,0
10637,0.421841,0
10638,0.414361,0
10639,0.478301,0
10640,0.339404,0
10641,0.382169,0
10642,0.348530,0
10643,0.357242,0
10644,0.425338,0
10645,0.331877,0
10646,0.328280,0
10647,0.347696,0
10648,0.380577,0
10649,0.380577,0
10650,0.330583,0
10651,0.406677,0
10652,0.344988,0
10653,0.343783,0
10654,0.344509,0
10655,0.350156,0
10656,0.347999,0
10657,0.350156,0
10658,0.331861,0
10659,0.329469,0
10660,0.327477,0
10661,0.328452,0
10662,0.329417,0
10663,0.327367,0
10664,0.336850,0
10665,0.331334,0
10666,0.329923,0
10667,0.334019,0
10668,0.337785,0
10669,0.347697,0
10670,0.341828,0
10671,0.329025,0
10672,0.343236,0
10673,0.343236,0
10674,0.328560,0
10675,0.328452,0
10676,0.348214,0
10677,0.348214,0
10678,0.336208,0
10679,0.358584,0
10680,0.338714,0
10681,0.361754,0
10682,0.350790,0
10683,0.328452,0
10684,0.358769,0
10685,0.435910,0
10686,0.330346,0
10687,0.341311,0
10688,0.359410,0
10689,0.334512,0
10690,0.353353,0
10691,0.330764,0
10692,0.326880,0
10693,0.330497,0
10694,0.326866,0
10695,0.330497,0
10696,0.329469,0
10697,0.329009,0
10698,0.329009,0
10699,0.336208,0
10700,0.346332,0
10701,0.371618,0
10702,0.327983,0
10703,0.328118,0
10704,0.337073,0
10705,0.383361,0
10706,0.331141,0
10707,0.328738,0
10708,0.331305,0
10709,0.332606,0
10710,0.334492,0
10711,0.329788,0
10712,0.346687,0
10713,0.329892,0
10714,0.346354,0
10715,0.361073,0
10716,0.329779,0
10717,0.345651,0
10718,0.338858,0
10719,0.329071,0
10720,0.327022,0
10721,0.327022,0
10722,0.327983,0
10723,0.332975,0
10724,0.330857,0
10725,0.350818,0
10726,0.368028,0
10727,0.378728,0
10728,0.338979,0
10729,0.334520,0
10730,0.334520,0
10731,0.355399,0
10732,0.423962,0
10733,0.355487,0
10734,0.342699,0
10735,0.519729,0
10736,0.328738,0
10737,0.326470,0
10738,0.328153,0
10739,0.331756,0
10740,0.331756,0
10741,0.333601,0
10742,0.342366,0
10743,0.340346,0
10744,0.351710,0
10745,0.330829,0
10746,0.330857,0
10747,0.450624,0
10748,0.365071,0
10749,0.380771,0
10750,0.341344,0
10751,0.339160,0
10752,0.331086,0
10753,0.331086,0
10754,0.328941,0
10755,0.341927,0
10756,0.339861,0
10757,0.365239,0
10758,0.412390,0
10759,0.351138,0
10760,0.331616,0
10761,0.377020,0
10762,0.377020,0
10763,0.349299,0
10764,0.337271,0
10765,0.330325,0
10766,0.331710,0
10767,0.435215,0
10768,0.344796,0
10769,0.332311,0
10770,0.332311,0
10771,0.344415,0
10772,0.374983,0
10773,0.334245,0
10774,0.341659,0
10775,0.376231,0
10776,0.333114,0
10777,0.339507,0
10778,0.346909,0
10779,0.342388,0
10780,0.345513,0
10781,0.341429,0
10782,0.386129,0
10783,0.387080,0
10784,0.334064,0
10785,0.337129,0
10786,0.334250,0
10787,0.387370,0
10788,0.341971,0
10789,0.390225,0
10790,0.378060,0
10791,0.370239,0
10792,0.375693,0
10793,0.381524,0
10794,0.360014,0
10795,0.367562,0
10796,0.414031,0
10797,0.355823,0
10798,0.374424,0
10799,0.407412,0
10800,0.407412,0
10801,0.410991,0
10802,0.710523,1
10803,0.582430,1
10804,0.504425,0
10805,0.468130,0
10806,0.552017,1
10807,0.530822,0
10808,0.497266,0
10809,0.560654,1
10810,0.702326,1
10811,0.420491,0
10812,0.702164,1
10813,0.702164,1
10814,0.531960,0
10815,0.478956,0
10816,0.540287,0
10817,0.622038,1
10818,0.440291,0
10819,0.512033,0
10820,0.433765,0
10821,0.359611,0
10822,0.376625,0
10823,0.376625,0
10824,0.432184,0
10825,0.408712,0
10826,0.348568,0
10827,0.348416,0
10828,0.349171,0
10829,0.354918,0
10830,0.354918,0
10831,0.348619,0
10832,0.349687,0
10833,0.348619,0
10834,0.348619,0
10835,0.444250,0
10836,0.361270,0
10837,0.412216,0
10838,0.361416,0
10839,0.435758,0
10840,0.385381,0
10841,0.380999,0
10842,0.372374,0
10843,0.364238,0
10844,0.358868,0
10845,0.350100,0
10846,0.365156,0
10847,0.403637,0
10848,0.362662,0
10849,0.376439,0
10850,0.349931,0
10851,0.349931,0
10852,0.352452,0
10853,0.352255,0
10854,0.353668,0
10855,0.373921,0
10856,0.363070,0
10857,0.390098,0
10858,0.435662,0
10859,0.376806,0
10860,0.380390,0
10861,0.361039,0
10862,0.357748,0
10863,0.369788,0
10864,0.347628,0
10865,0.352104,0
10866,0.399260,0
10867,0.363381,0
10868,0.387889,0
10869,0.360628,0
10870,0.358056,0
10871,0.379780,0
10872,0.351025,0
10873,0.356110,0
10874,0.349695,0
10875,0.346808,0
10876,0.349695,0
10877,0.351817,0
10878,0.345776,0
10879,0.351133,0
10880,0.351992,0
10881,0.353792,0
10882,0.387572,0
10883,0.357825,0
10884,0.357825,0
10885,0.359896,0
10886,0.352208,0
10887,0.352335,0
10888,0.351306,0
10889,0.349757,0
10890,0.353208,0
10891,0.350706,0
10892,0.373631,0
10893,0.368489,0
10894,0.347638,0
10895,0.347638,0
10896,0.348277,0
10897,0.349477,0
10898,0.349456,0
10899,0.349456,0
10900,0.350283,0
10901,0.349050,0
10902,0.388767,0
10903,0.494652,0
10904,0.437984,0
10905,0.453199,0
10906,0.441308,0
10907,0.441308,0
10908,0.441308,0
10909,0.441308,0
10910,0.441308,0
10911,0.441308,0
10912,0.441308,0
10913,0.441308,0
10914,0.441308,0
10915,0.441308,0
10916,0.441308,0
10917,0.442160,0
10918,0.377840,0
10919,0.448820,0
10920,0.348844,0
10921,0.399355,0
10922,0.521897,0
10923,0.422425,0
10924,0.469317,0
10925,0.444943,0
10926,0.433758,0
10927,0.335944,0
10928,0.350888,0
10929,0.380847,0
10930,0.417221,0
10931,0.435982,0
10932,0.340275,0
10933,0.378667,0
10934,0.378667,0
10935,0.351849,0
10936,0.351849,0
10937,0.375104,0
10938,0.361723,0
10939,0.361017,0
10940,0.380885,0
10941,0.361372,0
10942,0.398916,0
10943,0.360546,0
10944,0.360546,0
10945,0.357544,0
10946,0.401219,0
10947,0.359127,0
10948,0.331616,0
10949,0.372804,0
10950,0.456670,0
10951,0.329850,0
10952,0.446780,0
10953,0.371477,0
10954,0.372155,0
10955,0.375006,0
10956,0.411264,0
10957,0.432585,0
10958,0.446395,0
10959,0.373939,0
10960,0.374290,0
10961,0.343110,0
10962,0.374543,0
10963,0.372916,0
10964,0.344571,0
10965,0.381203,0
10966,0.360096,0
10967,0.372663,0
10968,0.369367,0
10969,0.372977,0
10970,0.343743,0
10971,0.362161,0
10972,0.362161,0
10973,0.362161,0
10974,0.363289,0
10975,0.340130,0
10976,0.369541,0
10977,0.369541,0
10978,0.398545,0
10979,0.392437,0
10980,0.348531,0
10981,0.357216,0
10982,0.356418,0
10983,0.356418,0
10984,0.434018,0
10985,0.396721,0
10986,0.360754,0
10987,0.336005,0
10988,0.398794,0
10989,0.465070,0
10990,0.341209,0
10991,0.370927,0
10992,0.399298,0
10993,0.399298,0
10994,0.345286,0
10995,0.392223,0
10996,0.369830,0
10997,0.376347,0
10998,0.456072,0
10999,0.347209,0
11000,0.357389,0
11001,0.345686,0
11002,0.343743,0
11003,0.343743,0
11004,0.347818,0
11005,0.457042,0
11006,0.376347,0
11007,0.373482,0
11008,0.337273,0
11009,0.413751,0
11010,0.413751,0
11011,0.338867,0
11012,0.347342,0
11013,0.354476,0
11014,0.341323,0
11015,0.362137,0
11016,0.341036,0
11017,0.364133,0
11018,0.378663,0
11019,0.372224,0
11020,0.379151,0
11021,0.374197,0
11022,0.376856,0
11023,0.379245,0
11024,0.378004,0
11025,0.429341,0
11026,0.359483,0
11027,0.339908,0
11028,0.339829,0
11029,0.430537,0
11030,0.386751,0
11031,0.393461,0
11032,0.482927,0
11033,0.467256,0
11034,0.377446,0
11035,0.377446,0
11036,0.365476,0
11037,0.470898,0
11038,0.388566,0
11039,0.366906,0
11040,0.388065,0
11041,0.393730,0
11042,0.387998,0
11043,0.363175,0
11044,0.363175,0
11045,0.360853,0
11046,0.357112,0
11047,0.368244,0
11048,0.490530,0
11049,0.466213,0
11050,0.467490,0
11051,0.467490,0
11052,0.390833,0
11053,0.386497,0
11054,0.390747,0
11055,0.469815,0
11056,0.370604,0
11057,0.393812,0
11058,0.364577,0
11059,0.385517,0
11060,0.463562,0
11061,0.386823,0
11062,0.363978,0
11063,0.384743,0
11064,0.383667,0
11065,0.396538,0
11066,0.385404,0
11067,0.360900,0
11068,0.385895,0
11069,0.363978,0
11070,0.363978,0
11071,0.385404,0
11072,0.354082,0
11073,0.369116,0
11074,0.475687,0
11075,0.373157,0
11076,0.391484,0
11077,0.398690,0
11078,0.377139,0
11079,0.369906,0
11080,0.368349,0
11081,0.473969,0
11082,0.374181,0
11083,0.374181,0
11084,0.355324,0
11085,0.355324,0
11086,0.460333,0
11087,0.391948,0
11088,0.383925,0
11089,0.370501,0
11090,0.371786,0
11091,0.395155,0
11092,0.469132,0
11093,0.810245,1
11094,0.607472,1
11095,0.421513,0
11096,0.459403,0
11097,0.460222,0
11098,0.448719,0
11099,0.381949,0
11100,0.376347,0
11101,0.435896,0
11102,0.404652,0
11103,0.608018,1
11104,0.608018,1
11105,0.533750,0
11106,0.533750,0
11107,0.430638,0
11108,0.643820,1
11109,0.571279,1
11110,0.457190,0
11111,0.555037,1
11112,0.435323,0
11113,0.464328,0
11114,0.425631,0
11115,0.431078,0
11116,0.480070,0
11117,0.480070,0
11118,0.532618,0
11119,0.549093,1
11120,0.326328,0
11121,0.347114,0
11122,0.347114,0
11123,0.326844,0
11124,0.369927,0
11125,0.333508,0
11126,0.326470,0
11127,0.327505,0
11128,0.341828,0
11129,0.345587,0
11130,0.337471,0
11131,0.360695,0
11132,0.326880,0
11133,0.330583,0
11134,0.330149,0
11135,0.333505,0
11136,0.343468,0
11137,0.355605,0
11138,0.363895,0
11139,0.334520,0
11140,0.334596,0
11141,0.331680,0
11142,0.336025,0
11143,0.331949,0
11144,0.366144,0
11145,0.329561,0
11146,0.327695,0
11147,0.328882,0
11148,0.326984,0
11149,0.326470,0
11150,0.403824,0
11151,0.351403,0
11152,0.341687,0
11153,0.346069,0
11154,0.335276,0
11155,0.338714,0
11156,0.385654,0
11157,0.326364,0
11158,0.353945,0
11159,0.351665,0
11160,0.327735,0
11161,0.326925,0
11162,0.483868,0
11163,0.331767,0
11164,0.329442,0
11165,0.342799,0
11166,0.339428,0
11167,0.328738,0
11168,0.330138,0
11169,0.334793,0
11170,0.338657,0
11171,0.354227,0
11172,0.345359,0
11173,0.356210,0
11174,0.374750,0
11175,0.327075,0
11176,0.336840,0
11177,0.349051,0
11178,0.326328,0
11179,0.326328,0
11180,0.328452,0
11181,0.329543,0
11182,0.330410,0
11183,0.331913,0
11184,0.328551,0
11185,0.327505,0
11186,0.481872,0
11187,0.482898,0
11188,0.328787,0
11189,0.331767,0
11190,0.329951,0
11191,0.326879,0
11192,0.330605,0
11193,0.333920,0
11194,0.330131,0
11195,0.339554,0
11196,0.327695,0
11197,0.333813,0
11198,0.328798,0
11199,0.332644,0
11200,0.328798,0
11201,0.332137,0
11202,0.329478,0
11203,0.333068,0
11204,0.327648,0
11205,0.332424,0
11206,0.346856,0
11207,0.331186,0
11208,0.332859,0
11209,0.337093,0
11210,0.341472,0
11211,0.370903,0
11212,0.440182,0
11213,0.330432,0
11214,0.357767,0
11215,0.330138,0
11216,0.330388,0
11217,0.371822,0
11218,0.361785,0
11219,0.335064,0
11220,0.341092,0
11221,0.369691,0
11222,0.333607,0
11223,0.335055,0
11224,0.367583,0
11225,0.367583,0
11226,0.367583,0
11227,0.331963,0
11228,0.425328,0
11229,0.339441,0
11230,0.338199,0
11231,0.339430,0
11232,0.412390,0
11233,0.411662,0
11234,0.371140,0
11235,0.333099,0
11236,0.344090,0
11237,0.331162,0
11238,0.420926,0
11239,0.343771,0
11240,0.333122,0
11241,0.333784,0
11242,0.331318,0
11243,0.334538,0
11244,0.333487,0
11245,0.331221,0
11246,0.411249,0
11247,0.411249,0
11248,0.331808,0
11249,0.331588,0
11250,0.330873,0
11251,0.355533,0
11252,0.351691,0
11253,0.367169,0
11254,0.373614,0
11255,0.334899,0
11256,0.344956,0
11257,0.333072,0
11258,0.348903,0
11259,0.332429,0
11260,0.333607,0
11261,0.415130,0
11262,0.337719,0
11263,0.334124,0
11264,0.336466,0
11265,0.332311,0
11266,0.334124,0
11267,0.330484,0
11268,0.373422,0
11269,0.373422,0
11270,0.411667,0
11271,0.340415,0
11272,0.339917,0
11273,0.341356,0
11274,0.354051,0
11275,0.354090,0
11276,0.353805,0
11277,0.379590,0
11278,0.379161,0
11279,0.401315,0
11280,0.364179,0
11281,0.364801,0
11282,0.367144,0
11283,0.376486,0
11284,0.387884,0
11285,0.390983,0
11286,0.361605,0
11287,0.372875,0
11288,0.367409,0
11289,0.352440,0
11290,0.360690,0
11291,0.429954,0
11292,0.384515,0
11293,0.715958,1
11294,0.385575,0
11295,0.383894,0
11296,0.383419,0
11297,0.381082,0
11298,0.385921,0
11299,0.384505,0
11300,0.430051,0
11301,0.760377,1
11302,0.579158,1
11303,0.473938,0
11304,0.445301,0
11305,0.482355,0
11306,0.438754,0
11307,0.531878,0
11308,0.455734,0
11309,0.538924,0
11310,0.418058,0
11311,0.666149,1
11312,0.512992,0
11313,0.328540,0
11314,0.350501,0
11315,0.330272,0
11316,0.331680,0
11317,0.329637,0
11318,0.329637,0
11319,0.329637,0
11320,0.345761,0
11321,0.353029,0
11322,0.326820,0
11323,0.326417,0
11324,0.326844,0
11325,0.327248,0
11326,0.334596,0
11327,0.338714,0
11328,0.338714,0
11329,0.346374,0
11330,0.500437,0
11331,0.334596,0
11332,0.334596,0
11333,0.336824,0
11334,0.336824,0
11335,0.373565,0
11336,0.339850,0
11337,0.345242,0
11338,0.411726,0
11339,0.337116,0
11340,0.336322,0
11341,0.411384,0
11342,0.334836,0
11343,0.332636,0
11344,0.343899,0
11345,0.339028,0
11346,0.329271,0
11347,0.341674,0
11348,0.331567,0
11349,0.340046,0
11350,0.333567,0
11351,0.334259,0
11352,0.332242,0
11353,0.339233,0
11354,0.333234,0
11355,0.358874,0
11356,0.381147,0
11357,0.381147,0
11358,0.355615,0
11359,0.419889,0
11360,0.352528,0
11361,0.352528,0
11362,0.337781,0
11363,0.367286,0
11364,0.337273,0
11365,0.337387,0
11366,0.338843,0
11367,0.332445,0
11368,0.353337,0
11369,0.333122,0
11370,0.342587,0
11371,0.340670,0
11372,0.334462,0
11373,0.336947,0
11374,0.338108,0
11375,0.346026,0
11376,0.345218,0
11377,0.331563,0
11378,0.412955,0
11379,0.352117,0
11380,0.343795,0
11381,0.384452,0
11382,0.354863,0
11383,0.336414,0
11384,0.332438,0
11385,0.339144,0
11386,0.331323,0
11387,0.355246,0
11388,0.345732,0
11389,0.354172,0
11390,0.332324,0
11391,0.334462,0
11392,0.331907,0
11393,0.337766,0
11394,0.360432,0
11395,0.343545,0
11396,0.339316,0
11397,0.353042,0
11398,0.354829,0
11399,0.339472,0
11400,0.343545,0
11401,0.343545,0
11402,0.360476,0
11403,0.360476,0
11404,0.350254,0
11405,0.336748,0
11406,0.347134,0
11407,0.339741,0
11408,0.338134,0
11409,0.337739,0
11410,0.330878,0
11411,0.332429,0
11412,0.356928,0
11413,0.361817,0
11414,0.364619,0
11415,0.352548,0
11416,0.387491,0
11417,0.356226,0
11418,0.374128,0
11419,0.377961,0
11420,0.381410,0
11421,0.354250,0
11422,0.372537,0
11423,0.414317,0
11424,0.383819,0
11425,0.382842,0
11426,0.353931,0
11427,0.562549,1
11428,0.471521,0
11429,0.423558,0
11430,0.414181,0
11431,0.418233,0
11432,0.419980,0
11433,0.421235,0
11434,0.480486,0
11435,0.349410,0
11436,0.339590,0
11437,0.337773,0
11438,0.337773,0
11439,0.337773,0
11440,0.337773,0
11441,0.337626,0
11442,0.337626,0
11443,0.337773,0
11444,0.337626,0
11445,0.337626,0
11446,0.337773,0
11447,0.337773,0
11448,0.337773,0
11449,0.339738,0
11450,0.344082,0
11451,0.354874,0
11452,0.335968,0
11453,0.350982,0
11454,0.345723,0
11455,0.339610,0
11456,0.338441,0
11457,0.436291,0
11458,0.331305,0
11459,0.328280,0
11460,0.328280,0
11461,0.328280,0
11462,0.339439,0
11463,0.337773,0
11464,0.340904,0
11465,0.331767,0
11466,0.331767,0
11467,0.331767,0
11468,0.328738,0
11469,0.347694,0
11470,0.406632,0
11471,0.331334,0
11472,0.329170,0
11473,0.331767,0
11474,0.326813,0
11475,0.331305,0
11476,0.332250,0
11477,0.332930,0
11478,0.332930,0
11479,0.401000,0
11480,0.328592,0
11481,0.327695,0
11482,0.329469,0
11483,0.328738,0
11484,0.328738,0
11485,0.328738,0
11486,0.328738,0
11487,0.332201,0
11488,0.328738,0
11489,0.328280,0
11490,0.328153,0
11491,0.342043,0
11492,0.349250,0
11493,0.327934,0
11494,0.334019,0
11495,0.331843,0
11496,0.332930,0
11497,0.332714,0
11498,0.331767,0
11499,0.331305,0
11500,0.331767,0
11501,0.331767,0
11502,0.328309,0
11503,0.327600,0
11504,0.326925,0
11505,0.328560,0
11506,0.328798,0
11507,0.331877,0
11508,0.328153,0
11509,0.328153,0
11510,0.328153,0
11511,0.328153,0
11512,0.328838,0
11513,0.328153,0
11514,0.339930,0
11515,0.339930,0
11516,0.327589,0
11517,0.339916,0
11518,0.334545,0
11519,0.329168,0
11520,0.332460,0
11521,0.332460,0
11522,0.328153,0
11523,0.351460,0
11524,0.351460,0
11525,0.328413,0
11526,0.328413,0
11527,0.341800,0
11528,0.341800,0
11529,0.345723,0
11530,0.328738,0
11531,0.328738,0
11532,0.336050,0
11533,0.333210,0
11534,0.352117,0
11535,0.412112,0
11536,0.411667,0
11537,0.387364,0
11538,0.346462,0
11539,0.412061,0
11540,0.331553,0
11541,0.332685,0
11542,0.350232,0
11543,0.417798,0
11544,0.333122,0
11545,0.345485,0
11546,0.332318,0
11547,0.345685,0
11548,0.349949,0
11549,0.390951,0
11550,0.383636,0
11551,0.344425,0
11552,0.346598,0
11553,0.350859,0
11554,0.349028,0
11555,0.351612,0
11556,0.351045,0
11557,0.342446,0
11558,0.350859,0
11559,0.350859,0
11560,0.350283,0
11561,0.351633,0
11562,0.340980,0
11563,0.330388,0
11564,0.357646,0
11565,0.356700,0
11566,0.350762,0
11567,0.352735,0
11568,0.349790,0
11569,0.349790,0
11570,0.399723,0
11571,0.399723,0
11572,0.425717,0
11573,0.379433,0
11574,0.388939,0
11575,0.436291,0
11576,0.436291,0
11577,0.690014,1
11578,0.486887,0
11579,0.417183,0
11580,0.410746,0
11581,0.489696,0
11582,0.727638,1
11583,0.440769,0
11584,0.463498,0
11585,0.396149,0
11586,0.455515,0
11587,0.383070,0
11588,0.518027,0
11589,0.383547,0
11590,0.354656,0
11591,0.412785,0
11592,0.416534,0
11593,0.392554,0
11594,0.415080,0
11595,0.390287,0
11596,0.404720,0
11597,0.380259,0
11598,0.388541,0
11599,0.378014,0
11600,0.386196,0
11601,0.343384,0
11602,0.419729,0
11603,0.391365,0
11604,0.381497,0
11605,0.386809,0
11606,0.371105,0
11607,0.375142,0
11608,0.374040,0
11609,0.393053,0
11610,0.387282,0
11611,0.391803,0
11612,0.386286,0
11613,0.366261,0
11614,0.367471,0
11615,0.365103,0
11616,0.375006,0
11617,0.339840,0
11618,0.380298,0
11619,0.384405,0
11620,0.369890,0
11621,0.361918,0
11622,0.363472,0
11623,0.369772,0
11624,0.382710,0
11625,0.363289,0
11626,0.369780,0
11627,0.373626,0
11628,0.371190,0
11629,0.332253,0
11630,0.372155,0
11631,0.371244,0
11632,0.402271,0
11633,0.397268,0
11634,0.388565,0
11635,0.383293,0
11636,0.384574,0
11637,0.385267,0
11638,0.378899,0
11639,0.379077,0
11640,0.402454,0
11641,0.361017,0
11642,0.366072,0
11643,0.369000,0
11644,0.364592,0
11645,0.371477,0
11646,0.360729,0
11647,0.362793,0
11648,0.365538,0
11649,0.424709,0
11650,0.424709,0
11651,0.403817,0
11652,0.395737,0
11653,0.394033,0
11654,0.385883,0
11655,0.403221,0
11656,0.363978,0
11657,0.408597,0
11658,0.403602,0
11659,0.394943,0
11660,0.407268,0
11661,0.394818,0
11662,0.375514,0
11663,0.381051,0
11664,0.405358,0
11665,0.377446,0
11666,0.377446,0
11667,0.619125,1
11668,0.395920,0
11669,0.404628,0
11670,0.460618,0
11671,0.383955,0
11672,0.386047,0
11673,0.402159,0
11674,0.402159,0
11675,0.605710,1
11676,0.385197,0
11677,0.457598,0
11678,0.385718,0
11679,0.539007,0
11680,0.395712,0
11681,0.559030,1
11682,0.418172,0
11683,0.416018,0
11684,0.492208,0
11685,0.441775,0
11686,0.400343,0
11687,0.491727,0
11688,0.730566,1
11689,0.538611,0
11690,0.442187,0
11691,0.442187,0
11692,0.429513,0
11693,0.442848,0
11694,0.440552,0
11695,0.565693,1
11696,0.490816,0
11697,0.705786,1
11698,0.526178,0
11699,0.471081,0
11700,0.816298,1
11701,0.348762,0
11702,0.376526,0
11703,0.398344,0
11704,0.353378,0
11705,0.465483,0
11706,0.383171,0
11707,0.375061,0
11708,0.464650,0
11709,0.349483,0
11710,0.351556,0
11711,0.460231,0
11712,0.383533,0
11713,0.459788,0
11714,0.363987,0
11715,0.376729,0
11716,0.376729,0
11717,0.362828,0
11718,0.361418,0
11719,0.372224,0
11720,0.372224,0
11721,0.372476,0
11722,0.373626,0
11723,0.464339,0
11724,0.400269,0
11725,0.374218,0
11726,0.361723,0
11727,0.345016,0
11728,0.394693,0
11729,0.394693,0
11730,0.369664,0
11731,0.365059,0
11732,0.366888,0
11733,0.358001,0
11734,0.375141,0
11735,0.373396,0
11736,0.374913,0
11737,0.388591,0
11738,0.372659,0
11739,0.369287,0
11740,0.371261,0
11741,0.370797,0
11742,0.370797,0
11743,0.358711,0
11744,0.360110,0
11745,0.360326,0
11746,0.362706,0
11747,0.377020,0
11748,0.366231,0
11749,0.368710,0
11750,0.359463,0
11751,0.361657,0
11752,0.332603,0
11753,0.361305,0
11754,0.378742,0
11755,0.445353,0
11756,0.385665,0
11757,0.393919,0
11758,0.387138,0
11759,0.394993,0
11760,0.387430,0
11761,0.389670,0
11762,0.425454,0
11763,0.425454,0
11764,0.525320,0
11765,0.560261,1
11766,0.479112,0
11767,0.425575,0
11768,0.446646,0
11769,0.507293,0
11770,0.476347,0
11771,0.545838,0
11772,0.456833,0
11773,0.422027,0
11774,0.353010,0
11775,0.346152,0
11776,0.400780,0
11777,0.333270,0
11778,0.367572,0
11779,0.359565,0
11780,0.340950,0
11781,0.394086,0
11782,0.362075,0
11783,0.431982,0
11784,0.371442,0
11785,0.371442,0
11786,0.489535,0
11787,0.489866,0
11788,0.445347,0
11789,0.406732,0
11790,0.389842,0
11791,0.464968,0
11792,0.480698,0
11793,0.496307,0
11794,0.386603,0
11795,0.567409,1
11796,0.610533,1
11797,0.550844,1
11798,0.506122,0
11799,0.354687,0
11800,0.353532,0
11801,0.346627,0
11802,0.384994,0
11803,0.373093,0
11804,0.373650,0
11805,0.371568,0
11806,0.414919,0
11807,0.414919,0
11808,0.377187,0
11809,0.433165,0
11810,0.420214,0
11811,0.420214,0
11812,0.377432,0
11813,0.382399,0
11814,0.374040,0
11815,0.369423,0
11816,0.372841,0
11817,0.334024,0
11818,0.395636,0
11819,0.395369,0
11820,0.409845,0
11821,0.386686,0
11822,0.396402,0
11823,0.396402,0
11824,0.459348,0
11825,0.468353,0
11826,0.424005,0
11827,0.389420,0
11828,0.435821,0
11829,0.487954,0
11830,0.465677,0
11831,0.659163,1
11832,0.502604,0
11833,0.708586,1
11834,0.743816,1
11835,0.510576,0
11836,0.373159,0
11837,0.373159,0
11838,0.373159,0
11839,0.365574,0
11840,0.333513,0
11841,0.365574,0
11842,0.326640,0
11843,0.347920,0
11844,0.361820,0
11845,0.438141,0
11846,0.345782,0
11847,0.483864,0
11848,0.349415,0
11849,0.330769,0
11850,0.347667,0
11851,0.330735,0
11852,0.426103,0
11853,0.409228,0
11854,0.337758,0
11855,0.350355,0
11856,0.454852,0
11857,0.337858,0
11858,0.337858,0
11859,0.335749,0
11860,0.370897,0
11861,0.473755,0
11862,0.369079,0
11863,0.335900,0
11864,0.350624,0
11865,0.407368,0
11866,0.331276,0
11867,0.333973,0
11868,0.352335,0
11869,0.360326,0
11870,0.386884,0
11871,0.403973,0
11872,0.404496,0
11873,0.389396,0
11874,0.572214,1
11875,0.589735,1
11876,0.505947,0
11877,0.334596,0
11878,0.350204,0
11879,0.328452,0
11880,0.328452,0
11881,0.327367,0
11882,0.331478,0
11883,0.327075,0
11884,0.419557,0
11885,0.339946,0
11886,0.337890,0
11887,0.331814,0
11888,0.338921,0
11889,0.345618,0
11890,0.341265,0
11891,0.346403,0
11892,0.331478,0
11893,0.327494,0
11894,0.333991,0
11895,0.339825,0
11896,0.336786,0
11897,0.338717,0
11898,0.339179,0
11899,0.338983,0
11900,0.432455,0
11901,0.340071,0
11902,0.327792,0
11903,0.334003,0
11904,0.334003,0
11905,0.333300,0
11906,0.340452,0
11907,0.340728,0
11908,0.335329,0
11909,0.339946,0
11910,0.340452,0
11911,0.327867,0
11912,0.375847,0
11913,0.335122,0
11914,0.337721,0
11915,0.337773,0
11916,0.337773,0
11917,0.337773,0
11918,0.336050,0
11919,0.327296,0
11920,0.335571,0
11921,0.409459,0
11922,0.337154,0
11923,0.351470,0
11924,0.351470,0
11925,0.329561,0
11926,0.331577,0
11927,0.327265,0
11928,0.331268,0
11929,0.329923,0
11930,0.330120,0
11931,0.358010,0
11932,0.328966,0
11933,0.347507,0
11934,0.329561,0
11935,0.344445,0
11936,0.415224,0
11937,0.361059,0
11938,0.351898,0
11939,0.356295,0
11940,0.343783,0
11941,0.343422,0
11942,0.337838,0
11943,0.336701,0
11944,0.326820,0
11945,0.336368,0
11946,0.340755,0
11947,0.345809,0
11948,0.333081,0
11949,0.365642,0
11950,0.365642,0
11951,0.349672,0
11952,0.369857,0
11953,0.365642,0
11954,0.337097,0
11955,0.345098,0
11956,0.360793,0
11957,0.335015,0
11958,0.369857,0
11959,0.331827,0
11960,0.346198,0
11961,0.359740,0
11962,0.345151,0
11963,0.420747,0
11964,0.344026,0
11965,0.343887,0
11966,0.367463,0
11967,0.331877,0
11968,0.353558,0
11969,0.353558,0
11970,0.367463,0
11971,0.367463,0
11972,0.367463,0
11973,0.367463,0
11974,0.340721,0
11975,0.352724,0
11976,0.343545,0
11977,0.329269,0
11978,0.332242,0
11979,0.333607,0
11980,0.333487,0
11981,0.341431,0
11982,0.340168,0
11983,0.340168,0
11984,0.340168,0
11985,0.341020,0
11986,0.330432,0
11987,0.352970,0
11988,0.347709,0
11989,0.347709,0
11990,0.338491,0
11991,0.337550,0
11992,0.353919,0
11993,0.336542,0
11994,0.338906,0
11995,0.351152,0
11996,0.353021,0
11997,0.336619,0
11998,0.339266,0
11999,0.337319,0
12000,0.338467,0
12001,0.338725,0
12002,0.343746,0
12003,0.335907,0
12004,0.410565,0
12005,0.330735,0
12006,0.330735,0
12007,0.352774,0
12008,0.352774,0
12009,0.352774,0
12010,0.332327,0
12011,0.340698,0
12012,0.339401,0
12013,0.339401,0
12014,0.332347,0
12015,0.330745,0
12016,0.331276,0
12017,0.339563,0
12018,0.338081,0
12019,0.339090,0
12020,0.343487,0
12021,0.346528,0
12022,0.346557,0
12023,0.337086,0
12024,0.337282,0
12025,0.345535,0
12026,0.345685,0
12027,0.347204,0
12028,0.350892,0
12029,0.387455,0
12030,0.332125,0
12031,0.330420,0
12032,0.330420,0
12033,0.347107,0
12034,0.330207,0
12035,0.347052,0
12036,0.343740,0
12037,0.338590,0
12038,0.339316,0
12039,0.345378,0
12040,0.346585,0
12041,0.345988,0
12042,0.347052,0
12043,0.347052,0
12044,0.347052,0
12045,0.347052,0
12046,0.344425,0
12047,0.353241,0
12048,0.340391,0
12049,0.343366,0
12050,0.341659,0
12051,0.332347,0
12052,0.332347,0
12053,0.331860,0
12054,0.361041,0
12055,0.330745,0
12056,0.328995,0
12057,0.346154,0
12058,0.345969,0
12059,0.355195,0
12060,0.344187,0
12061,0.345369,0
12062,0.353142,0
12063,0.332438,0
12064,0.333391,0
12065,0.339316,0
12066,0.339316,0
12067,0.344795,0
12068,0.346898,0
12069,0.339351,0
12070,0.332590,0
12071,0.360773,0
12072,0.346885,0
12073,0.332760,0
12074,0.345218,0
12075,0.350060,0
12076,0.351206,0
12077,0.351206,0
12078,0.354829,0
12079,0.424557,0
12080,0.329701,0
12081,0.365655,0
12082,0.343083,0
12083,0.401213,0
12084,0.350932,0
12085,0.339316,0
12086,0.338491,0
12087,0.347725,0
12088,0.343746,0
12089,0.358088,0
12090,0.358088,0
12091,0.357171,0
12092,0.355525,0
12093,0.443168,0
12094,0.360642,0
12095,0.454582,0
12096,0.361294,0
12097,0.369677,0
12098,0.356272,0
12099,0.417119,0
12100,0.381801,0
12101,0.353517,0
12102,0.353517,0
12103,0.365696,0
12104,0.363972,0
12105,0.362874,0
12106,0.362874,0
12107,0.359421,0
12108,0.353585,0
12109,0.405501,0
12110,0.407333,0
12111,0.369698,0
12112,0.495508,0
12113,0.430207,0
12114,0.384515,0
12115,0.379576,0
12116,0.469797,0
12117,0.747136,1
12118,0.825741,1
12119,0.765557,1
12120,0.794045,1
12121,0.853576,1
12122,0.580584,1
12123,0.694533,1
12124,0.446221,0
12125,0.416584,0
12126,0.457673,0
12127,0.672811,1
12128,0.485224,0
12129,0.411932,0
12130,0.669668,1
12131,0.593041,1
12132,0.608958,1
12133,0.478246,0
12134,0.422430,0
12135,0.475402,0
12136,0.673104,1
12137,0.681345,1
12138,0.527619,0
12139,0.478478,0
12140,0.434514,0
12141,0.434514,0
12142,0.434514,0
12143,0.434514,0
12144,0.434514,0
12145,0.434514,0
12146,0.432622,0
12147,0.436233,0
12148,0.434514,0
12149,0.434514,0
12150,0.434514,0
12151,0.434514,0
12152,0.434514,0
12153,0.434514,0
12154,0.434514,0
12155,0.434514,0
12156,0.434514,0
12157,0.434514,0
12158,0.434514,0
12159,0.434514,0
12160,0.434514,0
12161,0.434514,0
12162,0.434514,0
12163,0.434514,0
12164,0.434684,0
12165,0.434514,0
12166,0.434514,0
12167,0.434514,0
12168,0.434514,0
12169,0.434514,0
12170,0.434514,0
12171,0.434514,0
12172,0.434514,0
12173,0.434514,0
12174,0.434514,0
12175,0.434514,0
12176,0.432622,0
12177,0.434514,0
12178,0.434514,0
12179,0.434514,0
12180,0.434514,0
12181,0.434514,0
12182,0.434514,0
12183,0.434514,0
12184,0.434514,0
12185,0.434514,0
12186,0.434514,0
12187,0.434514,0
12188,0.434514,0
12189,0.434514,0
12190,0.434514,0
12191,0.448879,0
12192,0.348718,0
12193,0.372338,0
12194,0.356419,0
12195,0.344755,0
12196,0.408691,0
12197,0.375741,0
12198,0.367255,0
12199,0.412601,0
12200,0.366727,0
12201,0.394283,0
12202,0.373093,0
12203,0.374508,0
12204,0.356220,0
12205,0.380099,0
12206,0.347203,0
12207,0.335936,0
12208,0.371489,0
12209,0.370321,0
12210,0.346705,0
12211,0.339741,0
12212,0.425860,0
12213,0.341358,0
12214,0.358201,0
12215,0.358201,0
12216,0.417743,0
12217,0.372457,0
12218,0.431122,0
12219,0.344048,0
12220,0.343860,0
12221,0.369521,0
12222,0.360013,0
12223,0.344897,0
12224,0.337086,0
12225,0.346856,0
12226,0.347086,0
12227,0.363623,0
12228,0.375006,0
12229,0.362952,0
12230,0.358001,0
12231,0.346856,0
12232,0.372103,0
12233,0.375306,0
12234,0.340402,0
12235,0.346705,0
12236,0.332327,0
12237,0.332638,0
12238,0.341638,0
12239,0.341638,0
12240,0.341917,0
12241,0.359904,0
12242,0.340262,0
12243,0.333122,0
12244,0.332327,0
12245,0.340144,0
12246,0.340262,0
12247,0.340611,0
12248,0.369484,0
12249,0.345924,0
12250,0.332613,0
12251,0.332613,0
12252,0.332613,0
12253,0.341728,0
12254,0.358705,0
12255,0.332552,0
12256,0.332552,0
12257,0.330878,0
12258,0.340262,0
12259,0.340144,0
12260,0.344851,0
12261,0.344851,0
12262,0.358962,0
12263,0.351393,0
12264,0.331817,0
12265,0.358232,0
12266,0.333122,0
12267,0.333122,0
12268,0.331838,0
12269,0.336043,0
12270,0.340262,0
12271,0.349036,0
12272,0.372606,0
12273,0.340923,0
12274,0.336189,0
12275,0.445161,0
12276,0.360377,0
12277,0.360392,0
12278,0.361017,0
12279,0.336005,0
12280,0.336005,0
12281,0.333270,0
12282,0.350559,0
12283,0.374198,0
12284,0.372606,0
12285,0.360671,0
12286,0.359026,0
12287,0.333945,0
12288,0.343384,0
12289,0.343384,0
12290,0.340923,0
12291,0.340402,0
12292,0.340402,0
12293,0.340144,0
12294,0.343035,0
12295,0.344983,0
12296,0.372606,0
12297,0.336365,0
12298,0.343384,0
12299,0.341853,0
12300,0.345663,0
12301,0.335719,0
12302,0.337343,0
12303,0.377432,0
12304,0.371261,0
12305,0.377620,0
12306,0.371215,0
12307,0.338968,0
12308,0.342349,0
12309,0.342812,0
12310,0.356969,0
12311,0.339741,0
12312,0.368042,0
12313,0.332613,0
12314,0.432346,0
12315,0.368142,0
12316,0.358232,0
12317,0.358232,0
12318,0.342786,0
12319,0.342786,0
12320,0.342005,0
12321,0.363541,0
12322,0.370960,0
12323,0.385404,0
12324,0.369015,0
12325,0.373403,0
12326,0.383208,0
12327,0.363060,0
12328,0.373337,0
12329,0.373337,0
12330,0.367452,0
12331,0.361719,0
12332,0.372202,0
12333,0.380090,0
12334,0.376941,0
12335,0.397351,0
12336,0.363721,0
12337,0.355574,0
12338,0.377446,0
12339,0.455362,0
12340,0.365631,0
12341,0.373875,0
12342,0.398782,0
12343,0.380003,0
12344,0.365538,0
12345,0.385404,0
12346,0.386187,0
12347,0.503559,0
12348,0.396900,0
12349,0.385794,0
12350,0.384427,0
12351,0.378684,0
12352,0.378684,0
12353,0.618421,1
12354,0.428193,0
12355,0.579673,1
12356,0.458899,0
12357,0.425454,0
12358,0.647023,1
12359,0.421690,0
12360,0.583963,1
12361,0.498784,0
12362,0.624397,1
12363,0.660677,1
12364,0.499781,0
12365,0.423885,0
12366,0.504032,0
12367,0.613567,1
12368,0.425341,0
12369,0.484808,0
12370,0.590464,1
12371,0.427841,0
12372,0.498226,0
12373,0.498226,0
12374,0.413388,0
12375,0.378374,0
12376,0.418902,0
12377,0.439722,0
12378,0.392252,0
12379,0.436586,0
12380,0.383968,0
12381,0.405509,0
12382,0.427067,0
12383,0.428992,0
12384,0.379401,0
12385,0.730639,1
12386,0.484280,0
12387,0.501733,0
12388,0.507747,0
12389,0.474574,0
12390,0.546983,0
12391,0.520497,0
12392,0.523207,0
12393,0.560970,1
12394,0.416800,0
12395,0.542867,0
12396,0.522647,0
12397,0.430340,0
12398,0.539063,0
12399,0.566627,1
12400,0.693907,1
12401,0.449370,0
12402,0.476657,0
12403,0.452677,0
12404,0.420775,0
12405,0.358763,0
12406,0.386571,0
12407,0.342459,0
12408,0.371998,0
12409,0.418880,0
12410,0.388353,0
12411,0.390607,0
12412,0.402125,0
12413,0.412306,0
12414,0.371991,0
12415,0.399012,0
12416,0.413093,0
12417,0.598712,1
12418,0.504032,0
12419,0.431710,0
12420,0.470570,0
12421,0.459850,0
12422,0.501490,0
12423,0.584203,1
12424,0.437382,0
12425,0.331171,0
12426,0.371384,0
12427,0.390970,0
12428,0.378667,0
12429,0.425136,0
12430,0.378697,0
12431,0.378697,0
12432,0.378697,0
12433,0.410759,0
12434,0.344423,0
12435,0.338085,0
12436,0.483189,0
12437,0.342434,0
12438,0.339430,0
12439,0.462484,0
12440,0.462484,0
12441,0.357268,0
12442,0.359413,0
12443,0.368942,0
12444,0.368626,0
12445,0.446334,0
12446,0.439191,0
12447,0.359026,0
12448,0.386572,0
12449,0.388422,0
12450,0.375056,0
12451,0.345539,0
12452,0.376691,0
12453,0.370008,0
12454,0.426995,0
12455,0.432537,0
12456,0.332579,0
12457,0.360641,0
12458,0.340402,0
12459,0.339082,0
12460,0.429848,0
12461,0.352431,0
12462,0.331293,0
12463,0.392229,0
12464,0.392229,0
12465,0.341913,0
12466,0.348132,0
12467,0.391441,0
12468,0.388299,0
12469,0.377446,0
12470,0.367452,0
12471,0.366447,0
12472,0.397168,0
12473,0.366211,0
12474,0.370468,0
12475,0.363972,0
12476,0.384071,0
12477,0.364193,0
12478,0.387853,0
12479,0.365445,0
12480,0.372202,0
12481,0.363972,0
12482,0.465290,0
12483,0.424301,0
12484,0.403418,0
12485,0.424752,0
12486,0.423724,0
12487,0.420432,0
12488,0.459348,0
12489,0.422730,0
12490,0.499856,0
12491,0.427267,0
12492,0.428844,0
12493,0.411846,0
12494,0.471098,0
12495,0.738054,1
12496,0.481524,0
12497,0.684705,1
12498,0.494351,0
12499,0.497295,0
12500,0.472754,0
12501,0.472754,0
12502,0.553020,1
12503,0.482406,0
12504,0.457909,0
12505,0.436057,0
12506,0.503715,0
12507,0.580558,1
12508,0.580558,1
12509,0.511570,0
12510,0.610203,1
12511,0.417627,0
12512,0.642829,1
12513,0.428068,0
12514,0.555510,1
12515,0.668691,1
12516,0.595318,1
12517,0.528885,0
12518,0.448083,0
12519,0.506406,0
12520,0.418233,0
12521,0.420322,0
12522,0.438620,0
12523,0.438620,0
12524,0.456750,0
12525,0.592076,1
12526,0.764950,1
12527,0.665342,1
12528,0.675061,1
12529,0.475650,0
12530,0.621542,1
12531,0.561339,1
12532,0.399480,0
12533,0.407938,0
12534,0.342754,0
12535,0.375306,0
12536,0.344923,0
12537,0.380862,0
12538,0.363097,0
12539,0.387880,0
12540,0.370948,0
12541,0.451485,0
12542,0.388750,0
12543,0.388927,0
12544,0.378494,0
12545,0.387618,0
12546,0.365021,0
12547,0.477126,0
12548,0.431716,0
12549,0.400785,0
12550,0.430346,0
12551,0.513217,0
12552,0.505322,0
12553,0.586571,1
12554,0.586571,1
12555,0.805326,1
12556,0.755758,1
12557,0.451266,0
12558,0.483853,0
12559,0.566629,1
12560,0.440949,0
12561,0.492616,0
12562,0.451827,0
12563,0.615900,1
12564,0.670610,1
12565,0.650285,1
12566,0.635038,1
12567,0.432310,0
12568,0.432310,0
12569,0.478057,0
12570,0.424894,0
12571,0.342739,0
12572,0.478710,0
12573,0.415548,0
12574,0.394353,0
12575,0.397351,0
12576,0.406545,0
12577,0.395588,0
12578,0.397549,0
12579,0.360777,0
12580,0.506066,0
12581,0.393836,0
12582,0.486579,0
12583,0.474736,0
12584,0.398406,0
12585,0.400824,0
12586,0.567364,1
12587,0.394614,0
12588,0.721722,1
12589,0.405643,0
12590,0.820728,1
12591,0.697011,1
12592,0.720312,1
12593,0.526175,0
12594,0.540593,0
12595,0.468697,0
12596,0.759291,1
12597,0.630461,1
12598,0.433418,0
12599,0.501741,0
12600,0.501741,0
12601,0.352343,0
12602,0.342119,0
12603,0.362592,0
12604,0.336637,0
12605,0.336552,0
12606,0.345980,0
12607,0.337471,0
12608,0.338497,0
12609,0.356826,0
12610,0.353555,0
12611,0.377129,0
12612,0.372824,0
12613,0.346920,0
12614,0.332423,0
12615,0.340144,0
12616,0.347130,0
12617,0.334091,0
12618,0.377947,0
12619,0.377947,0
12620,0.361708,0
12621,0.335480,0
12622,0.359565,0
12623,0.366170,0
12624,0.396174,0
12625,0.362303,0
12626,0.374972,0
12627,0.341924,0
12628,0.330816,0
12629,0.361223,0
12630,0.368042,0
12631,0.344485,0
12632,0.341364,0
12633,0.341081,0
12634,0.386189,0
12635,0.361818,0
12636,0.329929,0
12637,0.330138,0
12638,0.358747,0
12639,0.330854,0
12640,0.331563,0
12641,0.357307,0
12642,0.367331,0
12643,0.367331,0
12644,0.367331,0
12645,0.391125,0
12646,0.374440,0
12647,0.375291,0
12648,0.389504,0
12649,0.386076,0
12650,0.338935,0
12651,0.336400,0
12652,0.348247,0
12653,0.334705,0
12654,0.343124,0
12655,0.339082,0
12656,0.415559,0
12657,0.351661,0
12658,0.362558,0
12659,0.351661,0
12660,0.351661,0
12661,0.381139,0
12662,0.363913,0
12663,0.380090,0
12664,0.389808,0
12665,0.360532,0
12666,0.360532,0
12667,0.358614,0
12668,0.365541,0
12669,0.358601,0
12670,0.367555,0
12671,0.367555,0
12672,0.384777,0
12673,0.385054,0
12674,0.518059,0
12675,0.518059,0
12676,0.423724,0
12677,0.431540,0
12678,0.484808,0
12679,0.428835,0
12680,0.428835,0
12681,0.426241,0
12682,0.443110,0
12683,0.428835,0
12684,0.466791,0
12685,0.484607,0
12686,0.475066,0
12687,0.481391,0
12688,0.443844,0
12689,0.649033,1
12690,0.481872,0
12691,0.343798,0
12692,0.343798,0
12693,0.368003,0
12694,0.472693,0
12695,0.397375,0
12696,0.334492,0
12697,0.402605,0
12698,0.340574,0
12699,0.442980,0
12700,0.436255,0
12701,0.342060,0
12702,0.340633,0
12703,0.391555,0
12704,0.358690,0
12705,0.380543,0
12706,0.332804,0
12707,0.336040,0
12708,0.342586,0
12709,0.341475,0
12710,0.345057,0
12711,0.345057,0
12712,0.345750,0
12713,0.345751,0
12714,0.336187,0
12715,0.326925,0
12716,0.345208,0
12717,0.342041,0
12718,0.343052,0
12719,0.365234,0
12720,0.356820,0
12721,0.397807,0
12722,0.326498,0
12723,0.366507,0
12724,0.337029,0
12725,0.333323,0
12726,0.338709,0
12727,0.345650,0
12728,0.403678,0
12729,0.411222,0
12730,0.411222,0
12731,0.411222,0
12732,0.399769,0
12733,0.399547,0
12734,0.342383,0
12735,0.437424,0
12736,0.428847,0
12737,0.444449,0
12738,0.426458,0
12739,0.406751,0
12740,0.336832,0
12741,0.352598,0
12742,0.400380,0
12743,0.357387,0
12744,0.353407,0
12745,0.337765,0
12746,0.400537,0
12747,0.372096,0
12748,0.400904,0
12749,0.350948,0
12750,0.347667,0
12751,0.348568,0
12752,0.402090,0
12753,0.438102,0
12754,0.401576,0
12755,0.396759,0
12756,0.389064,0
12757,0.409072,0
12758,0.398368,0
12759,0.398772,0
12760,0.348568,0
12761,0.394708,0
12762,0.394708,0
12763,0.348887,0
12764,0.349346,0
12765,0.394124,0
12766,0.394124,0
12767,0.390636,0
12768,0.349088,0
12769,0.349088,0
12770,0.370479,0
12771,0.331221,0
12772,0.348671,0
12773,0.337619,0
12774,0.345359,0
12775,0.345208,0
12776,0.344006,0
12777,0.338688,0
12778,0.346519,0
12779,0.340400,0
12780,0.332327,0
12781,0.333122,0
12782,0.333122,0
12783,0.341429,0
12784,0.332725,0
12785,0.332725,0
12786,0.336797,0
12787,0.396937,0
12788,0.360906,0
12789,0.409098,0
12790,0.389954,0
12791,0.389157,0
12792,0.414632,0
12793,0.331349,0
12794,0.398739,0
12795,0.336331,0
12796,0.334978,0
12797,0.401399,0
12798,0.421259,0
12799,0.402242,0
12800,0.401869,0
12801,0.406708,0
12802,0.406708,0
12803,0.403360,0
12804,0.405725,0
12805,0.405725,0
12806,0.401326,0
12807,0.407973,0
12808,0.409496,0
12809,0.416726,0
12810,0.415320,0
12811,0.416445,0
12812,0.416726,0
12813,0.414016,0
12814,0.414016,0
12815,0.407741,0
12816,0.401330,0
12817,0.400360,0
12818,0.386135,0
12819,0.361455,0
12820,0.364761,0
12821,0.371315,0
12822,0.364761,0
12823,0.389898,0
12824,0.519197,0
12825,0.460428,0
12826,0.343340,0
12827,0.343340,0
12828,0.337310,0
12829,0.337310,0
12830,0.331767,0
12831,0.413616,0
12832,0.411319,0
12833,0.365776,0
12834,0.337163,0
12835,0.342156,0
12836,0.363375,0
12837,0.332201,0
12838,0.337296,0
12839,0.345267,0
12840,0.343495,0
12841,0.335803,0
12842,0.335329,0
12843,0.332346,0
12844,0.332696,0
12845,0.332636,0
12846,0.358825,0
12847,0.327724,0
12848,0.328280,0
12849,0.331390,0
12850,0.328280,0
12851,0.333508,0
12852,0.413908,0
12853,0.338442,0
12854,0.331767,0
12855,0.331740,0
12856,0.357928,0
12857,0.349874,0
12858,0.375980,0
12859,0.350842,0
12860,0.337073,0
12861,0.366477,0
12862,0.334003,0
12863,0.340910,0
12864,0.407488,0
12865,0.411578,0
12866,0.358049,0
12867,0.337173,0
12868,0.349820,0
12869,0.353674,0
12870,0.354701,0
12871,0.335815,0
12872,0.337657,0
12873,0.346910,0
12874,0.339025,0
12875,0.344600,0
12876,0.344438,0
12877,0.367677,0
12878,0.376324,0
12879,0.339908,0
12880,0.334092,0
12881,0.333038,0
12882,0.346249,0
12883,0.345304,0
12884,0.331796,0
12885,0.335398,0
12886,0.346151,0
12887,0.338965,0
12888,0.333038,0
12889,0.356546,0
12890,0.346118,0
12891,0.369947,0
12892,0.339124,0
12893,0.341358,0
12894,0.417579,0
12895,0.418050,0
12896,0.333419,0
12897,0.329481,0
12898,0.422582,0
12899,0.425439,0
12900,0.335797,0
12901,0.362060,0
12902,0.339455,0
12903,0.422961,0
12904,0.346557,0
12905,0.345158,0
12906,0.339430,0
12907,0.331365,0
12908,0.334708,0
12909,0.334708,0
12910,0.334708,0
12911,0.334708,0
12912,0.334708,0
12913,0.334708,0
12914,0.334708,0
12915,0.414455,0
12916,0.340103,0
12917,0.343716,0
12918,0.333137,0
12919,0.381553,0
12920,0.381553,0
12921,0.341209,0
12922,0.329701,0
12923,0.331563,0
12924,0.390578,0
12925,0.339563,0
12926,0.331646,0
12927,0.331221,0
12928,0.372909,0
12929,0.354172,0
12930,0.338227,0
12931,0.377062,0
12932,0.339563,0
12933,0.354980,0
12934,0.354980,0
12935,0.337739,0
12936,0.349013,0
12937,0.350948,0
12938,0.331588,0
12939,0.334250,0
12940,0.334250,0
12941,0.331899,0
12942,0.340619,0
12943,0.330476,0
12944,0.330672,0
12945,0.330246,0
12946,0.346198,0
12947,0.348639,0
12948,0.333834,0
12949,0.331563,0
12950,0.330878,0
12951,0.330878,0
12952,0.332710,0
12953,0.338022,0
12954,0.418396,0
12955,0.329541,0
12956,0.350316,0
12957,0.341562,0
12958,0.353578,0
12959,0.387272,0
12960,0.345846,0
12961,0.360499,0
12962,0.400999,0
12963,0.337495,0
12964,0.378551,0
12965,0.346644,0
12966,0.332859,0
12967,0.330248,0
12968,0.332710,0
12969,0.445071,0
12970,0.329020,0
12971,0.330457,0
12972,0.331563,0
12973,0.330911,0
12974,0.350640,0
12975,0.331588,0
12976,0.331588,0
12977,0.493162,0
12978,0.332565,0
12979,0.330873,0
12980,0.336884,0
12981,0.339483,0
12982,0.339483,0
12983,0.343608,0
12984,0.340668,0
12985,0.333122,0
12986,0.333122,0
12987,0.337387,0
12988,0.331588,0
12989,0.331588,0
12990,0.332710,0
12991,0.352582,0
12992,0.364779,0
12993,0.409086,0
12994,0.328995,0
12995,0.351656,0
12996,0.339401,0
12997,0.356622,0
12998,0.369202,0
12999,0.379453,0
13000,0.379474,0
13001,0.377920,0
13002,0.366333,0
13003,0.357401,0
13004,0.377864,0
13005,0.371405,0
13006,0.370881,0
13007,0.377212,0
13008,0.355739,0
13009,0.371993,0
13010,0.363819,0
13011,0.368609,0
13012,0.363055,0
13013,0.383069,0
13014,0.354820,0
13015,0.409576,0
13016,0.357185,0
13017,0.386469,0
13018,0.355673,0
13019,0.382409,0
13020,0.354144,0
13021,0.368946,0
13022,0.407847,0
13023,0.362668,0
13024,0.373774,0
13025,0.373774,0
13026,0.376977,0
13027,0.389096,0
13028,0.355724,0
13029,0.356801,0
13030,0.356259,0
13031,0.429343,0
13032,0.391331,0
13033,0.353954,0
13034,0.364051,0
13035,0.353062,0
13036,0.370243,0
13037,0.387134,0
13038,0.351752,0
13039,0.378012,0
13040,0.350939,0
13041,0.410406,0
13042,0.355453,0
13043,0.579851,1
13044,0.426543,0
13045,0.395376,0
13046,0.552851,1
13047,0.433026,0
13048,0.482081,0
13049,0.761348,1
13050,0.719285,1
13051,0.718799,1
13052,0.568285,1
13053,0.459833,0
13054,0.593271,1
13055,0.660603,1
13056,0.516798,0
13057,0.379145,0
13058,0.379300,0
13059,0.649391,1
13060,0.697478,1
13061,0.616985,1
13062,0.616985,1
13063,0.410525,0
13064,0.426307,0
13065,0.420503,0
13066,0.698685,1
13067,0.431969,0
13068,0.429222,0
13069,0.433857,0
13070,0.428128,0
13071,0.430487,0
13072,0.437459,0
13073,0.437752,0
13074,0.422721,0
13075,0.654198,1
13076,0.381380,0
13077,0.381380,0
13078,0.750607,1
13079,0.517282,0
13080,0.385768,0
13081,0.654134,1
13082,0.654134,1
13083,0.685176,1
13084,0.387033,0
13085,0.386528,0
13086,0.431882,0
13087,0.431007,0
13088,0.413395,0
13089,0.456872,0
13090,0.596205,1
13091,0.428324,0
13092,0.495800,0
13093,0.559213,1
13094,0.428932,0
13095,0.461635,0
13096,0.459142,0
13097,0.472058,0
13098,0.426668,0
13099,0.598417,1
13100,0.707335,1
13101,0.490498,0
13102,0.648212,1
13103,0.648212,1
13104,0.406680,0
13105,0.516469,0
13106,0.646161,1
13107,0.642854,1
13108,0.478305,0
13109,0.420573,0
13110,0.481373,0
13111,0.442751,0
13112,0.530938,0
13113,0.582418,1
13114,0.567828,1
13115,0.600733,1
13116,0.573230,1
13117,0.420787,0
13118,0.427833,0
13119,0.488522,0
13120,0.449352,0
13121,0.679179,1
13122,0.450928,0
13123,0.536347,0
13124,0.499005,0
13125,0.474797,0
13126,0.509858,0
13127,0.538803,0
13128,0.573445,1
13129,0.544848,0
13130,0.534067,0
13131,0.534067,0
13132,0.534067,0
13133,0.515941,0
13134,0.515941,0
13135,0.534067,0
13136,0.534067,0
13137,0.494392,0
13138,0.671411,1
13139,0.344615,0
13140,0.332278,0
13141,0.368447,0
13142,0.333747,0
13143,0.333747,0
13144,0.344615,0
13145,0.346110,0
13146,0.341710,0
13147,0.347638,0
13148,0.336967,0
13149,0.340760,0
13150,0.340760,0
13151,0.362791,0
13152,0.348862,0
13153,0.339022,0
13154,0.343798,0
13155,0.341854,0
13156,0.355968,0
13157,0.345656,0
13158,0.349661,0
13159,0.349661,0
13160,0.350967,0
13161,0.343580,0
13162,0.350613,0
13163,0.343588,0
13164,0.351183,0
13165,0.348165,0
13166,0.336768,0
13167,0.358178,0
13168,0.395598,0
13169,0.333019,0
13170,0.338469,0
13171,0.332518,0
13172,0.370422,0
13173,0.364069,0
13174,0.369787,0
13175,0.354058,0
13176,0.347577,0
13177,0.354315,0
13178,0.350524,0
13179,0.351939,0
13180,0.340890,0
13181,0.349859,0
13182,0.349537,0
13183,0.337255,0
13184,0.354676,0
13185,0.357217,0
13186,0.360332,0
13187,0.452630,0
13188,0.431993,0
13189,0.383853,0
13190,0.525699,0
13191,0.347831,0
13192,0.347541,0
13193,0.472929,0
13194,0.396048,0
13195,0.396048,0
13196,0.335578,0
13197,0.335578,0
13198,0.344062,0
13199,0.332201,0
13200,0.330346,0
13201,0.329389,0
13202,0.332302,0
13203,0.330497,0
13204,0.334671,0
13205,0.329908,0
13206,0.338932,0
13207,0.329632,0
13208,0.333716,0
13209,0.333068,0
13210,0.334235,0
13211,0.332664,0
13212,0.334671,0
13213,0.348818,0
13214,0.357014,0
13215,0.341499,0
13216,0.346849,0
13217,0.346849,0
13218,0.437625,0
13219,0.360684,0
13220,0.448874,0
13221,0.409686,0
13222,0.348648,0
13223,0.331101,0
13224,0.329804,0
13225,0.340285,0
13226,0.332664,0
13227,0.332664,0
13228,0.334253,0
13229,0.333546,0
13230,0.329051,0
13231,0.328153,0
13232,0.332664,0
13233,0.335944,0
13234,0.339413,0
13235,0.344062,0
13236,0.344062,0
13237,0.329891,0
13238,0.344330,0
13239,0.329515,0
13240,0.326880,0
13241,0.327308,0
13242,0.339626,0
13243,0.336148,0
13244,0.356503,0
13245,0.349602,0
13246,0.343462,0
13247,0.432259,0
13248,0.357610,0
13249,0.490432,0
13250,0.345213,0
13251,0.331740,0
13252,0.331740,0
13253,0.337964,0
13254,0.346621,0
13255,0.356162,0
13256,0.436114,0
13257,0.341505,0
13258,0.342590,0
13259,0.369316,0
13260,0.340711,0
13261,0.363256,0
13262,0.365772,0
13263,0.338713,0
13264,0.344682,0
13265,0.401650,0
13266,0.366610,0
13267,0.341258,0
13268,0.366846,0
13269,0.352676,0
13270,0.413770,0
13271,0.328805,0
13272,0.357430,0
13273,0.388634,0
13274,0.346493,0
13275,0.331535,0
13276,0.331680,0
13277,0.359611,0
13278,0.347831,0
13279,0.365070,0
13280,0.353450,0
13281,0.356405,0
13282,0.397727,0
13283,0.347638,0
13284,0.352876,0
13285,0.336079,0
13286,0.337357,0
13287,0.379769,0
13288,0.338805,0
13289,0.374352,0
13290,0.328227,0
13291,0.347507,0
13292,0.361039,0
13293,0.341300,0
13294,0.332200,0
13295,0.436388,0
13296,0.368629,0
13297,0.348251,0
13298,0.351385,0
13299,0.379414,0
13300,0.338668,0
13301,0.373459,0
13302,0.380076,0
13303,0.355416,0
13304,0.347746,0
13305,0.344119,0
13306,0.333652,0
13307,0.352638,0
13308,0.364797,0
13309,0.349164,0
13310,0.357380,0
13311,0.337739,0
13312,0.354246,0
13313,0.470781,0
13314,0.353668,0
13315,0.341638,0
13316,0.342644,0
13317,0.344384,0
13318,0.336854,0
13319,0.336854,0
13320,0.330100,0
13321,0.343289,0
13322,0.347009,0
13323,0.343289,0
13324,0.352676,0
13325,0.344062,0
13326,0.343708,0
13327,0.346830,0
13328,0.345020,0
13329,0.342150,0
13330,0.330930,0
13331,0.327867,0
13332,0.327867,0
13333,0.326380,0
13334,0.330663,0
13335,0.340213,0
13336,0.341710,0
13337,0.339053,0
13338,0.338991,0
13339,0.351204,0
13340,0.341958,0
13341,0.338154,0
13342,0.337538,0
13343,0.355995,0
13344,0.344351,0
13345,0.339382,0
13346,0.327577,0
13347,0.347261,0
13348,0.330764,0
13349,0.330764,0
13350,0.330764,0
13351,0.338463,0
13352,0.336107,0
13353,0.343767,0
13354,0.338613,0
13355,0.335668,0
13356,0.335668,0
13357,0.339173,0
13358,0.330272,0
13359,0.333995,0
13360,0.337883,0
13361,0.331680,0
13362,0.339728,0
13363,0.341863,0
13364,0.344615,0
13365,0.338668,0
13366,0.341710,0
13367,0.335249,0
13368,0.337787,0
13369,0.330539,0
13370,0.361586,0
13371,0.340760,0
13372,0.343666,0
13373,0.341710,0
13374,0.354284,0
13375,0.331932,0
13376,0.341710,0
13377,0.341710,0
13378,0.343100,0
13379,0.341495,0
13380,0.335467,0
13381,0.336866,0
13382,0.335363,0
13383,0.344082,0
13384,0.357610,0
13385,0.341503,0
13386,0.345204,0
13387,0.345974,0
13388,0.345974,0
13389,0.345204,0
13390,0.367972,0
13391,0.349310,0
13392,0.337874,0
13393,0.342292,0
13394,0.341710,0
13395,0.349032,0
13396,0.348560,0
13397,0.348560,0
13398,0.346110,0
13399,0.333455,0
13400,0.335668,0
13401,0.335668,0
13402,0.332960,0
13403,0.338949,0
13404,0.338949,0
13405,0.344026,0
13406,0.357184,0
13407,0.343219,0
13408,0.343657,0
13409,0.343582,0
13410,0.341212,0
13411,0.343462,0
13412,0.337255,0
13413,0.335754,0
13414,0.338668,0
13415,0.338668,0
13416,0.357228,0
13417,0.388892,0
13418,0.380492,0
13419,0.453048,0
13420,0.369887,0
13421,0.349150,0
13422,0.346178,0
13423,0.444181,0
13424,0.355352,0
13425,0.370537,0
13426,0.370537,0
13427,0.359731,0
13428,0.354910,0
13429,0.343100,0
13430,0.352039,0
13431,0.343100,0
13432,0.351697,0
13433,0.354676,0
13434,0.349172,0
13435,0.360900,0
13436,0.337719,0
13437,0.337312,0
13438,0.348891,0
13439,0.348891,0
13440,0.372755,0
13441,0.383669,0
13442,0.370733,0
13443,0.380544,0
13444,0.381785,0
13445,0.380544,0
13446,0.381785,0
13447,0.383669,0
13448,0.381010,0
13449,0.380920,0
13450,0.370186,0
13451,0.383669,0
13452,0.381785,0
13453,0.368053,0
13454,0.356479,0
13455,0.361282,0
13456,0.376217,0
13457,0.371300,0
13458,0.383706,0
13459,0.386080,0
13460,0.381525,0
13461,0.333131,0
13462,0.332351,0
13463,0.339488,0
13464,0.350270,0
13465,0.350127,0
13466,0.372471,0
13467,0.337386,0
13468,0.331520,0
13469,0.345827,0
13470,0.330542,0
13471,0.348733,0
13472,0.346026,0
13473,0.350659,0
13474,0.371337,0
13475,0.407164,0
13476,0.331186,0
13477,0.336258,0
13478,0.344008,0
13479,0.343803,0
13480,0.401511,0
13481,0.406412,0
13482,0.371278,0
13483,0.347666,0
13484,0.336178,0
13485,0.333954,0
13486,0.333335,0
13487,0.348898,0
13488,0.426473,0
13489,0.429844,0
13490,0.350065,0
13491,0.335221,0
13492,0.360664,0
13493,0.401079,0
13494,0.335552,0
13495,0.335560,0
13496,0.335560,0
13497,0.394847,0
13498,0.435444,0
13499,0.361711,0
13500,0.401932,0
13501,0.342776,0
13502,0.365320,0
13503,0.383703,0
13504,0.333747,0
13505,0.357418,0
13506,0.356399,0
13507,0.349127,0
13508,0.355178,0
13509,0.352181,0
13510,0.348869,0
13511,0.344848,0
13512,0.348037,0
13513,0.343437,0
13514,0.350659,0
13515,0.349713,0
13516,0.341278,0
13517,0.333137,0
13518,0.333743,0
13519,0.338491,0
13520,0.356506,0
13521,0.369310,0
13522,0.369310,0
13523,0.386295,0
13524,0.358228,0
13525,0.378074,0
13526,0.358789,0
13527,0.358789,0
13528,0.371984,0
13529,0.364271,0
13530,0.386153,0
13531,0.378074,0
13532,0.365625,0
13533,0.365625,0
13534,0.447131,0
13535,0.377801,0
13536,0.356776,0
13537,0.389275,0
13538,0.389275,0
13539,0.401333,0
13540,0.401333,0
13541,0.414302,0
13542,0.398421,0
13543,0.392009,0
13544,0.379153,0
13545,0.357286,0
13546,0.408699,0
13547,0.392634,0
13548,0.391137,0
13549,0.364690,0
13550,0.370171,0
13551,0.376403,0
13552,0.446239,0
13553,0.821284,1
13554,0.749959,1
13555,0.451086,0
13556,0.481908,0
13557,0.772212,1
13558,0.486901,0
13559,0.531068,0
13560,0.438332,0
13561,0.429489,0
13562,0.438332,0
13563,0.693327,1
13564,0.389968,0
13565,0.342146,0
13566,0.387422,0
13567,0.338460,0
13568,0.334492,0
13569,0.358373,0
13570,0.358373,0
13571,0.426988,0
13572,0.444327,0
13573,0.426291,0
13574,0.349964,0
13575,0.476996,0
13576,0.332172,0
13577,0.342434,0
13578,0.348475,0
13579,0.333173,0
13580,0.344636,0
13581,0.377227,0
13582,0.335109,0
13583,0.338124,0
13584,0.395370,0
13585,0.378199,0
13586,0.374635,0
13587,0.356404,0
13588,0.391939,0
13589,0.399624,0
13590,0.343100,0
13591,0.394323,0
13592,0.396048,0
13593,0.346149,0
13594,0.352210,0
13595,0.342086,0
13596,0.364680,0
13597,0.363117,0
13598,0.333577,0
13599,0.347421,0
13600,0.401506,0
13601,0.340078,0
13602,0.345818,0
13603,0.368403,0
13604,0.350698,0
13605,0.388748,0
13606,0.485127,0
13607,0.339464,0
13608,0.340777,0
13609,0.340777,0
13610,0.379074,0
13611,0.333415,0
13612,0.355209,0
13613,0.330924,0
13614,0.330924,0
13615,0.330108,0
13616,0.330764,0
13617,0.340046,0
13618,0.342382,0
13619,0.364980,0
13620,0.351276,0
13621,0.345297,0
13622,0.434341,0
13623,0.395740,0
13624,0.331992,0
13625,0.366099,0
13626,0.350144,0
13627,0.374663,0
13628,0.353402,0
13629,0.339148,0
13630,0.351987,0
13631,0.333173,0
13632,0.326880,0
13633,0.393092,0
13634,0.393092,0
13635,0.332483,0
13636,0.345811,0
13637,0.368477,0
13638,0.357522,0
13639,0.373324,0
13640,0.365926,0
13641,0.420044,0
13642,0.336679,0
13643,0.454826,0
13644,0.367700,0
13645,0.374723,0
13646,0.326640,0
13647,0.375472,0
13648,0.331469,0
13649,0.391964,0
13650,0.347049,0
13651,0.353803,0
13652,0.339684,0
13653,0.347004,0
13654,0.334250,0
13655,0.335051,0
13656,0.359061,0
13657,0.379113,0
13658,0.377683,0
13659,0.379225,0
13660,0.369079,0
13661,0.373535,0
13662,0.332326,0
13663,0.378230,0
13664,0.349088,0
13665,0.369887,0
13666,0.369358,0
13667,0.346021,0
13668,0.378806,0
13669,0.375375,0
13670,0.434822,0
13671,0.444573,0
13672,0.477145,0
13673,0.353333,0
13674,0.346110,0
13675,0.346110,0
13676,0.343100,0
13677,0.343207,0
13678,0.348681,0
13679,0.344776,0
13680,0.342292,0
13681,0.326498,0
13682,0.326380,0
13683,0.326498,0
13684,0.330272,0
13685,0.330832,0
13686,0.326498,0
13687,0.330764,0
13688,0.326880,0
13689,0.326880,0
13690,0.331498,0
13691,0.327367,0
13692,0.327367,0
13693,0.327367,0
13694,0.327983,0
13695,0.326880,0
13696,0.326925,0
13697,0.326380,0
13698,0.328959,0
13699,0.326880,0
13700,0.326904,0
13701,0.327934,0
13702,0.327934,0
13703,0.330153,0
13704,0.330730,0
13705,0.329471,0
13706,0.331006,0
13707,0.344787,0
13708,0.344615,0
13709,0.335467,0
13710,0.336976,0
13711,0.340760,0
13712,0.341078,0
13713,0.340760,0
13714,0.353635,0
13715,0.360121,0
13716,0.340760,0
13717,0.342033,0
13718,0.336612,0
13719,0.340761,0
13720,0.365697,0
13721,0.365504,0
13722,0.359611,0
13723,0.398728,0
13724,0.356616,0
13725,0.339602,0
13726,0.339602,0
13727,0.359181,0
13728,0.449825,0
13729,0.341595,0
13730,0.343462,0
13731,0.399406,0
13732,0.342146,0
13733,0.342081,0
13734,0.342081,0
13735,0.346110,0
13736,0.343666,0
13737,0.346110,0
13738,0.440277,0
13739,0.341710,0
13740,0.336329,0
13741,0.339549,0
13742,0.340046,0
13743,0.339132,0
13744,0.363549,0
13745,0.363549,0
13746,0.338668,0
13747,0.344157,0
13748,0.340046,0
13749,0.337739,0
13750,0.338668,0
13751,0.336612,0
13752,0.335249,0
13753,0.338512,0
13754,0.338512,0
13755,0.340821,0
13756,0.399389,0
13757,0.342866,0
13758,0.343239,0
13759,0.351204,0
13760,0.340046,0
13761,0.387033,0
13762,0.343100,0
13763,0.337405,0
13764,0.340046,0
13765,0.341891,0
13766,0.359682,0
13767,0.360019,0
13768,0.351614,0
13769,0.330058,0
13770,0.336376,0
13771,0.333684,0
13772,0.342146,0
13773,0.329009,0
13774,0.329009,0
13775,0.335668,0
13776,0.332953,0
13777,0.326470,0
13778,0.343225,0
13779,0.336385,0
13780,0.331267,0
13781,0.326328,0
13782,0.326328,0
13783,0.350111,0
13784,0.326352,0
13785,0.326352,0
13786,0.327367,0
13787,0.327022,0
13788,0.327577,0
13789,0.354823,0
13790,0.333655,0
13791,0.333684,0
13792,0.407676,0
13793,0.368280,0
13794,0.350111,0
13795,0.374060,0
13796,0.399800,0
13797,0.336423,0
13798,0.357759,0
13799,0.331121,0
13800,0.337495,0
13801,0.339230,0
13802,0.338233,0
13803,0.417610,0
13804,0.360789,0
13805,0.348579,0
13806,0.346891,0
13807,0.373714,0
13808,0.339967,0
13809,0.338186,0
13810,0.348960,0
13811,0.340453,0
13812,0.331002,0
13813,0.331002,0
13814,0.332122,0
13815,0.334832,0
13816,0.389314,0
13817,0.384618,0
13818,0.384618,0
13819,0.388371,0
13820,0.426488,0
13821,0.425943,0
13822,0.477353,0
13823,0.427652,0
13824,0.516095,0
13825,0.339357,0
13826,0.341249,0
13827,0.337592,0
13828,0.335174,0
13829,0.360175,0
13830,0.338979,0
13831,0.346890,0
13832,0.332674,0
13833,0.416330,0
13834,0.331387,0
13835,0.331754,0
13836,0.331783,0
13837,0.336329,0
13838,0.393092,0
13839,0.329831,0
13840,0.342862,0
13841,0.339107,0
13842,0.332953,0
13843,0.355706,0
13844,0.338657,0
13845,0.332317,0
13846,0.341945,0
13847,0.335703,0
13848,0.335823,0
13849,0.329170,0
13850,0.443265,0
13851,0.332438,0
13852,0.362403,0
13853,0.329924,0
13854,0.338079,0
13855,0.363267,0
13856,0.408859,0
13857,0.367554,0
13858,0.333384,0
13859,0.391255,0
13860,0.452606,0
13861,0.396676,0
13862,0.407034,0
13863,0.651964,1
13864,0.472674,0
13865,0.327551,0
13866,0.337743,0
13867,0.336195,0
13868,0.340944,0
13869,0.330904,0
13870,0.332223,0
13871,0.328568,0
13872,0.346414,0
13873,0.331932,0
13874,0.350513,0
13875,0.331171,0
13876,0.332187,0
13877,0.339444,0
13878,0.333570,0
13879,0.350963,0
13880,0.332460,0
13881,0.347763,0
13882,0.343839,0
13883,0.328987,0
13884,0.330947,0
13885,0.339343,0
13886,0.335200,0
13887,0.328695,0
13888,0.345928,0
13889,0.328706,0
13890,0.356341,0
13891,0.330144,0
13892,0.356294,0
13893,0.389118,0
13894,0.398363,0
13895,0.360716,0
13896,0.353023,0
13897,0.333507,0
13898,0.327865,0
13899,0.326904,0
13900,0.336105,0
13901,0.336107,0
13902,0.336107,0
13903,0.334110,0
13904,0.337182,0
13905,0.337182,0
13906,0.340046,0
13907,0.342437,0
13908,0.341071,0
13909,0.339979,0
13910,0.343289,0
13911,0.343289,0
13912,0.344174,0
13913,0.341863,0
13914,0.337255,0
13915,0.342821,0
13916,0.336107,0
13917,0.342081,0
13918,0.329661,0
13919,0.329661,0
13920,0.339413,0
13921,0.330395,0
13922,0.335249,0
13923,0.335249,0
13924,0.336612,0
13925,0.338689,0
13926,0.338689,0
13927,0.336879,0
13928,0.338689,0
13929,0.342862,0
13930,0.333655,0
13931,0.334662,0
13932,0.332172,0
13933,0.332172,0
13934,0.332592,0
13935,0.332592,0
13936,0.340519,0
13937,0.329343,0
13938,0.330152,0
13939,0.337403,0
13940,0.335200,0
13941,0.336376,0
13942,0.336376,0
13943,0.327724,0
13944,0.363076,0
13945,0.336107,0
13946,0.337672,0
13947,0.337672,0
13948,0.469197,0
13949,0.345133,0
13950,0.336079,0
13951,0.337255,0
13952,0.342838,0
13953,0.342838,0
13954,0.337255,0
13955,0.343708,0
13956,0.333260,0
13957,0.341559,0
13958,0.342146,0
13959,0.342146,0
13960,0.342146,0
13961,0.363718,0
13962,0.363718,0
13963,0.363837,0
13964,0.363837,0
13965,0.337096,0
13966,0.333829,0
13967,0.337726,0
13968,0.340046,0
13969,0.337773,0
13970,0.336107,0
13971,0.338668,0
13972,0.338668,0
13973,0.340046,0
13974,0.337726,0
13975,0.338668,0
13976,0.336628,0
13977,0.351715,0
13978,0.351715,0
13979,0.347605,0
13980,0.346491,0
13981,0.346491,0
13982,0.338101,0
13983,0.343735,0
13984,0.343735,0
13985,0.342538,0
13986,0.343269,0
13987,0.340046,0
13988,0.358760,0
13989,0.338038,0
13990,0.340046,0
13991,0.338668,0
13992,0.338668,0
13993,0.338668,0
13994,0.346943,0
13995,0.346943,0
13996,0.340760,0
13997,0.349757,0
13998,0.359611,0
13999,0.337726,0
14000,0.337726,0
14001,0.337726,0
14002,0.342146,0
14003,0.337255,0
14004,0.339100,0
14005,0.338668,0
14006,0.338668,0
14007,0.339100,0
14008,0.342146,0
14009,0.348918,0
14010,0.348918,0
14011,0.337255,0
14012,0.343100,0
14013,0.347144,0
14014,0.346014,0
14015,0.336185,0
14016,0.336185,0
14017,0.336185,0
14018,0.336185,0
14019,0.336185,0
14020,0.336185,0
14021,0.332710,0
14022,0.342613,0
14023,0.335256,0
14024,0.345662,0
14025,0.377872,0
14026,0.359035,0
14027,0.333747,0
14028,0.347769,0
14029,0.495961,0
14030,0.328798,0
14031,0.395444,0
14032,0.342767,0
14033,0.402529,0
14034,0.404217,0
14035,0.339050,0
14036,0.343911,0
14037,0.346517,0
14038,0.346527,0
14039,0.353525,0
14040,0.335508,0
14041,0.334174,0
14042,0.333468,0
14043,0.328151,0
14044,0.338085,0
14045,0.329923,0
14046,0.336497,0
14047,0.336497,0
14048,0.336079,0
14049,0.336031,0
14050,0.337743,0
14051,0.368251,0
14052,0.326535,0
14053,0.331932,0
14054,0.334136,0
14055,0.349255,0
14056,0.357352,0
14057,0.343911,0
14058,0.334246,0
14059,0.337656,0
14060,0.333991,0
14061,0.346501,0
14062,0.346388,0
14063,0.442631,0
14064,0.337582,0
14065,0.355601,0
14066,0.355601,0
14067,0.348773,0
14068,0.339050,0
14069,0.341989,0
14070,0.346468,0
14071,0.357595,0
14072,0.343081,0
14073,0.349171,0
14074,0.357019,0
14075,0.395070,0
14076,0.379600,0
14077,0.342359,0
14078,0.343126,0
14079,0.338668,0
14080,0.332499,0
14081,0.339566,0
14082,0.330470,0
14083,0.370480,0
14084,0.424565,0
14085,0.339404,0
14086,0.340275,0
14087,0.352829,0
14088,0.459252,0
14089,0.414336,0
14090,0.340944,0
14091,0.362430,0
14092,0.334516,0
14093,0.334516,0
14094,0.333804,0
14095,0.356457,0
14096,0.384375,0
14097,0.353374,0
14098,0.333068,0
14099,0.333991,0
14100,0.361891,0
14101,0.335318,0
14102,0.332279,0
14103,0.345445,0
14104,0.352375,0
14105,0.341594,0
14106,0.366803,0
14107,0.344881,0
14108,0.428250,0
14109,0.358102,0
14110,0.354908,0
14111,0.357346,0
14112,0.339211,0
14113,0.345617,0
14114,0.346445,0
14115,0.349142,0
14116,0.442134,0
14117,0.342070,0
14118,0.427787,0
14119,0.412456,0
14120,0.399504,0
14121,0.399504,0
14122,0.334889,0
14123,0.400467,0
14124,0.350268,0
14125,0.334460,0
14126,0.384690,0
14127,0.333583,0
14128,0.345187,0
14129,0.344519,0
14130,0.372218,0
14131,0.398115,0
14132,0.330911,0
14133,0.391569,0
14134,0.334847,0
14135,0.402668,0
14136,0.409348,0
14137,0.385704,0
14138,0.331400,0
14139,0.332760,0
14140,0.332760,0
14141,0.331703,0
14142,0.329701,0
14143,0.349842,0
14144,0.332681,0
14145,0.334795,0
14146,0.400917,0
14147,0.405282,0
14148,0.396307,0
14149,0.402641,0
14150,0.404516,0
14151,0.365243,0
14152,0.333277,0
14153,0.352190,0
14154,0.334857,0
14155,0.333271,0
14156,0.406831,0
14157,0.338221,0
14158,0.400631,0
14159,0.361160,0
14160,0.332471,0
14161,0.364273,0
14162,0.347350,0
14163,0.347350,0
14164,0.329541,0
14165,0.329541,0
14166,0.332620,0
14167,0.334929,0
14168,0.339741,0
14169,0.345822,0
14170,0.343247,0
14171,0.343247,0
14172,0.343247,0
14173,0.348886,0
14174,0.331703,0
14175,0.331703,0
14176,0.334233,0
14177,0.334233,0
14178,0.334233,0
14179,0.334233,0
14180,0.340859,0
14181,0.344836,0
14182,0.330603,0
14183,0.345674,0
14184,0.345674,0
14185,0.406072,0
14186,0.335051,0
14187,0.331977,0
14188,0.343159,0
14189,0.344195,0
14190,0.346302,0
14191,0.345538,0
14192,0.360530,0
14193,0.406791,0
14194,0.406791,0
14195,0.382115,0
14196,0.331703,0
14197,0.390146,0
14198,0.328995,0
14199,0.340639,0
14200,0.334250,0
14201,0.331703,0
14202,0.331703,0
14203,0.334717,0
14204,0.331703,0
14205,0.339741,0
14206,0.331703,0
14207,0.329783,0
14208,0.402808,0
14209,0.359200,0
14210,0.339741,0
14211,0.358584,0
14212,0.358584,0
14213,0.356480,0
14214,0.348893,0
14215,0.330650,0
14216,0.351808,0
14217,0.425029,0
14218,0.370106,0
14219,0.331400,0
14220,0.340415,0
14221,0.340415,0
14222,0.335340,0
14223,0.335340,0
14224,0.343970,0
14225,0.369905,0
14226,0.361330,0
14227,0.366175,0
14228,0.348893,0
14229,0.356822,0
14230,0.341461,0
14231,0.371445,0
14232,0.423532,0
14233,0.360084,0
14234,0.431901,0
14235,0.382060,0
14236,0.379399,0
14237,0.390923,0
14238,0.358904,0
14239,0.434252,0
14240,0.446050,0
14241,0.414630,0
14242,0.365781,0
14243,0.389290,0
14244,0.416822,0
14245,0.468628,0
14246,0.461996,0
14247,0.380859,0
14248,0.427089,0
14249,0.362323,0
14250,0.412438,0
14251,0.431113,0
14252,0.449619,0
14253,0.413435,0
14254,0.517055,0
14255,0.466450,0
14256,0.571004,1
14257,0.435214,0
14258,0.424454,0
14259,0.429458,0
14260,0.502896,0
14261,0.427315,0
14262,0.450880,0
14263,0.459261,0
14264,0.638651,1
14265,0.595960,1
14266,0.595960,1
14267,0.722328,1
14268,0.679361,1
14269,0.328452,0
14270,0.343272,0
14271,0.367328,0
14272,0.330572,0
14273,0.364810,0
14274,0.328987,0
14275,0.328987,0
14276,0.331006,0
14277,0.327971,0
14278,0.332279,0
14279,0.461567,0
14280,0.334429,0
14281,0.334429,0
14282,0.353033,0
14283,0.360312,0
14284,0.330832,0
14285,0.364705,0
14286,0.338497,0
14287,0.328830,0
14288,0.349200,0
14289,0.338441,0
14290,0.329442,0
14291,0.333991,0
14292,0.340821,0
14293,0.357373,0
14294,0.343019,0
14295,0.329831,0
14296,0.329877,0
14297,0.329877,0
14298,0.338332,0
14299,0.338336,0
14300,0.344479,0
14301,0.344252,0
14302,0.369177,0
14303,0.343099,0
14304,0.332486,0
14305,0.331171,0
14306,0.341378,0
14307,0.340046,0
14308,0.333113,0
14309,0.354453,0
14310,0.345019,0
14311,0.337185,0
14312,0.331563,0
14313,0.369837,0
14314,0.330911,0
14315,0.332613,0
14316,0.376669,0
14317,0.411183,0
14318,0.441494,0
14319,0.344802,0
14320,0.406247,0
14321,0.340923,0
14322,0.331293,0
14323,0.331293,0
14324,0.333740,0
14325,0.390109,0
14326,0.337234,0
14327,0.334439,0
14328,0.330086,0
14329,0.331221,0
14330,0.333972,0
14331,0.333040,0
14332,0.353241,0
14333,0.338099,0
14334,0.340204,0
14335,0.340204,0
14336,0.337312,0
14337,0.329269,0
14338,0.340204,0
14339,0.356135,0
14340,0.340743,0
14341,0.424371,0
14342,0.334550,0
14343,0.334104,0
14344,0.334104,0
14345,0.432766,0
14346,0.334092,0
14347,0.334717,0
14348,0.339933,0
14349,0.335699,0
14350,0.415324,0
14351,0.333526,0
14352,0.333526,0
14353,0.331907,0
14354,0.331338,0
14355,0.331338,0
14356,0.331338,0
14357,0.330928,0
14358,0.330911,0
14359,0.431501,0
14360,0.344978,0
14361,0.344978,0
14362,0.344322,0
14363,0.337908,0
14364,0.336513,0
14365,0.333736,0
14366,0.361008,0
14367,0.429595,0
14368,0.343247,0
14369,0.331278,0
14370,0.334724,0
14371,0.332590,0
14372,0.365425,0
14373,0.461823,0
14374,0.332552,0
14375,0.331563,0
14376,0.360537,0
14377,0.336364,0
14378,0.335560,0
14379,0.350421,0
14380,0.341099,0
14381,0.401290,0
14382,0.424549,0
14383,0.331442,0
14384,0.334642,0
14385,0.363377,0
14386,0.363664,0
14387,0.355166,0
14388,0.331197,0
14389,0.331197,0
14390,0.341677,0
14391,0.341358,0
14392,0.336511,0
14393,0.331278,0
14394,0.332862,0
14395,0.338234,0
14396,0.334104,0
14397,0.431730,0
14398,0.336336,0
14399,0.334250,0
14400,0.334250,0
14401,0.348525,0
14402,0.340717,0
14403,0.331162,0
14404,0.343035,0
14405,0.331703,0
14406,0.339025,0
14407,0.417197,0
14408,0.335328,0
14409,0.329541,0
14410,0.366375,0
14411,0.336101,0
14412,0.349883,0
14413,0.402582,0
14414,0.331828,0
14415,0.329541,0
14416,0.341209,0
14417,0.333282,0
14418,0.376900,0
14419,0.331365,0
14420,0.329541,0
14421,0.331197,0
14422,0.331162,0
14423,0.373928,0
14424,0.389612,0
14425,0.367832,0
14426,0.405264,0
14427,0.375732,0
14428,0.374683,0
14429,0.384698,0
14430,0.357171,0
14431,0.372175,0
14432,0.367580,0
14433,0.368096,0
14434,0.461356,0
14435,0.357105,0
14436,0.355762,0
14437,0.479464,0
14438,0.479464,0
14439,0.479464,0
14440,0.467572,0
14441,0.491915,0
14442,0.455248,0
14443,0.396849,0
14444,0.383906,0
14445,0.353805,0
14446,0.365675,0
14447,0.470468,0
14448,0.371935,0
14449,0.367256,0
14450,0.379217,0
14451,0.356189,0
14452,0.357193,0
14453,0.359627,0
14454,0.402207,0
14455,0.479150,0
14456,0.477838,0
14457,0.382675,0
14458,0.378610,0
14459,0.357305,0
14460,0.356586,0
14461,0.432856,0
14462,0.366512,0
14463,0.392753,0
14464,0.488639,0
14465,0.356912,0
14466,0.358239,0
14467,0.360654,0
14468,0.476188,0
14469,0.378961,0
14470,0.446451,0
14471,0.357960,0
14472,0.384554,0
14473,0.452997,0
14474,0.366209,0
14475,0.357376,0
14476,0.391790,0
14477,0.368979,0
14478,0.368979,0
14479,0.439777,0
14480,0.355572,0
14481,0.352757,0
14482,0.365175,0
14483,0.370081,0
14484,0.364193,0
14485,0.387438,0
14486,0.387438,0
14487,0.365175,0
14488,0.359109,0
14489,0.449543,0
14490,0.449543,0
14491,0.504032,0
14492,0.448188,0
14493,0.387555,0
14494,0.389377,0
14495,0.417175,0
14496,0.414060,0
14497,0.491502,0
14498,0.388344,0
14499,0.449691,0
14500,0.595969,1
14501,0.385921,0
14502,0.422692,0
14503,0.384798,0
14504,0.386912,0
14505,0.416368,0
14506,0.386053,0
14507,0.425454,0
14508,0.559282,1
14509,0.389058,0
14510,0.403207,0
14511,0.385499,0
14512,0.431469,0
14513,0.461068,0
14514,0.416218,0
14515,0.411464,0
14516,0.506912,0
14517,0.473797,0
14518,0.500246,0
14519,0.500246,0
14520,0.411391,0
14521,0.467740,0
14522,0.499790,0
14523,0.538070,0
14524,0.425454,0
14525,0.523929,0
14526,0.573433,1
14527,0.419984,0
14528,0.586400,1
14529,0.483125,0
14530,0.457216,0
14531,0.423619,0
14532,0.461498,0
14533,0.467437,0
14534,0.467437,0
14535,0.427448,0
14536,0.591062,1
14537,0.427845,0
14538,0.413245,0
14539,0.574175,1
14540,0.428076,0
14541,0.532356,0
14542,0.371471,0
14543,0.382601,0
14544,0.458970,0
14545,0.493717,0
14546,0.375708,0
14547,0.371489,0
14548,0.362850,0
14549,0.362850,0
14550,0.463163,0
14551,0.439183,0
14552,0.373420,0
14553,0.361125,0
14554,0.426189,0
14555,0.386931,0
14556,0.347321,0
14557,0.377646,0
14558,0.377646,0
14559,0.404595,0
14560,0.339561,0
14561,0.365880,0
14562,0.425876,0
14563,0.368553,0
14564,0.345248,0
14565,0.415081,0
14566,0.354312,0
14567,0.457583,0
14568,0.445965,0
14569,0.447760,0
14570,0.436293,0
14571,0.381863,0
14572,0.378175,0
14573,0.517110,0
14574,0.389084,0
14575,0.491659,0
14576,0.349721,0
14577,0.367048,0
14578,0.345928,0
14579,0.457383,0
14580,0.349185,0
14581,0.338947,0
14582,0.334623,0
14583,0.356971,0
14584,0.334402,0
14585,0.336329,0
14586,0.334520,0
14587,0.359120,0
14588,0.359120,0
14589,0.348558,0
14590,0.354517,0
14591,0.364911,0
14592,0.362072,0
14593,0.342190,0
14594,0.349695,0
14595,0.357722,0
14596,0.362522,0
14597,0.362522,0
14598,0.354169,0
14599,0.363220,0
14600,0.363220,0
14601,0.362815,0
14602,0.354169,0
14603,0.359250,0
14604,0.364787,0
14605,0.343087,0
14606,0.343087,0
14607,0.359120,0
14608,0.468229,0
14609,0.353871,0
14610,0.361345,0
14611,0.375163,0
14612,0.380365,0
14613,0.352349,0
14614,0.350907,0
14615,0.400817,0
14616,0.370700,0
14617,0.357493,0
14618,0.355393,0
14619,0.401548,0
14620,0.352503,0
14621,0.389314,0
14622,0.827419,1
14623,0.793428,1
14624,0.337995,0
14625,0.333482,0
14626,0.335578,0
14627,0.340214,0
14628,0.344474,0
14629,0.331395,0
14630,0.342314,0
14631,0.352349,0
14632,0.352349,0
14633,0.334106,0
14634,0.333064,0
14635,0.338005,0
14636,0.338184,0
14637,0.334355,0
14638,0.330997,0
14639,0.334527,0
14640,0.333607,0
14641,0.352338,0
14642,0.332704,0
14643,0.332704,0
14644,0.329513,0
14645,0.334067,0
14646,0.334067,0
14647,0.338934,0
14648,0.332853,0
14649,0.329359,0
14650,0.329359,0
14651,0.333118,0
14652,0.332295,0
14653,0.341492,0
14654,0.326389,0
14655,0.326498,0
14656,0.328711,0
14657,0.355203,0
14658,0.326630,0
14659,0.328560,0
14660,0.340094,0
14661,0.328738,0
14662,0.326820,0
14663,0.338805,0
14664,0.346939,0
14665,0.326851,0
14666,0.326851,0
14667,0.327022,0
14668,0.327022,0
14669,0.346149,0
14670,0.335054,0
14671,0.329688,0
14672,0.338657,0
14673,0.334596,0
14674,0.331767,0
14675,0.331767,0
14676,0.331305,0
14677,0.341755,0
14678,0.344431,0
14679,0.332295,0
14680,0.392188,0
14681,0.353815,0
14682,0.345071,0
14683,0.342408,0
14684,0.334226,0
14685,0.398602,0
14686,0.338355,0
14687,0.349842,0
14688,0.405924,0
14689,0.348898,0
14690,0.332277,0
14691,0.331552,0
14692,0.448908,0
14693,0.345944,0
14694,0.358010,0
14695,0.353761,0
14696,0.358820,0
14697,0.337726,0
14698,0.345655,0
14699,0.329541,0
14700,0.329541,0
14701,0.338678,0
14702,0.350926,0
14703,0.332995,0
14704,0.336564,0
14705,0.335046,0
14706,0.335046,0
14707,0.396969,0
14708,0.342028,0
14709,0.336884,0
14710,0.340924,0
14711,0.343035,0
14712,0.343035,0
14713,0.331796,0
14714,0.402512,0
14715,0.335799,0
14716,0.336829,0
14717,0.336829,0
14718,0.340633,0
14719,0.340213,0
14720,0.387386,0
14721,0.330816,0
14722,0.330841,0
14723,0.330841,0
14724,0.331036,0
14725,0.344940,0
14726,0.341659,0
14727,0.349461,0
14728,0.332675,0
14729,0.330816,0
14730,0.409537,0
14731,0.444162,0
14732,0.371908,0
14733,0.331804,0
14734,0.331299,0
14735,0.350111,0
14736,0.335025,0
14737,0.350746,0
14738,0.332242,0
14739,0.370031,0
14740,0.348619,0
14741,0.354586,0
14742,0.344174,0
14743,0.337772,0
14744,0.342296,0
14745,0.342076,0
14746,0.333511,0
14747,0.332158,0
14748,0.394554,0
14749,0.407448,0
14750,0.342888,0
14751,0.354411,0
14752,0.382349,0
14753,0.413793,0
14754,0.340243,0
14755,0.340243,0
14756,0.346827,0
14757,0.398369,0
14758,0.332231,0
14759,0.331520,0
14760,0.390859,0
14761,0.410354,0
14762,0.338359,0
14763,0.463859,0
14764,0.463232,0
14765,0.356617,0
14766,0.359666,0
14767,0.377404,0
14768,0.364346,0
14769,0.355647,0
14770,0.363641,0
14771,0.370461,0
14772,0.420944,0
14773,0.396792,0
14774,0.365842,0
14775,0.360155,0
14776,0.357376,0
14777,0.426963,0
14778,0.784354,1
14779,0.382130,0
14780,0.449665,0
14781,0.434242,0
14782,0.471819,0
14783,0.381926,0
14784,0.458114,0
14785,0.455423,0
14786,0.425650,0
14787,0.487877,0
14788,0.471521,0
14789,0.826300,1
14790,0.848479,1
14791,0.848479,1
14792,0.416670,0
14793,0.523396,0
14794,0.580114,1
14795,0.340275,0
14796,0.341380,0
14797,0.332206,0
14798,0.409082,0
14799,0.331767,0
14800,0.327629,0
14801,0.331006,0
14802,0.329892,0
14803,0.338025,0
14804,0.330383,0
14805,0.330383,0
14806,0.333508,0
14807,0.334123,0
14808,0.326364,0
14809,0.334190,0
14810,0.413238,0
14811,0.341749,0
14812,0.328674,0
14813,0.329543,0
14814,0.328641,0
14815,0.337849,0
14816,0.342925,0
14817,0.341088,0
14818,0.341958,0
14819,0.332346,0
14820,0.343289,0
14821,0.342644,0
14822,0.338672,0
14823,0.339623,0
14824,0.339623,0
14825,0.339475,0
14826,0.341782,0
14827,0.345208,0
14828,0.340436,0
14829,0.334003,0
14830,0.332696,0
14831,0.330152,0
14832,0.359851,0
14833,0.344439,0
14834,0.344439,0
14835,0.327993,0
14836,0.343815,0
14837,0.330995,0
14838,0.330995,0
14839,0.329469,0
14840,0.352591,0
14841,0.339979,0
14842,0.339750,0
14843,0.339750,0
14844,0.338066,0
14845,0.329446,0
14846,0.327694,0
14847,0.326820,0
14848,0.329831,0
14849,0.331321,0
14850,0.346711,0
14851,0.334516,0
14852,0.327724,0
14853,0.333583,0
14854,0.332159,0
14855,0.368954,0
14856,0.403986,0
14857,0.334725,0
14858,0.339222,0
14859,0.339741,0
14860,0.331703,0
14861,0.348108,0
14862,0.362780,0
14863,0.331552,0
14864,0.338541,0
14865,0.335436,0
14866,0.332122,0
14867,0.331641,0
14868,0.556180,1
14869,0.343760,0
14870,0.332351,0
14871,0.342355,0
14872,0.339430,0
14873,0.380229,0
14874,0.337825,0
14875,0.418155,0
14876,0.341845,0
14877,0.346129,0
14878,0.362781,0
14879,0.362781,0
14880,0.360684,0
14881,0.334310,0
14882,0.332314,0
14883,0.340208,0
14884,0.348795,0
14885,0.348020,0
14886,0.330769,0
14887,0.329541,0
14888,0.438939,0
14889,0.329541,0
14890,0.337739,0
14891,0.337739,0
14892,0.334937,0
14893,0.349119,0
14894,0.354843,0
14895,0.346154,0
14896,0.345846,0
14897,0.359905,0
14898,0.343404,0
14899,0.330911,0
14900,0.349702,0
14901,0.342236,0
14902,0.433010,0
14903,0.344759,0
14904,0.341450,0
14905,0.342208,0
14906,0.354367,0
14907,0.395902,0
14908,0.342248,0
14909,0.331303,0
14910,0.334040,0
14911,0.331162,0
14912,0.334297,0
14913,0.332438,0
14914,0.333391,0
14915,0.331162,0
14916,0.358584,0
14917,0.341209,0
14918,0.339430,0
14919,0.334437,0
14920,0.330972,0
14921,0.330816,0
14922,0.332590,0
14923,0.335622,0
14924,0.345006,0
14925,0.427922,0
14926,0.338266,0
14927,0.358049,0
14928,0.332638,0
14929,0.337885,0
14930,0.389879,0
14931,0.342997,0
14932,0.348978,0
14933,0.444231,0
14934,0.358001,0
14935,0.349209,0
14936,0.342815,0
14937,0.334104,0
14938,0.339082,0
14939,0.355560,0
14940,0.344352,0
14941,0.331703,0
14942,0.331400,0
14943,0.346086,0
14944,0.396676,0
14945,0.381442,0
14946,0.408703,0
14947,0.358659,0
14948,0.401913,0
14949,0.377435,0
14950,0.355213,0
14951,0.357265,0
14952,0.407847,0
14953,0.380741,0
14954,0.408041,0
14955,0.379655,0
14956,0.371917,0
14957,0.368604,0
14958,0.373742,0
14959,0.372837,0
14960,0.364540,0
14961,0.366111,0
14962,0.366111,0
14963,0.375252,0
14964,0.375252,0
14965,0.392043,0
14966,0.384417,0
14967,0.445145,0
14968,0.375926,0
14969,0.372744,0
14970,0.381248,0
14971,0.456056,0
14972,0.355525,0
14973,0.382746,0
14974,0.386407,0
14975,0.372751,0
14976,0.465147,0
14977,0.367849,0
14978,0.407034,0
14979,0.424822,0
14980,0.355213,0
14981,0.356617,0
14982,0.383819,0
14983,0.447614,0
14984,0.459092,0
14985,0.428592,0
14986,0.377720,0
14987,0.389407,0
14988,0.418027,0
14989,0.426844,0
14990,0.381332,0
14991,0.366891,0
14992,0.391248,0
14993,0.373240,0
14994,0.373386,0
14995,0.406273,0
14996,0.505579,0
14997,0.589497,1
14998,0.738517,1
14999,0.556227,1
15000,0.573190,1
15001,0.519230,0
15002,0.416834,0
15003,0.497263,0
15004,0.608784,1
15005,0.732370,1
15006,0.470153,0
15007,0.505471,0
15008,0.495912,0
15009,0.714006,1
15010,0.787012,1
15011,0.800979,1
15012,0.840964,1
15013,0.833036,1
15014,0.596255,1
15015,0.425604,0
15016,0.471052,0
15017,0.421621,0
15018,0.493235,0
15019,0.570357,1
15020,0.569120,1
15021,0.420347,0
15022,0.597637,1
15023,0.456958,0
15024,0.450085,0
15025,0.459273,0
15026,0.501339,0
15027,0.525319,0
15028,0.490858,0
15029,0.435825,0
15030,0.749161,1
15031,0.535060,0
15032,0.443026,0
15033,0.435711,0
15034,0.338651,0
15035,0.376878,0
15036,0.436826,0
15037,0.465771,0
15038,0.415810,0
15039,0.340161,0
15040,0.340161,0
15041,0.349978,0
15042,0.341816,0
15043,0.331767,0
15044,0.419988,0
15045,0.445087,0
15046,0.490622,0
15047,0.399171,0
15048,0.338680,0
15049,0.343233,0
15050,0.329025,0
15051,0.389762,0
15052,0.361648,0
15053,0.371001,0
15054,0.336357,0
15055,0.515841,0
15056,0.341936,0
15057,0.412888,0
15058,0.430330,0
15059,0.342447,0
15060,0.331490,0
15061,0.349843,0
15062,0.343307,0
15063,0.341667,0
15064,0.341667,0
15065,0.348877,0
15066,0.348877,0
15067,0.444337,0
15068,0.330433,0
15069,0.348702,0
15070,0.339800,0
15071,0.373552,0
15072,0.343721,0
15073,0.339359,0
15074,0.330644,0
15075,0.330644,0
15076,0.405050,0
15077,0.404486,0
15078,0.334527,0
15079,0.334527,0
15080,0.334527,0
15081,0.345845,0
15082,0.350525,0
15083,0.359069,0
15084,0.351249,0
15085,0.513734,0
15086,0.342184,0
15087,0.367035,0
15088,0.367824,0
15089,0.352792,0
15090,0.351616,0
15091,0.350473,0
15092,0.537690,0
15093,0.411200,0
15094,0.383398,0
15095,0.416518,0
15096,0.363871,0
15097,0.486223,0
15098,0.334517,0
15099,0.335857,0
15100,0.341375,0
15101,0.341375,0
15102,0.338287,0
15103,0.344215,0
15104,0.347254,0
15105,0.372767,0
15106,0.371347,0
15107,0.348624,0
15108,0.379485,0
15109,0.344008,0
15110,0.401311,0
15111,0.330593,0
15112,0.365695,0
15113,0.365695,0
15114,0.337562,0
15115,0.337562,0
15116,0.446557,0
15117,0.401772,0
15118,0.392886,0
15119,0.401037,0
15120,0.390454,0
15121,0.344454,0
15122,0.345868,0
15123,0.393289,0
15124,0.331563,0
15125,0.331563,0
15126,0.396373,0
15127,0.339218,0
15128,0.410399,0
15129,0.353842,0
15130,0.391849,0
15131,0.352069,0
15132,0.401808,0
15133,0.356277,0
15134,0.355891,0
15135,0.349022,0
15136,0.404237,0
15137,0.410501,0
15138,0.342074,0
15139,0.394642,0
15140,0.347557,0
15141,0.347557,0
15142,0.348185,0
15143,0.420932,0
15144,0.390919,0
15145,0.331319,0
15146,0.350963,0
15147,0.391011,0
15148,0.332446,0
15149,0.456325,0
15150,0.456325,0
15151,0.348657,0
15152,0.337766,0
15153,0.376105,0
15154,0.331349,0
15155,0.337619,0
15156,0.511495,0
15157,0.362844,0
15158,0.356435,0
15159,0.390370,0
15160,0.414333,0
15161,0.412816,0
15162,0.412816,0
15163,0.362949,0
15164,0.359175,0
15165,0.473755,0
15166,0.397372,0
15167,0.355393,0
15168,0.355395,0
15169,0.363509,0
15170,0.352409,0
15171,0.353335,0
15172,0.354446,0
15173,0.405848,0
15174,0.342596,0
15175,0.385511,0
15176,0.410363,0
15177,0.364977,0
15178,0.407186,0
15179,0.387721,0
15180,0.350427,0
15181,0.340839,0
15182,0.376481,0
15183,0.371087,0
15184,0.410735,0
15185,0.395033,0
15186,0.351780,0
15187,0.335568,0
15188,0.335084,0
15189,0.357473,0
15190,0.333082,0
15191,0.412785,0
15192,0.404553,0
15193,0.404553,0
15194,0.403519,0
15195,0.494779,0
15196,0.356145,0
15197,0.356145,0
15198,0.356145,0
15199,0.356145,0
15200,0.356145,0
15201,0.356145,0
15202,0.407049,0
15203,0.398221,0
15204,0.404120,0
15205,0.404120,0
15206,0.404120,0
15207,0.404120,0
15208,0.404055,0
15209,0.332710,0
15210,0.335076,0
15211,0.474098,0
15212,0.569555,1
15213,0.466948,0
15214,0.458463,0
15215,0.451529,0
15216,0.451529,0
15217,0.466189,0
15218,0.429778,0
15219,0.427447,0
15220,0.379244,0
15221,0.459724,0
15222,0.459724,0
15223,0.514368,0
15224,0.479378,0
15225,0.461455,0
15226,0.474506,0
15227,0.460166,0
15228,0.462845,0
15229,0.462845,0
15230,0.454007,0
15231,0.453125,0
15232,0.453125,0
15233,0.458801,0
15234,0.464393,0
15235,0.461415,0
15236,0.461415,0
15237,0.454583,0
15238,0.454583,0
15239,0.461475,0
15240,0.435531,0
15241,0.436138,0
15242,0.498805,0
15243,0.395722,0
15244,0.519283,0
15245,0.433542,0
15246,0.564613,1
15247,0.595132,1
15248,0.595132,1
15249,0.544967,0
15250,0.503650,0
15251,0.457453,0
15252,0.679083,1
15253,0.683396,1
15254,0.350045,0
15255,0.360332,0
15256,0.344382,0
15257,0.341710,0
15258,0.344382,0
15259,0.346110,0
15260,0.343657,0
15261,0.353224,0
15262,0.346110,0
15263,0.355127,0
15264,0.355127,0
15265,0.355127,0
15266,0.356068,0
15267,0.341710,0
15268,0.340285,0
15269,0.346110,0
15270,0.368505,0
15271,0.346110,0
15272,0.337255,0
15273,0.343029,0
15274,0.343100,0
15275,0.343057,0
15276,0.350307,0
15277,0.356616,0
15278,0.346110,0
15279,0.346110,0
15280,0.343262,0
15281,0.343100,0
15282,0.357610,0
15283,0.354943,0
15284,0.342146,0
15285,0.343100,0
15286,0.343207,0
15287,0.341710,0
15288,0.343262,0
15289,0.352104,0
15290,0.349042,0
15291,0.350031,0
15292,0.341505,0
15293,0.369686,0
15294,0.346621,0
15295,0.356162,0
15296,0.346110,0
15297,0.346110,0
15298,0.340098,0
15299,0.341710,0
15300,0.341710,0
15301,0.343100,0
15302,0.343100,0
15303,0.340285,0
15304,0.346110,0
15305,0.343100,0
15306,0.343100,0
15307,0.441064,0
15308,0.338668,0
15309,0.337109,0
15310,0.337255,0
15311,0.335054,0
15312,0.361039,0
15313,0.343100,0
15314,0.335814,0
15315,0.343100,0
15316,0.351617,0
15317,0.348275,0
15318,0.344615,0
15319,0.344615,0
15320,0.343100,0
15321,0.342033,0
15322,0.340453,0
15323,0.346110,0
15324,0.351133,0
15325,0.351133,0
15326,0.351133,0
15327,0.335249,0
15328,0.355960,0
15329,0.349410,0
15330,0.337773,0
15331,0.347638,0
15332,0.355529,0
15333,0.328831,0
15334,0.334692,0
15335,0.349183,0
15336,0.362850,0
15337,0.347955,0
15338,0.342309,0
15339,0.342566,0
15340,0.345562,0
15341,0.352765,0
15342,0.352765,0
15343,0.354134,0
15344,0.328831,0
15345,0.334756,0
15346,0.352765,0
15347,0.334121,0
15348,0.328413,0
15349,0.335249,0
15350,0.341863,0
15351,0.338979,0
15352,0.381333,0
15353,0.334191,0
15354,0.347638,0
15355,0.347073,0
15356,0.348471,0
15357,0.339255,0
15358,0.363837,0
15359,0.351586,0
15360,0.391925,0
15361,0.836991,1
15362,0.477682,0
15363,0.342861,0
15364,0.327477,0
15365,0.355352,0
15366,0.340982,0
15367,0.333399,0
15368,0.358146,0
15369,0.345724,0
15370,0.344062,0
15371,0.340370,0
15372,0.373975,0
15373,0.343776,0
15374,0.419189,0
15375,0.353684,0
15376,0.403392,0
15377,0.403392,0
15378,0.353597,0
15379,0.344633,0
15380,0.335713,0
15381,0.349719,0
15382,0.344612,0
15383,0.342060,0
15384,0.386941,0
15385,0.337291,0
15386,0.341612,0
15387,0.363657,0
15388,0.338594,0
15389,0.336732,0
15390,0.332052,0
15391,0.334520,0
15392,0.339854,0
15393,0.332663,0
15394,0.350144,0
15395,0.342494,0
15396,0.342146,0
15397,0.338761,0
15398,0.336612,0
15399,0.343582,0
15400,0.340833,0
15401,0.439098,0
15402,0.391439,0
15403,0.347540,0
15404,0.374263,0
15405,0.344859,0
15406,0.345894,0
15407,0.346016,0
15408,0.341152,0
15409,0.341152,0
15410,0.355220,0
15411,0.341964,0
15412,0.343959,0
15413,0.343959,0
15414,0.339413,0
15415,0.344643,0
15416,0.370481,0
15417,0.362960,0
15418,0.343899,0
15419,0.351060,0
15420,0.342146,0
15421,0.356431,0
15422,0.339972,0
15423,0.340352,0
15424,0.344391,0
15425,0.366162,0
15426,0.386790,0
15427,0.358769,0
15428,0.337781,0
15429,0.339972,0
15430,0.344348,0
15431,0.363660,0
15432,0.339698,0
15433,0.343415,0
15434,0.342156,0
15435,0.349811,0
15436,0.346738,0
15437,0.334520,0
15438,0.338499,0
15439,0.334791,0
15440,0.342356,0
15441,0.342819,0
15442,0.425104,0
15443,0.365926,0
15444,0.336793,0
15445,0.338174,0
15446,0.349779,0
15447,0.344860,0
15448,0.334121,0
15449,0.349721,0
15450,0.328211,0
15451,0.328768,0
15452,0.336201,0
15453,0.338432,0
15454,0.345205,0
15455,0.336729,0
15456,0.336729,0
15457,0.329661,0
15458,0.332663,0
15459,0.335109,0
15460,0.334791,0
15461,0.339561,0
15462,0.330152,0
15463,0.339445,0
15464,0.339327,0
15465,0.328452,0
15466,0.328452,0
15467,0.330730,0
15468,0.338346,0
15469,0.340926,0
15470,0.335655,0
15471,0.328699,0
15472,0.331680,0
15473,0.331680,0
15474,0.356825,0
15475,0.339494,0
15476,0.353179,0
15477,0.367856,0
15478,0.334725,0
15479,0.401305,0
15480,0.333585,0
15481,0.454781,0
15482,0.358581,0
15483,0.349995,0
15484,0.343099,0
15485,0.330383,0
15486,0.350190,0
15487,0.332052,0
15488,0.354509,0
15489,0.341736,0
15490,0.336897,0
15491,0.344205,0
15492,0.339015,0
15493,0.330108,0
15494,0.330108,0
15495,0.335305,0
15496,0.338085,0
15497,0.362698,0
15498,0.340565,0
15499,0.347499,0
15500,0.344615,0
15501,0.408690,0
15502,0.352847,0
15503,0.336756,0
15504,0.345601,0
15505,0.343763,0
15506,0.339593,0
15507,0.328029,0
15508,0.341512,0
15509,0.348385,0
15510,0.334496,0
15511,0.334512,0
15512,0.342081,0
15513,0.341843,0
15514,0.347507,0
15515,0.337576,0
15516,0.373324,0
15517,0.364608,0
15518,0.361862,0
15519,0.361314,0
15520,0.420310,0
15521,0.363343,0
15522,0.331988,0
15523,0.334342,0
15524,0.335814,0
15525,0.357344,0
15526,0.364980,0
15527,0.335857,0
15528,0.335563,0
15529,0.340977,0
15530,0.339148,0
15531,0.367854,0
15532,0.343582,0
15533,0.361862,0
15534,0.361629,0
15535,0.326851,0
15536,0.343255,0
15537,0.363193,0
15538,0.353179,0
15539,0.357173,0
15540,0.341639,0
15541,0.364190,0
15542,0.364190,0
15543,0.368210,0
15544,0.363193,0
15545,0.363563,0
15546,0.337301,0
15547,0.355207,0
15548,0.367683,0
15549,0.335349,0
15550,0.327648,0
15551,0.334516,0
15552,0.335329,0
15553,0.335329,0
15554,0.347423,0
15555,0.337777,0
15556,0.347423,0
15557,0.347423,0
15558,0.331932,0
15559,0.331680,0
15560,0.360384,0
15561,0.337354,0
15562,0.340760,0
15563,0.327024,0
15564,0.335730,0
15565,0.349382,0
15566,0.376753,0
15567,0.330670,0
15568,0.341694,0
15569,0.343466,0
15570,0.353177,0
15571,0.342112,0
15572,0.334003,0
15573,0.329892,0
15574,0.339330,0
15575,0.350447,0
15576,0.335276,0
15577,0.342338,0
15578,0.340465,0
15579,0.338805,0
15580,0.338713,0
15581,0.329960,0
15582,0.388182,0
15583,0.388182,0
15584,0.341492,0
15585,0.334596,0
15586,0.429349,0
15587,0.338805,0
15588,0.344615,0
15589,0.326925,0
15590,0.332592,0
15591,0.332497,0
15592,0.334374,0
15593,0.332497,0
15594,0.334512,0
15595,0.334342,0
15596,0.366853,0
15597,0.352823,0
15598,0.335054,0
15599,0.364190,0
15600,0.352587,0
15601,0.371368,0
15602,0.364190,0
15603,0.361369,0
15604,0.353831,0
15605,0.332489,0
15606,0.327477,0
15607,0.329104,0
15608,0.330092,0
15609,0.334520,0
15610,0.338053,0
15611,0.341107,0
15612,0.341107,0
15613,0.345516,0
15614,0.330817,0
15615,0.347968,0
15616,0.333513,0
15617,0.389455,0
15618,0.328853,0
15619,0.333208,0
15620,0.330444,0
15621,0.333034,0
15622,0.328078,0
15623,0.328078,0
15624,0.331253,0
15625,0.333173,0
15626,0.361868,0
15627,0.343239,0
15628,0.344165,0
15629,0.353402,0
15630,0.331510,0
15631,0.333173,0
15632,0.347321,0
15633,0.344840,0
15634,0.327724,0
15635,0.433102,0
15636,0.356978,0
15637,0.352293,0
15638,0.337726,0
15639,0.404642,0
15640,0.338714,0
15641,0.338714,0
15642,0.338882,0
15643,0.426033,0
15644,0.345398,0
15645,0.335189,0
15646,0.331271,0
15647,0.346480,0
15648,0.326470,0
15649,0.327620,0
15650,0.336821,0
15651,0.335057,0
15652,0.339063,0
15653,0.337253,0
15654,0.337253,0
15655,0.330310,0
15656,0.353212,0
15657,0.332696,0
15658,0.332201,0
15659,0.344615,0
15660,0.344157,0
15661,0.344615,0
15662,0.341710,0
15663,0.363065,0
15664,0.351617,0
15665,0.387491,0
15666,0.330152,0
15667,0.342033,0
15668,0.342790,0
15669,0.344457,0
15670,0.342387,0
15671,0.348681,0
15672,0.344177,0
15673,0.342387,0
15674,0.348681,0
15675,0.348681,0
15676,0.348681,0
15677,0.343909,0
15678,0.356793,0
15679,0.346110,0
15680,0.338613,0
15681,0.345133,0
15682,0.330764,0
15683,0.331761,0
15684,0.341710,0
15685,0.341710,0
15686,0.343100,0
15687,0.341710,0
15688,0.343126,0
15689,0.331761,0
15690,0.335638,0
15691,0.395625,0
15692,0.343100,0
15693,0.347968,0
15694,0.343100,0
15695,0.344082,0
15696,0.343100,0
15697,0.343100,0
15698,0.341710,0
15699,0.393565,0
15700,0.342146,0
15701,0.327024,0
15702,0.337109,0
15703,0.337773,0
15704,0.368209,0
15705,0.355197,0
15706,0.342029,0
15707,0.335814,0
15708,0.342925,0
15709,0.339965,0
15710,0.337773,0
15711,0.338979,0
15712,0.345983,0
15713,0.358298,0
15714,0.345216,0
15715,0.345983,0
15716,0.339555,0
15717,0.337184,0
15718,0.341863,0
15719,0.354676,0
15720,0.338923,0
15721,0.339063,0
15722,0.339100,0
15723,0.339107,0
15724,0.343029,0
15725,0.334402,0
15726,0.338204,0
15727,0.332110,0
15728,0.336821,0
15729,0.363178,0
15730,0.349638,0
15731,0.347006,0
15732,0.343100,0
15733,0.346110,0
15734,0.335329,0
15735,0.335329,0
15736,0.332652,0
15737,0.335329,0
15738,0.341894,0
15739,0.341710,0
15740,0.337576,0
15741,0.345053,0
15742,0.337255,0
15743,0.339100,0
15744,0.344892,0
15745,0.341505,0
15746,0.348648,0
15747,0.348648,0
15748,0.343874,0
15749,0.340777,0
15750,0.337109,0
15751,0.337726,0
15752,0.392364,0
15753,0.337476,0
15754,0.337255,0
15755,0.339100,0
15756,0.357356,0
15757,0.341914,0
15758,0.343262,0
15759,0.340046,0
15760,0.341834,0
15761,0.351651,0
15762,0.349695,0
15763,0.335531,0
15764,0.335531,0
15765,0.335753,0
15766,0.343666,0
15767,0.344490,0
15768,0.342400,0
15769,0.349794,0
15770,0.341088,0
15771,0.337672,0
15772,0.337779,0
15773,0.335638,0
15774,0.341357,0
15775,0.330564,0
15776,0.353654,0
15777,0.336105,0
15778,0.332201,0
15779,0.342650,0
15780,0.329963,0
15781,0.335814,0
15782,0.326904,0
15783,0.327123,0
15784,0.332636,0
15785,0.336207,0
15786,0.334267,0
15787,0.330152,0
15788,0.329661,0
15789,0.418500,0
15790,0.335638,0
15791,0.334236,0
15792,0.330663,0
15793,0.334003,0
15794,0.337721,0
15795,0.334003,0
15796,0.333485,0
15797,0.340484,0
15798,0.342627,0
15799,0.342627,0
15800,0.337726,0
15801,0.342627,0
15802,0.340046,0
15803,0.422353,0
15804,0.422353,0
15805,0.343372,0
15806,0.343372,0
15807,0.350443,0
15808,0.337665,0
15809,0.343798,0
15810,0.343798,0
15811,0.341595,0
15812,0.343798,0
15813,0.343798,0
15814,0.337389,0
15815,0.342625,0
15816,0.366668,0
15817,0.348385,0
15818,0.344343,0
15819,0.348734,0
15820,0.341710,0
15821,0.339256,0
15822,0.326299,0
15823,0.328568,0
15824,0.328568,0
15825,0.328568,0
15826,0.342538,0
15827,0.331808,0
15828,0.326389,0
15829,0.337853,0
15830,0.328503,0
15831,0.328503,0
15832,0.353128,0
15833,0.337759,0
15834,0.357831,0
15835,0.350230,0
15836,0.341863,0
15837,0.347563,0
15838,0.342188,0
15839,0.348360,0
15840,0.334706,0
15841,0.333740,0
15842,0.426438,0
15843,0.351152,0
15844,0.361102,0
15845,0.360652,0
15846,0.363412,0
15847,0.353243,0
15848,0.359873,0
15849,0.357128,0
15850,0.353620,0
15851,0.335918,0
15852,0.349417,0
15853,0.339408,0
15854,0.347693,0
15855,0.335297,0
15856,0.331121,0
15857,0.338265,0
15858,0.343746,0
15859,0.349117,0
15860,0.335568,0
15861,0.339089,0
15862,0.346873,0
15863,0.342529,0
15864,0.361376,0
15865,0.362157,0
15866,0.363987,0
15867,0.339985,0
15868,0.333082,0
15869,0.329701,0
15870,0.354624,0
15871,0.344398,0
15872,0.345148,0
15873,0.345829,0
15874,0.331400,0
15875,0.333996,0
15876,0.333996,0
15877,0.331703,0
15878,0.362403,0
15879,0.350714,0
15880,0.473835,0
15881,0.345485,0
15882,0.345359,0
15883,0.344096,0
15884,0.331977,0
15885,0.430997,0
15886,0.428966,0
15887,0.347701,0
15888,0.372817,0
15889,0.384537,0
15890,0.349712,0
15891,0.395128,0
15892,0.339741,0
15893,0.349199,0
15894,0.343026,0
15895,0.331887,0
15896,0.344584,0
15897,0.329701,0
15898,0.344425,0
15899,0.345685,0
15900,0.345410,0
15901,0.359283,0
15902,0.332157,0
15903,0.405890,0
15904,0.367126,0
15905,0.388993,0
15906,0.390422,0
15907,0.332242,0
15908,0.409420,0
15909,0.333082,0
15910,0.378097,0
15911,0.352182,0
15912,0.337765,0
15913,0.339025,0
15914,0.405970,0
15915,0.405970,0
15916,0.330911,0
15917,0.333740,0
15918,0.331365,0
15919,0.354829,0
15920,0.352705,0
15921,0.391928,0
15922,0.392269,0
15923,0.337032,0
15924,0.330820,0
15925,0.336912,0
15926,0.363129,0
15927,0.361757,0
15928,0.339855,0
15929,0.445206,0
15930,0.367616,0
15931,0.369143,0
15932,0.331533,0
15933,0.425403,0
15934,0.374339,0
15935,0.374339,0
15936,0.354910,0
15937,0.341752,0
15938,0.347454,0
15939,0.344203,0
15940,0.343998,0
15941,0.347350,0
15942,0.356667,0
15943,0.341225,0
15944,0.371148,0
15945,0.350163,0
15946,0.450293,0
15947,0.336568,0
15948,0.343445,0
15949,0.342776,0
15950,0.364808,0
15951,0.397817,0
15952,0.390412,0
15953,0.408446,0
15954,0.383065,0
15955,0.352598,0
15956,0.348003,0
15957,0.357129,0
15958,0.411111,0
15959,0.360651,0
15960,0.358927,0
15961,0.334967,0
15962,0.378976,0
15963,0.355365,0
15964,0.352230,0
15965,0.338690,0
15966,0.343275,0
15967,0.410723,0
15968,0.397467,0
15969,0.348903,0
15970,0.331349,0
15971,0.355356,0
15972,0.340305,0
15973,0.478057,0
15974,0.338133,0
15975,0.359791,0
15976,0.442659,0
15977,0.501067,0
15978,0.335918,0
15979,0.343673,0
15980,0.343507,0
15981,0.332929,0
15982,0.334737,0
15983,0.348867,0
15984,0.440369,0
15985,0.345471,0
15986,0.492553,0
15987,0.492375,0
15988,0.448998,0
15989,0.334737,0
15990,0.338355,0
15991,0.333054,0
15992,0.340115,0
15993,0.330484,0
15994,0.392285,0
15995,0.343769,0
15996,0.343769,0
15997,0.347285,0
15998,0.351156,0
15999,0.336748,0
16000,0.354281,0
16001,0.345070,0
16002,0.341440,0
16003,0.351893,0
16004,0.349117,0
16005,0.362318,0
16006,0.342246,0
16007,0.381922,0
16008,0.368627,0
16009,0.339320,0
16010,0.346410,0
16011,0.413109,0
16012,0.347709,0
16013,0.355882,0
16014,0.360220,0
16015,0.353790,0
16016,0.359175,0
16017,0.413478,0
16018,0.344338,0
16019,0.346883,0
16020,0.335858,0
16021,0.331703,0
16022,0.350698,0
16023,0.389582,0
16024,0.339488,0
16025,0.420095,0
16026,0.352336,0
16027,0.331349,0
16028,0.331349,0
16029,0.355347,0
16030,0.344874,0
16031,0.350235,0
16032,0.353388,0
16033,0.504754,0
16034,0.453383,0
16035,0.357950,0
16036,0.345304,0
16037,0.377318,0
16038,0.331365,0
16039,0.350733,0
16040,0.335104,0
16041,0.338662,0
16042,0.337957,0
16043,0.385244,0
16044,0.348146,0
16045,0.434846,0
16046,0.357390,0
16047,0.384618,0
16048,0.388335,0
16049,0.409268,0
16050,0.463614,0
16051,0.406007,0
16052,0.390994,0
16053,0.410498,0
16054,0.411763,0
16055,0.408210,0
16056,0.375032,0
16057,0.355525,0
16058,0.395097,0
16059,0.386118,0
16060,0.473012,0
16061,0.412003,0
16062,0.374290,0
16063,0.463159,0
16064,0.433878,0
16065,0.402635,0
16066,0.407690,0
16067,0.382767,0
16068,0.431182,0
16069,0.431182,0
16070,0.392363,0
16071,0.382168,0
16072,0.412175,0
16073,0.472784,0
16074,0.464301,0
16075,0.423795,0
16076,0.395207,0
16077,0.395207,0
16078,0.373308,0
16079,0.465919,0
16080,0.374103,0
16081,0.391658,0
16082,0.447939,0
16083,0.470655,0
16084,0.500641,0
16085,0.402479,0
16086,0.768594,1
16087,0.545871,0
16088,0.450118,0
16089,0.605731,1
16090,0.424935,0
16091,0.751191,1
16092,0.434031,0
16093,0.573321,1
16094,0.411305,0
16095,0.411305,0
16096,0.411305,0
16097,0.443273,0
16098,0.797734,1
16099,0.763412,1
16100,0.798814,1
16101,0.777486,1
16102,0.550650,1
16103,0.819064,1
16104,0.835294,1
16105,0.607290,1
16106,0.541404,0
16107,0.425132,0
16108,0.465606,0
16109,0.474047,0
16110,0.421177,0
16111,0.658996,1
16112,0.507674,0
16113,0.452241,0
16114,0.518056,0
16115,0.424244,0
16116,0.579375,1
16117,0.528632,0
16118,0.433882,0
16119,0.629104,1
16120,0.548131,1
16121,0.484804,0
16122,0.620747,1
16123,0.429830,0
16124,0.500475,0
16125,0.612639,1
16126,0.478153,0
16127,0.667902,1
16128,0.623140,1
16129,0.671483,1
16130,0.617244,1
16131,0.410481,0
16132,0.583156,1
16133,0.498156,0
16134,0.507230,0
16135,0.643845,1
16136,0.553118,1
16137,0.650666,1
16138,0.518555,0
16139,0.754651,1
16140,0.651205,1
16141,0.653391,1
16142,0.331400,0
16143,0.566186,1
16144,0.481258,0
16145,0.619842,1
16146,0.335276,0
16147,0.340760,0
16148,0.337330,0
16149,0.341776,0
16150,0.344376,0
16151,0.352612,0
16152,0.344218,0
16153,0.338544,0
16154,0.342200,0
16155,0.344786,0
16156,0.343798,0
16157,0.344432,0
16158,0.334061,0
16159,0.336821,0
16160,0.342627,0
16161,0.342627,0
16162,0.342627,0
16163,0.342627,0
16164,0.339048,0
16165,0.339917,0
16166,0.351048,0
16167,0.351048,0
16168,0.347279,0
16169,0.339593,0
16170,0.343912,0
16171,0.340688,0
16172,0.351037,0
16173,0.344256,0
16174,0.445538,0
16175,0.337726,0
16176,0.437236,0
16177,0.353073,0
16178,0.346625,0
16179,0.333607,0
16180,0.333390,0
16181,0.332696,0
16182,0.336790,0
16183,0.335329,0
16184,0.335638,0
16185,0.337242,0
16186,0.340285,0
16187,0.337242,0
16188,0.329082,0
16189,0.328787,0
16190,0.367815,0
16191,0.337163,0
16192,0.337163,0
16193,0.331843,0
16194,0.338935,0
16195,0.337163,0
16196,0.349560,0
16197,0.372995,0
16198,0.359357,0
16199,0.332172,0
16200,0.331350,0
16201,0.332636,0
16202,0.332636,0
16203,0.337726,0
16204,0.337838,0
16205,0.337777,0
16206,0.347135,0
16207,0.333111,0
16208,0.337781,0
16209,0.337777,0
16210,0.349107,0
16211,0.332201,0
16212,0.336400,0
16213,0.343798,0
16214,0.339048,0
16215,0.335706,0
16216,0.339405,0
16217,0.341088,0
16218,0.338935,0
16219,0.343798,0
16220,0.341894,0
16221,0.341800,0
16222,0.338935,0
16223,0.338935,0
16224,0.338935,0
16225,0.338935,0
16226,0.338935,0
16227,0.342627,0
16228,0.337310,0
16229,0.326807,0
16230,0.362868,0
16231,0.362868,0
16232,0.326879,0
16233,0.334762,0
16234,0.339610,0
16235,0.330272,0
16236,0.344776,0
16237,0.342925,0
16238,0.342925,0
16239,0.344568,0
16240,0.349044,0
16241,0.343798,0
16242,0.350443,0
16243,0.342703,0
16244,0.342925,0
16245,0.338812,0
16246,0.329038,0
16247,0.326352,0
16248,0.328153,0
16249,0.344343,0
16250,0.330924,0
16251,0.351959,0
16252,0.326299,0
16253,0.337726,0
16254,0.337726,0
16255,0.333173,0
16256,0.339256,0
16257,0.343666,0
16258,0.340314,0
16259,0.335638,0
16260,0.351630,0
16261,0.344382,0
16262,0.343219,0
16263,0.348214,0
16264,0.342387,0
16265,0.346629,0
16266,0.346629,0
16267,0.368344,0
16268,0.343100,0
16269,0.346110,0
16270,0.403997,0
16271,0.341710,0
16272,0.337255,0
16273,0.337255,0
16274,0.345854,0
16275,0.344082,0
16276,0.346661,0
16277,0.343100,0
16278,0.346661,0
16279,0.339689,0
16280,0.339916,0
16281,0.336790,0
16282,0.346607,0
16283,0.326880,0
16284,0.348298,0
16285,0.348560,0
16286,0.348560,0
16287,0.356523,0
16288,0.356523,0
16289,0.346012,0
16290,0.340926,0
16291,0.347785,0
16292,0.342029,0
16293,0.339978,0
16294,0.342925,0
16295,0.341088,0
16296,0.342925,0
16297,0.342925,0
16298,0.349238,0
16299,0.331253,0
16300,0.332975,0
16301,0.353668,0
16302,0.343383,0
16303,0.345137,0
16304,0.345913,0
16305,0.340307,0
16306,0.335329,0
16307,0.335329,0
16308,0.336400,0
16309,0.331808,0
16310,0.334003,0
16311,0.334976,0
16312,0.334976,0
16313,0.333546,0
16314,0.335268,0
16315,0.342146,0
16316,0.344933,0
16317,0.370096,0
16318,0.373883,0
16319,0.337354,0
16320,0.328503,0
16321,0.328503,0
16322,0.356696,0
16323,0.353992,0
16324,0.346195,0
16325,0.352076,0
16326,0.352076,0
16327,0.337656,0
16328,0.335069,0
16329,0.337138,0
16330,0.339164,0
16331,0.336641,0
16332,0.333081,0
16333,0.343255,0
16334,0.353055,0
16335,0.337446,0
16336,0.337779,0
16337,0.330996,0
16338,0.350680,0
16339,0.344030,0
16340,0.344030,0
16341,0.339431,0
16342,0.344030,0
16343,0.342312,0
16344,0.344483,0
16345,0.342404,0
16346,0.342447,0
16347,0.334467,0
16348,0.339716,0
16349,0.337083,0
16350,0.327482,0
16351,0.332812,0
16352,0.355471,0
16353,0.340307,0
16354,0.341505,0
16355,0.340833,0
16356,0.340285,0
16357,0.340285,0
16358,0.339132,0
16359,0.342008,0
16360,0.342900,0
16361,0.332761,0
16362,0.345837,0
16363,0.346008,0
16364,0.346198,0
16365,0.339076,0
16366,0.343166,0
16367,0.348407,0
16368,0.340295,0
16369,0.357116,0
16370,0.355025,0
16371,0.339090,0
16372,0.347052,0
16373,0.361855,0
16374,0.346873,0
16375,0.441686,0
16376,0.346749,0
16377,0.330246,0
16378,0.346316,0
16379,0.334737,0
16380,0.340209,0
16381,0.347941,0
16382,0.399467,0
16383,0.347650,0
16384,0.333175,0
16385,0.330248,0
16386,0.340820,0
16387,0.330769,0
16388,0.429733,0
16389,0.346420,0
16390,0.382447,0
16391,0.331349,0
16392,0.335331,0
16393,0.337497,0
16394,0.338234,0
16395,0.338234,0
16396,0.345879,0
16397,0.349127,0
16398,0.359750,0
16399,0.341094,0
16400,0.399760,0
16401,0.376492,0
16402,0.372717,0
16403,0.397467,0
16404,0.342210,0
16405,0.352538,0
16406,0.346295,0
16407,0.360748,0
16408,0.338162,0
16409,0.335749,0
16410,0.332625,0
16411,0.345490,0
16412,0.345490,0
16413,0.337848,0
16414,0.343471,0
16415,0.342306,0
16416,0.343812,0
16417,0.343812,0
16418,0.400276,0
16419,0.400557,0
16420,0.409161,0
16421,0.392375,0
16422,0.381326,0
16423,0.478544,0
16424,0.379731,0
16425,0.389716,0
16426,0.450962,0
16427,0.465550,0
16428,0.369609,0
16429,0.375706,0
16430,0.399398,0
16431,0.492009,0
16432,0.481328,0
16433,0.481328,0
16434,0.415711,0
16435,0.415067,0
16436,0.388905,0
16437,0.493880,0
16438,0.384270,0
16439,0.737941,1
16440,0.429951,0
16441,0.531856,0
16442,0.484018,0
16443,0.337773,0
16444,0.527003,0
16445,0.339050,0
16446,0.342185,0
16447,0.347409,0
16448,0.332696,0
16449,0.342901,0
16450,0.337113,0
16451,0.338340,0
16452,0.334527,0
16453,0.337114,0
16454,0.335329,0
16455,0.335237,0
16456,0.351688,0
16457,0.354353,0
16458,0.349660,0
16459,0.351806,0
16460,0.352638,0
16461,0.351052,0
16462,0.340314,0
16463,0.332128,0
16464,0.351775,0
16465,0.351775,0
16466,0.403161,0
16467,0.352596,0
16468,0.349660,0
16469,0.425258,0
16470,0.352017,0
16471,0.417159,0
16472,0.369647,0
16473,0.371962,0
16474,0.483195,0
16475,0.492288,0
16476,0.429245,0
16477,0.333788,0
16478,0.346670,0
16479,0.346436,0
16480,0.341318,0
16481,0.331843,0
16482,0.331320,0
16483,0.332201,0
16484,0.332696,0
16485,0.334673,0
16486,0.332636,0
16487,0.337062,0
16488,0.332011,0
16489,0.332011,0
16490,0.338935,0
16491,0.338935,0
16492,0.338935,0
16493,0.334529,0
16494,0.336400,0
16495,0.336400,0
16496,0.326851,0
16497,0.327993,0
16498,0.330147,0
16499,0.329661,0
16500,0.330152,0
16501,0.337163,0
16502,0.337287,0
16503,0.337287,0
16504,0.341503,0
16505,0.334211,0
16506,0.327482,0
16507,0.328805,0
16508,0.327123,0
16509,0.335054,0
16510,0.327019,0
16511,0.327019,0
16512,0.327019,0
16513,0.327019,0
16514,0.326352,0
16515,0.326563,0
16516,0.326563,0
16517,0.326352,0
16518,0.330554,0
16519,0.458784,0
16520,0.339063,0
16521,0.348472,0
16522,0.339148,0
16523,0.369225,0
16524,0.326498,0
16525,0.328941,0
16526,0.326779,0
16527,0.329908,0
16528,0.339063,0
16529,0.331006,0
16530,0.329902,0
16531,0.329902,0
16532,0.331396,0
16533,0.335200,0
16534,0.339402,0
16535,0.339402,0
16536,0.361754,0
16537,0.431424,0
16538,0.334527,0
16539,0.328940,0
16540,0.330100,0
16541,0.329892,0
16542,0.330750,0
16543,0.328568,0
16544,0.336376,0
16545,0.345248,0
16546,0.364797,0
16547,0.453799,0
16548,0.360515,0
16549,0.333831,0
16550,0.330783,0
16551,0.346266,0
16552,0.326417,0
16553,0.331858,0
16554,0.334100,0
16555,0.334537,0
16556,0.339237,0
16557,0.337313,0
16558,0.342864,0
16559,0.344682,0
16560,0.334739,0
16561,0.343485,0
16562,0.326393,0
16563,0.371098,0
16564,0.390600,0
16565,0.405274,0
16566,0.369489,0
16567,0.383361,0
16568,0.364855,0
16569,0.355884,0
16570,0.438145,0
16571,0.333495,0
16572,0.333946,0
16573,0.334206,0
16574,0.390053,0
16575,0.368009,0
16576,0.445027,0
16577,0.332870,0
16578,0.338262,0
16579,0.348159,0
16580,0.343110,0
16581,0.343110,0
16582,0.345065,0
16583,0.337683,0
16584,0.339401,0
16585,0.348003,0
16586,0.340453,0
16587,0.496013,0
16588,0.374572,0
16589,0.333937,0
16590,0.336949,0
16591,0.338582,0
16592,0.341348,0
16593,0.346428,0
16594,0.338081,0
16595,0.349537,0
16596,0.330437,0
16597,0.330437,0
16598,0.329783,0
16599,0.341537,0
16600,0.337908,0
16601,0.348343,0
16602,0.349936,0
16603,0.402170,0
16604,0.397817,0
16605,0.443077,0
16606,0.857628,1
16607,0.857628,1
16608,0.819618,1
16609,0.532773,0
16610,0.573974,1
16611,0.663416,1
16612,0.569814,1
16613,0.496605,0
16614,0.360408,0
16615,0.337255,0
16616,0.444966,0
16617,0.336329,0
16618,0.336612,0
16619,0.359857,0
16620,0.346110,0
16621,0.337739,0
16622,0.338668,0
16623,0.340760,0
16624,0.346110,0
16625,0.348734,0
16626,0.336107,0
16627,0.344423,0
16628,0.344423,0
16629,0.348004,0
16630,0.348004,0
16631,0.356104,0
16632,0.336229,0
16633,0.337255,0
16634,0.337109,0
16635,0.333655,0
16636,0.335638,0
16637,0.350836,0
16638,0.351688,0
16639,0.338668,0
16640,0.338668,0
16641,0.339965,0
16642,0.339737,0
16643,0.341357,0
16644,0.343210,0
16645,0.341357,0
16646,0.333829,0
16647,0.334839,0
16648,0.334342,0
16649,0.337779,0
16650,0.341559,0
16651,0.333829,0
16652,0.335249,0
16653,0.333829,0
16654,0.344703,0
16655,0.337739,0
16656,0.342965,0
16657,0.336229,0
16658,0.334839,0
16659,0.342033,0
16660,0.370376,0
16661,0.340760,0
16662,0.349238,0
16663,0.350431,0
16664,0.339148,0
16665,0.335638,0
16666,0.343582,0
16667,0.347248,0
16668,0.342081,0
16669,0.342146,0
16670,0.337592,0
16671,0.347253,0
16672,0.345234,0
16673,0.352494,0
16674,0.336830,0
16675,0.337255,0
16676,0.338979,0
16677,0.341863,0
16678,0.341863,0
16679,0.344177,0
16680,0.377103,0
16681,0.448505,0
16682,0.337758,0
16683,0.343936,0
16684,0.343936,0
16685,0.343812,0
16686,0.343936,0
16687,0.343936,0
16688,0.347255,0
16689,0.344491,0
16690,0.493933,0
16691,0.525307,0
16692,0.458807,0
16693,0.393777,0
16694,0.396483,0
16695,0.394201,0
16696,0.372040,0
16697,0.365686,0
16698,0.365686,0
16699,0.365686,0
16700,0.345079,0
16701,0.341265,0
16702,0.345053,0
16703,0.345053,0
16704,0.345053,0
16705,0.345053,0
16706,0.345053,0
16707,0.346012,0
16708,0.337576,0
16709,0.337576,0
16710,0.337576,0
16711,0.343087,0
16712,0.340285,0
16713,0.342081,0
16714,0.352104,0
16715,0.342440,0
16716,0.371193,0
16717,0.348734,0
16718,0.355542,0
16719,0.347628,0
16720,0.352726,0
16721,0.343219,0
16722,0.342033,0
16723,0.397224,0
16724,0.485250,0
16725,0.438450,0
16726,0.353252,0
16727,0.363235,0
16728,0.350659,0
16729,0.351586,0
16730,0.452136,0
16731,0.872848,1
16732,0.625651,1
16733,0.331305,0
16734,0.328738,0
16735,0.331141,0
16736,0.328153,0
16737,0.332636,0
16738,0.332636,0
16739,0.333330,0
16740,0.330131,0
16741,0.330131,0
16742,0.328738,0
16743,0.328738,0
16744,0.340550,0
16745,0.326755,0
16746,0.326755,0
16747,0.357711,0
16748,0.342117,0
16749,0.334830,0
16750,0.379257,0
16751,0.422522,0
16752,0.341828,0
16753,0.332452,0
16754,0.341896,0
16755,0.334795,0
16756,0.331767,0
16757,0.338497,0
16758,0.332203,0
16759,0.331740,0
16760,0.332888,0
16761,0.339050,0
16762,0.326755,0
16763,0.332203,0
16764,0.341698,0
16765,0.341698,0
16766,0.338148,0
16767,0.344509,0
16768,0.330264,0
16769,0.327248,0
16770,0.329058,0
16771,0.328568,0
16772,0.327189,0
16773,0.327189,0
16774,0.326807,0
16775,0.326807,0
16776,0.326807,0
16777,0.340735,0
16778,0.332930,0
16779,0.332930,0
16780,0.331767,0
16781,0.336400,0
16782,0.336400,0
16783,0.339368,0
16784,0.344926,0
16785,0.344926,0
16786,0.335207,0
16787,0.343721,0
16788,0.332420,0
16789,0.334662,0
16790,0.334662,0
16791,0.335129,0
16792,0.328452,0
16793,0.326470,0
16794,0.329892,0
16795,0.326393,0
16796,0.350578,0
16797,0.337694,0
16798,0.332346,0
16799,0.330257,0
16800,0.340904,0
16801,0.328687,0
16802,0.331774,0
16803,0.335081,0
16804,0.330928,0
16805,0.327482,0
16806,0.327724,0
16807,0.326038,0
16808,0.328768,0
16809,0.326628,0
16810,0.327189,0
16811,0.327189,0
16812,0.326851,0
16813,0.327022,0
16814,0.332346,0
16815,0.338801,0
16816,0.338129,0
16817,0.329359,0
16818,0.331767,0
16819,0.342804,0
16820,0.430060,0
16821,0.342804,0
16822,0.437674,0
16823,0.335324,0
16824,0.341927,0
16825,0.428954,0
16826,0.340497,0
16827,0.330745,0
16828,0.361017,0
16829,0.344976,0
16830,0.338354,0
16831,0.333122,0
16832,0.348132,0
16833,0.345327,0
16834,0.352671,0
16835,0.338727,0
16836,0.337210,0
16837,0.333175,0
16838,0.333175,0
16839,0.333834,0
16840,0.333834,0
16841,0.329701,0
16842,0.329701,0
16843,0.329701,0
16844,0.332015,0
16845,0.415054,0
16846,0.330878,0
16847,0.330878,0
16848,0.341912,0
16849,0.332094,0
16850,0.330769,0
16851,0.330848,0
16852,0.359531,0
16853,0.343743,0
16854,0.346997,0
16855,0.332620,0
16856,0.344488,0
16857,0.343743,0
16858,0.343743,0
16859,0.360326,0
16860,0.332785,0
16861,0.332183,0
16862,0.424053,0
16863,0.333807,0
16864,0.347004,0
16865,0.367399,0
16866,0.339545,0
16867,0.349703,0
16868,0.330911,0
16869,0.340923,0
16870,0.343339,0
16871,0.331364,0
16872,0.429774,0
16873,0.429774,0
16874,0.342121,0
16875,0.340144,0
16876,0.342554,0
16877,0.358705,0
16878,0.369164,0
16879,0.339573,0
16880,0.339573,0
16881,0.331588,0
16882,0.331796,0
16883,0.335256,0
16884,0.333122,0
16885,0.332347,0
16886,0.332347,0
16887,0.342121,0
16888,0.343180,0
16889,0.333471,0
16890,0.333150,0
16891,0.335622,0
16892,0.337426,0
16893,0.342778,0
16894,0.418275,0
16895,0.363253,0
16896,0.335324,0
16897,0.335779,0
16898,0.332645,0
16899,0.332645,0
16900,0.332122,0
16901,0.341952,0
16902,0.330248,0
16903,0.331230,0
16904,0.331156,0
16905,0.332620,0
16906,0.332122,0
16907,0.332122,0
16908,0.332122,0
16909,0.412757,0
16910,0.359170,0
16911,0.341828,0
16912,0.428217,0
16913,0.426994,0
16914,0.343999,0
16915,0.358659,0
16916,0.357265,0
16917,0.393757,0
16918,0.381807,0
16919,0.358986,0
16920,0.354720,0
16921,0.360300,0
16922,0.372674,0
16923,0.440506,0
16924,0.354646,0
16925,0.354646,0
16926,0.365613,0
16927,0.382399,0
16928,0.445648,0
16929,0.443811,0
16930,0.383803,0
16931,0.385801,0
16932,0.385129,0
16933,0.385129,0
16934,0.385023,0
16935,0.445648,0
16936,0.385801,0
16937,0.383458,0
16938,0.482300,0
16939,0.528783,0
16940,0.443540,0
16941,0.411667,0
16942,0.417950,0
16943,0.573422,1
16944,0.334107,0
16945,0.331774,0
16946,0.405395,0
16947,0.345148,0
16948,0.345660,0
16949,0.345660,0
16950,0.326813,0
16951,0.326813,0
16952,0.350580,0
16953,0.347827,0
16954,0.330894,0
16955,0.344479,0
16956,0.403829,0
16957,0.413402,0
16958,0.425833,0
16959,0.424659,0
16960,0.417178,0
16961,0.416325,0
16962,0.398490,0
16963,0.330911,0
16964,0.339687,0
16965,0.351017,0
16966,0.412153,0
16967,0.334857,0
16968,0.333137,0
16969,0.340724,0
16970,0.341677,0
16971,0.397047,0
16972,0.331703,0
16973,0.350743,0
16974,0.397639,0
16975,0.401954,0
16976,0.351760,0
16977,0.395023,0
16978,0.453791,0
16979,0.363178,0
16980,0.412970,0
16981,0.639287,1
16982,0.419717,0
16983,0.658587,1
16984,0.336256,0
16985,0.337556,0
16986,0.329877,0
16987,0.330100,0
16988,0.329877,0
16989,0.329471,0
16990,0.330092,0
16991,0.331390,0
16992,0.330875,0
16993,0.331858,0
16994,0.341891,0
16995,0.343582,0
16996,0.329584,0
16997,0.352773,0
16998,0.348268,0
16999,0.362926,0
17000,0.348001,0
17001,0.326779,0
17002,0.330864,0
17003,0.334996,0
17004,0.335107,0
17005,0.333878,0
17006,0.329569,0
17007,0.327695,0
17008,0.326903,0
17009,0.337391,0
17010,0.354155,0
17011,0.329632,0
17012,0.342661,0
17013,0.349525,0
17014,0.333162,0
17015,0.366076,0
17016,0.350172,0
17017,0.339205,0
17018,0.344144,0
17019,0.335799,0
17020,0.474324,0
17021,0.371963,0
17022,0.328834,0
17023,0.331002,0
17024,0.344447,0
17025,0.340862,0
17026,0.351976,0
17027,0.329543,0
17028,0.329543,0
17029,0.329543,0
17030,0.330973,0
17031,0.330720,0
17032,0.330720,0
17033,0.326762,0
17034,0.328970,0
17035,0.327494,0
17036,0.326820,0
17037,0.327993,0
17038,0.327993,0
17039,0.348480,0
17040,0.412469,0
17041,0.326393,0
17042,0.329543,0
17043,0.340760,0
17044,0.343411,0
17045,0.343411,0
17046,0.329844,0
17047,0.332074,0
17048,0.337726,0
17049,0.337726,0
17050,0.338668,0
17051,0.338668,0
17052,0.338668,0
17053,0.337640,0
17054,0.337640,0
17055,0.340151,0
17056,0.340913,0
17057,0.338668,0
17058,0.338668,0
17059,0.343019,0
17060,0.335117,0
17061,0.331701,0
17062,0.335117,0
17063,0.331701,0
17064,0.332636,0
17065,0.332636,0
17066,0.336288,0
17067,0.344280,0
17068,0.335200,0
17069,0.332636,0
17070,0.326851,0
17071,0.387762,0
17072,0.332271,0
17073,0.333208,0
17074,0.326879,0
17075,0.326879,0
17076,0.329570,0
17077,0.327435,0
17078,0.491973,0
17079,0.488794,0
17080,0.488794,0
17081,0.347388,0
17082,0.327993,0
17083,0.331705,0
17084,0.385605,0
17085,0.412174,0
17086,0.386319,0
17087,0.331113,0
17088,0.332704,0
17089,0.329170,0
17090,0.328740,0
17091,0.328568,0
17092,0.337895,0
17093,0.326844,0
17094,0.326844,0
17095,0.329902,0
17096,0.329902,0
17097,0.331769,0
17098,0.329902,0
17099,0.327022,0
17100,0.327022,0
17101,0.327189,0
17102,0.326820,0
17103,0.326820,0
17104,0.327367,0
17105,0.331141,0
17106,0.329877,0
17107,0.331576,0
17108,0.330058,0
17109,0.328883,0
17110,0.333314,0
17111,0.328568,0
17112,0.330108,0
17113,0.333064,0
17114,0.333064,0
17115,0.333064,0
17116,0.326925,0
17117,0.406747,0
17118,0.329246,0
17119,0.332637,0
17120,0.330108,0
17121,0.330108,0
17122,0.330108,0
17123,0.330108,0
17124,0.330108,0
17125,0.331074,0
17126,0.331074,0
17127,0.330924,0
17128,0.331761,0
17129,0.331761,0
17130,0.331992,0
17131,0.340581,0
17132,0.333576,0
17133,0.331589,0
17134,0.329661,0
17135,0.330346,0
17136,0.329688,0
17137,0.329012,0
17138,0.337779,0
17139,0.332555,0
17140,0.331033,0
17141,0.335166,0
17142,0.326733,0
17143,0.326733,0
17144,0.342192,0
17145,0.337697,0
17146,0.375980,0
17147,0.331761,0
17148,0.327482,0
17149,0.327482,0
17150,0.329885,0
17151,0.331672,0
17152,0.334984,0
17153,0.342506,0
17154,0.333558,0
17155,0.332201,0
17156,0.344849,0
17157,0.337242,0
17158,0.334491,0
17159,0.369974,0
17160,0.369974,0
17161,0.330346,0
17162,0.330346,0
17163,0.340511,0
17164,0.333513,0
17165,0.338168,0
17166,0.333173,0
17167,0.339402,0
17168,0.339402,0
17169,0.331761,0
17170,0.336376,0
17171,0.336376,0
17172,0.326755,0
17173,0.355171,0
17174,0.380426,0
17175,0.329500,0
17176,0.332089,0
17177,0.428856,0
17178,0.446455,0
17179,0.326925,0
17180,0.334374,0
17181,0.357429,0
17182,0.335363,0
17183,0.355164,0
17184,0.346772,0
17185,0.334520,0
17186,0.331843,0
17187,0.327189,0
17188,0.327189,0
17189,0.333173,0
17190,0.335200,0
17191,0.334107,0
17192,0.326393,0
17193,0.327620,0
17194,0.337785,0
17195,0.333891,0
17196,0.333891,0
17197,0.376044,0
17198,0.336509,0
17199,0.336509,0
17200,0.333939,0
17201,0.327922,0
17202,0.330368,0
17203,0.334429,0
17204,0.331988,0
17205,0.329885,0
17206,0.331814,0
17207,0.338979,0
17208,0.334596,0
17209,0.334596,0
17210,0.337779,0
17211,0.337779,0
17212,0.328540,0
17213,0.334167,0
17214,0.336229,0
17215,0.329963,0
17216,0.329963,0
17217,0.330523,0
17218,0.330523,0
17219,0.417094,0
17220,0.327983,0
17221,0.331535,0
17222,0.338657,0
17223,0.334976,0
17224,0.332840,0
17225,0.347643,0
17226,0.347643,0
17227,0.328461,0
17228,0.334059,0
17229,0.331680,0
17230,0.331680,0
17231,0.327600,0
17232,0.332346,0
17233,0.340094,0
17234,0.330178,0
17235,0.347799,0
17236,0.347799,0
17237,0.335436,0
17238,0.337314,0
17239,0.342848,0
17240,0.334296,0
17241,0.361747,0
17242,0.330769,0
17243,0.360063,0
17244,0.331977,0
17245,0.333038,0
17246,0.330672,0
17247,0.333054,0
17248,0.334574,0
17249,0.345432,0
17250,0.341615,0
17251,0.350276,0
17252,0.334297,0
17253,0.331162,0
17254,0.336683,0
17255,0.331703,0
17256,0.343545,0
17257,0.351045,0
17258,0.343795,0
17259,0.467392,0
17260,0.350302,0
17261,0.340883,0
17262,0.332026,0
17263,0.332605,0
17264,0.355563,0
17265,0.331389,0
17266,0.331389,0
17267,0.412112,0
17268,0.333772,0
17269,0.333772,0
17270,0.377326,0
17271,0.417502,0
17272,0.335454,0
17273,0.331121,0
17274,0.335882,0
17275,0.336223,0
17276,0.336454,0
17277,0.330365,0
17278,0.330365,0
17279,0.331349,0
17280,0.346118,0
17281,0.331074,0
17282,0.332318,0
17283,0.409364,0
17284,0.334708,0
17285,0.336513,0
17286,0.336513,0
17287,0.367812,0
17288,0.351142,0
17289,0.351142,0
17290,0.351645,0
17291,0.401614,0
17292,0.333345,0
17293,0.342052,0
17294,0.334991,0
17295,0.336920,0
17296,0.349088,0
17297,0.345879,0
17298,0.331121,0
17299,0.356168,0
17300,0.340560,0
17301,0.371370,0
17302,0.461406,0
17303,0.460678,0
17304,0.378203,0
17305,0.355938,0
17306,0.360078,0
17307,0.360078,0
17308,0.788078,1
17309,0.806417,1
17310,0.391380,0
17311,0.463890,0
17312,0.428563,0
17313,0.513685,0
17314,0.488251,0
17315,0.722116,1
17316,0.627477,1
17317,0.517909,0
17318,0.416356,0
17319,0.800979,1
17320,0.336107,0
17321,0.341714,0
17322,0.347638,0
17323,0.341863,0
17324,0.341863,0
17325,0.340285,0
17326,0.373302,0
17327,0.344010,0
17328,0.343262,0
17329,0.357014,0
17330,0.465569,0
17331,0.353287,0
17332,0.352291,0
17333,0.396095,0
17334,0.381353,0
17335,0.340863,0
17336,0.353649,0
17337,0.338668,0
17338,0.364910,0
17339,0.350146,0
17340,0.350146,0
17341,0.350533,0
17342,0.376632,0
17343,0.356304,0
17344,0.365504,0
17345,0.346687,0
17346,0.355542,0
17347,0.439231,0
17348,0.339255,0
17349,0.337739,0
17350,0.339222,0
17351,0.337739,0
17352,0.335814,0
17353,0.376565,0
17354,0.330670,0
17355,0.476816,0
17356,0.381290,0
17357,0.350609,0
17358,0.398485,0
17359,0.363537,0
17360,0.361038,0
17361,0.381742,0
17362,0.412400,0
17363,0.434620,0
17364,0.397606,0
17365,0.347756,0
17366,0.398633,0
17367,0.404395,0
17368,0.430856,0
17369,0.381381,0
17370,0.452164,0
17371,0.379688,0
17372,0.364776,0
17373,0.370679,0
17374,0.351939,0
17375,0.391787,0
17376,0.390004,0
17377,0.462460,0
17378,0.350061,0
17379,0.414109,0
17380,0.467162,0
17381,0.441033,0
17382,0.359180,0
17383,0.352254,0
17384,0.385973,0
17385,0.374790,0
17386,0.336329,0
17387,0.370537,0
17388,0.356714,0
17389,0.384808,0
17390,0.808602,1
17391,0.656923,1
17392,0.353793,0
17393,0.355872,0
17394,0.356231,0
17395,0.348275,0
17396,0.348275,0
17397,0.348275,0
17398,0.366237,0
17399,0.354474,0
17400,0.351987,0
17401,0.404200,0
17402,0.346110,0
17403,0.362447,0
17404,0.442758,0
17405,0.441770,0
17406,0.352056,0
17407,0.354474,0
17408,0.354474,0
17409,0.343100,0
17410,0.349042,0
17411,0.335713,0
17412,0.355171,0
17413,0.353128,0
17414,0.348565,0
17415,0.356038,0
17416,0.369316,0
17417,0.355819,0
17418,0.357610,0
17419,0.349702,0
17420,0.357610,0
17421,0.354676,0
17422,0.407111,0
17423,0.337367,0
17424,0.326470,0
17425,0.339951,0
17426,0.354516,0
17427,0.356801,0
17428,0.356263,0
17429,0.368451,0
17430,0.357610,0
17431,0.351987,0
17432,0.351987,0
17433,0.351987,0
17434,0.351987,0
17435,0.444461,0
17436,0.348580,0
17437,0.355529,0
17438,0.356966,0
17439,0.366187,0
17440,0.347617,0
17441,0.351136,0
17442,0.351136,0
17443,0.351987,0
17444,0.351699,0
17445,0.358019,0
17446,0.348417,0
17447,0.348417,0
17448,0.348417,0
17449,0.350595,0
17450,0.358073,0
17451,0.354246,0
17452,0.398360,0
17453,0.354246,0
17454,0.356110,0
17455,0.350595,0
17456,0.378238,0
17457,0.414316,0
17458,0.354246,0
17459,0.346012,0
17460,0.343427,0
17461,0.346012,0
17462,0.352895,0
17463,0.366636,0
17464,0.386898,0
17465,0.354246,0
17466,0.374790,0
17467,0.359209,0
17468,0.359209,0
17469,0.348565,0
17470,0.341317,0
17471,0.353412,0
17472,0.344082,0
17473,0.352107,0
17474,0.379009,0
17475,0.361321,0
17476,0.332366,0
17477,0.330764,0
17478,0.335676,0
17479,0.328029,0
17480,0.334374,0
17481,0.332497,0
17482,0.328831,0
17483,0.331988,0
17484,0.326755,0
17485,0.334520,0
17486,0.335109,0
17487,0.400038,0
17488,0.400038,0
17489,0.344082,0
17490,0.335200,0
17491,0.348648,0
17492,0.341242,0
17493,0.340285,0
17494,0.338668,0
17495,0.355127,0
17496,0.353546,0
17497,0.395250,0
17498,0.336699,0
17499,0.337726,0
17500,0.343057,0
17501,0.344627,0
17502,0.360383,0
17503,0.342861,0
17504,0.353140,0
17505,0.337020,0
17506,0.331614,0
17507,0.375525,0
17508,0.335249,0
17509,0.332052,0
17510,0.339825,0
17511,0.339825,0
17512,0.344289,0
17513,0.339466,0
17514,0.346865,0
17515,0.345190,0
17516,0.369742,0
17517,0.348501,0
17518,0.360275,0
17519,0.350854,0
17520,0.337734,0
17521,0.346801,0
17522,0.328940,0
17523,0.335795,0
17524,0.345151,0
17525,0.345151,0
17526,0.334384,0
17527,0.334821,0
17528,0.328153,0
17529,0.331756,0
17530,0.332448,0
17531,0.348829,0
17532,0.343495,0
17533,0.328593,0
17534,0.340157,0
17535,0.338497,0
17536,0.338497,0
17537,0.332187,0
17538,0.328658,0
17539,0.357520,0
17540,0.353524,0
17541,0.367518,0
17542,0.353524,0
17543,0.350249,0
17544,0.350249,0
17545,0.350492,0
17546,0.378074,0
17547,0.354540,0
17548,0.354540,0
17549,0.357012,0
17550,0.357012,0
17551,0.354540,0
17552,0.354540,0
17553,0.396429,0
17554,0.401002,0
17555,0.352544,0
17556,0.351797,0
17557,0.347389,0
17558,0.347389,0
17559,0.394488,0
17560,0.392425,0
17561,0.378553,0
17562,0.336568,0
17563,0.339202,0
17564,0.356396,0
17565,0.350707,0
17566,0.350707,0
17567,0.350707,0
17568,0.423470,0
17569,0.337765,0
17570,0.349237,0
17571,0.355307,0
17572,0.345680,0
17573,0.349127,0
17574,0.339786,0
17575,0.364574,0
17576,0.353815,0
17577,0.336542,0
17578,0.337765,0
17579,0.337179,0
17580,0.350705,0
17581,0.353550,0
17582,0.357280,0
17583,0.418608,0
17584,0.409369,0
17585,0.423582,0
17586,0.399307,0
17587,0.399004,0
17588,0.408829,0
17589,0.405283,0
17590,0.413001,0
17591,0.336897,0
17592,0.413941,0
17593,0.393989,0
17594,0.415852,0
17595,0.415852,0
17596,0.456226,0
17597,0.371871,0
17598,0.417921,0
17599,0.359860,0
17600,0.457948,0
17601,0.433419,0
17602,0.333399,0
17603,0.351626,0
17604,0.342123,0
17605,0.331788,0
17606,0.331988,0
17607,0.358324,0
17608,0.339260,0
17609,0.373462,0
17610,0.349075,0
17611,0.349075,0
17612,0.337742,0
17613,0.334596,0
17614,0.333485,0
17615,0.337781,0
17616,0.336400,0
17617,0.336400,0
17618,0.355220,0
17619,0.340728,0
17620,0.343358,0
17621,0.339970,0
17622,0.344897,0
17623,0.348075,0
17624,0.350443,0
17625,0.345979,0
17626,0.345979,0
17627,0.342925,0
17628,0.342925,0
17629,0.342925,0
17630,0.341336,0
17631,0.337665,0
17632,0.337163,0
17633,0.328641,0
17634,0.334976,0
17635,0.337692,0
17636,0.330534,0
17637,0.328907,0
17638,0.332446,0
17639,0.327724,0
17640,0.332172,0
17641,0.341800,0
17642,0.343019,0
17643,0.329804,0
17644,0.329617,0
17645,0.339083,0
17646,0.337832,0
17647,0.329661,0
17648,0.332346,0
17649,0.336047,0
17650,0.332201,0
17651,0.334821,0
17652,0.326820,0
17653,0.350985,0
17654,0.350985,0
17655,0.330551,0
17656,0.336840,0
17657,0.336840,0
17658,0.336840,0
17659,0.328153,0
17660,0.327084,0
17661,0.335578,0
17662,0.332201,0
17663,0.341733,0
17664,0.332483,0
17665,0.332483,0
17666,0.332636,0
17667,0.333300,0
17668,0.337154,0
17669,0.329403,0
17670,0.434562,0
17671,0.351472,0
17672,0.346557,0
17673,0.346605,0
17674,0.346502,0
17675,0.345933,0
17676,0.350948,0
17677,0.350948,0
17678,0.345827,0
17679,0.345493,0
17680,0.345827,0
17681,0.351045,0
17682,0.343515,0
17683,0.423862,0
17684,0.352724,0
17685,0.340081,0
17686,0.359056,0
17687,0.344820,0
17688,0.345748,0
17689,0.353925,0
17690,0.343169,0
17691,0.345748,0
17692,0.404567,0
17693,0.345048,0
17694,0.351352,0
17695,0.336572,0
17696,0.355262,0
17697,0.350948,0
17698,0.350948,0
17699,0.351893,0
17700,0.350254,0
17701,0.343463,0
17702,0.349911,0
17703,0.338007,0
17704,0.338007,0
17705,0.342246,0
17706,0.346749,0
17707,0.346749,0
17708,0.344958,0
17709,0.334843,0
17710,0.333326,0
17711,0.338153,0
17712,0.334462,0
17713,0.342544,0
17714,0.338882,0
17715,0.331588,0
17716,0.330878,0
17717,0.346519,0
17718,0.331696,0
17719,0.332710,0
17720,0.348066,0
17721,0.329725,0
17722,0.332347,0
17723,0.330272,0
17724,0.339477,0
17725,0.330878,0
17726,0.336903,0
17727,0.338822,0
17728,0.338904,0
17729,0.338977,0
17730,0.343110,0
17731,0.340980,0
17732,0.340980,0
17733,0.339147,0
17734,0.339147,0
17735,0.339147,0
17736,0.331796,0
17737,0.329541,0
17738,0.337766,0
17739,0.330501,0
17740,0.435437,0
17741,0.330248,0
17742,0.335799,0
17743,0.335774,0
17744,0.333175,0
17745,0.333585,0
17746,0.329929,0
17747,0.333326,0
17748,0.333326,0
17749,0.338227,0
17750,0.338904,0
17751,0.336032,0
17752,0.329566,0
17753,0.330501,0
17754,0.354330,0
17755,0.336884,0
17756,0.361323,0
17757,0.340291,0
17758,0.341443,0
17759,0.333711,0
17760,0.333428,0
17761,0.332190,0
17762,0.338968,0
17763,0.333277,0
17764,0.332312,0
17765,0.332645,0
17766,0.331635,0
17767,0.331907,0
17768,0.401811,0
17769,0.332335,0
17770,0.332359,0
17771,0.329957,0
17772,0.370146,0
17773,0.460809,0
17774,0.379420,0
17775,0.481596,0
17776,0.481596,0
17777,0.388755,0
17778,0.377314,0
17779,0.378323,0
17780,0.404098,0
17781,0.439741,0
17782,0.383529,0
17783,0.381658,0
17784,0.379299,0
17785,0.379420,0
17786,0.379458,0
17787,0.379358,0
17788,0.378983,0
17789,0.378983,0
17790,0.378983,0
17791,0.377134,0
17792,0.366654,0
17793,0.367789,0
17794,0.363547,0
17795,0.462313,0
17796,0.356980,0
17797,0.363219,0
17798,0.354558,0
17799,0.380419,0
17800,0.356210,0
17801,0.383620,0
17802,0.418970,0
17803,0.408098,0
17804,0.428194,0
17805,0.384940,0
17806,0.711780,1
17807,0.779065,1
17808,0.549941,1
17809,0.549941,1
17810,0.549941,1
17811,0.549941,1
17812,0.424498,0
17813,0.606554,1
17814,0.474731,0
17815,0.748579,1
17816,0.840395,1
17817,0.839259,1
17818,0.806417,1
17819,0.816850,1
17820,0.800437,1
17821,0.727679,1
17822,0.506427,0
17823,0.576115,1
17824,0.440831,0
17825,0.515137,0
17826,0.724600,1
17827,0.335604,0
17828,0.329631,0
17829,0.329892,0
17830,0.334310,0
17831,0.330972,0
17832,0.330793,0
17833,0.331767,0
17834,0.352006,0
17835,0.329371,0
17836,0.341649,0
17837,0.343052,0
17838,0.349753,0
17839,0.331387,0
17840,0.331949,0
17841,0.338497,0
17842,0.336611,0
17843,0.328568,0
17844,0.330092,0
17845,0.420121,0
17846,0.411897,0
17847,0.340415,0
17848,0.331121,0
17849,0.328995,0
17850,0.335344,0
17851,0.342121,0
17852,0.342121,0
17853,0.342121,0
17854,0.426004,0
17855,0.362968,0
17856,0.338315,0
17857,0.456812,0
17858,0.456812,0
17859,0.456812,0
17860,0.456812,0
17861,0.446191,0
17862,0.340415,0
17863,0.333659,0
17864,0.335612,0
17865,0.366658,0
17866,0.341239,0
17867,0.348960,0
17868,0.348634,0
17869,0.352165,0
17870,0.352165,0
17871,0.331318,0
17872,0.329269,0
17873,0.335908,0
17874,0.339037,0
17875,0.364424,0
17876,0.352230,0
17877,0.335256,0
17878,0.338083,0
17879,0.335871,0
17880,0.335328,0
17881,0.391185,0
17882,0.334026,0
17883,0.593272,1
17884,0.331703,0
17885,0.334024,0
17886,0.338935,0
17887,0.337413,0
17888,0.350932,0
17889,0.342450,0
17890,0.359813,0
17891,0.367457,0
17892,0.367457,0
17893,0.355620,0
17894,0.355620,0
17895,0.472811,0
17896,0.488224,0
17897,0.480591,0
17898,0.463353,0
17899,0.399838,0
17900,0.464381,0
17901,0.608198,1
17902,0.460253,0
17903,0.503709,0
17904,0.733115,1
17905,0.715474,1
17906,0.472744,0
17907,0.482480,0
17908,0.490607,0
17909,0.482721,0
17910,0.696203,1
17911,0.581198,1
17912,0.632014,1
17913,0.600728,1
17914,0.411475,0
17915,0.475503,0
17916,0.726768,1
17917,0.555305,1
17918,0.593070,1
17919,0.433741,0
17920,0.546913,0
17921,0.534127,0
17922,0.626369,1
17923,0.587728,1
17924,0.575139,1
17925,0.530811,0
17926,0.761919,1
17927,0.460486,0
17928,0.328987,0
17929,0.332089,0
17930,0.368629,0
17931,0.374092,0
17932,0.338128,0
17933,0.339557,0
17934,0.330904,0
17935,0.359392,0
17936,0.350144,0
17937,0.349831,0
17938,0.394488,0
17939,0.394488,0
17940,0.349159,0
17941,0.390668,0
17942,0.332667,0
17943,0.331999,0
17944,0.365612,0
17945,0.419959,0
17946,0.333829,0
17947,0.372123,0
17948,0.353711,0
17949,0.353711,0
17950,0.368344,0
17951,0.368882,0
17952,0.378942,0
17953,0.350078,0
17954,0.376633,0
17955,0.480788,0
17956,0.397237,0
17957,0.443036,0
17958,0.352157,0
17959,0.353459,0
17960,0.372511,0
17961,0.358298,0
17962,0.349263,0
17963,0.353579,0
17964,0.356842,0
17965,0.366199,0
17966,0.339222,0
17967,0.427756,0
17968,0.403107,0
17969,0.387885,0
17970,0.337051,0
17971,0.339783,0
17972,0.342008,0
17973,0.378299,0
17974,0.374271,0
17975,0.350146,0
17976,0.347605,0
17977,0.347605,0
17978,0.372995,0
17979,0.457537,0
17980,0.458654,0
17981,0.353725,0
17982,0.351613,0
17983,0.395908,0
17984,0.430766,0
17985,0.415331,0
17986,0.342029,0
17987,0.337657,0
17988,0.364482,0
17989,0.364482,0
17990,0.396683,0
17991,0.353109,0
17992,0.460714,0
17993,0.388908,0
17994,0.337592,0
17995,0.378112,0
17996,0.354897,0
17997,0.336329,0
17998,0.508160,0
17999,0.373646,0
18000,0.338979,0
18001,0.356730,0
18002,0.341914,0
18003,0.356507,0
18004,0.403195,0
18005,0.401641,0
18006,0.456849,0
18007,0.456416,0
18008,0.455248,0
18009,0.667898,1
18010,0.332914,0
18011,0.332203,0
18012,0.336935,0
18013,0.337638,0
18014,0.416524,0
18015,0.329165,0
18016,0.328227,0
18017,0.331843,0
18018,0.332197,0
18019,0.367042,0
18020,0.350985,0
18021,0.424050,0
18022,0.424050,0
18023,0.340108,0
18024,0.329908,0
18025,0.335109,0
18026,0.336739,0
18027,0.338657,0
18028,0.327983,0
18029,0.344837,0
18030,0.332996,0
18031,0.334520,0
18032,0.336229,0
18033,0.331779,0
18034,0.334000,0
18035,0.338979,0
18036,0.326498,0
18037,0.334952,0
18038,0.337765,0
18039,0.336336,0
18040,0.338074,0
18041,0.334967,0
18042,0.335221,0
18043,0.358140,0
18044,0.331696,0
18045,0.335732,0
18046,0.344550,0
18047,0.334202,0
18048,0.361675,0
18049,0.347616,0
18050,0.333271,0
18051,0.332619,0
18052,0.350922,0
18053,0.348136,0
18054,0.335542,0
18055,0.371621,0
18056,0.404574,0
18057,0.357418,0
18058,0.384421,0
18059,0.390786,0
18060,0.372067,0
18061,0.390673,0
18062,0.386056,0
18063,0.412316,0
18064,0.603852,1
18065,0.377917,0
18066,0.380006,0
18067,0.401328,0
18068,0.404414,0
18069,0.381463,0
18070,0.376232,0
18071,0.357642,0
18072,0.328812,0
18073,0.363365,0
18074,0.362007,0
18075,0.355443,0
18076,0.374397,0
18077,0.376553,0
18078,0.454530,0
18079,0.340532,0
18080,0.350346,0
18081,0.354578,0
18082,0.330381,0
18083,0.424001,0
18084,0.326393,0
18085,0.329038,0
18086,0.372366,0
18087,0.330750,0
18088,0.330138,0
18089,0.350833,0
18090,0.341679,0
18091,0.326563,0
18092,0.326299,0
18093,0.328646,0
18094,0.329164,0
18095,0.329164,0
18096,0.398873,0
18097,0.467877,0
18098,0.368286,0
18099,0.367426,0
18100,0.367426,0
18101,0.367426,0
18102,0.373626,0
18103,0.367253,0
18104,0.334642,0
18105,0.335954,0
18106,0.337313,0
18107,0.440062,0
18108,0.349170,0
18109,0.396392,0
18110,0.422666,0
18111,0.360515,0
18112,0.442468,0
18113,0.422175,0
18114,0.379024,0
18115,0.500827,0
18116,0.661588,1
18117,0.354916,0
18118,0.340805,0
18119,0.355163,0
18120,0.355163,0
18121,0.353488,0
18122,0.341834,0
18123,0.340436,0
18124,0.350072,0
18125,0.347630,0
18126,0.425508,0
18127,0.343100,0
18128,0.343100,0
18129,0.340352,0
18130,0.350613,0
18131,0.340049,0
18132,0.328657,0
18133,0.334492,0
18134,0.352012,0
18135,0.352012,0
18136,0.349028,0
18137,0.340364,0
18138,0.336385,0
18139,0.336385,0
18140,0.342447,0
18141,0.343100,0
18142,0.343057,0
18143,0.342447,0
18144,0.329632,0
18145,0.329661,0
18146,0.329661,0
18147,0.330443,0
18148,0.327867,0
18149,0.327867,0
18150,0.327867,0
18151,0.327724,0
18152,0.328783,0
18153,0.343740,0
18154,0.343309,0
18155,0.339100,0
18156,0.343029,0
18157,0.333684,0
18158,0.337726,0
18159,0.340285,0
18160,0.341710,0
18161,0.359537,0
18162,0.344457,0
18163,0.331461,0
18164,0.340527,0
18165,0.334077,0
18166,0.336353,0
18167,0.409234,0
18168,0.336079,0
18169,0.349042,0
18170,0.349042,0
18171,0.337734,0
18172,0.329804,0
18173,0.329341,0
18174,0.328997,0
18175,0.329804,0
18176,0.329804,0
18177,0.329804,0
18178,0.336207,0
18179,0.333673,0
18180,0.336612,0
18181,0.336612,0
18182,0.337739,0
18183,0.337357,0
18184,0.336107,0
18185,0.333965,0
18186,0.339626,0
18187,0.332471,0
18188,0.335739,0
18189,0.437274,0
18190,0.330678,0
18191,0.331716,0
18192,0.334989,0
18193,0.333673,0
18194,0.376225,0
18195,0.344432,0
18196,0.335433,0
18197,0.331932,0
18198,0.328678,0
18199,0.348558,0
18200,0.386115,0
18201,0.328078,0
18202,0.352017,0
18203,0.332495,0
18204,0.337995,0
18205,0.334272,0
18206,0.339109,0
18207,0.351863,0
18208,0.370460,0
18209,0.350541,0
18210,0.343100,0
18211,0.333632,0
18212,0.347248,0
18213,0.334850,0
18214,0.351565,0
18215,0.366878,0
18216,0.366878,0
18217,0.337162,0
18218,0.354266,0
18219,0.334342,0
18220,0.328816,0
18221,0.332460,0
18222,0.332460,0
18223,0.349638,0
18224,0.342440,0
18225,0.340608,0
18226,0.336329,0
18227,0.338805,0
18228,0.337874,0
18229,0.335638,0
18230,0.341710,0
18231,0.345699,0
18232,0.424953,0
18233,0.355692,0
18234,0.334429,0
18235,0.339148,0
18236,0.336329,0
18237,0.384992,0
18238,0.388985,0
18239,0.345218,0
18240,0.361314,0
18241,0.332663,0
18242,0.335638,0
18243,0.328078,0
18244,0.327620,0
18245,0.328078,0
18246,0.333102,0
18247,0.331814,0
18248,0.328078,0
18249,0.328078,0
18250,0.328078,0
18251,0.327620,0
18252,0.371641,0
18253,0.338923,0
18254,0.331375,0
18255,0.335276,0
18256,0.337592,0
18257,0.335638,0
18258,0.327620,0
18259,0.327792,0
18260,0.327620,0
18261,0.328461,0
18262,0.336229,0
18263,0.344457,0
18264,0.357153,0
18265,0.357153,0
18266,0.327620,0
18267,0.327620,0
18268,0.327620,0
18269,0.327620,0
18270,0.331387,0
18271,0.331618,0
18272,0.340083,0
18273,0.329661,0
18274,0.329661,0
18275,0.329661,0
18276,0.333019,0
18277,0.332638,0
18278,0.327649,0
18279,0.335568,0
18280,0.350127,0
18281,0.350705,0
18282,0.339313,0
18283,0.336365,0
18284,0.388234,0
18285,0.360353,0
18286,0.356744,0
18287,0.394593,0
18288,0.394593,0
18289,0.389620,0
18290,0.424398,0
18291,0.370741,0
18292,0.370741,0
18293,0.370741,0
18294,0.396688,0
18295,0.400853,0
18296,0.339313,0
18297,0.387325,0
18298,0.349088,0
18299,0.337705,0
18300,0.354829,0
18301,0.448703,0
18302,0.387698,0
18303,0.363469,0
18304,0.350555,0
18305,0.359035,0
18306,0.352553,0
18307,0.341828,0
18308,0.342849,0
18309,0.343545,0
18310,0.427661,0
18311,0.369019,0
18312,0.409855,0
18313,0.353474,0
18314,0.363437,0
18315,0.350225,0
18316,0.334724,0
18317,0.401824,0
18318,0.332819,0
18319,0.332819,0
18320,0.339855,0
18321,0.335328,0
18322,0.333283,0
18323,0.333283,0
18324,0.333283,0
18325,0.332819,0
18326,0.333054,0
18327,0.333054,0
18328,0.402115,0
18329,0.337908,0
18330,0.337908,0
18331,0.335328,0
18332,0.333283,0
18333,0.333283,0
18334,0.375714,0
18335,0.383697,0
18336,0.629624,1
18337,0.357273,0
18338,0.331141,0
18339,0.331141,0
18340,0.331141,0
18341,0.330108,0
18342,0.330108,0
18343,0.329359,0
18344,0.334996,0
18345,0.336017,0
18346,0.331412,0
18347,0.334106,0
18348,0.340711,0
18349,0.334106,0
18350,0.356141,0
18351,0.356141,0
18352,0.342902,0
18353,0.356595,0
18354,0.371566,0
18355,0.332953,0
18356,0.375537,0
18357,0.358213,0
18358,0.356664,0
18359,0.356762,0
18360,0.358282,0
18361,0.361029,0
18362,0.359203,0
18363,0.387634,0
18364,0.378197,0
18365,0.380087,0
18366,0.336557,0
18367,0.380296,0
18368,0.432714,0
18369,0.338229,0
18370,0.366099,0
18371,0.342081,0
18372,0.513765,0
18373,0.393839,0
18374,0.390943,0
18375,0.350144,0
18376,0.337495,0
18377,0.399052,0
18378,0.382181,0
18379,0.340785,0
18380,0.370096,0
18381,0.378279,0
18382,0.345216,0
18383,0.440424,0
18384,0.393444,0
18385,0.439432,0
18386,0.423310,0
18387,0.327361,0
18388,0.326529,0
18389,0.398158,0
18390,0.494134,0
18391,0.334325,0
18392,0.347538,0
18393,0.349183,0
18394,0.441831,0
18395,0.461248,0
18396,0.346110,0
18397,0.351359,0
18398,0.367824,0
18399,0.370722,0
18400,0.370722,0
18401,0.369128,0
18402,0.354100,0
18403,0.344745,0
18404,0.344808,0
18405,0.344369,0
18406,0.378061,0
18407,0.380161,0
18408,0.350023,0
18409,0.340285,0
18410,0.340285,0
18411,0.343582,0
18412,0.387235,0
18413,0.364040,0
18414,0.458630,0
18415,0.348070,0
18416,0.350985,0
18417,0.363826,0
18418,0.378482,0
18419,0.374645,0
18420,0.444222,0
18421,0.428571,0
18422,0.438982,0
18423,0.456992,0
18424,0.414287,0
18425,0.400467,0
18426,0.400467,0
18427,0.443964,0
18428,0.631307,1
18429,0.602730,1
18430,0.649001,1
18431,0.465034,0
18432,0.390185,0
18433,0.327361,0
18434,0.365681,0
18435,0.392680,0
18436,0.331769,0
18437,0.487819,0
18438,0.487819,0
18439,0.489613,0
18440,0.402016,0
18441,0.435288,0
18442,0.339885,0
18443,0.377485,0
18444,0.392495,0
18445,0.401062,0
18446,0.331914,0
18447,0.332253,0
18448,0.430981,0
18449,0.419254,0
18450,0.329244,0
18451,0.339441,0
18452,0.339441,0
18453,0.336608,0
18454,0.367180,0
18455,0.349956,0
18456,0.341719,0
18457,0.340424,0
18458,0.334339,0
18459,0.366806,0
18460,0.340304,0
18461,0.344642,0
18462,0.341346,0
18463,0.422261,0
18464,0.534448,0
18465,0.331471,0
18466,0.378684,0
18467,0.415861,0
18468,0.415861,0
18469,0.382034,0
18470,0.378791,0
18471,0.373056,0
18472,0.354967,0
18473,0.357596,0
18474,0.360090,0
18475,0.386751,0
18476,0.381772,0
18477,0.529232,0
18478,0.480744,0
18479,0.710237,1
18480,0.716443,1
18481,0.469923,0
18482,0.587623,1
18483,0.585781,1
18484,0.585781,1
18485,0.585781,1
18486,0.595902,1
18487,0.737667,1
18488,0.494101,0
18489,0.492773,0
18490,0.833600,1
18491,0.632932,1
18492,0.440301,0
18493,0.525897,0
18494,0.547653,1
18495,0.705572,1
18496,0.719301,1
18497,0.550651,1
18498,0.624815,1
18499,0.607548,1
18500,0.626518,1
18501,0.422892,0
18502,0.471240,0
18503,0.712919,1
18504,0.493415,0
18505,0.599436,1
18506,0.599436,1
18507,0.599436,1
18508,0.460123,0
18509,0.661371,1
18510,0.471171,0
18511,0.520493,0
18512,0.673325,1
18513,0.789679,1
18514,0.621344,1
18515,0.438620,0
18516,0.427776,0
18517,0.598635,1
18518,0.506524,0
18519,0.562983,1
18520,0.332201,0
18521,0.332201,0
18522,0.332201,0
18523,0.332172,0
18524,0.332172,0
18525,0.334516,0
18526,0.343019,0
18527,0.338705,0
18528,0.339288,0
18529,0.328699,0
18530,0.326393,0
18531,0.336786,0
18532,0.332172,0
18533,0.328309,0
18534,0.331350,0
18535,0.332011,0
18536,0.332011,0
18537,0.326494,0
18538,0.326470,0
18539,0.329246,0
18540,0.339555,0
18541,0.339970,0
18542,0.341800,0
18543,0.348437,0
18544,0.326820,0
18545,0.328503,0
18546,0.340511,0
18547,0.336658,0
18548,0.333068,0
18549,0.333991,0
18550,0.357172,0
18551,0.334821,0
18552,0.354610,0
18553,0.333412,0
18554,0.338969,0
18555,0.342126,0
18556,0.331788,0
18557,0.346079,0
18558,0.332933,0
18559,0.352874,0
18560,0.330930,0
18561,0.334855,0
18562,0.328738,0
18563,0.342788,0
18564,0.336050,0
18565,0.347409,0
18566,0.347409,0
18567,0.337937,0
18568,0.332493,0
18569,0.332493,0
18570,0.334219,0
18571,0.354134,0
18572,0.328831,0
18573,0.348392,0
18574,0.374350,0
18575,0.332410,0
18576,0.338504,0
18577,0.340821,0
18578,0.354274,0
18579,0.332231,0
18580,0.338058,0
18581,0.337766,0
18582,0.343404,0
18583,0.339636,0
18584,0.339231,0
18585,0.329541,0
18586,0.360166,0
18587,0.343404,0
18588,0.434829,0
18589,0.349442,0
18590,0.347766,0
18591,0.347766,0
18592,0.347766,0
18593,0.342383,0
18594,0.336703,0
18595,0.356220,0
18596,0.338491,0
18597,0.338491,0
18598,0.331828,0
18599,0.396562,0
18600,0.366658,0
18601,0.340752,0
18602,0.343445,0
18603,0.330853,0
18604,0.335872,0
18605,0.335858,0
18606,0.330911,0
18607,0.359462,0
18608,0.359462,0
18609,0.333307,0
18610,0.341434,0
18611,0.333945,0
18612,0.385919,0
18613,0.332534,0
18614,0.338083,0
18615,0.331367,0
18616,0.338339,0
18617,0.338339,0
18618,0.335055,0
18619,0.335055,0
18620,0.350859,0
18621,0.340382,0
18622,0.340382,0
18623,0.335315,0
18624,0.333478,0
18625,0.331703,0
18626,0.333122,0
18627,0.331588,0
18628,0.331588,0
18629,0.329020,0
18630,0.335104,0
18631,0.410194,0
18632,0.331588,0
18633,0.353795,0
18634,0.335249,0
18635,0.342076,0
18636,0.339741,0
18637,0.342856,0
18638,0.335129,0
18639,0.358789,0
18640,0.333122,0
18641,0.342703,0
18642,0.464895,0
18643,0.338965,0
18644,0.343905,0
18645,0.333353,0
18646,0.333353,0
18647,0.362316,0
18648,0.412139,0
18649,0.332322,0
18650,0.348003,0
18651,0.329701,0
18652,0.338221,0
18653,0.346739,0
18654,0.336713,0
18655,0.343384,0
18656,0.331389,0
18657,0.337350,0
18658,0.361102,0
18659,0.339316,0
18660,0.337908,0
18661,0.337908,0
18662,0.329007,0
18663,0.331086,0
18664,0.339933,0
18665,0.331230,0
18666,0.333357,0
18667,0.332785,0
18668,0.332785,0
18669,0.331310,0
18670,0.337664,0
18671,0.337413,0
18672,0.330878,0
18673,0.331588,0
18674,0.332327,0
18675,0.332605,0
18676,0.429322,0
18677,0.470667,0
18678,0.361469,0
18679,0.357366,0
18680,0.332158,0
18681,0.356486,0
18682,0.362415,0
18683,0.368366,0
18684,0.368684,0
18685,0.365952,0
18686,0.435566,0
18687,0.425993,0
18688,0.362555,0
18689,0.353954,0
18690,0.363972,0
18691,0.390813,0
18692,0.399036,0
18693,0.360583,0
18694,0.360583,0
18695,0.364474,0
18696,0.367805,0
18697,0.356778,0
18698,0.354804,0
18699,0.384432,0
18700,0.391763,0
18701,0.357265,0
18702,0.397393,0
18703,0.391104,0
18704,0.392252,0
18705,0.392252,0
18706,0.388174,0
18707,0.392252,0
18708,0.392252,0
18709,0.392481,0
18710,0.679913,1
18711,0.428252,0
18712,0.452812,0
18713,0.442396,0
18714,0.615855,1
18715,0.549445,1
18716,0.634397,1
18717,0.579525,1
18718,0.679799,1
18719,0.648581,1
18720,0.578226,1
18721,0.585162,1
18722,0.505063,0
18723,0.635310,1
18724,0.480404,0
18725,0.471049,0
18726,0.340900,0
18727,0.354527,0
18728,0.350457,0
18729,0.341958,0
18730,0.339930,0
18731,0.340094,0
18732,0.328738,0
18733,0.328738,0
18734,0.328798,0
18735,0.348156,0
18736,0.348156,0
18737,0.378765,0
18738,0.335944,0
18739,0.331300,0
18740,0.337289,0
18741,0.337289,0
18742,0.339602,0
18743,0.341894,0
18744,0.341894,0
18745,0.341894,0
18746,0.341894,0
18747,0.341800,0
18748,0.342749,0
18749,0.342925,0
18750,0.338949,0
18751,0.341503,0
18752,0.335902,0
18753,0.330100,0
18754,0.334975,0
18755,0.356419,0
18756,0.333478,0
18757,0.335329,0
18758,0.342925,0
18759,0.355861,0
18760,0.330387,0
18761,0.328711,0
18762,0.341503,0
18763,0.341503,0
18764,0.347423,0
18765,0.343662,0
18766,0.337209,0
18767,0.334801,0
18768,0.347423,0
18769,0.338949,0
18770,0.339198,0
18771,0.342627,0
18772,0.338935,0
18773,0.338935,0
18774,0.334662,0
18775,0.336400,0
18776,0.338949,0
18777,0.340151,0
18778,0.343662,0
18779,0.338949,0
18780,0.337729,0
18781,0.337602,0
18782,0.333703,0
18783,0.348385,0
18784,0.338949,0
18785,0.336582,0
18786,0.336400,0
18787,0.347423,0
18788,0.347423,0
18789,0.336400,0
18790,0.336400,0
18791,0.337062,0
18792,0.332636,0
18793,0.342659,0
18794,0.342659,0
18795,0.331181,0
18796,0.331101,0
18797,0.327123,0
18798,0.329804,0
18799,0.334673,0
18800,0.343911,0
18801,0.343289,0
18802,0.344474,0
18803,0.344474,0
18804,0.341929,0
18805,0.333111,0
18806,0.339158,0
18807,0.343984,0
18808,0.329261,0
18809,0.332696,0
18810,0.329434,0
18811,0.327695,0
18812,0.327695,0
18813,0.327600,0
18814,0.327600,0
18815,0.335713,0
18816,0.349560,0
18817,0.332664,0
18818,0.332664,0
18819,0.330894,0
18820,0.338949,0
18821,0.332960,0
18822,0.336400,0
18823,0.336400,0
18824,0.332483,0
18825,0.335471,0
18826,0.327724,0
18827,0.331701,0
18828,0.334295,0
18829,0.329804,0
18830,0.329804,0
18831,0.332172,0
18832,0.332172,0
18833,0.330092,0
18834,0.330092,0
18835,0.331045,0
18836,0.336879,0
18837,0.337656,0
18838,0.369331,0
18839,0.341071,0
18840,0.326903,0
18841,0.326903,0
18842,0.340337,0
18843,0.336400,0
18844,0.333828,0
18845,0.337781,0
18846,0.342627,0
18847,0.344397,0
18848,0.332203,0
18849,0.337657,0
18850,0.331767,0
18851,0.328738,0
18852,0.331767,0
18853,0.333143,0
18854,0.360447,0
18855,0.344231,0
18856,0.361228,0
18857,0.344404,0
18858,0.341417,0
18859,0.329902,0
18860,0.345456,0
18861,0.332172,0
18862,0.334976,0
18863,0.348124,0
18864,0.329051,0
18865,0.333369,0
18866,0.332263,0
18867,0.340261,0
18868,0.405949,0
18869,0.339053,0
18870,0.337640,0
18871,0.331389,0
18872,0.331389,0
18873,0.337199,0
18874,0.350659,0
18875,0.345118,0
18876,0.344110,0
18877,0.365287,0
18878,0.346891,0
18879,0.336222,0
18880,0.331635,0
18881,0.348972,0
18882,0.354863,0
18883,0.348659,0
18884,0.385015,0
18885,0.332710,0
18886,0.378418,0
18887,0.333447,0
18888,0.412594,0
18889,0.351398,0
18890,0.356384,0
18891,0.357124,0
18892,0.358238,0
18893,0.348560,0
18894,0.350677,0
18895,0.411501,0
18896,0.354356,0
18897,0.346294,0
18898,0.356506,0
18899,0.340144,0
18900,0.338882,0
18901,0.331423,0
18902,0.347542,0
18903,0.337199,0
18904,0.339621,0
18905,0.335921,0
18906,0.332710,0
18907,0.351635,0
18908,0.339052,0
18909,0.338968,0
18910,0.343750,0
18911,0.332570,0
18912,0.334884,0
18913,0.346154,0
18914,0.340731,0
18915,0.329730,0
18916,0.328995,0
18917,0.334443,0
18918,0.357391,0
18919,0.362558,0
18920,0.332327,0
18921,0.329020,0
18922,0.417635,0
18923,0.336101,0
18924,0.340304,0
18925,0.340924,0
18926,0.339025,0
18927,0.332785,0
18928,0.332785,0
18929,0.332859,0
18930,0.335051,0
18931,0.370053,0
18932,0.333501,0
18933,0.332818,0
18934,0.329566,0
18935,0.349097,0
18936,0.347255,0
18937,0.354910,0
18938,0.333271,0
18939,0.333122,0
18940,0.348307,0
18941,0.338342,0
18942,0.329566,0
18943,0.330484,0
18944,0.332347,0
18945,0.332111,0
18946,0.329020,0
18947,0.340847,0
18948,0.341450,0
18949,0.344144,0
18950,0.395253,0
18951,0.378177,0
18952,0.429938,0
18953,0.396564,0
18954,0.398684,0
18955,0.390790,0
18956,0.361494,0
18957,0.373757,0
18958,0.374462,0
18959,0.410840,0
18960,0.393874,0
18961,0.393874,0
18962,0.384524,0
18963,0.377241,0
18964,0.367345,0
18965,0.455671,0
18966,0.355409,0
18967,0.356064,0
18968,0.358148,0
18969,0.357758,0
18970,0.376283,0
18971,0.496811,0
18972,0.524131,0
18973,0.384313,0
18974,0.536986,0
18975,0.745696,1
18976,0.592791,1
18977,0.539984,0
18978,0.493083,0
18979,0.446852,0
18980,0.501716,0
18981,0.373495,0
18982,0.337739,0
18983,0.344790,0
18984,0.430016,0
18985,0.350797,0
18986,0.344787,0
18987,0.368637,0
18988,0.382696,0
18989,0.368637,0
18990,0.351788,0
18991,0.357610,0
18992,0.426189,0
18993,0.351218,0
18994,0.334791,0
18995,0.353051,0
18996,0.353051,0
18997,0.345205,0
18998,0.328641,0
18999,0.391762,0
19000,0.407442,0
19001,0.359537,0
19002,0.396261,0
19003,0.354676,0
19004,0.347141,0
19005,0.394506,0
19006,0.346012,0
19007,0.346457,0
19008,0.376686,0
19009,0.365940,0
19010,0.343126,0
19011,0.361586,0
19012,0.371874,0
19013,0.350613,0
19014,0.367633,0
19015,0.340136,0
19016,0.338471,0
19017,0.339421,0
19018,0.344062,0
19019,0.339593,0
19020,0.338927,0
19021,0.345205,0
19022,0.340136,0
19023,0.340136,0
19024,0.346948,0
19025,0.342538,0
19026,0.375491,0
19027,0.344615,0
19028,0.368447,0
19029,0.350144,0
19030,0.354025,0
19031,0.340046,0
19032,0.343057,0
19033,0.342033,0
19034,0.343125,0
19035,0.341726,0
19036,0.341863,0
19037,0.340285,0
19038,0.347638,0
19039,0.346544,0
19040,0.365772,0
19041,0.349350,0
19042,0.370834,0
19043,0.370834,0
19044,0.395332,0
19045,0.335638,0
19046,0.342029,0
19047,0.347785,0
19048,0.340285,0
19049,0.337357,0
19050,0.349757,0
19051,0.343233,0
19052,0.337255,0
19053,0.353730,0
19054,0.386553,0
19055,0.349614,0
19056,0.349614,0
19057,0.349614,0
19058,0.349614,0
19059,0.356963,0
19060,0.365512,0
19061,0.357950,0
19062,0.349842,0
19063,0.372642,0
19064,0.349436,0
19065,0.350707,0
19066,0.347968,0
19067,0.350235,0
19068,0.356717,0
19069,0.760471,1
19070,0.334795,0
19071,0.333568,0
19072,0.331334,0
19073,0.333568,0
19074,0.339825,0
19075,0.340219,0
19076,0.328280,0
19077,0.328280,0
19078,0.334795,0
19079,0.334795,0
19080,0.331767,0
19081,0.328738,0
19082,0.331440,0
19083,0.418078,0
19084,0.418078,0
19085,0.330720,0
19086,0.335675,0
19087,0.427518,0
19088,0.329891,0
19089,0.326364,0
19090,0.326364,0
19091,0.412060,0
19092,0.444457,0
19093,0.350161,0
19094,0.330825,0
19095,0.345411,0
19096,0.499749,0
19097,0.331754,0
19098,0.357193,0
19099,0.338558,0
19100,0.329892,0
19101,0.342703,0
19102,0.336330,0
19103,0.331720,0
19104,0.327494,0
19105,0.329261,0
19106,0.330864,0
19107,0.330864,0
19108,0.328503,0
19109,0.326299,0
19110,0.413092,0
19111,0.345983,0
19112,0.328703,0
19113,0.328695,0
19114,0.330497,0
19115,0.328309,0
19116,0.333068,0
19117,0.327308,0
19118,0.329012,0
19119,0.329012,0
19120,0.331033,0
19121,0.329661,0
19122,0.336228,0
19123,0.334106,0
19124,0.334106,0
19125,0.330551,0
19126,0.326417,0
19127,0.328309,0
19128,0.329104,0
19129,0.331756,0
19130,0.331756,0
19131,0.331756,0
19132,0.328153,0
19133,0.331334,0
19134,0.330100,0
19135,0.389299,0
19136,0.411901,0
19137,0.335895,0
19138,0.328568,0
19139,0.326640,0
19140,0.332718,0
19141,0.330750,0
19142,0.326755,0
19143,0.381417,0
19144,0.355184,0
19145,0.345408,0
19146,0.334415,0
19147,0.333943,0
19148,0.334415,0
19149,0.334415,0
19150,0.334415,0
19151,0.335209,0
19152,0.335209,0
19153,0.371807,0
19154,0.333652,0
19155,0.333652,0
19156,0.333733,0
19157,0.330152,0
19158,0.330641,0
19159,0.338394,0
19160,0.335903,0
19161,0.334219,0
19162,0.336779,0
19163,0.331171,0
19164,0.336288,0
19165,0.334415,0
19166,0.334415,0
19167,0.334415,0
19168,0.336879,0
19169,0.330092,0
19170,0.330092,0
19171,0.330092,0
19172,0.348004,0
19173,0.353329,0
19174,0.334253,0
19175,0.326807,0
19176,0.332452,0
19177,0.332452,0
19178,0.330583,0
19179,0.326364,0
19180,0.329217,0
19181,0.328738,0
19182,0.331455,0
19183,0.328118,0
19184,0.330108,0
19185,0.326820,0
19186,0.328556,0
19187,0.326522,0
19188,0.328970,0
19189,0.337630,0
19190,0.334692,0
19191,0.337640,0
19192,0.331614,0
19193,0.331614,0
19194,0.418350,0
19195,0.335578,0
19196,0.332172,0
19197,0.332172,0
19198,0.330100,0
19199,0.383065,0
19200,0.328527,0
19201,0.329877,0
19202,0.335129,0
19203,0.326820,0
19204,0.326820,0
19205,0.329170,0
19206,0.338084,0
19207,0.342422,0
19208,0.333807,0
19209,0.356327,0
19210,0.339441,0
19211,0.332552,0
19212,0.334462,0
19213,0.340262,0
19214,0.343035,0
19215,0.340752,0
19216,0.330816,0
19217,0.347641,0
19218,0.377261,0
19219,0.407784,0
19220,0.343093,0
19221,0.347641,0
19222,0.344416,0
19223,0.356480,0
19224,0.356480,0
19225,0.365243,0
19226,0.330911,0
19227,0.344712,0
19228,0.340668,0
19229,0.340668,0
19230,0.369947,0
19231,0.334549,0
19232,0.347154,0
19233,0.350258,0
19234,0.339636,0
19235,0.336364,0
19236,0.336477,0
19237,0.337350,0
19238,0.332327,0
19239,0.339020,0
19240,0.336913,0
19241,0.328462,0
19242,0.330828,0
19243,0.333589,0
19244,0.333589,0
19245,0.332327,0
19246,0.333226,0
19247,0.420837,0
19248,0.362780,0
19249,0.331563,0
19250,0.332785,0
19251,0.332685,0
19252,0.368893,0
19253,0.345609,0
19254,0.429962,0
19255,0.332347,0
19256,0.340924,0
19257,0.340924,0
19258,0.334339,0
19259,0.341627,0
19260,0.341627,0
19261,0.341209,0
19262,0.338507,0
19263,0.417156,0
19264,0.359466,0
19265,0.337825,0
19266,0.378073,0
19267,0.403596,0
19268,0.331389,0
19269,0.344512,0
19270,0.344512,0
19271,0.341230,0
19272,0.343633,0
19273,0.333226,0
19274,0.337664,0
19275,0.333038,0
19276,0.341221,0
19277,0.329541,0
19278,0.342446,0
19279,0.330248,0
19280,0.336837,0
19281,0.397177,0
19282,0.331303,0
19283,0.366568,0
19284,0.331221,0
19285,0.356648,0
19286,0.433260,0
19287,0.356134,0
19288,0.354829,0
19289,0.344425,0
19290,0.333478,0
19291,0.337345,0
19292,0.360828,0
19293,0.339409,0
19294,0.332710,0
19295,0.339409,0
19296,0.335872,0
19297,0.333326,0
19298,0.353275,0
19299,0.341215,0
19300,0.339195,0
19301,0.341247,0
19302,0.338904,0
19303,0.343390,0
19304,0.332347,0
19305,0.331520,0
19306,0.334639,0
19307,0.332471,0
19308,0.336459,0
19309,0.366150,0
19310,0.333526,0
19311,0.417239,0
19312,0.411534,0
19313,0.336884,0
19314,0.336884,0
19315,0.358265,0
19316,0.347284,0
19317,0.351628,0
19318,0.335900,0
19319,0.338507,0
19320,0.330246,0
19321,0.334026,0
19322,0.416613,0
19323,0.357729,0
19324,0.380194,0
19325,0.355307,0
19326,0.342116,0
19327,0.341450,0
19328,0.330248,0
19329,0.338491,0
19330,0.369387,0
19331,0.333114,0
19332,0.333834,0
19333,0.351479,0
19334,0.343982,0
19335,0.351420,0
19336,0.335685,0
19337,0.357012,0
19338,0.421521,0
19339,0.355534,0
19340,0.357122,0
19341,0.358038,0
19342,0.338227,0
19343,0.359897,0
19344,0.351036,0
19345,0.350420,0
19346,0.352712,0
19347,0.331712,0
19348,0.331796,0
19349,0.331611,0
19350,0.331611,0
19351,0.331611,0
19352,0.333384,0
19353,0.332175,0
19354,0.345128,0
19355,0.332590,0
19356,0.337975,0
19357,0.337975,0
19358,0.343404,0
19359,0.332540,0
19360,0.335869,0
19361,0.337889,0
19362,0.342057,0
19363,0.331563,0
19364,0.331303,0
19365,0.331303,0
19366,0.330816,0
19367,0.331400,0
19368,0.344398,0
19369,0.363978,0
19370,0.399835,0
19371,0.364761,0
19372,0.366885,0
19373,0.366885,0
19374,0.393929,0
19375,0.448109,0
19376,0.448109,0
19377,0.424092,0
19378,0.384975,0
19379,0.383833,0
19380,0.454353,0
19381,0.380957,0
19382,0.463811,0
19383,0.364423,0
19384,0.462389,0
19385,0.381117,0
19386,0.447124,0
19387,0.354885,0
19388,0.354536,0
19389,0.356004,0
19390,0.356004,0
19391,0.378726,0
19392,0.387131,0
19393,0.561506,1
19394,0.490137,0
19395,0.488673,0
19396,0.511347,0
19397,0.419015,0
19398,0.417346,0
19399,0.413691,0
19400,0.435194,0
19401,0.516561,0
19402,0.436359,0
19403,0.493706,0
19404,0.350132,0
19405,0.352141,0
19406,0.358554,0
19407,0.358554,0
19408,0.332953,0
19409,0.341710,0
19410,0.341710,0
19411,0.340046,0
19412,0.340046,0
19413,0.338668,0
19414,0.338668,0
19415,0.362668,0
19416,0.330564,0
19417,0.336208,0
19418,0.330272,0
19419,0.330564,0
19420,0.338668,0
19421,0.328674,0
19422,0.340094,0
19423,0.340094,0
19424,0.328997,0
19425,0.412958,0
19426,0.336417,0
19427,0.332584,0
19428,0.333338,0
19429,0.329960,0
19430,0.333385,0
19431,0.330272,0
19432,0.330750,0
19433,0.329804,0
19434,0.331171,0
19435,0.331209,0
19436,0.331209,0
19437,0.331421,0
19438,0.331764,0
19439,0.330526,0
19440,0.330526,0
19441,0.330947,0
19442,0.330817,0
19443,0.332437,0
19444,0.328987,0
19445,0.334180,0
19446,0.330144,0
19447,0.330091,0
19448,0.330100,0
19449,0.327695,0
19450,0.329371,0
19451,0.328153,0
19452,0.333210,0
19453,0.332440,0
19454,0.332200,0
19455,0.327600,0
19456,0.330750,0
19457,0.331215,0
19458,0.331209,0
19459,0.330678,0
19460,0.334678,0
19461,0.330678,0
19462,0.330678,0
19463,0.326628,0
19464,0.326628,0
19465,0.328711,0
19466,0.331740,0
19467,0.331740,0
19468,0.329359,0
19469,0.328940,0
19470,0.330100,0
19471,0.327019,0
19472,0.326009,0
19473,0.334403,0
19474,0.338519,0
19475,0.341595,0
19476,0.329960,0
19477,0.331886,0
19478,0.330346,0
19479,0.328461,0
19480,0.329885,0
19481,0.329885,0
19482,0.331614,0
19483,0.330875,0
19484,0.330875,0
19485,0.340821,0
19486,0.340821,0
19487,0.326494,0
19488,0.329644,0
19489,0.329644,0
19490,0.330144,0
19491,0.326352,0
19492,0.326779,0
19493,0.326779,0
19494,0.329902,0
19495,0.340879,0
19496,0.340879,0
19497,0.329471,0
19498,0.345555,0
19499,0.326880,0
19500,0.327480,0
19501,0.329644,0
19502,0.330257,0
19503,0.327934,0
19504,0.327934,0
19505,0.326393,0
19506,0.328724,0
19507,0.326364,0
19508,0.326328,0
19509,0.326813,0
19510,0.338668,0
19511,0.355180,0
19512,0.339148,0
19513,0.336107,0
19514,0.361513,0
19515,0.330644,0
19516,0.355146,0
19517,0.347836,0
19518,0.331769,0
19519,0.337255,0
19520,0.338882,0
19521,0.333995,0
19522,0.333995,0
19523,0.330678,0
19524,0.326820,0
19525,0.326820,0
19526,0.330120,0
19527,0.330120,0
19528,0.332460,0
19529,0.332460,0
19530,0.341183,0
19531,0.334999,0
19532,0.344382,0
19533,0.343219,0
19534,0.333356,0
19535,0.327189,0
19536,0.336756,0
19537,0.333173,0
19538,0.336041,0
19539,0.334136,0
19540,0.331171,0
19541,0.334756,0
19542,0.326851,0
19543,0.326851,0
19544,0.327482,0
19545,0.338168,0
19546,0.329644,0
19547,0.334077,0
19548,0.333173,0
19549,0.328413,0
19550,0.330048,0
19551,0.335436,0
19552,0.330173,0
19553,0.340881,0
19554,0.328413,0
19555,0.327648,0
19556,0.328987,0
19557,0.330153,0
19558,0.379497,0
19559,0.379497,0
19560,0.352612,0
19561,0.338657,0
19562,0.345422,0
19563,0.332497,0
19564,0.331262,0
19565,0.331262,0
19566,0.328831,0
19567,0.329359,0
19568,0.332518,0
19569,0.332518,0
19570,0.342910,0
19571,0.340882,0
19572,0.340882,0
19573,0.329672,0
19574,0.338857,0
19575,0.391320,0
19576,0.328674,0
19577,0.333155,0
19578,0.330120,0
19579,0.331043,0
19580,0.354484,0
19581,0.329779,0
19582,0.336079,0
19583,0.333968,0
19584,0.330610,0
19585,0.330610,0
19586,0.330678,0
19587,0.412452,0
19588,0.381700,0
19589,0.331953,0
19590,0.329844,0
19591,0.332663,0
19592,0.331427,0
19593,0.335363,0
19594,0.340323,0
19595,0.344287,0
19596,0.338713,0
19597,0.331387,0
19598,0.330346,0
19599,0.335436,0
19600,0.335054,0
19601,0.332511,0
19602,0.327367,0
19603,0.326851,0
19604,0.330153,0
19605,0.330272,0
19606,0.330678,0
19607,0.330678,0
19608,0.329750,0
19609,0.333995,0
19610,0.332518,0
19611,0.330178,0
19612,0.332630,0
19613,0.327600,0
19614,0.327600,0
19615,0.326393,0
19616,0.335200,0
19617,0.326470,0
19618,0.349175,0
19619,0.344824,0
19620,0.330310,0
19621,0.407981,0
19622,0.412695,0
19623,0.412695,0
19624,0.362710,0
19625,0.327934,0
19626,0.327934,0
19627,0.337779,0
19628,0.338668,0
19629,0.339100,0
19630,0.339100,0
19631,0.336756,0
19632,0.331589,0
19633,0.327482,0
19634,0.333576,0
19635,0.333576,0
19636,0.329844,0
19637,0.331814,0
19638,0.331814,0
19639,0.331814,0
19640,0.326904,0
19641,0.326880,0
19642,0.326984,0
19643,0.340285,0
19644,0.343262,0
19645,0.368954,0
19646,0.333614,0
19647,0.333468,0
19648,0.336797,0
19649,0.367633,0
19650,0.338613,0
19651,0.396645,0
19652,0.344627,0
19653,0.337550,0
19654,0.335109,0
19655,0.343029,0
19656,0.343029,0
19657,0.354874,0
19658,0.334003,0
19659,0.334003,0
19660,0.339107,0
19661,0.329284,0
19662,0.329284,0
19663,0.331498,0
19664,0.334692,0
19665,0.337182,0
19666,0.346297,0
19667,0.328831,0
19668,0.355716,0
19669,0.359464,0
19670,0.341894,0
19671,0.343459,0
19672,0.340046,0
19673,0.326498,0
19674,0.352221,0
19675,0.343100,0
19676,0.340449,0
19677,0.340449,0
19678,0.341710,0
19679,0.341060,0
19680,0.341710,0
19681,0.343087,0
19682,0.339421,0
19683,0.344480,0
19684,0.337255,0
19685,0.337726,0
19686,0.393764,0
19687,0.399318,0
19688,0.396210,0
19689,0.399318,0
19690,0.347410,0
19691,0.337002,0
19692,0.340674,0
19693,0.351966,0
19694,0.330830,0
19695,0.426538,0
19696,0.418077,0
19697,0.418155,0
19698,0.335324,0
19699,0.331828,0
19700,0.334711,0
19701,0.331349,0
19702,0.332445,0
19703,0.333772,0
19704,0.352952,0
19705,0.346915,0
19706,0.355598,0
19707,0.352226,0
19708,0.336703,0
19709,0.381122,0
19710,0.338234,0
19711,0.333447,0
19712,0.345748,0
19713,0.414730,0
19714,0.349346,0
19715,0.349346,0
19716,0.412643,0
19717,0.346482,0
19718,0.413805,0
19719,0.330248,0
19720,0.384821,0
19721,0.357608,0
19722,0.335797,0
19723,0.341358,0
19724,0.447975,0
19725,0.344774,0
19726,0.351910,0
19727,0.330484,0
19728,0.372016,0
19729,0.331319,0
19730,0.331349,0
19731,0.332935,0
19732,0.331349,0
19733,0.335897,0
19734,0.355598,0
19735,0.334847,0
19736,0.331349,0
19737,0.331276,0
19738,0.341974,0
19739,0.421527,0
19740,0.427629,0
19741,0.427629,0
19742,0.391827,0
19743,0.331048,0
19744,0.343109,0
19745,0.365270,0
19746,0.338491,0
19747,0.362164,0
19748,0.362164,0
19749,0.340317,0
19750,0.350746,0
19751,0.352700,0
19752,0.336042,0
19753,0.337908,0
19754,0.332706,0
19755,0.341353,0
19756,0.341353,0
19757,0.404282,0
19758,0.405442,0
19759,0.408962,0
19760,0.404185,0
19761,0.404185,0
19762,0.408570,0
19763,0.402362,0
19764,0.378375,0
19765,0.383492,0
19766,0.373534,0
19767,0.630952,1
19768,0.460038,0
19769,0.414229,0
19770,0.550060,1
19771,0.421450,0
19772,0.421450,0
19773,0.475952,0
19774,0.473027,0
19775,0.337692,0
19776,0.332346,0
19777,0.326813,0
19778,0.326389,0
19779,0.326389,0
19780,0.326389,0
19781,0.328540,0
19782,0.333341,0
19783,0.326559,0
19784,0.336559,0
19785,0.332142,0
19786,0.328153,0
19787,0.328153,0
19788,0.328153,0
19789,0.335200,0
19790,0.328687,0
19791,0.335268,0
19792,0.340439,0
19793,0.351801,0
19794,0.336329,0
19795,0.347918,0
19796,0.340505,0
19797,0.336435,0
19798,0.334110,0
19799,0.338595,0
19800,0.366409,0
19801,0.337718,0
19802,0.334613,0
19803,0.350520,0
19804,0.339029,0
19805,0.346581,0
19806,0.338442,0
19807,0.341749,0
19808,0.356265,0
19809,0.329222,0
19810,0.328764,0
19811,0.342342,0
19812,0.350853,0
19813,0.327610,0
19814,0.329272,0
19815,0.329272,0
19816,0.329272,0
19817,0.329272,0
19818,0.328783,0
19819,0.328926,0
19820,0.346326,0
19821,0.345821,0
19822,0.332652,0
19823,0.326779,0
19824,0.332172,0
19825,0.336432,0
19826,0.336935,0
19827,0.337610,0
19828,0.340151,0
19829,0.332447,0
19830,0.343081,0
19831,0.331412,0
19832,0.334662,0
19833,0.336178,0
19834,0.329701,0
19835,0.329701,0
19836,0.349673,0
19837,0.337568,0
19838,0.330207,0
19839,0.363482,0
19840,0.340293,0
19841,0.342860,0
19842,0.366467,0
19843,0.333355,0
19844,0.391366,0
19845,0.398065,0
19846,0.398065,0
19847,0.398065,0
19848,0.398065,0
19849,0.398065,0
19850,0.342400,0
19851,0.333418,0
19852,0.333937,0
19853,0.348531,0
19854,0.342310,0
19855,0.342331,0
19856,0.344005,0
19857,0.416971,0
19858,0.348172,0
19859,0.337163,0
19860,0.337766,0
19861,0.342246,0
19862,0.429402,0
19863,0.446190,0
19864,0.355647,0
19865,0.380305,0
19866,0.375016,0
19867,0.361792,0
19868,0.430313,0
19869,0.392023,0
19870,0.386056,0
19871,0.424511,0
19872,0.850693,1
19873,0.804669,1
19874,0.486182,0
19875,0.497829,0
19876,0.428659,0
19877,0.450653,0
19878,0.356797,0
19879,0.328738,0
19880,0.337954,0
19881,0.331305,0
19882,0.430510,0
19883,0.346441,0
19884,0.383981,0
19885,0.341635,0
19886,0.331816,0
19887,0.345621,0
19888,0.331006,0
19889,0.328611,0
19890,0.334976,0
19891,0.337947,0
19892,0.425097,0
19893,0.407758,0
19894,0.332755,0
19895,0.329644,0
19896,0.329892,0
19897,0.331767,0
19898,0.331292,0
19899,0.345596,0
19900,0.330554,0
19901,0.330138,0
19902,0.330138,0
19903,0.331767,0
19904,0.339392,0
19905,0.328153,0
19906,0.331171,0
19907,0.338055,0
19908,0.331827,0
19909,0.337582,0
19910,0.331387,0
19911,0.330100,0
19912,0.334503,0
19913,0.331767,0
19914,0.326925,0
19915,0.331455,0
19916,0.335944,0
19917,0.351782,0
19918,0.452711,0
19919,0.336050,0
19920,0.331305,0
19921,0.330750,0
19922,0.330750,0
19923,0.339738,0
19924,0.331767,0
19925,0.337072,0
19926,0.336047,0
19927,0.346428,0
19928,0.336208,0
19929,0.330138,0
19930,0.329631,0
19931,0.353778,0
19932,0.332930,0
19933,0.331720,0
19934,0.331006,0
19935,0.330272,0
19936,0.373462,0
19937,0.328172,0
19938,0.334163,0
19939,0.330783,0
19940,0.339825,0
19941,0.339825,0
19942,0.343721,0
19943,0.333081,0
19944,0.334689,0
19945,0.334689,0
19946,0.331478,0
19947,0.331171,0
19948,0.336107,0
19949,0.337228,0
19950,0.331320,0
19951,0.350302,0
19952,0.326799,0
19953,0.365427,0
19954,0.342654,0
19955,0.336840,0
19956,0.326470,0
19957,0.326393,0
19958,0.339551,0
19959,0.335864,0
19960,0.326535,0
19961,0.329631,0
19962,0.328276,0
19963,0.338336,0
19964,0.414425,0
19965,0.332022,0
19966,0.342610,0
19967,0.344744,0
19968,0.353778,0
19969,0.344447,0
19970,0.330377,0
19971,0.330842,0
19972,0.340112,0
19973,0.327865,0
19974,0.328970,0
19975,0.330089,0
19976,0.329112,0
19977,0.332930,0
19978,0.344034,0
19979,0.327143,0
19980,0.343242,0
19981,0.369101,0
19982,0.328738,0
19983,0.331141,0
19984,0.330497,0
19985,0.330497,0
19986,0.330497,0
19987,0.327019,0
19988,0.332811,0
19989,0.332811,0
19990,0.328882,0
19991,0.328738,0
19992,0.328153,0
19993,0.328592,0
19994,0.332466,0
19995,0.330144,0
19996,0.331305,0
19997,0.330100,0
19998,0.331767,0
19999,0.331767,0
20000,0.330211,0
20001,0.330211,0
20002,0.329371,0
20003,0.416741,0
20004,0.329460,0
20005,0.326328,0
20006,0.327477,0
20007,0.332714,0
20008,0.334795,0
20009,0.342355,0
20010,0.333068,0
20011,0.329902,0
20012,0.331461,0
20013,0.347618,0
20014,0.331033,0
20015,0.335903,0
20016,0.328153,0
20017,0.327695,0
20018,0.328153,0
20019,0.327019,0
20020,0.327019,0
20021,0.328621,0
20022,0.326811,0
20023,0.326299,0
20024,0.413310,0
20025,0.329590,0
20026,0.332466,0
20027,0.338922,0
20028,0.338922,0
20029,0.329570,0
20030,0.338818,0
20031,0.327308,0
20032,0.332644,0
20033,0.332420,0
20034,0.329831,0
20035,0.330100,0
20036,0.329892,0
20037,0.334804,0
20038,0.334804,0
20039,0.340161,0
20040,0.330257,0
20041,0.328738,0
20042,0.328738,0
20043,0.331334,0
20044,0.334235,0
20045,0.334319,0
20046,0.330707,0
20047,0.345208,0
20048,0.328280,0
20049,0.329677,0
20050,0.330720,0
20051,0.330564,0
20052,0.331767,0
20053,0.333505,0
20054,0.362352,0
20055,0.329677,0
20056,0.329371,0
20057,0.343844,0
20058,0.426765,0
20059,0.365475,0
20060,0.363595,0
20061,0.417912,0
20062,0.419546,0
20063,0.388196,0
20064,0.339507,0
20065,0.466273,0
20066,0.382566,0
20067,0.427980,0
20068,0.362120,0
20069,0.335774,0
20070,0.439660,0
20071,0.348846,0
20072,0.412955,0
20073,0.329783,0
20074,0.343255,0
20075,0.336884,0
20076,0.333112,0
20077,0.332327,0
20078,0.336005,0
20079,0.332231,0
20080,0.333259,0
20081,0.333773,0
20082,0.331851,0
20083,0.338491,0
20084,0.333282,0
20085,0.330911,0
20086,0.335587,0
20087,0.340837,0
20088,0.333149,0
20089,0.338820,0
20090,0.338820,0
20091,0.332327,0
20092,0.352497,0
20093,0.337031,0
20094,0.331086,0
20095,0.337655,0
20096,0.337655,0
20097,0.341898,0
20098,0.335346,0
20099,0.333391,0
20100,0.333391,0
20101,0.335249,0
20102,0.410961,0
20103,0.339223,0
20104,0.334560,0
20105,0.333271,0
20106,0.333271,0
20107,0.385519,0
20108,0.334029,0
20109,0.420614,0
20110,0.333478,0
20111,0.330911,0
20112,0.334322,0
20113,0.332613,0
20114,0.332335,0
20115,0.346116,0
20116,0.374515,0
20117,0.332327,0
20118,0.344218,0
20119,0.332253,0
20120,0.333122,0
20121,0.335154,0
20122,0.333764,0
20123,0.334250,0
20124,0.331702,0
20125,0.330330,0
20126,0.333271,0
20127,0.332267,0
20128,0.342121,0
20129,0.359082,0
20130,0.359640,0
20131,0.357023,0
20132,0.332097,0
20133,0.332862,0
20134,0.347004,0
20135,0.339545,0
20136,0.335908,0
20137,0.332460,0
20138,0.332831,0
20139,0.342005,0
20140,0.336280,0
20141,0.331842,0
20142,0.332253,0
20143,0.335872,0
20144,0.330476,0
20145,0.330650,0
20146,0.331162,0
20147,0.331365,0
20148,0.332318,0
20149,0.346227,0
20150,0.333478,0
20151,0.340144,0
20152,0.332183,0
20153,0.429020,0
20154,0.330257,0
20155,0.332327,0
20156,0.331316,0
20157,0.331316,0
20158,0.333326,0
20159,0.333271,0
20160,0.331221,0
20161,0.335154,0
20162,0.336504,0
20163,0.344195,0
20164,0.428979,0
20165,0.340905,0
20166,0.427831,0
20167,0.411362,0
20168,0.340024,0
20169,0.358924,0
20170,0.349712,0
20171,0.344984,0
20172,0.332809,0
20173,0.345878,0
20174,0.354844,0
20175,0.348903,0
20176,0.365184,0
20177,0.332685,0
20178,0.341186,0
20179,0.335154,0
20180,0.334857,0
20181,0.331745,0
20182,0.350355,0
20183,0.332786,0
20184,0.385919,0
20185,0.385919,0
20186,0.340224,0
20187,0.351208,0
20188,0.348459,0
20189,0.347867,0
20190,0.371621,0
20191,0.343769,0
20192,0.347709,0
20193,0.336868,0
20194,0.376640,0
20195,0.337185,0
20196,0.332253,0
20197,0.331907,0
20198,0.333747,0
20199,0.329725,0
20200,0.335315,0
20201,0.332327,0
20202,0.331459,0
20203,0.335129,0
20204,0.330650,0
20205,0.335572,0
20206,0.331390,0
20207,0.337031,0
20208,0.333307,0
20209,0.332146,0
20210,0.414661,0
20211,0.330847,0
20212,0.334574,0
20213,0.333659,0
20214,0.333772,0
20215,0.333122,0
20216,0.336884,0
20217,0.333391,0
20218,0.331907,0
20219,0.331641,0
20220,0.331641,0
20221,0.331641,0
20222,0.332438,0
20223,0.333114,0
20224,0.331552,0
20225,0.337426,0
20226,0.333659,0
20227,0.337910,0
20228,0.331817,0
20229,0.336439,0
20230,0.332277,0
20231,0.331712,0
20232,0.332122,0
20233,0.332318,0
20234,0.334717,0
20235,0.343101,0
20236,0.333747,0
20237,0.334029,0
20238,0.333501,0
20239,0.349036,0
20240,0.340903,0
20241,0.340731,0
20242,0.336892,0
20243,0.329815,0
20244,0.334104,0
20245,0.340120,0
20246,0.332438,0
20247,0.333282,0
20248,0.334788,0
20249,0.333747,0
20250,0.347150,0
20251,0.331703,0
20252,0.332183,0
20253,0.332460,0
20254,0.334614,0
20255,0.331862,0
20256,0.331862,0
20257,0.331078,0
20258,0.331278,0
20259,0.333162,0
20260,0.333162,0
20261,0.333054,0
20262,0.339238,0
20263,0.405602,0
20264,0.336797,0
20265,0.391268,0
20266,0.478321,0
20267,0.356729,0
20268,0.357373,0
20269,0.370295,0
20270,0.385986,0
20271,0.393310,0
20272,0.354558,0
20273,0.377177,0
20274,0.379978,0
20275,0.357105,0
20276,0.359981,0
20277,0.404560,0
20278,0.353109,0
20279,0.353109,0
20280,0.389715,0
20281,0.389715,0
20282,0.354144,0
20283,0.354144,0
20284,0.396564,0
20285,0.413561,0
20286,0.462068,0
20287,0.409486,0
20288,0.367287,0
20289,0.365995,0
20290,0.365780,0
20291,0.371894,0
20292,0.387749,0
20293,0.569831,1
20294,0.393475,0
20295,0.385796,0
20296,0.388304,0
20297,0.454638,0
20298,0.481974,0
20299,0.477909,0
20300,0.577634,1
20301,0.421326,0
20302,0.421326,0
20303,0.426756,0
20304,0.569637,1
20305,0.443969,0
20306,0.423438,0
20307,0.430104,0
20308,0.410606,0
20309,0.479500,0
20310,0.420364,0
20311,0.419003,0
20312,0.415918,0
20313,0.492887,0
20314,0.625512,1
20315,0.420708,0
20316,0.618066,1
20317,0.439363,0
20318,0.578175,1
20319,0.478319,0
20320,0.543432,0
20321,0.450512,0
20322,0.732169,1
20323,0.534781,0
20324,0.551657,1
20325,0.489482,0
20326,0.333068,0
20327,0.330092,0
20328,0.330092,0
20329,0.342627,0
20330,0.338949,0
20331,0.330120,0
20332,0.339404,0
20333,0.331845,0
20334,0.328503,0
20335,0.333101,0
20336,0.332392,0
20337,0.328882,0
20338,0.356143,0
20339,0.330108,0
20340,0.336004,0
20341,0.337976,0
20342,0.410618,0
20343,0.329701,0
20344,0.355321,0
20345,0.337847,0
20346,0.340810,0
20347,0.340144,0
20348,0.373065,0
20349,0.356969,0
20350,0.356969,0
20351,0.340460,0
20352,0.330420,0
20353,0.367287,0
20354,0.344679,0
20355,0.339004,0
20356,0.344670,0
20357,0.346869,0
20358,0.331588,0
20359,0.356145,0
20360,0.345686,0
20361,0.334835,0
20362,0.416025,0
20363,0.340923,0
20364,0.414562,0
20365,0.414562,0
20366,0.475849,0
20367,0.458253,0
20368,0.329541,0
20369,0.331851,0
20370,0.464506,0
20371,0.431263,0
20372,0.331611,0
20373,0.332806,0
20374,0.343303,0
20375,0.369890,0
20376,0.372050,0
20377,0.358584,0
20378,0.345667,0
20379,0.357690,0
20380,0.329954,0
20381,0.340923,0
20382,0.342639,0
20383,0.332446,0
20384,0.330745,0
20385,0.413364,0
20386,0.359099,0
20387,0.339741,0
20388,0.341358,0
20389,0.333122,0
20390,0.345667,0
20391,0.333730,0
20392,0.333574,0
20393,0.394736,0
20394,0.331389,0
20395,0.329924,0
20396,0.348303,0
20397,0.339934,0
20398,0.375623,0
20399,0.340251,0
20400,0.350766,0
20401,0.457001,0
20402,0.335801,0
20403,0.347678,0
20404,0.350753,0
20405,0.330820,0
20406,0.331002,0
20407,0.344249,0
20408,0.418810,0
20409,0.331563,0
20410,0.341638,0
20411,0.332327,0
20412,0.355010,0
20413,0.353089,0
20414,0.340215,0
20415,0.329020,0
20416,0.349297,0
20417,0.338623,0
20418,0.468115,0
20419,0.366613,0
20420,0.355739,0
20421,0.355739,0
20422,0.365706,0
20423,0.387783,0
20424,0.377831,0
20425,0.381051,0
20426,0.384318,0
20427,0.376791,0
20428,0.374219,0
20429,0.367017,0
20430,0.367017,0
20431,0.367017,0
20432,0.380869,0
20433,0.368403,0
20434,0.368403,0
20435,0.353226,0
20436,0.380092,0
20437,0.382810,0
20438,0.383499,0
20439,0.382617,0
20440,0.382617,0
20441,0.389876,0
20442,0.434412,0
20443,0.383902,0
20444,0.384484,0
20445,0.383458,0
20446,0.383458,0
20447,0.387783,0
20448,0.427092,0
20449,0.427092,0
20450,0.426696,0
20451,0.426025,0
20452,0.427092,0
20453,0.427092,0
20454,0.428900,0
20455,0.428900,0
20456,0.414957,0
20457,0.441308,0
20458,0.426696,0
20459,0.441308,0
20460,0.441607,0
20461,0.442671,0
20462,0.441308,0
20463,0.441308,0
20464,0.485185,0
20465,0.459548,0
20466,0.478423,0
20467,0.441308,0
20468,0.431052,0
20469,0.441308,0
20470,0.442689,0
20471,0.383458,0
20472,0.383458,0
20473,0.383383,0
20474,0.441308,0
20475,0.441308,0
20476,0.539707,0
20477,0.427893,0
20478,0.384233,0
20479,0.441308,0
20480,0.441308,0
20481,0.454629,0
20482,0.427620,0
20483,0.460222,0
20484,0.417223,0
20485,0.443599,0
20486,0.443837,0
20487,0.429640,0
20488,0.383697,0
20489,0.445648,0
20490,0.428835,0
20491,0.426601,0
20492,0.558769,1
20493,0.461407,0
20494,0.463097,0
20495,0.416661,0
20496,0.424508,0
20497,0.601564,1
20498,0.422675,0
20499,0.496892,0
20500,0.553388,1
20501,0.438456,0
20502,0.371442,0
20503,0.392345,0
20504,0.393686,0
20505,0.340445,0
20506,0.339402,0
20507,0.389152,0
20508,0.395286,0
20509,0.357646,0
20510,0.338097,0
20511,0.364220,0
20512,0.364543,0
20513,0.379694,0
20514,0.358642,0
20515,0.341566,0
20516,0.344360,0
20517,0.348541,0
20518,0.346962,0
20519,0.428719,0
20520,0.444526,0
20521,0.373406,0
20522,0.416247,0
20523,0.361455,0
20524,0.514730,0
20525,0.691113,1
20526,0.476314,0
20527,0.486925,0
20528,0.486925,0
20529,0.486925,0
20530,0.539178,0
20531,0.632607,1
20532,0.483021,0
20533,0.344615,0
20534,0.363833,0
20535,0.343257,0
20536,0.345990,0
20537,0.351445,0
20538,0.356694,0
20539,0.380357,0
20540,0.338713,0
20541,0.343126,0
20542,0.341710,0
20543,0.341710,0
20544,0.332836,0
20545,0.332836,0
20546,0.348681,0
20547,0.348681,0
20548,0.329960,0
20549,0.331858,0
20550,0.339255,0
20551,0.332172,0
20552,0.339337,0
20553,0.346110,0
20554,0.341863,0
20555,0.336612,0
20556,0.341216,0
20557,0.349321,0
20558,0.347638,0
20559,0.337995,0
20560,0.346544,0
20561,0.337098,0
20562,0.347638,0
20563,0.328568,0
20564,0.350746,0
20565,0.350746,0
20566,0.351354,0
20567,0.332489,0
20568,0.332489,0
20569,0.331734,0
20570,0.338846,0
20571,0.338274,0
20572,0.334221,0
20573,0.345751,0
20574,0.345751,0
20575,0.347402,0
20576,0.347402,0
20577,0.351136,0
20578,0.349843,0
20579,0.344633,0
20580,0.341964,0
20581,0.337424,0
20582,0.326470,0
20583,0.330932,0
20584,0.346110,0
20585,0.349695,0
20586,0.338809,0
20587,0.352809,0
20588,0.349025,0
20589,0.338463,0
20590,0.351617,0
20591,0.332346,0
20592,0.332636,0
20593,0.331350,0
20594,0.344286,0
20595,0.362229,0
20596,0.332900,0
20597,0.333499,0
20598,0.329750,0
20599,0.327367,0
20600,0.326984,0
20601,0.345748,0
20602,0.331822,0
20603,0.329284,0
20604,0.328997,0
20605,0.337242,0
20606,0.407046,0
20607,0.407046,0
20608,0.343459,0
20609,0.415432,0
20610,0.415574,0
20611,0.354828,0
20612,0.354322,0
20613,0.356431,0
20614,0.351402,0
20615,0.352056,0
20616,0.340755,0
20617,0.389852,0
20618,0.341863,0
20619,0.344615,0
20620,0.347915,0
20621,0.349126,0
20622,0.393033,0
20623,0.396233,0
20624,0.343219,0
20625,0.359731,0
20626,0.342060,0
20627,0.347791,0
20628,0.347791,0
20629,0.347791,0
20630,0.346197,0
20631,0.359054,0
20632,0.347733,0
20633,0.347733,0
20634,0.349310,0
20635,0.343100,0
20636,0.343100,0
20637,0.344615,0
20638,0.342231,0
20639,0.342200,0
20640,0.345770,0
20641,0.352728,0
20642,0.349042,0
20643,0.349042,0
20644,0.353058,0
20645,0.337759,0
20646,0.395532,0
20647,0.404397,0
20648,0.347835,0
20649,0.347835,0
20650,0.349172,0
20651,0.349172,0
20652,0.341891,0
20653,0.329891,0
20654,0.343029,0
20655,0.347638,0
20656,0.347638,0
20657,0.358583,0
20658,0.347638,0
20659,0.370508,0
20660,0.342865,0
20661,0.347260,0
20662,0.334339,0
20663,0.334339,0
20664,0.331635,0
20665,0.361410,0
20666,0.438738,0
20667,0.359299,0
20668,0.359299,0
20669,0.355737,0
20670,0.357493,0
20671,0.394279,0
20672,0.419224,0
20673,0.350235,0
20674,0.350235,0
20675,0.349842,0
20676,0.350698,0
20677,0.337969,0
20678,0.331121,0
20679,0.331121,0
20680,0.348767,0
20681,0.349329,0
20682,0.369931,0
20683,0.335210,0
20684,0.362245,0
20685,0.344286,0
20686,0.349127,0
20687,0.352700,0
20688,0.349088,0
20689,0.349757,0
20690,0.390272,0
20691,0.389350,0
20692,0.355139,0
20693,0.355139,0
20694,0.336336,0
20695,0.391662,0
20696,0.360481,0
20697,0.353035,0
20698,0.399882,0
20699,0.335947,0
20700,0.369142,0
20701,0.332097,0
20702,0.351588,0
20703,0.331121,0
20704,0.331121,0
20705,0.331349,0
20706,0.336336,0
20707,0.331121,0
20708,0.336568,0
20709,0.337032,0
20710,0.337032,0
20711,0.369778,0
20712,0.338234,0
20713,0.333391,0
20714,0.331349,0
20715,0.406854,0
20716,0.355814,0
20717,0.368277,0
20718,0.354707,0
20719,0.437689,0
20720,0.412210,0
20721,0.352497,0
20722,0.353347,0
20723,0.377003,0
20724,0.329701,0
20725,0.349322,0
20726,0.419942,0
20727,0.400423,0
20728,0.347993,0
20729,0.354006,0
20730,0.414298,0
20731,0.360220,0
20732,0.354829,0
20733,0.358238,0
20734,0.362108,0
20735,0.348079,0
20736,0.439987,0
20737,0.334964,0
20738,0.351577,0
20739,0.388507,0
20740,0.400855,0
20741,0.422132,0
20742,0.347907,0
20743,0.347907,0
20744,0.348079,0
20745,0.348893,0
20746,0.342499,0
20747,0.373592,0
20748,0.356406,0
20749,0.344290,0
20750,0.347675,0
20751,0.347675,0
20752,0.355356,0
20753,0.403268,0
20754,0.361321,0
20755,0.357493,0
20756,0.351905,0
20757,0.336336,0
20758,0.397732,0
20759,0.354829,0
20760,0.392705,0
20761,0.392705,0
20762,0.392705,0
20763,0.354281,0
20764,0.348893,0
20765,0.378644,0
20766,0.374242,0
20767,0.356277,0
20768,0.337179,0
20769,0.363929,0
20770,0.410137,0
20771,0.378948,0
20772,0.354399,0
20773,0.354399,0
20774,0.385913,0
20775,0.385913,0
20776,0.349561,0
20777,0.367339,0
20778,0.349881,0
20779,0.363093,0
20780,0.348657,0
20781,0.348657,0
20782,0.410781,0
20783,0.354431,0
20784,0.351996,0
20785,0.351996,0
20786,0.339853,0
20787,0.383583,0
20788,0.335749,0
20789,0.410314,0
20790,0.347389,0
20791,0.351962,0
20792,0.355709,0
20793,0.350274,0
20794,0.353252,0
20795,0.350235,0
20796,0.354061,0
20797,0.350705,0
20798,0.356080,0
20799,0.365600,0
20800,0.350707,0
20801,0.387856,0
20802,0.399959,0
20803,0.357435,0
20804,0.357435,0
20805,0.406990,0
20806,0.375905,0
20807,0.385698,0
20808,0.645727,1
20809,0.454581,0
20810,0.408377,0
20811,0.450145,0
20812,0.335903,0
20813,0.340941,0
20814,0.342904,0
20815,0.333068,0
20816,0.333068,0
20817,0.329892,0
20818,0.347667,0
20819,0.347667,0
20820,0.347667,0
20821,0.344101,0
20822,0.344101,0
20823,0.342284,0
20824,0.342284,0
20825,0.342284,0
20826,0.328309,0
20827,0.333961,0
20828,0.333961,0
20829,0.333961,0
20830,0.331756,0
20831,0.341139,0
20832,0.346109,0
20833,0.343236,0
20834,0.346109,0
20835,0.346109,0
20836,0.346109,0
20837,0.327084,0
20838,0.339782,0
20839,0.328153,0
20840,0.334107,0
20841,0.333505,0
20842,0.329892,0
20843,0.334136,0
20844,0.334253,0
20845,0.334253,0
20846,0.334253,0
20847,0.333582,0
20848,0.333582,0
20849,0.343029,0
20850,0.337681,0
20851,0.337446,0
20852,0.328674,0
20853,0.334795,0
20854,0.331614,0
20855,0.331738,0
20856,0.332644,0
20857,0.331740,0
20858,0.327123,0
20859,0.326352,0
20860,0.332874,0
20861,0.327019,0
20862,0.326299,0
20863,0.328503,0
20864,0.330120,0
20865,0.333765,0
20866,0.333765,0
20867,0.335175,0
20868,0.336050,0
20869,0.334702,0
20870,0.341633,0
20871,0.335237,0
20872,0.348481,0
20873,0.328503,0
20874,0.345321,0
20875,0.326352,0
20876,0.326494,0
20877,0.326494,0
20878,0.332727,0
20879,0.331858,0
20880,0.406632,0
20881,0.328153,0
20882,0.328153,0
20883,0.329908,0
20884,0.328153,0
20885,0.334106,0
20886,0.334106,0
20887,0.334106,0
20888,0.334106,0
20889,0.329012,0
20890,0.333961,0
20891,0.333961,0
20892,0.347322,0
20893,0.347322,0
20894,0.338336,0
20895,0.369886,0
20896,0.346109,0
20897,0.338507,0
20898,0.331767,0
20899,0.335335,0
20900,0.335335,0
20901,0.336050,0
20902,0.326535,0
20903,0.354419,0
20904,0.348475,0
20905,0.348475,0
20906,0.335147,0
20907,0.336107,0
20908,0.333961,0
20909,0.331814,0
20910,0.337708,0
20911,0.391571,0
20912,0.326393,0
20913,0.326657,0
20914,0.346124,0
20915,0.339825,0
20916,0.333068,0
20917,0.331877,0
20918,0.331267,0
20919,0.337064,0
20920,0.335903,0
20921,0.335903,0
20922,0.326807,0
20923,0.339405,0
20924,0.349137,0
20925,0.374134,0
20926,0.344229,0
20927,0.327617,0
20928,0.336050,0
20929,0.350060,0
20930,0.340357,0
20931,0.350231,0
20932,0.350231,0
20933,0.340499,0
20934,0.349964,0
20935,0.355209,0
20936,0.347382,0
20937,0.333738,0
20938,0.347234,0
20939,0.334106,0
20940,0.334106,0
20941,0.332278,0
20942,0.408237,0
20943,0.334106,0
20944,0.333961,0
20945,0.335277,0
20946,0.334190,0
20947,0.335917,0
20948,0.334253,0
20949,0.336050,0
20950,0.335903,0
20951,0.335903,0
20952,0.335903,0
20953,0.335903,0
20954,0.337708,0
20955,0.337966,0
20956,0.336160,0
20957,0.330947,0
20958,0.331822,0
20959,0.331822,0
20960,0.347884,0
20961,0.339799,0
20962,0.333910,0
20963,0.340755,0
20964,0.349366,0
20965,0.351317,0
20966,0.335917,0
20967,0.335917,0
20968,0.336050,0
20969,0.331740,0
20970,0.329471,0
20971,0.342904,0
20972,0.342904,0
20973,0.342904,0
20974,0.327505,0
20975,0.342904,0
20976,0.329603,0
20977,0.329603,0
20978,0.330558,0
20979,0.336050,0
20980,0.331858,0
20981,0.343740,0
20982,0.330157,0
20983,0.332203,0
20984,0.331769,0
20985,0.335903,0
20986,0.335903,0
20987,0.335903,0
20988,0.334106,0
20989,0.334106,0
20990,0.333961,0
20991,0.333961,0
20992,0.333961,0
20993,0.333961,0
20994,0.342326,0
20995,0.332302,0
20996,0.334106,0
20997,0.333961,0
20998,0.331540,0
20999,0.331540,0
21000,0.338471,0
21001,0.361333,0
21002,0.361288,0
21003,0.355500,0
21004,0.355500,0
21005,0.355500,0
21006,0.326393,0
21007,0.353873,0
21008,0.353873,0
21009,0.353873,0
21010,0.353873,0
21011,0.353873,0
21012,0.353873,0
21013,0.351870,0
21014,0.351870,0
21015,0.351870,0
21016,0.351870,0
21017,0.351870,0
21018,0.349188,0
21019,0.358133,0
21020,0.332718,0
21021,0.332718,0
21022,0.330865,0
21023,0.330865,0
21024,0.330865,0
21025,0.334756,0
21026,0.334756,0
21027,0.351350,0
21028,0.355470,0
21029,0.347618,0
21030,0.347618,0
21031,0.338613,0
21032,0.358744,0
21033,0.335903,0
21034,0.335903,0
21035,0.335903,0
21036,0.349014,0
21037,0.349014,0
21038,0.341710,0
21039,0.332489,0
21040,0.353819,0
21041,0.350404,0
21042,0.333068,0
21043,0.337708,0
21044,0.332489,0
21045,0.332489,0
21046,0.350532,0
21047,0.350111,0
21048,0.350828,0
21049,0.328987,0
21050,0.330395,0
21051,0.339870,0
21052,0.332022,0
21053,0.334227,0
21054,0.395086,0
21055,0.397200,0
21056,0.337424,0
21057,0.327600,0
21058,0.342390,0
21059,0.329644,0
21060,0.330173,0
21061,0.330173,0
21062,0.326925,0
21063,0.326389,0
21064,0.326389,0
21065,0.326844,0
21066,0.326844,0
21067,0.329190,0
21068,0.327022,0
21069,0.338935,0
21070,0.338935,0
21071,0.329632,0
21072,0.326820,0
21073,0.326844,0
21074,0.326844,0
21075,0.326844,0
21076,0.330152,0
21077,0.347821,0
21078,0.332172,0
21079,0.351616,0
21080,0.336094,0
21081,0.363455,0
21082,0.332854,0
21083,0.328503,0
21084,0.336559,0
21085,0.336559,0
21086,0.326755,0
21087,0.337113,0
21088,0.335480,0
21089,0.327539,0
21090,0.328556,0
21091,0.328556,0
21092,0.329303,0
21093,0.328556,0
21094,0.328556,0
21095,0.329590,0
21096,0.330257,0
21097,0.330257,0
21098,0.330257,0
21099,0.330257,0
21100,0.330257,0
21101,0.330817,0
21102,0.332985,0
21103,0.343532,0
21104,0.330138,0
21105,0.327123,0
21106,0.327123,0
21107,0.328118,0
21108,0.330911,0
21109,0.363173,0
21110,0.338819,0
21111,0.340151,0
21112,0.336481,0
21113,0.416096,0
21114,0.326984,0
21115,0.352104,0
21116,0.333829,0
21117,0.333829,0
21118,0.331292,0
21119,0.331843,0
21120,0.390995,0
21121,0.348240,0
21122,0.348240,0
21123,0.337655,0
21124,0.337655,0
21125,0.344883,0
21126,0.329701,0
21127,0.394202,0
21128,0.409348,0
21129,0.336493,0
21130,0.349127,0
21131,0.348891,0
21132,0.356028,0
21133,0.402751,0
21134,0.349127,0
21135,0.357494,0
21136,0.330816,0
21137,0.345300,0
21138,0.345300,0
21139,0.338859,0
21140,0.340147,0
21141,0.345163,0
21142,0.353790,0
21143,0.337908,0
21144,0.339004,0
21145,0.336464,0
21146,0.344649,0
21147,0.330272,0
21148,0.330272,0
21149,0.333175,0
21150,0.349088,0
21151,0.335341,0
21152,0.329701,0
21153,0.335338,0
21154,0.334956,0
21155,0.353120,0
21156,0.332769,0
21157,0.333234,0
21158,0.330965,0
21159,0.342246,0
21160,0.348856,0
21161,0.349864,0
21162,0.331977,0
21163,0.333162,0
21164,0.333162,0
21165,0.333772,0
21166,0.330697,0
21167,0.414416,0
21168,0.337219,0
21169,0.436852,0
21170,0.411183,0
21171,0.338186,0
21172,0.347667,0
21173,0.375796,0
21174,0.375796,0
21175,0.341920,0
21176,0.358245,0
21177,0.389065,0
21178,0.389065,0
21179,0.360463,0
21180,0.367008,0
21181,0.367008,0
21182,0.345662,0
21183,0.410056,0
21184,0.344162,0
21185,0.340302,0
21186,0.348152,0
21187,0.419541,0
21188,0.334250,0
21189,0.404402,0
21190,0.330248,0
21191,0.330854,0
21192,0.359539,0
21193,0.350529,0
21194,0.329701,0
21195,0.332593,0
21196,0.411457,0
21197,0.333020,0
21198,0.360574,0
21199,0.354399,0
21200,0.354590,0
21201,0.359916,0
21202,0.395911,0
21203,0.335749,0
21204,0.353790,0
21205,0.353790,0
21206,0.390206,0
21207,0.334485,0
21208,0.334485,0
21209,0.333736,0
21210,0.416209,0
21211,0.414002,0
21212,0.337552,0
21213,0.337552,0
21214,0.337552,0
21215,0.337552,0
21216,0.345444,0
21217,0.335953,0
21218,0.337312,0
21219,0.357280,0
21220,0.357790,0
21221,0.397712,0
21222,0.369435,0
21223,0.343791,0
21224,0.370887,0
21225,0.385081,0
21226,0.332706,0
21227,0.437940,0
21228,0.342091,0
21229,0.349156,0
21230,0.349156,0
21231,0.349156,0
21232,0.358653,0
21233,0.336331,0
21234,0.386729,0
21235,0.334832,0
21236,0.370243,0
21237,0.412410,0
21238,0.345652,0
21239,0.332471,0
21240,0.333346,0
21241,0.338271,0
21242,0.331121,0
21243,0.349287,0
21244,0.332242,0
21245,0.339313,0
21246,0.333973,0
21247,0.353919,0
21248,0.331795,0
21249,0.494908,0
21250,0.391552,0
21251,0.391552,0
21252,0.345483,0
21253,0.347769,0
21254,0.529913,0
21255,0.366507,0
21256,0.474045,0
21257,0.407301,0
21258,0.463661,0
21259,0.533057,0
21260,0.412061,0
21261,0.418779,0
21262,0.427303,0
21263,0.849543,1
21264,0.342713,0
21265,0.341042,0
21266,0.330383,0
21267,0.343495,0
21268,0.332930,0
21269,0.332930,0
21270,0.326657,0
21271,0.326393,0
21272,0.331142,0
21273,0.338695,0
21274,0.338736,0
21275,0.329371,0
21276,0.332203,0
21277,0.332203,0
21278,0.331171,0
21279,0.331171,0
21280,0.359019,0
21281,0.331006,0
21282,0.365234,0
21283,0.411676,0
21284,0.379565,0
21285,0.339747,0
21286,0.342325,0
21287,0.346045,0
21288,0.340944,0
21289,0.344656,0
21290,0.341417,0
21291,0.373049,0
21292,0.326844,0
21293,0.332279,0
21294,0.326879,0
21295,0.328987,0
21296,0.328987,0
21297,0.329543,0
21298,0.332856,0
21299,0.326535,0
21300,0.326393,0
21301,0.331932,0
21302,0.337902,0
21303,0.333079,0
21304,0.329170,0
21305,0.334545,0
21306,0.333505,0
21307,0.326657,0
21308,0.326903,0
21309,0.331816,0
21310,0.335161,0
21311,0.330787,0
21312,0.330257,0
21313,0.329923,0
21314,0.337927,0
21315,0.333585,0
21316,0.333585,0
21317,0.334756,0
21318,0.333585,0
21319,0.330144,0
21320,0.330144,0
21321,0.337094,0
21322,0.332637,0
21323,0.335141,0
21324,0.336229,0
21325,0.328940,0
21326,0.328940,0
21327,0.326820,0
21328,0.347724,0
21329,0.366879,0
21330,0.366879,0
21331,0.350111,0
21332,0.331827,0
21333,0.328738,0
21334,0.340874,0
21335,0.337259,0
21336,0.337259,0
21337,0.344999,0
21338,0.326393,0
21339,0.331808,0
21340,0.331808,0
21341,0.332856,0
21342,0.335161,0
21343,0.330787,0
21344,0.331478,0
21345,0.336569,0
21346,0.336569,0
21347,0.336569,0
21348,0.336422,0
21349,0.334136,0
21350,0.334136,0
21351,0.336050,0
21352,0.334106,0
21353,0.328153,0
21354,0.334107,0
21355,0.333505,0
21356,0.333173,0
21357,0.330764,0
21358,0.327494,0
21359,0.355100,0
21360,0.348574,0
21361,0.351385,0
21362,0.350116,0
21363,0.350590,0
21364,0.331478,0
21365,0.329923,0
21366,0.444281,0
21367,0.357191,0
21368,0.340491,0
21369,0.340491,0
21370,0.330257,0
21371,0.333582,0
21372,0.356083,0
21373,0.334107,0
21374,0.332172,0
21375,0.326807,0
21376,0.326807,0
21377,0.418863,0
21378,0.332636,0
21379,0.330144,0
21380,0.328078,0
21381,0.360198,0
21382,0.332168,0
21383,0.326844,0
21384,0.327367,0
21385,0.332278,0
21386,0.343261,0
21387,0.340003,0
21388,0.351573,0
21389,0.351573,0
21390,0.351573,0
21391,0.330433,0
21392,0.332636,0
21393,0.326779,0
21394,0.331141,0
21395,0.328568,0
21396,0.327084,0
21397,0.327084,0
21398,0.327084,0
21399,0.326352,0
21400,0.344384,0
21401,0.344384,0
21402,0.347571,0
21403,0.355913,0
21404,0.332203,0
21405,0.410768,0
21406,0.326820,0
21407,0.328699,0
21408,0.346729,0
21409,0.330947,0
21410,0.390833,0
21411,0.350607,0
21412,0.350607,0
21413,0.328568,0
21414,0.328568,0
21415,0.328568,0
21416,0.388945,0
21417,0.327863,0
21418,0.344572,0
21419,0.327084,0
21420,0.340491,0
21421,0.338672,0
21422,0.338672,0
21423,0.338672,0
21424,0.338672,0
21425,0.328740,0
21426,0.328740,0
21427,0.328740,0
21428,0.334051,0
21429,0.351753,0
21430,0.326820,0
21431,0.326820,0
21432,0.326820,0
21433,0.326820,0
21434,0.329431,0
21435,0.330720,0
21436,0.327189,0
21437,0.344181,0
21438,0.344181,0
21439,0.352352,0
21440,0.333747,0
21441,0.335934,0
21442,0.357282,0
21443,0.395171,0
21444,0.406016,0
21445,0.340668,0
21446,0.338965,0
21447,0.338965,0
21448,0.352791,0
21449,0.331367,0
21450,0.332579,0
21451,0.356688,0
21452,0.356688,0
21453,0.333282,0
21454,0.339235,0
21455,0.340024,0
21456,0.365773,0
21457,0.399775,0
21458,0.411296,0
21459,0.409781,0
21460,0.401007,0
21461,0.332681,0
21462,0.330911,0
21463,0.330745,0
21464,0.345006,0
21465,0.354350,0
21466,0.395676,0
21467,0.340924,0
21468,0.345705,0
21469,0.405772,0
21470,0.397310,0
21471,0.458102,0
21472,0.488963,0
21473,0.390456,0
21474,0.345211,0
21475,0.343560,0
21476,0.343560,0
21477,0.343560,0
21478,0.386532,0
21479,0.404718,0
21480,0.449036,0
21481,0.362912,0
21482,0.415368,0
21483,0.345404,0
21484,0.356969,0
21485,0.356969,0
21486,0.351296,0
21487,0.402668,0
21488,0.330745,0
21489,0.329701,0
21490,0.334978,0
21491,0.351465,0
21492,0.339829,0
21493,0.330272,0
21494,0.334978,0
21495,0.334250,0
21496,0.414789,0
21497,0.333131,0
21498,0.396513,0
21499,0.420110,0
21500,0.344941,0
21501,0.344941,0
21502,0.409627,0
21503,0.349842,0
21504,0.339313,0
21505,0.393254,0
21506,0.394595,0
21507,0.341703,0
21508,0.334642,0
21509,0.335774,0
21510,0.335774,0
21511,0.335774,0
21512,0.504490,0
21513,0.391865,0
21514,0.339169,0
21515,0.336459,0
21516,0.336459,0
21517,0.332702,0
21518,0.410723,0
21519,0.410079,0
21520,0.364024,0
21521,0.332158,0
21522,0.331703,0
21523,0.331703,0
21524,0.336797,0
21525,0.338690,0
21526,0.331703,0
21527,0.331703,0
21528,0.333773,0
21529,0.339917,0
21530,0.426694,0
21531,0.349801,0
21532,0.394268,0
21533,0.332638,0
21534,0.330248,0
21535,0.330248,0
21536,0.330248,0
21537,0.330248,0
21538,0.330248,0
21539,0.330248,0
21540,0.397231,0
21541,0.397231,0
21542,0.398779,0
21543,0.398779,0
21544,0.333954,0
21545,0.330248,0
21546,0.360905,0
21547,0.335552,0
21548,0.339781,0
21549,0.331795,0
21550,0.352675,0
21551,0.333747,0
21552,0.333452,0
21553,0.333370,0
21554,0.335918,0
21555,0.350698,0
21556,0.337562,0
21557,0.349515,0
21558,0.334382,0
21559,0.336336,0
21560,0.414611,0
21561,0.332774,0
21562,0.335811,0
21563,0.346420,0
21564,0.359319,0
21565,0.354061,0
21566,0.337200,0
21567,0.331914,0
21568,0.335872,0
21569,0.331365,0
21570,0.340619,0
21571,0.333346,0
21572,0.332326,0
21573,0.334339,0
21574,0.337120,0
21575,0.405313,0
21576,0.333122,0
21577,0.418967,0
21578,0.405109,0
21579,0.405467,0
21580,0.337230,0
21581,0.357280,0
21582,0.360102,0
21583,0.360102,0
21584,0.360102,0
21585,0.332158,0
21586,0.347867,0
21587,0.349692,0
21588,0.344109,0
21589,0.401345,0
21590,0.356921,0
21591,0.332351,0
21592,0.405877,0
21593,0.334549,0
21594,0.334182,0
21595,0.398045,0
21596,0.333724,0
21597,0.344588,0
21598,0.396380,0
21599,0.355709,0
21600,0.380622,0
21601,0.476108,0
21602,0.364619,0
21603,0.393494,0
21604,0.461590,0
21605,0.358216,0
21606,0.357812,0
21607,0.356204,0
21608,0.356231,0
21609,0.360014,0
21610,0.360642,0
21611,0.354144,0
21612,0.396845,0
21613,0.486456,0
21614,0.422144,0
21615,0.538642,0
21616,0.509207,0
21617,0.413475,0
21618,0.684639,1
21619,0.477180,0
21620,0.551327,1
21621,0.329555,0
21622,0.328738,0
21623,0.328738,0
21624,0.339590,0
21625,0.333338,0
21626,0.331816,0
21627,0.332021,0
21628,0.330257,0
21629,0.326380,0
21630,0.328674,0
21631,0.328674,0
21632,0.331767,0
21633,0.330383,0
21634,0.330100,0
21635,0.338983,0
21636,0.326807,0
21637,0.326844,0
21638,0.326779,0
21639,0.326779,0
21640,0.346393,0
21641,0.337330,0
21642,0.327577,0
21643,0.339203,0
21644,0.339203,0
21645,0.339203,0
21646,0.332184,0
21647,0.330100,0
21648,0.334107,0
21649,0.327551,0
21650,0.332518,0
21651,0.328503,0
21652,0.330100,0
21653,0.331171,0
21654,0.332279,0
21655,0.329442,0
21656,0.330438,0
21657,0.330438,0
21658,0.342529,0
21659,0.326417,0
21660,0.344562,0
21661,0.329688,0
21662,0.332278,0
21663,0.367563,0
21664,0.332636,0
21665,0.328153,0
21666,0.330812,0
21667,0.329253,0
21668,0.329253,0
21669,0.338747,0
21670,0.326820,0
21671,0.326820,0
21672,0.334107,0
21673,0.331756,0
21674,0.331756,0
21675,0.331141,0
21676,0.331141,0
21677,0.332460,0
21678,0.334106,0
21679,0.335015,0
21680,0.330092,0
21681,0.326820,0
21682,0.326299,0
21683,0.329532,0
21684,0.330875,0
21685,0.327454,0
21686,0.330875,0
21687,0.328556,0
21688,0.333415,0
21689,0.326755,0
21690,0.334384,0
21691,0.329902,0
21692,0.351258,0
21693,0.353456,0
21694,0.335795,0
21695,0.343346,0
21696,0.337917,0
21697,0.333068,0
21698,0.327075,0
21699,0.326880,0
21700,0.326880,0
21701,0.326417,0
21702,0.326755,0
21703,0.337708,0
21704,0.337708,0
21705,0.331512,0
21706,0.331512,0
21707,0.329469,0
21708,0.329469,0
21709,0.330720,0
21710,0.333068,0
21711,0.342434,0
21712,0.331141,0
21713,0.334106,0
21714,0.333961,0
21715,0.337995,0
21716,0.337713,0
21717,0.327123,0
21718,0.326839,0
21719,0.334107,0
21720,0.333558,0
21721,0.332511,0
21722,0.329637,0
21723,0.340271,0
21724,0.335341,0
21725,0.335341,0
21726,0.343346,0
21727,0.328738,0
21728,0.364471,0
21729,0.337393,0
21730,0.334243,0
21731,0.331863,0
21732,0.327934,0
21733,0.327934,0
21734,0.326879,0
21735,0.328503,0
21736,0.327429,0
21737,0.326755,0
21738,0.326820,0
21739,0.327189,0
21740,0.326903,0
21741,0.326903,0
21742,0.331813,0
21743,0.332933,0
21744,0.329963,0
21745,0.328831,0
21746,0.331822,0
21747,0.333064,0
21748,0.327735,0
21749,0.332172,0
21750,0.326470,0
21751,0.327296,0
21752,0.329644,0
21753,0.326807,0
21754,0.326807,0
21755,0.326807,0
21756,0.348990,0
21757,0.331767,0
21758,0.335770,0
21759,0.336079,0
21760,0.336050,0
21761,0.344062,0
21762,0.340123,0
21763,0.334878,0
21764,0.334492,0
21765,0.337708,0
21766,0.335903,0
21767,0.333068,0
21768,0.331387,0
21769,0.326470,0
21770,0.354299,0
21771,0.366879,0
21772,0.340046,0
21773,0.340046,0
21774,0.342737,0
21775,0.353832,0
21776,0.336491,0
21777,0.327189,0
21778,0.327189,0
21779,0.333961,0
21780,0.337009,0
21781,0.327879,0
21782,0.331576,0
21783,0.331576,0
21784,0.341533,0
21785,0.341533,0
21786,0.333595,0
21787,0.335754,0
21788,0.335754,0
21789,0.329644,0
21790,0.330806,0
21791,0.333192,0
21792,0.327480,0
21793,0.329960,0
21794,0.329960,0
21795,0.350162,0
21796,0.337081,0
21797,0.337081,0
21798,0.338229,0
21799,0.350162,0
21800,0.329181,0
21801,0.335131,0
21802,0.334702,0
21803,0.334702,0
21804,0.334702,0
21805,0.334702,0
21806,0.334702,0
21807,0.334568,0
21808,0.334568,0
21809,0.334568,0
21810,0.334568,0
21811,0.328834,0
21812,0.328940,0
21813,0.328078,0
21814,0.335635,0
21815,0.354613,0
21816,0.342737,0
21817,0.366610,0
21818,0.339555,0
21819,0.338504,0
21820,0.331814,0
21821,0.340760,0
21822,0.340760,0
21823,0.361244,0
21824,0.340760,0
21825,0.328611,0
21826,0.368940,0
21827,0.334516,0
21828,0.333684,0
21829,0.335129,0
21830,0.435028,0
21831,0.343899,0
21832,0.353067,0
21833,0.404265,0
21834,0.349042,0
21835,0.353128,0
21836,0.338683,0
21837,0.343100,0
21838,0.340285,0
21839,0.356162,0
21840,0.336837,0
21841,0.336837,0
21842,0.338212,0
21843,0.333743,0
21844,0.336764,0
21845,0.332645,0
21846,0.330878,0
21847,0.332471,0
21848,0.330027,0
21849,0.340720,0
21850,0.333747,0
21851,0.335531,0
21852,0.351805,0
21853,0.413587,0
21854,0.332403,0
21855,0.331303,0
21856,0.331853,0
21857,0.331853,0
21858,0.331853,0
21859,0.331853,0
21860,0.332351,0
21861,0.429323,0
21862,0.332330,0
21863,0.332330,0
21864,0.331121,0
21865,0.336222,0
21866,0.332597,0
21867,0.330246,0
21868,0.331827,0
21869,0.334549,0
21870,0.398502,0
21871,0.334407,0
21872,0.349088,0
21873,0.333122,0
21874,0.337885,0
21875,0.346473,0
21876,0.336627,0
21877,0.331795,0
21878,0.333772,0
21879,0.343045,0
21880,0.341450,0
21881,0.341315,0
21882,0.331221,0
21883,0.331221,0
21884,0.331221,0
21885,0.337179,0
21886,0.337179,0
21887,0.341405,0
21888,0.332445,0
21889,0.331364,0
21890,0.331221,0
21891,0.330484,0
21892,0.335222,0
21893,0.333954,0
21894,0.344579,0
21895,0.332175,0
21896,0.332347,0
21897,0.409627,0
21898,0.350705,0
21899,0.332326,0
21900,0.332326,0
21901,0.332326,0
21902,0.333471,0
21903,0.337910,0
21904,0.353179,0
21905,0.336464,0
21906,0.334250,0
21907,0.338274,0
21908,0.351300,0
21909,0.407055,0
21910,0.352582,0
21911,0.340305,0
21912,0.335908,0
21913,0.336947,0
21914,0.412136,0
21915,0.336784,0
21916,0.354446,0
21917,0.354446,0
21918,0.333282,0
21919,0.352705,0
21920,0.330841,0
21921,0.329701,0
21922,0.331853,0
21923,0.333131,0
21924,0.333384,0
21925,0.334884,0
21926,0.334772,0
21927,0.472768,0
21928,0.334312,0
21929,0.347834,0
21930,0.402734,0
21931,0.346398,0
21932,0.346716,0
21933,0.431963,0
21934,0.393730,0
21935,0.334717,0
21936,0.336542,0
21937,0.332815,0
21938,0.345499,0
21939,0.336439,0
21940,0.336439,0
21941,0.339603,0
21942,0.339603,0
21943,0.339786,0
21944,0.338234,0
21945,0.333391,0
21946,0.334450,0
21947,0.333271,0
21948,0.333234,0
21949,0.331303,0
21950,0.346898,0
21951,0.409627,0
21952,0.344094,0
21953,0.371323,0
21954,0.344607,0
21955,0.350746,0
21956,0.350237,0
21957,0.346898,0
21958,0.358052,0
21959,0.346630,0
21960,0.346410,0
21961,0.349088,0
21962,0.378075,0
21963,0.349088,0
21964,0.350552,0
21965,0.384811,0
21966,0.353819,0
21967,0.338709,0
21968,0.351194,0
21969,0.350707,0
21970,0.350707,0
21971,0.350235,0
21972,0.366320,0
21973,0.369407,0
21974,0.407547,0
21975,0.405396,0
21976,0.342669,0
21977,0.339507,0
21978,0.349088,0
21979,0.351194,0
21980,0.354523,0
21981,0.355152,0
21982,0.357960,0
21983,0.379597,0
21984,0.395709,0
21985,0.357121,0
21986,0.362776,0
21987,0.377811,0
21988,0.404128,0
21989,0.424376,0
21990,0.469482,0
21991,0.469212,0
21992,0.580068,1
21993,0.505495,0
21994,0.477188,0
21995,0.421865,0
21996,0.478506,0
21997,0.343160,0
21998,0.339591,0
21999,0.346628,0
22000,0.356840,0
22001,0.329303,0
22002,0.336837,0
22003,0.338657,0
22004,0.341710,0
22005,0.345775,0
22006,0.335141,0
22007,0.371874,0
22008,0.333399,0
22009,0.342081,0
22010,0.332460,0
22011,0.328987,0
22012,0.337682,0
22013,0.341040,0
22014,0.334662,0
22015,0.334516,0
22016,0.334662,0
22017,0.336940,0
22018,0.329213,0
22019,0.329804,0
22020,0.329804,0
22021,0.329804,0
22022,0.330092,0
22023,0.330092,0
22024,0.329804,0
22025,0.330152,0
22026,0.342625,0
22027,0.341492,0
22028,0.360121,0
22029,0.343911,0
22030,0.343492,0
22031,0.330153,0
22032,0.332203,0
22033,0.329804,0
22034,0.329804,0
22035,0.329804,0
22036,0.332696,0
22037,0.329804,0
22038,0.329804,0
22039,0.329804,0
22040,0.334662,0
22041,0.330526,0
22042,0.357205,0
22043,0.332769,0
22044,0.336569,0
22045,0.336569,0
22046,0.351150,0
22047,0.336569,0
22048,0.350937,0
22049,0.350937,0
22050,0.332087,0
22051,0.339668,0
22052,0.326180,0
22053,0.330829,0
22054,0.330829,0
22055,0.342200,0
22056,0.326299,0
22057,0.326299,0
22058,0.330195,0
22059,0.330195,0
22060,0.329347,0
22061,0.330195,0
22062,0.330195,0
22063,0.343333,0
22064,0.339050,0
22065,0.390526,0
22066,0.357123,0
22067,0.332769,0
22068,0.354229,0
22069,0.337917,0
22070,0.338657,0
22071,0.329644,0
22072,0.342447,0
22073,0.335136,0
22074,0.363322,0
22075,0.340046,0
22076,0.358056,0
22077,0.339398,0
22078,0.340184,0
22079,0.336599,0
22080,0.336599,0
22081,0.337062,0
22082,0.336031,0
22083,0.339107,0
22084,0.337244,0
22085,0.331664,0
22086,0.339270,0
22087,0.343540,0
22088,0.383392,0
22089,0.326498,0
22090,0.329902,0
22091,0.329902,0
22092,0.347008,0
22093,0.339148,0
22094,0.335131,0
22095,0.335131,0
22096,0.334342,0
22097,0.334342,0
22098,0.330842,0
22099,0.354752,0
22100,0.331734,0
22101,0.328987,0
22102,0.331822,0
22103,0.352050,0
22104,0.354229,0
22105,0.328940,0
22106,0.328413,0
22107,0.345020,0
22108,0.332810,0
22109,0.334121,0
22110,0.337798,0
22111,0.338193,0
22112,0.337773,0
22113,0.337773,0
22114,0.338222,0
22115,0.328413,0
22116,0.345615,0
22117,0.356497,0
22118,0.348821,0
22119,0.348821,0
22120,0.336253,0
22121,0.327308,0
22122,0.336607,0
22123,0.338417,0
22124,0.333260,0
22125,0.335647,0
22126,0.336607,0
22127,0.336607,0
22128,0.329807,0
22129,0.329807,0
22130,0.333260,0
22131,0.330178,0
22132,0.327620,0
22133,0.334440,0
22134,0.334503,0
22135,0.342799,0
22136,0.333829,0
22137,0.345724,0
22138,0.330178,0
22139,0.339481,0
22140,0.345573,0
22141,0.348648,0
22142,0.342973,0
22143,0.369128,0
22144,0.369128,0
22145,0.351753,0
22146,0.351753,0
22147,0.351753,0
22148,0.346156,0
22149,0.336507,0
22150,0.335563,0
22151,0.334332,0
22152,0.334332,0
22153,0.390769,0
22154,0.371537,0
22155,0.414647,0
22156,0.326380,0
22157,0.334077,0
22158,0.370215,0
22159,0.346571,0
22160,0.333399,0
22161,0.335436,0
22162,0.351987,0
22163,0.326925,0
22164,0.329923,0
22165,0.326904,0
22166,0.432243,0
22167,0.412371,0
22168,0.412384,0
22169,0.331614,0
22170,0.333439,0
22171,0.330644,0
22172,0.330644,0
22173,0.329962,0
22174,0.406824,0
22175,0.335903,0
22176,0.335903,0
22177,0.338672,0
22178,0.335903,0
22179,0.336422,0
22180,0.351651,0
22181,0.335903,0
22182,0.335903,0
22183,0.356252,0
22184,0.354128,0
22185,0.342592,0
22186,0.344271,0
22187,0.348829,0
22188,0.335525,0
22189,0.356162,0
22190,0.356162,0
22191,0.343553,0
22192,0.328413,0
22193,0.328413,0
22194,0.338668,0
22195,0.340046,0
22196,0.350727,0
22197,0.343029,0
22198,0.357864,0
22199,0.341710,0
22200,0.341279,0
22201,0.334342,0
22202,0.334342,0
22203,0.333639,0
22204,0.332705,0
22205,0.334799,0
22206,0.334107,0
22207,0.328646,0
22208,0.330346,0
22209,0.329644,0
22210,0.343029,0
22211,0.343100,0
22212,0.357169,0
22213,0.355542,0
22214,0.369480,0
22215,0.332933,0
22216,0.330564,0
22217,0.353649,0
22218,0.352104,0
22219,0.342146,0
22220,0.434723,0
22221,0.335425,0
22222,0.343811,0
22223,0.333632,0
22224,0.344414,0
22225,0.333054,0
22226,0.333054,0
22227,0.333054,0
22228,0.333054,0
22229,0.333054,0
22230,0.338946,0
22231,0.387062,0
22232,0.387555,0
22233,0.349730,0
22234,0.341565,0
22235,0.341752,0
22236,0.405396,0
22237,0.454005,0
22238,0.347316,0
22239,0.348240,0
22240,0.345195,0
22241,0.349842,0
22242,0.366028,0
22243,0.352736,0
22244,0.358943,0
22245,0.430911,0
22246,0.379528,0
22247,0.377255,0
22248,0.354350,0
22249,0.354350,0
22250,0.354504,0
22251,0.349472,0
22252,0.352335,0
22253,0.335950,0
22254,0.335950,0
22255,0.394468,0
22256,0.346876,0
22257,0.354276,0
22258,0.335514,0
22259,0.335514,0
22260,0.338227,0
22261,0.338227,0
22262,0.338227,0
22263,0.344519,0
22264,0.338491,0
22265,0.333106,0
22266,0.339483,0
22267,0.420121,0
22268,0.453159,0
22269,0.338079,0
22270,0.338079,0
22271,0.409355,0
22272,0.416790,0
22273,0.332786,0
22274,0.393349,0
22275,0.390428,0
22276,0.333724,0
22277,0.395091,0
22278,0.405772,0
22279,0.403376,0
22280,0.349127,0
22281,0.336336,0
22282,0.543740,0
22283,0.340936,0
22284,0.366808,0
22285,0.337611,0
22286,0.333996,0
22287,0.377985,0
22288,0.377985,0
22289,0.346146,0
22290,0.397712,0
22291,0.399614,0
22292,0.406663,0
22293,0.353252,0
22294,0.331349,0
22295,0.411841,0
22296,0.350127,0
22297,0.341354,0
22298,0.361157,0
22299,0.340920,0
22300,0.331622,0
22301,0.360941,0
22302,0.369778,0
22303,0.345942,0
22304,0.339855,0
22305,0.360369,0
22306,0.404094,0
22307,0.354273,0
22308,0.354273,0
22309,0.355778,0
22310,0.359870,0
22311,0.336513,0
22312,0.354695,0
22313,0.356439,0
22314,0.335084,0
22315,0.341554,0
22316,0.350705,0
22317,0.336797,0
22318,0.341078,0
22319,0.414880,0
22320,0.351485,0
22321,0.349260,0
22322,0.337025,0
22323,0.336797,0
22324,0.342276,0
22325,0.332351,0
22326,0.433524,0
22327,0.336784,0
22328,0.345930,0
22329,0.344360,0
22330,0.360547,0
22331,0.343752,0
22332,0.349166,0
22333,0.343700,0
22334,0.407481,0
22335,0.406494,0
22336,0.406494,0
22337,0.404287,0
22338,0.361041,0
22339,0.348694,0
22340,0.348694,0
22341,0.331349,0
22342,0.390423,0
22343,0.333954,0
22344,0.335749,0
22345,0.347242,0
22346,0.342776,0
22347,0.383273,0
22348,0.336947,0
22349,0.349088,0
22350,0.341146,0
22351,0.346159,0
22352,0.401695,0
22353,0.348146,0
22354,0.377722,0
22355,0.356589,0
22356,0.390397,0
22357,0.346898,0
22358,0.422657,0
22359,0.409750,0
22360,0.342716,0
22361,0.355174,0
22362,0.355174,0
22363,0.390887,0
22364,0.393146,0
22365,0.367595,0
22366,0.348767,0
22367,0.379386,0
22368,0.332157,0
22369,0.403518,0
22370,0.403518,0
22371,0.375308,0
22372,0.406706,0
22373,0.458169,0
22374,0.450090,0
22375,0.344600,0
22376,0.340715,0
22377,0.340715,0
22378,0.359580,0
22379,0.392621,0
22380,0.728460,1
22381,0.647279,1
22382,0.605971,1
22383,0.707871,1
22384,0.487160,0
22385,0.562277,1
22386,0.554881,1
22387,0.583566,1
22388,0.599159,1
22389,0.493907,0
22390,0.352765,0
22391,0.354556,0
22392,0.354556,0
22393,0.343798,0
22394,0.343798,0
22395,0.343798,0
22396,0.327551,0
22397,0.343289,0
22398,0.343289,0
22399,0.331988,0
22400,0.332022,0
22401,0.344343,0
22402,0.330787,0
22403,0.330678,0
22404,0.327724,0
22405,0.326755,0
22406,0.329960,0
22407,0.333684,0
22408,0.337779,0
22409,0.360845,0
22410,0.363193,0
22411,0.342310,0
22412,0.360217,0
22413,0.343100,0
22414,0.367633,0
22415,0.333684,0
22416,0.438855,0
22417,0.347515,0
22418,0.336107,0
22419,0.342965,0
22420,0.350360,0
22421,0.350360,0
22422,0.350360,0
22423,0.350360,0
22424,0.370887,0
22425,0.383370,0
22426,0.377725,0
22427,0.326984,0
22428,0.361390,0
22429,0.337258,0
22430,0.329229,0
22431,0.334520,0
22432,0.335200,0
22433,0.337055,0
22434,0.337055,0
22435,0.328735,0
22436,0.330272,0
22437,0.338168,0
22438,0.337365,0
22439,0.332953,0
22440,0.340476,0
22441,0.340476,0
22442,0.333173,0
22443,0.352535,0
22444,0.335054,0
22445,0.341461,0
22446,0.368210,0
22447,0.368210,0
22448,0.366507,0
22449,0.366507,0
22450,0.334798,0
22451,0.326866,0
22452,0.326640,0
22453,0.326925,0
22454,0.326925,0
22455,0.335192,0
22456,0.335192,0
22457,0.334503,0
22458,0.386524,0
22459,0.396609,0
22460,0.376880,0
22461,0.371489,0
22462,0.399624,0
22463,0.335563,0
22464,0.338657,0
22465,0.337334,0
22466,0.347515,0
22467,0.327600,0
22468,0.327600,0
22469,0.331074,0
22470,0.410017,0
22471,0.335109,0
22472,0.335054,0
22473,0.335109,0
22474,0.335109,0
22475,0.335192,0
22476,0.330272,0
22477,0.326880,0
22478,0.327367,0
22479,0.329892,0
22480,0.328078,0
22481,0.335054,0
22482,0.340381,0
22483,0.334596,0
22484,0.334429,0
22485,0.338713,0
22486,0.331387,0
22487,0.326559,0
22488,0.326559,0
22489,0.336017,0
22490,0.333478,0
22491,0.332128,0
22492,0.343798,0
22493,0.333478,0
22494,0.338935,0
22495,0.330272,0
22496,0.327022,0
22497,0.332941,0
22498,0.329960,0
22499,0.330178,0
22500,0.329529,0
22501,0.326925,0
22502,0.328029,0
22503,0.326470,0
22504,0.326984,0
22505,0.326880,0
22506,0.326880,0
22507,0.337734,0
22508,0.340268,0
22509,0.330092,0
22510,0.330957,0
22511,0.331387,0
22512,0.343844,0
22513,0.329631,0
22514,0.330272,0
22515,0.326925,0
22516,0.326925,0
22517,0.327600,0
22518,0.328970,0
22519,0.327577,0
22520,0.412524,0
22521,0.336357,0
22522,0.328816,0
22523,0.329632,0
22524,0.336357,0
22525,0.333703,0
22526,0.333478,0
22527,0.331387,0
22528,0.343798,0
22529,0.329963,0
22530,0.330764,0
22531,0.330764,0
22532,0.330764,0
22533,0.327308,0
22534,0.328831,0
22535,0.332172,0
22536,0.328078,0
22537,0.329644,0
22538,0.332172,0
22539,0.330678,0
22540,0.335432,0
22541,0.335432,0
22542,0.330644,0
22543,0.345053,0
22544,0.345053,0
22545,0.345291,0
22546,0.332240,0
22547,0.331858,0
22548,0.330092,0
22549,0.336935,0
22550,0.336935,0
22551,0.336935,0
22552,0.336935,0
22553,0.336935,0
22554,0.340573,0
22555,0.340573,0
22556,0.336935,0
22557,0.339255,0
22558,0.336935,0
22559,0.336935,0
22560,0.336935,0
22561,0.343735,0
22562,0.331843,0
22563,0.331992,0
22564,0.336575,0
22565,0.326880,0
22566,0.339549,0
22567,0.328029,0
22568,0.330144,0
22569,0.326299,0
22570,0.327367,0
22571,0.327367,0
22572,0.332278,0
22573,0.331843,0
22574,0.330173,0
22575,0.329500,0
22576,0.326880,0
22577,0.328413,0
22578,0.330257,0
22579,0.330257,0
22580,0.330257,0
22581,0.326925,0
22582,0.326925,0
22583,0.326925,0
22584,0.326925,0
22585,0.342447,0
22586,0.340995,0
22587,0.337759,0
22588,0.340760,0
22589,0.340760,0
22590,0.336935,0
22591,0.336935,0
22592,0.335014,0
22593,0.338672,0
22594,0.338672,0
22595,0.340046,0
22596,0.340046,0
22597,0.339100,0
22598,0.337806,0
22599,0.334793,0
22600,0.371489,0
22601,0.371489,0
22602,0.371489,0
22603,0.329892,0
22604,0.334296,0
22605,0.327189,0
22606,0.328003,0
22607,0.328711,0
22608,0.335531,0
22609,0.329750,0
22610,0.336229,0
22611,0.336229,0
22612,0.336229,0
22613,0.353140,0
22614,0.353134,0
22615,0.330911,0
22616,0.346110,0
22617,0.338657,0
22618,0.338657,0
22619,0.341698,0
22620,0.332011,0
22621,0.335944,0
22622,0.335944,0
22623,0.408168,0
22624,0.335713,0
22625,0.345615,0
22626,0.332346,0
22627,0.332346,0
22628,0.332346,0
22629,0.327983,0
22630,0.327993,0
22631,0.327993,0
22632,0.329343,0
22633,0.329185,0
22634,0.331532,0
22635,0.331532,0
22636,0.330276,0
22637,0.326851,0
22638,0.333991,0
22639,0.326879,0
22640,0.326820,0
22641,0.327983,0
22642,0.337779,0
22643,0.326299,0
22644,0.334121,0
22645,0.328503,0
22646,0.326755,0
22647,0.326328,0
22648,0.356162,0
22649,0.339048,0
22650,0.332302,0
22651,0.331352,0
22652,0.348385,0
22653,0.331148,0
22654,0.331843,0
22655,0.334848,0
22656,0.331455,0
22657,0.333582,0
22658,0.332812,0
22659,0.328940,0
22660,0.330930,0
22661,0.331877,0
22662,0.330864,0
22663,0.330864,0
22664,0.334527,0
22665,0.332489,0
22666,0.334374,0
22667,0.328029,0
22668,0.329655,0
22669,0.355222,0
22670,0.326328,0
22671,0.343029,0
22672,0.359319,0
22673,0.342683,0
22674,0.342683,0
22675,0.347949,0
22676,0.350111,0
22677,0.367565,0
22678,0.418155,0
22679,0.441244,0
22680,0.332674,0
22681,0.371428,0
22682,0.335953,0
22683,0.334253,0
22684,0.372120,0
22685,0.334082,0
22686,0.334978,0
22687,0.389800,0
22688,0.419885,0
22689,0.357720,0
22690,0.337765,0
22691,0.334978,0
22692,0.333391,0
22693,0.334832,0
22694,0.345070,0
22695,0.334991,0
22696,0.340465,0
22697,0.329701,0
22698,0.332097,0
22699,0.333954,0
22700,0.333797,0
22701,0.333797,0
22702,0.333954,0
22703,0.332326,0
22704,0.333391,0
22705,0.359528,0
22706,0.422747,0
22707,0.334978,0
22708,0.356309,0
22709,0.335682,0
22710,0.335682,0
22711,0.331048,0
22712,0.336951,0
22713,0.333391,0
22714,0.336951,0
22715,0.336951,0
22716,0.393088,0
22717,0.345695,0
22718,0.333391,0
22719,0.333391,0
22720,0.333391,0
22721,0.332681,0
22722,0.353252,0
22723,0.365644,0
22724,0.365644,0
22725,0.341382,0
22726,0.341973,0
22727,0.335811,0
22728,0.335811,0
22729,0.341405,0
22730,0.341354,0
22731,0.336568,0
22732,0.332097,0
22733,0.332471,0
22734,0.348146,0
22735,0.341667,0
22736,0.338754,0
22737,0.333724,0
22738,0.333740,0
22739,0.333740,0
22740,0.333740,0
22741,0.338133,0
22742,0.336542,0
22743,0.368933,0
22744,0.368933,0
22745,0.420689,0
22746,0.331703,0
22747,0.332242,0
22748,0.332242,0
22749,0.332242,0
22750,0.423126,0
22751,0.335445,0
22752,0.347941,0
22753,0.341354,0
22754,0.359686,0
22755,0.359686,0
22756,0.332625,0
22757,0.401695,0
22758,0.346630,0
22759,0.335913,0
22760,0.329701,0
22761,0.329701,0
22762,0.352400,0
22763,0.339430,0
22764,0.339730,0
22765,0.339730,0
22766,0.399420,0
22767,0.332625,0
22768,0.331394,0
22769,0.400631,0
22770,0.344387,0
22771,0.332097,0
22772,0.332097,0
22773,0.331468,0
22774,0.414554,0
22775,0.331002,0
22776,0.451725,0
22777,0.341374,0
22778,0.342714,0
22779,0.349795,0
22780,0.337234,0
22781,0.334967,0
22782,0.330820,0
22783,0.351848,0
22784,0.414140,0
22785,0.350552,0
22786,0.333724,0
22787,0.356302,0
22788,0.358251,0
22789,0.463364,0
22790,0.432216,0
22791,0.433509,0
22792,0.386528,0
22793,0.471410,0
22794,0.423643,0
22795,0.465417,0
22796,0.484898,0
22797,0.422300,0
22798,0.424662,0
22799,0.413319,0
22800,0.464832,0
22801,0.416611,0
22802,0.647217,1
22803,0.422939,0
22804,0.546936,0
22805,0.442777,0
22806,0.441013,0
22807,0.519288,0
22808,0.518298,0
22809,0.333068,0
22810,0.340344,0
22811,0.339203,0
22812,0.344062,0
22813,0.339654,0
22814,0.413196,0
22815,0.350810,0
22816,0.356533,0
22817,0.352434,0
22818,0.332696,0
22819,0.342901,0
22820,0.341503,0
22821,0.333607,0
22822,0.339167,0
22823,0.333546,0
22824,0.337307,0
22825,0.331806,0
22826,0.334024,0
22827,0.340948,0
22828,0.330257,0
22829,0.330697,0
22830,0.339734,0
22831,0.331002,0
22832,0.331293,0
22833,0.416795,0
22834,0.336875,0
22835,0.340035,0
22836,0.421812,0
22837,0.337086,0
22838,0.338841,0
22839,0.338841,0
22840,0.343545,0
22841,0.339382,0
22842,0.346891,0
22843,0.335850,0
22844,0.336280,0
22845,0.331221,0
22846,0.331221,0
22847,0.338241,0
22848,0.338491,0
22849,0.338491,0
22850,0.333175,0
22851,0.359706,0
22852,0.356204,0
22853,0.354374,0
22854,0.357044,0
22855,0.375637,0
22856,0.355612,0
22857,0.383137,0
22858,0.360690,0
22859,0.378486,0
22860,0.376467,0
22861,0.719599,1
22862,0.603653,1
22863,0.384279,0
22864,0.425616,0
22865,0.383728,0
22866,0.644837,1
22867,0.431832,0
22868,0.431832,0
22869,0.431832,0
22870,0.431832,0
22871,0.762895,1
22872,0.425110,0
22873,0.429222,0
22874,0.422882,0
22875,0.765999,1
22876,0.761348,1
22877,0.644843,1
22878,0.534781,0
22879,0.495771,0
22880,0.528453,0
22881,0.485589,0
22882,0.434374,0
22883,0.601958,1
22884,0.353710,0
22885,0.345057,0
22886,0.353936,0
22887,0.343639,0
22888,0.342690,0
22889,0.346393,0
22890,0.541953,0
22891,0.379016,0
22892,0.428163,0
22893,0.343052,0
22894,0.347217,0
22895,0.375571,0
22896,0.367939,0
22897,0.417891,0
22898,0.460425,0
22899,0.355352,0
22900,0.377307,0
22901,0.335343,0
22902,0.342568,0
22903,0.344832,0
22904,0.340972,0
22905,0.345275,0
22906,0.345427,0
22907,0.347955,0
22908,0.357216,0
22909,0.351976,0
22910,0.353488,0
22911,0.336628,0
22912,0.350404,0
22913,0.336656,0
22914,0.341710,0
22915,0.355741,0
22916,0.329914,0
22917,0.362619,0
22918,0.473017,0
22919,0.401555,0
22920,0.339783,0
22921,0.383775,0
22922,0.339255,0
22923,0.358213,0
22924,0.335571,0
22925,0.334881,0
22926,0.334136,0
22927,0.434633,0
22928,0.412955,0
22929,0.362893,0
22930,0.481377,0
22931,0.424694,0
22932,0.368195,0
22933,0.385210,0
22934,0.391207,0
22935,0.347638,0
22936,0.343219,0
22937,0.346110,0
22938,0.454716,0
22939,0.472745,0
22940,0.440022,0
22941,0.374941,0
22942,0.333558,0
22943,0.331813,0
22944,0.341152,0
22945,0.459042,0
22946,0.347222,0
22947,0.346889,0
22948,0.338691,0
22949,0.338691,0
22950,0.338691,0
22951,0.337729,0
22952,0.337086,0
22953,0.383700,0
22954,0.343466,0
22955,0.343731,0
22956,0.356224,0
22957,0.329914,0
22958,0.334844,0
22959,0.331300,0
22960,0.332854,0
22961,0.333476,0
22962,0.326640,0
22963,0.326813,0
22964,0.326498,0
22965,0.349178,0
22966,0.340228,0
22967,0.353329,0
22968,0.329529,0
22969,0.338977,0
22970,0.329684,0
22971,0.331558,0
22972,0.333939,0
22973,0.332953,0
22974,0.329672,0
22975,0.329672,0
22976,0.401985,0
22977,0.330058,0
22978,0.329963,0
22979,0.329246,0
22980,0.328706,0
22981,0.329588,0
22982,0.331268,0
22983,0.334623,0
22984,0.329469,0
22985,0.326640,0
22986,0.335739,0
22987,0.327610,0
22988,0.334374,0
22989,0.326328,0
22990,0.357019,0
22991,0.379664,0
22992,0.333068,0
22993,0.329471,0
22994,0.342514,0
22995,0.328831,0
22996,0.342625,0
22997,0.342902,0
22998,0.336566,0
22999,0.346110,0
23000,0.334110,0
23001,0.331171,0
23002,0.338686,0
23003,0.359395,0
23004,0.347717,0
23005,0.329104,0
23006,0.338949,0
23007,0.338672,0
23008,0.356988,0
23009,0.434547,0
23010,0.380625,0
23011,0.343775,0
23012,0.344582,0
23013,0.343657,0
23014,0.349848,0
23015,0.344627,0
23016,0.335814,0
23017,0.341710,0
23018,0.341710,0
23019,0.349032,0
23020,0.346110,0
23021,0.348558,0
23022,0.346110,0
23023,0.346110,0
23024,0.340760,0
23025,0.340684,0
23026,0.374651,0
23027,0.374819,0
23028,0.398560,0
23029,0.352861,0
23030,0.339322,0
23031,0.347965,0
23032,0.339472,0
23033,0.340169,0
23034,0.335774,0
23035,0.406468,0
23036,0.350707,0
23037,0.405036,0
23038,0.406751,0
23039,0.352165,0
23040,0.368403,0
23041,0.336326,0
23042,0.338315,0
23043,0.349757,0
23044,0.392775,0
23045,0.332445,0
23046,0.441961,0
23047,0.441961,0
23048,0.334967,0
23049,0.430911,0
23050,0.430911,0
23051,0.359200,0
23052,0.360860,0
23053,0.367711,0
23054,0.331221,0
23055,0.346088,0
23056,0.357613,0
23057,0.352500,0
23058,0.376308,0
23059,0.387051,0
23060,0.335331,0
23061,0.365239,0
23062,0.429730,0
23063,0.473941,0
23064,0.441510,0
23065,0.426638,0
23066,0.354543,0
23067,0.352504,0
23068,0.441806,0
23069,0.333880,0
23070,0.353803,0
23071,0.353524,0
23072,0.351794,0
23073,0.345493,0
23074,0.402749,0
23075,0.412314,0
23076,0.344946,0
23077,0.373505,0
23078,0.355362,0
23079,0.352071,0
23080,0.385184,0
23081,0.405156,0
23082,0.428389,0
23083,0.402362,0
23084,0.401163,0
23085,0.381934,0
23086,0.378460,0
23087,0.424572,0
23088,0.443390,0
23089,0.622905,1
23090,0.435689,0
23091,0.340900,0
23092,0.343783,0
23093,0.338497,0
23094,0.415803,0
23095,0.329543,0
23096,0.338892,0
23097,0.392090,0
23098,0.328153,0
23099,0.331305,0
23100,0.331305,0
23101,0.343242,0
23102,0.364514,0
23103,0.343721,0
23104,0.369068,0
23105,0.336288,0
23106,0.345453,0
23107,0.330554,0
23108,0.348530,0
23109,0.331006,0
23110,0.344314,0
23111,0.344314,0
23112,0.367934,0
23113,0.408383,0
23114,0.370308,0
23115,0.337314,0
23116,0.406747,0
23117,0.348137,0
23118,0.328805,0
23119,0.327477,0
23120,0.431902,0
23121,0.360824,0
23122,0.333585,0
23123,0.334795,0
23124,0.332930,0
23125,0.341135,0
23126,0.340838,0
23127,0.343873,0
23128,0.343873,0
23129,0.340472,0
23130,0.349128,0
23131,0.354415,0
23132,0.349753,0
23133,0.349066,0
23134,0.331006,0
23135,0.331464,0
23136,0.361228,0
23137,0.360621,0
23138,0.371233,0
23139,0.331767,0
23140,0.329831,0
23141,0.331767,0
23142,0.328787,0
23143,0.341679,0
23144,0.366727,0
23145,0.338394,0
23146,0.332774,0
23147,0.348137,0
23148,0.348137,0
23149,0.332452,0
23150,0.332452,0
23151,0.358332,0
23152,0.333068,0
23153,0.329962,0
23154,0.329962,0
23155,0.329962,0
23156,0.332965,0
23157,0.364810,0
23158,0.336637,0
23159,0.432000,0
23160,0.378124,0
23161,0.339825,0
23162,0.339825,0
23163,0.339825,0
23164,0.329902,0
23165,0.336107,0
23166,0.330232,0
23167,0.337699,0
23168,0.337699,0
23169,0.337699,0
23170,0.327084,0
23171,0.343325,0
23172,0.342767,0
23173,0.342767,0
23174,0.332466,0
23175,0.332466,0
23176,0.332295,0
23177,0.332295,0
23178,0.327480,0
23179,0.327695,0
23180,0.344734,0
23181,0.349383,0
23182,0.337073,0
23183,0.337073,0
23184,0.337073,0
23185,0.339404,0
23186,0.344797,0
23187,0.342973,0
23188,0.342126,0
23189,0.343721,0
23190,0.347313,0
23191,0.335944,0
23192,0.332644,0
23193,0.332644,0
23194,0.331767,0
23195,0.331767,0
23196,0.333286,0
23197,0.346858,0
23198,0.332844,0
23199,0.338394,0
23200,0.337964,0
23201,0.331816,0
23202,0.331305,0
23203,0.331305,0
23204,0.331305,0
23205,0.332021,0
23206,0.338497,0
23207,0.329902,0
23208,0.331305,0
23209,0.331913,0
23210,0.334795,0
23211,0.334328,0
23212,0.334795,0
23213,0.334795,0
23214,0.332279,0
23215,0.332279,0
23216,0.331798,0
23217,0.350748,0
23218,0.346502,0
23219,0.345117,0
23220,0.344244,0
23221,0.330769,0
23222,0.346204,0
23223,0.357438,0
23224,0.334250,0
23225,0.334250,0
23226,0.428979,0
23227,0.342076,0
23228,0.332318,0
23229,0.331459,0
23230,0.340262,0
23231,0.332332,0
23232,0.415857,0
23233,0.333773,0
23234,0.329540,0
23235,0.356969,0
23236,0.333773,0
23237,0.408396,0
23238,0.340262,0
23239,0.340262,0
23240,0.341623,0
23241,0.342370,0
23242,0.334459,0
23243,0.372728,0
23244,0.341832,0
23245,0.352042,0
23246,0.350243,0
23247,0.337765,0
23248,0.342684,0
23249,0.337496,0
23250,0.365493,0
23251,0.347924,0
23252,0.331002,0
23253,0.372476,0
23254,0.336809,0
23255,0.334586,0
23256,0.383178,0
23257,0.336884,0
23258,0.369890,0
23259,0.370960,0
23260,0.339573,0
23261,0.339573,0
23262,0.339573,0
23263,0.342401,0
23264,0.335249,0
23265,0.334439,0
23266,0.334339,0
23267,0.344761,0
23268,0.341627,0
23269,0.357035,0
23270,0.362461,0
23271,0.332785,0
23272,0.331948,0
23273,0.340304,0
23274,0.341923,0
23275,0.342121,0
23276,0.356480,0
23277,0.356480,0
23278,0.360291,0
23279,0.358049,0
23280,0.333747,0
23281,0.332438,0
23282,0.356969,0
23283,0.357035,0
23284,0.342554,0
23285,0.331851,0
23286,0.359714,0
23287,0.333262,0
23288,0.333122,0
23289,0.340603,0
23290,0.338709,0
23291,0.336493,0
23292,0.411338,0
23293,0.414540,0
23294,0.375877,0
23295,0.366250,0
23296,0.366250,0
23297,0.364326,0
23298,0.372134,0
23299,0.341639,0
23300,0.333357,0
23301,0.333357,0
23302,0.333353,0
23303,0.328995,0
23304,0.332587,0
23305,0.337031,0
23306,0.331162,0
23307,0.330476,0
23308,0.330027,0
23309,0.352181,0
23310,0.441425,0
23311,0.330911,0
23312,0.331162,0
23313,0.331703,0
23314,0.340810,0
23315,0.340950,0
23316,0.344697,0
23317,0.340755,0
23318,0.340603,0
23319,0.340463,0
23320,0.344783,0
23321,0.341853,0
23322,0.336884,0
23323,0.333137,0
23324,0.401917,0
23325,0.399673,0
23326,0.337719,0
23327,0.357919,0
23328,0.342075,0
23329,0.335346,0
23330,0.335092,0
23331,0.332183,0
23332,0.333234,0
23333,0.342931,0
23334,0.341323,0
23335,0.343366,0
23336,0.366487,0
23337,0.347924,0
23338,0.339222,0
23339,0.410762,0
23340,0.331907,0
23341,0.350240,0
23342,0.356969,0
23343,0.368702,0
23344,0.368633,0
23345,0.373113,0
23346,0.366345,0
23347,0.372298,0
23348,0.372298,0
23349,0.359987,0
23350,0.358603,0
23351,0.355572,0
23352,0.379899,0
23353,0.373737,0
23354,0.385827,0
23355,0.385164,0
23356,0.389079,0
23357,0.385176,0
23358,0.370843,0
23359,0.356059,0
23360,0.380653,0
23361,0.352146,0
23362,0.389336,0
23363,0.500508,0
23364,0.386486,0
23365,0.681461,1
23366,0.386576,0
23367,0.385023,0
23368,0.545119,0
23369,0.487189,0
23370,0.538188,0
23371,0.341958,0
23372,0.334692,0
23373,0.342813,0
23374,0.340944,0
23375,0.343662,0
23376,0.341004,0
23377,0.336580,0
23378,0.331321,0
23379,0.327695,0
23380,0.334003,0
23381,0.328153,0
23382,0.327617,0
23383,0.332637,0
23384,0.352027,0
23385,0.337739,0
23386,0.337739,0
23387,0.332681,0
23388,0.340898,0
23389,0.346847,0
23390,0.339377,0
23391,0.333175,0
23392,0.330657,0
23393,0.340024,0
23394,0.429341,0
23395,0.346376,0
23396,0.331318,0
23397,0.417943,0
23398,0.359833,0
23399,0.331459,0
23400,0.331796,0
23401,0.345686,0
23402,0.333113,0
23403,0.333113,0
23404,0.430102,0
23405,0.332327,0
23406,0.439998,0
23407,0.331293,0
23408,0.331520,0
23409,0.333376,0
23410,0.352780,0
23411,0.351594,0
23412,0.363584,0
23413,0.366552,0
23414,0.331646,0
23415,0.331563,0
23416,0.395537,0
23417,0.393162,0
23418,0.379892,0
23419,0.357633,0
23420,0.373720,0
23421,0.356424,0
23422,0.372696,0
23423,0.486943,0
23424,0.373684,0
23425,0.357105,0
23426,0.354720,0
23427,0.354720,0
23428,0.354720,0
23429,0.374399,0
23430,0.364833,0
23431,0.363207,0
23432,0.377504,0
23433,0.493395,0
23434,0.505190,0
23435,0.453750,0
23436,0.398458,0
23437,0.493538,0
23438,0.444187,0
23439,0.606988,1
23440,0.544655,0
23441,0.411051,0
23442,0.414676,0
23443,0.512152,0
23444,0.388224,0
23445,0.485068,0
23446,0.441509,0
23447,0.729925,1
23448,0.737020,1
23449,0.744034,1
23450,0.479296,0
23451,0.622822,1
23452,0.489932,0
23453,0.592807,1
23454,0.486670,0
23455,0.445385,0
23456,0.589944,1
23457,0.526393,0
23458,0.383433,0
23459,0.402601,0
23460,0.383433,0
23461,0.383433,0
23462,0.378425,0
23463,0.403183,0
23464,0.401870,0
23465,0.356405,0
23466,0.401567,0
23467,0.398319,0
23468,0.393880,0
23469,0.397333,0
23470,0.397333,0
23471,0.397333,0
23472,0.401776,0
23473,0.401776,0
23474,0.394576,0
23475,0.391995,0
23476,0.393380,0
23477,0.393380,0
23478,0.393380,0
23479,0.329500,0
23480,0.363401,0
23481,0.354246,0
23482,0.334984,0
23483,0.353073,0
23484,0.353073,0
23485,0.365597,0
23486,0.359611,0
23487,0.356203,0
23488,0.362152,0
23489,0.381118,0
23490,0.348918,0
23491,0.357380,0
23492,0.357380,0
23493,0.414437,0
23494,0.507425,0
23495,0.452926,0
23496,0.381436,0
23497,0.381985,0
23498,0.469453,0
23499,0.362405,0
23500,0.362405,0
23501,0.357863,0
23502,0.357863,0
23503,0.403283,0
23504,0.366237,0
23505,0.343496,0
23506,0.362466,0
23507,0.506468,0
23508,0.420735,0
23509,0.389058,0
23510,0.424814,0
23511,0.540760,0
23512,0.389576,0
23513,0.402861,0
23514,0.344968,0
23515,0.431700,0
23516,0.431700,0
23517,0.338613,0
23518,0.393138,0
23519,0.337779,0
23520,0.384300,0
23521,0.448354,0
23522,0.371978,0
23523,0.390392,0
23524,0.505844,0
23525,0.476424,0
23526,0.405602,0
23527,0.413414,0
23528,0.428377,0
23529,0.521597,0
23530,0.374528,0
23531,0.438038,0
23532,0.401115,0
23533,0.401115,0
23534,0.434472,0
23535,0.394764,0
23536,0.453274,0
23537,0.492808,0
23538,0.377459,0
23539,0.396047,0
23540,0.476536,0
23541,0.437512,0
23542,0.357280,0
23543,0.402901,0
23544,0.423348,0
23545,0.401619,0
23546,0.398303,0
23547,0.444882,0
23548,0.406305,0
23549,0.388657,0
23550,0.367661,0
23551,0.516633,0
23552,0.476020,0
23553,0.441591,0
23554,0.404850,0
23555,0.417571,0
23556,0.563525,1
23557,0.460833,0
23558,0.454588,0
23559,0.454588,0
23560,0.350144,0
23561,0.427003,0
23562,0.448465,0
23563,0.389801,0
23564,0.401141,0
23565,0.390132,0
23566,0.390132,0
23567,0.373924,0
23568,0.390290,0
23569,0.398969,0
23570,0.398969,0
23571,0.387235,0
23572,0.411702,0
23573,0.399217,0
23574,0.406559,0
23575,0.369918,0
23576,0.414775,0
23577,0.413821,0
23578,0.415398,0
23579,0.414775,0
23580,0.417031,0
23581,0.414775,0
23582,0.423419,0
23583,0.423419,0
23584,0.423470,0
23585,0.423419,0
23586,0.426265,0
23587,0.426265,0
23588,0.426265,0
23589,0.426265,0
23590,0.426028,0
23591,0.426265,0
23592,0.425773,0
23593,0.425773,0
23594,0.425773,0
23595,0.429978,0
23596,0.429978,0
23597,0.429978,0
23598,0.443739,0
23599,0.429926,0
23600,0.423419,0
23601,0.423419,0
23602,0.423419,0
23603,0.439061,0
23604,0.423419,0
23605,0.423419,0
23606,0.423419,0
23607,0.423419,0
23608,0.423470,0
23609,0.423470,0
23610,0.423419,0
23611,0.423419,0
23612,0.423419,0
23613,0.423419,0
23614,0.423419,0
23615,0.423419,0
23616,0.425774,0
23617,0.426011,0
23618,0.425774,0
23619,0.426011,0
23620,0.426265,0
23621,0.426028,0
23622,0.426011,0
23623,0.423470,0
23624,0.423419,0
23625,0.423419,0
23626,0.439061,0
23627,0.423470,0
23628,0.423419,0
23629,0.441749,0
23630,0.427163,0
23631,0.426925,0
23632,0.427163,0
23633,0.427163,0
23634,0.423470,0
23635,0.423419,0
23636,0.423470,0
23637,0.423419,0
23638,0.423419,0
23639,0.439061,0
23640,0.423419,0
23641,0.423419,0
23642,0.389824,0
23643,0.390494,0
23644,0.400154,0
23645,0.400154,0
23646,0.400098,0
23647,0.395538,0
23648,0.400098,0
23649,0.384972,0
23650,0.394170,0
23651,0.405312,0
23652,0.405312,0
23653,0.514386,0
23654,0.469247,0
23655,0.390895,0
23656,0.390895,0
23657,0.406468,0
23658,0.355527,0
23659,0.363635,0
23660,0.363635,0
23661,0.360124,0
23662,0.377238,0
23663,0.360441,0
23664,0.360121,0
23665,0.356461,0
23666,0.360441,0
23667,0.356568,0
23668,0.356568,0
23669,0.382985,0
23670,0.382985,0
23671,0.353017,0
23672,0.351106,0
23673,0.375611,0
23674,0.376214,0
23675,0.351106,0
23676,0.359123,0
23677,0.370719,0
23678,0.375235,0
23679,0.375235,0
23680,0.351106,0
23681,0.375235,0
23682,0.362998,0
23683,0.362998,0
23684,0.362759,0
23685,0.364484,0
23686,0.372534,0
23687,0.355929,0
23688,0.351106,0
23689,0.359123,0
23690,0.350779,0
23691,0.380054,0
23692,0.386997,0
23693,0.386997,0
23694,0.357188,0
23695,0.378528,0
23696,0.387733,0
23697,0.387733,0
23698,0.360277,0
23699,0.355895,0
23700,0.371749,0
23701,0.371336,0
23702,0.389112,0
23703,0.370427,0
23704,0.375339,0
23705,0.362183,0
23706,0.358167,0
23707,0.365110,0
23708,0.366131,0
23709,0.383433,0
23710,0.383433,0
23711,0.365233,0
23712,0.368853,0
23713,0.365935,0
23714,0.365812,0
23715,0.365233,0
23716,0.367737,0
23717,0.367737,0
23718,0.364057,0
23719,0.393453,0
23720,0.393453,0
23721,0.422006,0
23722,0.422006,0
23723,0.387487,0
23724,0.422578,0
23725,0.407855,0
23726,0.418836,0
23727,0.418836,0
23728,0.381967,0
23729,0.381967,0
23730,0.389036,0
23731,0.418836,0
23732,0.387733,0
23733,0.421344,0
23734,0.419403,0
23735,0.419403,0
23736,0.418836,0
23737,0.398256,0
23738,0.401869,0
23739,0.381967,0
23740,0.413126,0
23741,0.384580,0
23742,0.395344,0
23743,0.395344,0
23744,0.380857,0
23745,0.392297,0
23746,0.391550,0
23747,0.401324,0
23748,0.381278,0
23749,0.401362,0
23750,0.411107,0
23751,0.411107,0
23752,0.391002,0
23753,0.435186,0
23754,0.407698,0
23755,0.399760,0
23756,0.399626,0
23757,0.398556,0
23758,0.424484,0
23759,0.531361,0
23760,0.531361,0
23761,0.437747,0
23762,0.436309,0
23763,0.367899,0
23764,0.389415,0
23765,0.373290,0
23766,0.379492,0
23767,0.375712,0
23768,0.379695,0
23769,0.379695,0
23770,0.378909,0
23771,0.378909,0
23772,0.369721,0
23773,0.369721,0
23774,0.370854,0
23775,0.369806,0
23776,0.369806,0
23777,0.373779,0
23778,0.373779,0
23779,0.373400,0
23780,0.369760,0
23781,0.378987,0
23782,0.377848,0
23783,0.390518,0
23784,0.388715,0
23785,0.489742,0
23786,0.480597,0
23787,0.405236,0
23788,0.409118,0
23789,0.409118,0
23790,0.399642,0
23791,0.435572,0
23792,0.422626,0
23793,0.422626,0
23794,0.386130,0
23795,0.349164,0
23796,0.445204,0
23797,0.414504,0
23798,0.355129,0
23799,0.471017,0
23800,0.443843,0
23801,0.401170,0
23802,0.413261,0
23803,0.395403,0
23804,0.361580,0
23805,0.336670,0
23806,0.344438,0
23807,0.335338,0
23808,0.420270,0
23809,0.568120,1
23810,0.417454,0
23811,0.331512,0
23812,0.383157,0
23813,0.404746,0
23814,0.342639,0
23815,0.444214,0
23816,0.357756,0
23817,0.345270,0
23818,0.339910,0
23819,0.365874,0
23820,0.380938,0
23821,0.400166,0
23822,0.394744,0
23823,0.421784,0
23824,0.357188,0
23825,0.365114,0
23826,0.388741,0
23827,0.409901,0
23828,0.412879,0
23829,0.384562,0
23830,0.353332,0
23831,0.357347,0
23832,0.363309,0
23833,0.382945,0
23834,0.401386,0
23835,0.396849,0
23836,0.375034,0
23837,0.386470,0
23838,0.400251,0
23839,0.355491,0
23840,0.356514,0
23841,0.354246,0
23842,0.424874,0
23843,0.426449,0
23844,0.433438,0
23845,0.433438,0
23846,0.428679,0
23847,0.431133,0
23848,0.435056,0
23849,0.435056,0
23850,0.435056,0
23851,0.431425,0
23852,0.431425,0
23853,0.435056,0
23854,0.435056,0
23855,0.435056,0
23856,0.430746,0
23857,0.439589,0
23858,0.439589,0
23859,0.439589,0
23860,0.439589,0
23861,0.432330,0
23862,0.439914,0
23863,0.439914,0
23864,0.346607,0
23865,0.352452,0
23866,0.374749,0
23867,0.433526,0
23868,0.400094,0
23869,0.369049,0
23870,0.375129,0
23871,0.375129,0
23872,0.375129,0
23873,0.369506,0
23874,0.381273,0
23875,0.393771,0
23876,0.381418,0
23877,0.358274,0
23878,0.358336,0
23879,0.363349,0
23880,0.369434,0
23881,0.368121,0
23882,0.368322,0
23883,0.380482,0
23884,0.395643,0
23885,0.388534,0
23886,0.408425,0
23887,0.344156,0
23888,0.344156,0
23889,0.344156,0
23890,0.374623,0
23891,0.370640,0
23892,0.352492,0
23893,0.350548,0
23894,0.350548,0
23895,0.363309,0
23896,0.337393,0
23897,0.337656,0
23898,0.352060,0
23899,0.357738,0
23900,0.395433,0
23901,0.395433,0
23902,0.355333,0
23903,0.351759,0
23904,0.354685,0
23905,0.402096,0
23906,0.402096,0
23907,0.378962,0
23908,0.391671,0
23909,0.409032,0
23910,0.382419,0
23911,0.381695,0
23912,0.389532,0
23913,0.395332,0
23914,0.382107,0
23915,0.393121,0
23916,0.381382,0
23917,0.385057,0
23918,0.388032,0
23919,0.388032,0
23920,0.389967,0
23921,0.385057,0
23922,0.382315,0
23923,0.382315,0
23924,0.388032,0
23925,0.410913,0
23926,0.349315,0
23927,0.383712,0
23928,0.391540,0
23929,0.411857,0
23930,0.409912,0
23931,0.351617,0
23932,0.361883,0
23933,0.399442,0
23934,0.342781,0
23935,0.342781,0
23936,0.393517,0
23937,0.364618,0
23938,0.364225,0
23939,0.363940,0
23940,0.367836,0
23941,0.406650,0
23942,0.373983,0
23943,0.400505,0
23944,0.356307,0
23945,0.351949,0
23946,0.396541,0
23947,0.396541,0
23948,0.396541,0
23949,0.356586,0
23950,0.359498,0
23951,0.387186,0
23952,0.338882,0
23953,0.355133,0
23954,0.390253,0
23955,0.375036,0
23956,0.360035,0
23957,0.368821,0
23958,0.390648,0
23959,0.408751,0
23960,0.388655,0
23961,0.369439,0
23962,0.369285,0
23963,0.365970,0
23964,0.363451,0
23965,0.363451,0
23966,0.364607,0
23967,0.363451,0
23968,0.373244,0
23969,0.368391,0
23970,0.370865,0
23971,0.366653,0
23972,0.366653,0
23973,0.369914,0
23974,0.383268,0
23975,0.358813,0
23976,0.363358,0
23977,0.360368,0
23978,0.366153,0
23979,0.440046,0
23980,0.433490,0
23981,0.447640,0
23982,0.448473,0
23983,0.433146,0
23984,0.433551,0
23985,0.433940,0
23986,0.351860,0
23987,0.381861,0
23988,0.360829,0
23989,0.377345,0
23990,0.377990,0
23991,0.366278,0
23992,0.360463,0
23993,0.380113,0
23994,0.375522,0
23995,0.373711,0
23996,0.373711,0
23997,0.376120,0
23998,0.368489,0
23999,0.373966,0
24000,0.366548,0
24001,0.366548,0
24002,0.370965,0
24003,0.365856,0
24004,0.361492,0
24005,0.361492,0
24006,0.365248,0
24007,0.373400,0
24008,0.370843,0
24009,0.370029,0
24010,0.370467,0
24011,0.380764,0
24012,0.368773,0
24013,0.364565,0
24014,0.366530,0
24015,0.391863,0
24016,0.366530,0
24017,0.360652,0
24018,0.369601,0
24019,0.368846,0
24020,0.371211,0
24021,0.447800,0
24022,0.366334,0
24023,0.487678,0
24024,0.447800,0
24025,0.397526,0
24026,0.365304,0
24027,0.365304,0
24028,0.363990,0
24029,0.363990,0
24030,0.365463,0
24031,0.366851,0
24032,0.364570,0
24033,0.404181,0
24034,0.477873,0
24035,0.682468,1
24036,0.559911,1
24037,0.326904,0
24038,0.344369,0
24039,0.354292,0
24040,0.344615,0
24041,0.341714,0
24042,0.365718,0
24043,0.331932,0
24044,0.349812,0
24045,0.342235,0
24046,0.338287,0
24047,0.399774,0
24048,0.340050,0
24049,0.341989,0
24050,0.358843,0
24051,0.486757,0
24052,0.378327,0
24053,0.388994,0
24054,0.404391,0
24055,0.353690,0
24056,0.401268,0
24057,0.399153,0
24058,0.361298,0
24059,0.431232,0
24060,0.332811,0
24061,0.333566,0
24062,0.332482,0
24063,0.360113,0
24064,0.336657,0
24065,0.364013,0
24066,0.346381,0
24067,0.346862,0
24068,0.338819,0
24069,0.341340,0
24070,0.352194,0
24071,0.333173,0
24072,0.556789,1
24073,0.382722,0
24074,0.348607,0
24075,0.340760,0
24076,0.334520,0
24077,0.346110,0
24078,0.340285,0
24079,0.348128,0
24080,0.375235,0
24081,0.331209,0
24082,0.334408,0
24083,0.334689,0
24084,0.333405,0
24085,0.342741,0
24086,0.331822,0
24087,0.385393,0
24088,0.387721,0
24089,0.386737,0
24090,0.389922,0
24091,0.387271,0
24092,0.335920,0
24093,0.349661,0
24094,0.328831,0
24095,0.385326,0
24096,0.357351,0
24097,0.345333,0
24098,0.343850,0
24099,0.383533,0
24100,0.338291,0
24101,0.352697,0
24102,0.434926,0
24103,0.434926,0
24104,0.357753,0
24105,0.436395,0
24106,0.338499,0
24107,0.406708,0
24108,0.372155,0
24109,0.358991,0
24110,0.388297,0
24111,0.361566,0
24112,0.359410,0
24113,0.343700,0
24114,0.340465,0
24115,0.449714,0
24116,0.453327,0
24117,0.415321,0
24118,0.363571,0
24119,0.359160,0
24120,0.346768,0
24121,0.382380,0
24122,0.367506,0
24123,0.424668,0
24124,0.339352,0
24125,0.365475,0
24126,0.446586,0
24127,0.343991,0
24128,0.343991,0
24129,0.368286,0
24130,0.561523,1
24131,0.435613,0
24132,0.617573,1
24133,0.423903,0
24134,0.535867,0
24135,0.521397,0
24136,0.350000,0
24137,0.393803,0
24138,0.454252,0
24139,0.359613,0
24140,0.475495,0
24141,0.392724,0
24142,0.366099,0
24143,0.384325,0
24144,0.379541,0
24145,0.402082,0
24146,0.405725,0
24147,0.432387,0
24148,0.392471,0
24149,0.440115,0
24150,0.327934,0
24151,0.351036,0
24152,0.332518,0
24153,0.344483,0
24154,0.415733,0
24155,0.386077,0
24156,0.326380,0
24157,0.326807,0
24158,0.347809,0
24159,0.337482,0
24160,0.334121,0
24161,0.331444,0
24162,0.329053,0
24163,0.351948,0
24164,0.381454,0
24165,0.344549,0
24166,0.376462,0
24167,0.342587,0
24168,0.477227,0
24169,0.452812,0
24170,0.471763,0
24171,0.472792,0
24172,0.401874,0
24173,0.333073,0
24174,0.346506,0
24175,0.375111,0
24176,0.375111,0
24177,0.452815,0
24178,0.417116,0
24179,0.439896,0
24180,0.351362,0
24181,0.388763,0
24182,0.375287,0
24183,0.353121,0
24184,0.374082,0
24185,0.333747,0
24186,0.434540,0
24187,0.437903,0
24188,0.446614,0
24189,0.335795,0
24190,0.328568,0
24191,0.381630,0
24192,0.374239,0
24193,0.374239,0
24194,0.374744,0
24195,0.365504,0
24196,0.355219,0
24197,0.344776,0
24198,0.397568,0
24199,0.359319,0
24200,0.445401,0
24201,0.339037,0
24202,0.349000,0
24203,0.403022,0
24204,0.371617,0
24205,0.830785,1
24206,0.459793,0
24207,0.399259,0
24208,0.346088,0
24209,0.364925,0
24210,0.365473,0
24211,0.376656,0
24212,0.399487,0
24213,0.399487,0
24214,0.370540,0
24215,0.374723,0
24216,0.326755,0
24217,0.326755,0
24218,0.413782,0
24219,0.390362,0
24220,0.360062,0
24221,0.337627,0
24222,0.337442,0
24223,0.433722,0
24224,0.428727,0
24225,0.415992,0
24226,0.415992,0
24227,0.419011,0
24228,0.331822,0
24229,0.328831,0
24230,0.345605,0
24231,0.345605,0
24232,0.439602,0
24233,0.374430,0
24234,0.392966,0
24235,0.424629,0
24236,0.393801,0
24237,0.342587,0
24238,0.330120,0
24239,0.345487,0
24240,0.339444,0
24241,0.393211,0
24242,0.378995,0
24243,0.429434,0
24244,0.392564,0
24245,0.390227,0
24246,0.394993,0
24247,0.335161,0
24248,0.394993,0
24249,0.394726,0
24250,0.388316,0
24251,0.436772,0
24252,0.408274,0
24253,0.412262,0
24254,0.402850,0
24255,0.420244,0
24256,0.418948,0
24257,0.417427,0
24258,0.399414,0
24259,0.395585,0
24260,0.391255,0
24261,0.390118,0
24262,0.373629,0
24263,0.380246,0
24264,0.390849,0
24265,0.331932,0
24266,0.353029,0
24267,0.430681,0
24268,0.349062,0
24269,0.383821,0
24270,0.376402,0
24271,0.345324,0
24272,0.340490,0
24273,0.339025,0
24274,0.376988,0
24275,0.402668,0
24276,0.435472,0
24277,0.429032,0
24278,0.351914,0
24279,0.365289,0
24280,0.408433,0
24281,0.405033,0
24282,0.513365,0
24283,0.416329,0
24284,0.673293,1
24285,0.326807,0
24286,0.403148,0
24287,0.393703,0
24288,0.399885,0
24289,0.399199,0
24290,0.420609,0
24291,0.406230,0
24292,0.430292,0
24293,0.406056,0
24294,0.420693,0
24295,0.428664,0
24296,0.414115,0
24297,0.421269,0
24298,0.408080,0
24299,0.414752,0
24300,0.417972,0
24301,0.417972,0
24302,0.409336,0
24303,0.345269,0
24304,0.381456,0
24305,0.375891,0
24306,0.384956,0
24307,0.375891,0
24308,0.370427,0
24309,0.393335,0
24310,0.355491,0
24311,0.412224,0
24312,0.405475,0
24313,0.441020,0
24314,0.459459,0
24315,0.361298,0
24316,0.386124,0
24317,0.361298,0
24318,0.357603,0
24319,0.383433,0
24320,0.345945,0
24321,0.390849,0
24322,0.394113,0
24323,0.421595,0
24324,0.360964,0
24325,0.378596,0
24326,0.384939,0
24327,0.456537,0
24328,0.448849,0
24329,0.359611,0
24330,0.416226,0
24331,0.464959,0
24332,0.387036,0
24333,0.334873,0
24334,0.359209,0
24335,0.379510,0
24336,0.404385,0
24337,0.437070,0
24338,0.392734,0
24339,0.459979,0
24340,0.367367,0
24341,0.399699,0
24342,0.395403,0
24343,0.386170,0
24344,0.381922,0
24345,0.352214,0
24346,0.366257,0
24347,0.475118,0
24348,0.475118,0
24349,0.355622,0
24350,0.383222,0
24351,0.443611,0
24352,0.391207,0
24353,0.334433,0
24354,0.440166,0
24355,0.381388,0
24356,0.547273,0
24357,0.348017,0
24358,0.330787,0
24359,0.483827,0
24360,0.355546,0
24361,0.405599,0
24362,0.344615,0
24363,0.432939,0
24364,0.472219,0
24365,0.379016,0
24366,0.331843,0
24367,0.337672,0
24368,0.356110,0
24369,0.354546,0
24370,0.373096,0
24371,0.501146,0
24372,0.377359,0
24373,0.377359,0
24374,0.366843,0
24375,0.436154,0
24376,0.350565,0
24377,0.362587,0
24378,0.362587,0
24379,0.479687,0
24380,0.486604,0
24381,0.483438,0
24382,0.432065,0
24383,0.352221,0
24384,0.378164,0
24385,0.437940,0
24386,0.340760,0
24387,0.428720,0
24388,0.349346,0
24389,0.349346,0
24390,0.367711,0
24391,0.366607,0
24392,0.374374,0
24393,0.422526,0
24394,0.390450,0
24395,0.473999,0
24396,0.384688,0
24397,0.377236,0
24398,0.375712,0
24399,0.378964,0
24400,0.402982,0
24401,0.348275,0
24402,0.358853,0
24403,0.351617,0
24404,0.354291,0
24405,0.357727,0
24406,0.367936,0
24407,0.357644,0
24408,0.359476,0
24409,0.370065,0
24410,0.370065,0
24411,0.352672,0
24412,0.379046,0
24413,0.461032,0
24414,0.375117,0
24415,0.380750,0
24416,0.363063,0
24417,0.369631,0
24418,0.369631,0
24419,0.367851,0
24420,0.364322,0
24421,0.364322,0
24422,0.367851,0
24423,0.389698,0
24424,0.488458,0
24425,0.344615,0
24426,0.352796,0
24427,0.354246,0
24428,0.354246,0
24429,0.353073,0
24430,0.353073,0
24431,0.353523,0
24432,0.395416,0
24433,0.348560,0
24434,0.372007,0
24435,0.368158,0
24436,0.357977,0
24437,0.347141,0
24438,0.343219,0
24439,0.348214,0
24440,0.348214,0
24441,0.379673,0
24442,0.451908,0
24443,0.347955,0
24444,0.374610,0
24445,0.396579,0
24446,0.413487,0
24447,0.432890,0
24448,0.421903,0
24449,0.356514,0
24450,0.356130,0
24451,0.355851,0
24452,0.384079,0
24453,0.360693,0
24454,0.360380,0
24455,0.373181,0
24456,0.359581,0
24457,0.403282,0
24458,0.456288,0
24459,0.337439,0
24460,0.351760,0
24461,0.351760,0
24462,0.352518,0
24463,0.383249,0
24464,0.385959,0
24465,0.347499,0
24466,0.361751,0
24467,0.357380,0
24468,0.351801,0
24469,0.361686,0
24470,0.371024,0
24471,0.360499,0
24472,0.355156,0
24473,0.356657,0
24474,0.353277,0
24475,0.361075,0
24476,0.361075,0
24477,0.385108,0
24478,0.351362,0
24479,0.415157,0
24480,0.406890,0
24481,0.446768,0
24482,0.446286,0
24483,0.387733,0
24484,0.394726,0
24485,0.390374,0
24486,0.420126,0
24487,0.418331,0
24488,0.418331,0
24489,0.431620,0
24490,0.401791,0
24491,0.392719,0
24492,0.346607,0
24493,0.343171,0
24494,0.346428,0
24495,0.354710,0
24496,0.356408,0
24497,0.395827,0
24498,0.364851,0
24499,0.357572,0
24500,0.352200,0
24501,0.425472,0
24502,0.440177,0
24503,0.416780,0
24504,0.406103,0
24505,0.365278,0
24506,0.353547,0
24507,0.400132,0
24508,0.378598,0
24509,0.400132,0
24510,0.331843,0
24511,0.413557,0
24512,0.366606,0
24513,0.389437,0
24514,0.396322,0
24515,0.372752,0
24516,0.409060,0
24517,0.364119,0
24518,0.364028,0
24519,0.410583,0
24520,0.402792,0
24521,0.394971,0
24522,0.361963,0
24523,0.397913,0
24524,0.361963,0
24525,0.387841,0
24526,0.353400,0
24527,0.390310,0
24528,0.384735,0
24529,0.357437,0
24530,0.367441,0
24531,0.364618,0
24532,0.367441,0
24533,0.365233,0
24534,0.365233,0
24535,0.364618,0
24536,0.364225,0
24537,0.366800,0
24538,0.362092,0
24539,0.362669,0
24540,0.370504,0
24541,0.382143,0
24542,0.357572,0
24543,0.367065,0
24544,0.364962,0
24545,0.356307,0
24546,0.356568,0
24547,0.365500,0
24548,0.367200,0
24549,0.365368,0
24550,0.364152,0
24551,0.364152,0
24552,0.363940,0
24553,0.344498,0
24554,0.362466,0
24555,0.362831,0
24556,0.368801,0
24557,0.366013,0
24558,0.383052,0
24559,0.357421,0
24560,0.358468,0
24561,0.355734,0
24562,0.358069,0
24563,0.359392,0
24564,0.359392,0
24565,0.359392,0
24566,0.356919,0
24567,0.368729,0
24568,0.363322,0
24569,0.363322,0
24570,0.370821,0
24571,0.371245,0
24572,0.366668,0
24573,0.361553,0
24574,0.363807,0
24575,0.432953,0
24576,0.333148,0
24577,0.353264,0
24578,0.352726,0
24579,0.359697,0
24580,0.381720,0
24581,0.354291,0
24582,0.382556,0
24583,0.405181,0
24584,0.383015,0
24585,0.394325,0
24586,0.394325,0
24587,0.400126,0
24588,0.399769,0
24589,0.398800,0
24590,0.409329,0
24591,0.433915,0
24592,0.390907,0
24593,0.370733,0
24594,0.372882,0
24595,0.370161,0
24596,0.370161,0
24597,0.370206,0
24598,0.358813,0
24599,0.359591,0
24600,0.398416,0
24601,0.370733,0
24602,0.395295,0
24603,0.397037,0
24604,0.373021,0
24605,0.363199,0
24606,0.362638,0
24607,0.384621,0
24608,0.370293,0
24609,0.370293,0
24610,0.372346,0
24611,0.364237,0
24612,0.363009,0
24613,0.377316,0
24614,0.401639,0
24615,0.373187,0
24616,0.371545,0
24617,0.377779,0
24618,0.369966,0
24619,0.400359,0
24620,0.369277,0
24621,0.372606,0
24622,0.385690,0
24623,0.372356,0
24624,0.400962,0
24625,0.401304,0
24626,0.368884,0
24627,0.433703,0
24628,0.410712,0
24629,0.493779,0
24630,0.480685,0
24631,0.420703,0
24632,0.382812,0
24633,0.485197,0
24634,0.485197,0
24635,0.485197,0
24636,0.406176,0
24637,0.386919,0
24638,0.358333,0
24639,0.370818,0
24640,0.480700,0
24641,0.447547,0
24642,0.447825,0
24643,0.439705,0
24644,0.473062,0
24645,0.529075,0
24646,0.497707,0
24647,0.387827,0
24648,0.369400,0
24649,0.375342,0
24650,0.398764,0
24651,0.546938,0
24652,0.470841,0
24653,0.415475,0
24654,0.394521,0
24655,0.350745,0
24656,0.365348,0
24657,0.346830,0
24658,0.390367,0
24659,0.381118,0
24660,0.381118,0
24661,0.382927,0
24662,0.365473,0
24663,0.398595,0
24664,0.343459,0
24665,0.345884,0
24666,0.345650,0
24667,0.352492,0
24668,0.364141,0
24669,0.355726,0
24670,0.349183,0
24671,0.358456,0
24672,0.353957,0
24673,0.357201,0
24674,0.377134,0
24675,0.345110,0
24676,0.372301,0
24677,0.362519,0
24678,0.362519,0
24679,0.348560,0
24680,0.370640,0
24681,0.393388,0
24682,0.371191,0
24683,0.348681,0
24684,0.347141,0
24685,0.332953,0
24686,0.354291,0
24687,0.386858,0
24688,0.344636,0
24689,0.395106,0
24690,0.351862,0
24691,0.367679,0
24692,0.362357,0
24693,0.362280,0
24694,0.363075,0
24695,0.359166,0
24696,0.394459,0
24697,0.381241,0
24698,0.396708,0
24699,0.396708,0
24700,0.350488,0
24701,0.402415,0
24702,0.335568,0
24703,0.352182,0
24704,0.413597,0
24705,0.394675,0
24706,0.416729,0
24707,0.371211,0
24708,0.415919,0
24709,0.386097,0
24710,0.361410,0
24711,0.334261,0
24712,0.390214,0
24713,0.332710,0
24714,0.334737,0
24715,0.372014,0
24716,0.336936,0
24717,0.568149,1
24718,0.639750,1
24719,0.440496,0
24720,0.415238,0
24721,0.387460,0
24722,0.417647,0
24723,0.351801,0
24724,0.374814,0
24725,0.366290,0
24726,0.357610,0
24727,0.335803,0
24728,0.341874,0
24729,0.566203,1
24730,0.391193,0
24731,0.333415,0
24732,0.373096,0
24733,0.345168,0
24734,0.345168,0
24735,0.359611,0
24736,0.433965,0
24737,0.433279,0
24738,0.433279,0
24739,0.423687,0
24740,0.345983,0
24741,0.393362,0
24742,0.401559,0
24743,0.391900,0
24744,0.380902,0
24745,0.342781,0
24746,0.342781,0
24747,0.342781,0
24748,0.469459,0
24749,0.396105,0
24750,0.393211,0
24751,0.392359,0
24752,0.353439,0
24753,0.345723,0
24754,0.402154,0
24755,0.395722,0
24756,0.356497,0
24757,0.360217,0
24758,0.394534,0
24759,0.443741,0
24760,0.343100,0
24761,0.408288,0
24762,0.412859,0
24763,0.358663,0
24764,0.352700,0
24765,0.350094,0
24766,0.359672,0
24767,0.393087,0
24768,0.345001,0
24769,0.372221,0
24770,0.446035,0
24771,0.431798,0
24772,0.539384,0
24773,0.410615,0
24774,0.410615,0
24775,0.411171,0
24776,0.418550,0
24777,0.418550,0
24778,0.418550,0
24779,0.418550,0
24780,0.418550,0
24781,0.411171,0
24782,0.411171,0
24783,0.391089,0
24784,0.390990,0
24785,0.404074,0
24786,0.371423,0
24787,0.374832,0
24788,0.374520,0
24789,0.372877,0
24790,0.374520,0
24791,0.418640,0
24792,0.384406,0
24793,0.385355,0
24794,0.373113,0
24795,0.376093,0
24796,0.392851,0
24797,0.422819,0
24798,0.401953,0
24799,0.401633,0
24800,0.418017,0
24801,0.416255,0
24802,0.418238,0
24803,0.416255,0
24804,0.423231,0
24805,0.423231,0
24806,0.423231,0
24807,0.372537,0
24808,0.372537,0
24809,0.366003,0
24810,0.366003,0
24811,0.376830,0
24812,0.373532,0
24813,0.381309,0
24814,0.383500,0
24815,0.369654,0
24816,0.381309,0
24817,0.366867,0
24818,0.377333,0
24819,0.377333,0
24820,0.375539,0
24821,0.371978,0
24822,0.378782,0
24823,0.378782,0
24824,0.354644,0
24825,0.354644,0
24826,0.353402,0
24827,0.353345,0
24828,0.412101,0
24829,0.374031,0
24830,0.390387,0
24831,0.359672,0
24832,0.352796,0
24833,0.392704,0
24834,0.363366,0
24835,0.368386,0
24836,0.367338,0
24837,0.368386,0
24838,0.389344,0
24839,0.360794,0
24840,0.361751,0
24841,0.418821,0
24842,0.418821,0
24843,0.359611,0
24844,0.350146,0
24845,0.364561,0
24846,0.365004,0
24847,0.383157,0
24848,0.382801,0
24849,0.389726,0
24850,0.379030,0
24851,0.348648,0
24852,0.384735,0
24853,0.417045,0
24854,0.356946,0
24855,0.377260,0
24856,0.363872,0
24857,0.409614,0
24858,0.394581,0
24859,0.398054,0
24860,0.395344,0
24861,0.401596,0
24862,0.403009,0
24863,0.399699,0
24864,0.384844,0
24865,0.389076,0
24866,0.352060,0
24867,0.358978,0
24868,0.363833,0
24869,0.349740,0
24870,0.351715,0
24871,0.347593,0
24872,0.347338,0
24873,0.347338,0
24874,0.387359,0
24875,0.361207,0
24876,0.359498,0
24877,0.353029,0
24878,0.351559,0
24879,0.348022,0
24880,0.348275,0
24881,0.349235,0
24882,0.348862,0
24883,0.349212,0
24884,0.367774,0
24885,0.352815,0
24886,0.411403,0
24887,0.343260,0
24888,0.384677,0
24889,0.384343,0
24890,0.384343,0
24891,0.346848,0
24892,0.355053,0
24893,0.413191,0
24894,0.399161,0
24895,0.500596,0
24896,0.472849,0
24897,0.360947,0
24898,0.387422,0
24899,0.337424,0
24900,0.401867,0
24901,0.401575,0
24902,0.379778,0
24903,0.359684,0
24904,0.367893,0
24905,0.367893,0
24906,0.386164,0
24907,0.400365,0
24908,0.355069,0
24909,0.369980,0
24910,0.390964,0
24911,0.391435,0
24912,0.347628,0
24913,0.345659,0
24914,0.355897,0
24915,0.355897,0
24916,0.355897,0
24917,0.401628,0
24918,0.368518,0
24919,0.339698,0
24920,0.339698,0
24921,0.332489,0
24922,0.352104,0
24923,0.408058,0
24924,0.389555,0
24925,0.340487,0
24926,0.366954,0
24927,0.346110,0
24928,0.345873,0
24929,0.346123,0
24930,0.363365,0
24931,0.346123,0
24932,0.346123,0
24933,0.409401,0
24934,0.389695,0
24935,0.351617,0
24936,0.360217,0
24937,0.356523,0
24938,0.353525,0
24939,0.375273,0
24940,0.354082,0
24941,0.441027,0
24942,0.441027,0
24943,0.375869,0
24944,0.353482,0
24945,0.329259,0
24946,0.353443,0
24947,0.353676,0
24948,0.336902,0
24949,0.343970,0
24950,0.366853,0
24951,0.337424,0
24952,0.356514,0
24953,0.413989,0
24954,0.333623,0
24955,0.352288,0
24956,0.398307,0
24957,0.372287,0
24958,0.351401,0
24959,0.353395,0
24960,0.345873,0
24961,0.344249,0
24962,0.349757,0
24963,0.362698,0
24964,0.345990,0
24965,0.407219,0
24966,0.352104,0
24967,0.459719,0
24968,0.351759,0
24969,0.380267,0
24970,0.405106,0
24971,0.345020,0
24972,0.370487,0
24973,0.370487,0
24974,0.387091,0
24975,0.380415,0
24976,0.343555,0
24977,0.336612,0
24978,0.350457,0
24979,0.354949,0
24980,0.364730,0
24981,0.332278,0
24982,0.346848,0
24983,0.339909,0
24984,0.332172,0
24985,0.342526,0
24986,0.369074,0
24987,0.344343,0
24988,0.344343,0
24989,0.389333,0
24990,0.356752,0
24991,0.380583,0
24992,0.352125,0
24993,0.387393,0
24994,0.341316,0
24995,0.347742,0
24996,0.351805,0
24997,0.338540,0
24998,0.332809,0
24999,0.401135,0
25000,0.397638,0
25001,0.403837,0
25002,0.341697,0
25003,0.346766,0
25004,0.337630,0
25005,0.337630,0
25006,0.347866,0
25007,0.346370,0
25008,0.378129,0
25009,0.356326,0
25010,0.330670,0
25011,0.399875,0
25012,0.334246,0
25013,0.376437,0
25014,0.340407,0
25015,0.338193,0
25016,0.354113,0
25017,0.352060,0
25018,0.350761,0
25019,0.350761,0
25020,0.350761,0
25021,0.350761,0
25022,0.355851,0
25023,0.356514,0
25024,0.356112,0
25025,0.360521,0
25026,0.368093,0
25027,0.368093,0
25028,0.364634,0
25029,0.364634,0
25030,0.364634,0
25031,0.364634,0
25032,0.372868,0
25033,0.334272,0
25034,0.376720,0
25035,0.386796,0
25036,0.359027,0
25037,0.359027,0
25038,0.367217,0
25039,0.370821,0
25040,0.381407,0
25041,0.461631,0
25042,0.462882,0
25043,0.360575,0
25044,0.359990,0
25045,0.359990,0
25046,0.359990,0
25047,0.357824,0
25048,0.357824,0
25049,0.358282,0
25050,0.357824,0
25051,0.379250,0
25052,0.404313,0
25053,0.361968,0
25054,0.378258,0
25055,0.378258,0
25056,0.383319,0
25057,0.395416,0
25058,0.401919,0
25059,0.392381,0
25060,0.387034,0
25061,0.393121,0
25062,0.351852,0
25063,0.349687,0
25064,0.359144,0
25065,0.354082,0
25066,0.367046,0
25067,0.403777,0
25068,0.369856,0
25069,0.356307,0
25070,0.388367,0
25071,0.360946,0
25072,0.359904,0
25073,0.382793,0
25074,0.367509,0
25075,0.360498,0
25076,0.362506,0
25077,0.371481,0
25078,0.363646,0
25079,0.357823,0
25080,0.352796,0
25081,0.373288,0
25082,0.348914,0
25083,0.353856,0
25084,0.352492,0
25085,0.357125,0
25086,0.359276,0
25087,0.357375,0
25088,0.350953,0
25089,0.360298,0
25090,0.360298,0
25091,0.385819,0
25092,0.385819,0
25093,0.342086,0
25094,0.350953,0
25095,0.375111,0
25096,0.385488,0
25097,0.357181,0
25098,0.361960,0
25099,0.355969,0
25100,0.355969,0
25101,0.356401,0
25102,0.389646,0
25103,0.361303,0
25104,0.351759,0
25105,0.398898,0
25106,0.350761,0
25107,0.350504,0
25108,0.413291,0
25109,0.354102,0
25110,0.351382,0
25111,0.393591,0
25112,0.394794,0
25113,0.394794,0
25114,0.390555,0
25115,0.396214,0
25116,0.359216,0
25117,0.354147,0
25118,0.351268,0
25119,0.353984,0
25120,0.356165,0
25121,0.407315,0
25122,0.358658,0
25123,0.342642,0
25124,0.364474,0
25125,0.355962,0
25126,0.355962,0
25127,0.372392,0
25128,0.362117,0
25129,0.412243,0
25130,0.355969,0
25131,0.359573,0
25132,0.358054,0
25133,0.362117,0
25134,0.388576,0
25135,0.366151,0
25136,0.388070,0
25137,0.389940,0
25138,0.390167,0
25139,0.415748,0
25140,0.376895,0
25141,0.377076,0
25142,0.372199,0
25143,0.414311,0
25144,0.399161,0
25145,0.399161,0
25146,0.382114,0
25147,0.375230,0
25148,0.375230,0
25149,0.375230,0
25150,0.377751,0
25151,0.405323,0
25152,0.394060,0
25153,0.390468,0
25154,0.390104,0
25155,0.393330,0
25156,0.392231,0
25157,0.392229,0
25158,0.410276,0
25159,0.367158,0
25160,0.395653,0
25161,0.369083,0
25162,0.366248,0
25163,0.404598,0
25164,0.390643,0
25165,0.398713,0
25166,0.359591,0
25167,0.367142,0
25168,0.347834,0
25169,0.449650,0
25170,0.377066,0
25171,0.380454,0
25172,0.377940,0
25173,0.355603,0
25174,0.361935,0
25175,0.427327,0
25176,0.366546,0
25177,0.411889,0
25178,0.358689,0
25179,0.349758,0
25180,0.357128,0
25181,0.407565,0
25182,0.453670,0
25183,0.383269,0
25184,0.390390,0
25185,0.359759,0
25186,0.446809,0
25187,0.446809,0
25188,0.345131,0
25189,0.353790,0
25190,0.400295,0
25191,0.412191,0
25192,0.411634,0
25193,0.345013,0
25194,0.384263,0
25195,0.377722,0
25196,0.413771,0
25197,0.363748,0
25198,0.375331,0
25199,0.404175,0
25200,0.397014,0
25201,0.403493,0
25202,0.394881,0
25203,0.370842,0
25204,0.370842,0
25205,0.405871,0
25206,0.391915,0
25207,0.416865,0
25208,0.372400,0
25209,0.372170,0
25210,0.371733,0
25211,0.372051,0
25212,0.361691,0
25213,0.373708,0
25214,0.377737,0
25215,0.359316,0
25216,0.365322,0
25217,0.365322,0
25218,0.371976,0
25219,0.369320,0
25220,0.395154,0
25221,0.370019,0
25222,0.393955,0
25223,0.437794,0
25224,0.402957,0
25225,0.357418,0
25226,0.395859,0
25227,0.361357,0
25228,0.382630,0
25229,0.402615,0
25230,0.380803,0
25231,0.388556,0
25232,0.390870,0
25233,0.368284,0
25234,0.362507,0
25235,0.362507,0
25236,0.364273,0
25237,0.433877,0
25238,0.609130,1
25239,0.576599,1
25240,0.704946,1
25241,0.426115,0
25242,0.528304,0
25243,0.349004,0
25244,0.345751,0
25245,0.347791,0
25246,0.356061,0
25247,0.345480,0
25248,0.352772,0
25249,0.343100,0
25250,0.349649,0
25251,0.422416,0
25252,0.372283,0
25253,0.345329,0
25254,0.363165,0
25255,0.358118,0
25256,0.357190,0
25257,0.394100,0
25258,0.361207,0
25259,0.351770,0
25260,0.356971,0
25261,0.363516,0
25262,0.363322,0
25263,0.401309,0
25264,0.346890,0
25265,0.346890,0
25266,0.357125,0
25267,0.357309,0
25268,0.398910,0
25269,0.385878,0
25270,0.358052,0
25271,0.366037,0
25272,0.354829,0
25273,0.354829,0
25274,0.372450,0
25275,0.357280,0
25276,0.375825,0
25277,0.373522,0
25278,0.361387,0
25279,0.374565,0
25280,0.368853,0
25281,0.451718,0
25282,0.366900,0
25283,0.354752,0
25284,0.584043,1
25285,0.436778,0
25286,0.473253,0
25287,0.473253,0
25288,0.477606,0
25289,0.582597,1
25290,0.452551,0
25291,0.343741,0
25292,0.398422,0
25293,0.538601,0
25294,0.340695,0
25295,0.465004,0
25296,0.447968,0
25297,0.379968,0
25298,0.556598,1
25299,0.482426,0
25300,0.526578,0
25301,0.458830,0
25302,0.364640,0
25303,0.346821,0
25304,0.357031,0
25305,0.357727,0
25306,0.375810,0
25307,0.494608,0
25308,0.465742,0
25309,0.409253,0
25310,0.332859,0
25311,0.372392,0
25312,0.413444,0
25313,0.374997,0
25314,0.384870,0
25315,0.403056,0
25316,0.359320,0
25317,0.489598,0
25318,0.362573,0
25319,0.341120,0
25320,0.431753,0
25321,0.432211,0
25322,0.510522,0
25323,0.458518,0
25324,0.498827,0
25325,0.444217,0
25326,0.514809,0
25327,0.548211,1
25328,0.372195,0
25329,0.369764,0
25330,0.356826,0
25331,0.536482,0
25332,0.335276,0
25333,0.364772,0
25334,0.351659,0
25335,0.412985,0
25336,0.356960,0
25337,0.357380,0
25338,0.340029,0
25339,0.429299,0
25340,0.429299,0
25341,0.450866,0
25342,0.362431,0
25343,0.366066,0
25344,0.362528,0
25345,0.361675,0
25346,0.357652,0
25347,0.361550,0
25348,0.359479,0
25349,0.395476,0
25350,0.360513,0
25351,0.354565,0
25352,0.360142,0
25353,0.403030,0
25354,0.348803,0
25355,0.365641,0
25356,0.355335,0
25357,0.536990,0
25358,0.467284,0
25359,0.376526,0
25360,0.377893,0
25361,0.377893,0
25362,0.372984,0
25363,0.371860,0
25364,0.365936,0
25365,0.361613,0
25366,0.445265,0
25367,0.445265,0
25368,0.397432,0
25369,0.390154,0
25370,0.403412,0
25371,0.380773,0
25372,0.380773,0
25373,0.449509,0
25374,0.490035,0
25375,0.359540,0
25376,0.429447,0
25377,0.358330,0
25378,0.376984,0
25379,0.386757,0
25380,0.488402,0
25381,0.447119,0
25382,0.370287,0
25383,0.370287,0
25384,0.421858,0
25385,0.472111,0
25386,0.515365,0
25387,0.412959,0
25388,0.430428,0
25389,0.450505,0
25390,0.476940,0
25391,0.395520,0
25392,0.465070,0
25393,0.384976,0
25394,0.385793,0
25395,0.385237,0
25396,0.486895,0
25397,0.636840,1
25398,0.439611,0
25399,0.467610,0
25400,0.340538,0
25401,0.347763,0
25402,0.344483,0
25403,0.341710,0
25404,0.359736,0
25405,0.331716,0
25406,0.356762,0
25407,0.426650,0
25408,0.334980,0
25409,0.329246,0
25410,0.331614,0
25411,0.332158,0
25412,0.475057,0
25413,0.475057,0
25414,0.377985,0
25415,0.419000,0
25416,0.399948,0
25417,0.507485,0
25418,0.390366,0
25419,0.789145,1
25420,0.489006,0
25421,0.390004,0
25422,0.443234,0
25423,0.394125,0
25424,0.403589,0
25425,0.354630,0
25426,0.354201,0
25427,0.354880,0
25428,0.359884,0
25429,0.352831,0
25430,0.359975,0
25431,0.370537,0
25432,0.400510,0
25433,0.357365,0
25434,0.407589,0
25435,0.354950,0
25436,0.384257,0
25437,0.379968,0
25438,0.364962,0
25439,0.367192,0
25440,0.372641,0
25441,0.365265,0
25442,0.348803,0
25443,0.368761,0
25444,0.370093,0
25445,0.360794,0
25446,0.359611,0
25447,0.379221,0
25448,0.352020,0
25449,0.358984,0
25450,0.358082,0
25451,0.380559,0
25452,0.344810,0
25453,0.336223,0
25454,0.354604,0
25455,0.401633,0
25456,0.439809,0
25457,0.353121,0
25458,0.347309,0
25459,0.411029,0
25460,0.373272,0
25461,0.392560,0
25462,0.407526,0
25463,0.347638,0
25464,0.355394,0
25465,0.348681,0
25466,0.355394,0
25467,0.370523,0
25468,0.360165,0
25469,0.380342,0
25470,0.387403,0
25471,0.390192,0
25472,0.387405,0
25473,0.351301,0
25474,0.383902,0
25475,0.397375,0
25476,0.381873,0
25477,0.343646,0
25478,0.367729,0
25479,0.394538,0
25480,0.394538,0
25481,0.359697,0
25482,0.359019,0
25483,0.350615,0
25484,0.386356,0
25485,0.388365,0
25486,0.435735,0
25487,0.435735,0
25488,0.423986,0
25489,0.347638,0
25490,0.393842,0
25491,0.401771,0
25492,0.357863,0
25493,0.349180,0
25494,0.404418,0
25495,0.368853,0
25496,0.351348,0
25497,0.384519,0
25498,0.381782,0
25499,0.419792,0
25500,0.409437,0
25501,0.400137,0
25502,0.371242,0
25503,0.376779,0
25504,0.367168,0
25505,0.366761,0
25506,0.402079,0
25507,0.411766,0
25508,0.411766,0
25509,0.424712,0
25510,0.375541,0
25511,0.345935,0
25512,0.365901,0
25513,0.346506,0
25514,0.332630,0
25515,0.336031,0
25516,0.333323,0
25517,0.398160,0
25518,0.349668,0
25519,0.394561,0
25520,0.382464,0
25521,0.332705,0
25522,0.375328,0
25523,0.371874,0
25524,0.332493,0
25525,0.417844,0
25526,0.389200,0
25527,0.403333,0
25528,0.367824,0
25529,0.367824,0
25530,0.410370,0
25531,0.387767,0
25532,0.434904,0
25533,0.353723,0
25534,0.328503,0
25535,0.380492,0
25536,0.384125,0
25537,0.348558,0
25538,0.396663,0
25539,0.400949,0
25540,0.400949,0
25541,0.355541,0
25542,0.396719,0
25543,0.383935,0
25544,0.383935,0
25545,0.339734,0
25546,0.343339,0
25547,0.343339,0
25548,0.414953,0
25549,0.346840,0
25550,0.346840,0
25551,0.393839,0
25552,0.394037,0
25553,0.380164,0
25554,0.388885,0
25555,0.401104,0
25556,0.391670,0
25557,0.448797,0
25558,0.428439,0
25559,0.428439,0
25560,0.410973,0
25561,0.448920,0
25562,0.329359,0
25563,0.363303,0
25564,0.365590,0
25565,0.370024,0
25566,0.412927,0
25567,0.436557,0
25568,0.436262,0
25569,0.402435,0
25570,0.355463,0
25571,0.367785,0
25572,0.421723,0
25573,0.333813,0
25574,0.391374,0
25575,0.420324,0
25576,0.358098,0
25577,0.356514,0
25578,0.417606,0
25579,0.407366,0
25580,0.391649,0
25581,0.399689,0
25582,0.395605,0
25583,0.395193,0
25584,0.436310,0
25585,0.374552,0
25586,0.356141,0
25587,0.402112,0
25588,0.362299,0
25589,0.392327,0
25590,0.331427,0
25591,0.394905,0
25592,0.399216,0
25593,0.392837,0
25594,0.400876,0
25595,0.396055,0
25596,0.342769,0
25597,0.460648,0
25598,0.380409,0
25599,0.430163,0
25600,0.391022,0
25601,0.412560,0
25602,0.412281,0
25603,0.415159,0
25604,0.412281,0
25605,0.412281,0
25606,0.405639,0
25607,0.334678,0
25608,0.338513,0
25609,0.362812,0
25610,0.403655,0
25611,0.400529,0
25612,0.392193,0
25613,0.397274,0
25614,0.413957,0
25615,0.398809,0
25616,0.348033,0
25617,0.356490,0
25618,0.395295,0
25619,0.349555,0
25620,0.340490,0
25621,0.403493,0
25622,0.401529,0
25623,0.401529,0
25624,0.448876,0
25625,0.335051,0
25626,0.335044,0
25627,0.357236,0
25628,0.393946,0
25629,0.394018,0
25630,0.328995,0
25631,0.393389,0
25632,0.407071,0
25633,0.400448,0
25634,0.421012,0
25635,0.405635,0
25636,0.400876,0
25637,0.478843,0
25638,0.370286,0
25639,0.434116,0
25640,0.344642,0
25641,0.342473,0
25642,0.374550,0
25643,0.357346,0
25644,0.383474,0
25645,0.383474,0
25646,0.451540,0
25647,0.378047,0
25648,0.431647,0
25649,0.400816,0
25650,0.347894,0
25651,0.414054,0
25652,0.387712,0
25653,0.418341,0
25654,0.418341,0
25655,0.413208,0
25656,0.458648,0
25657,0.397368,0
25658,0.397368,0
25659,0.331468,0
25660,0.482504,0
25661,0.334978,0
25662,0.418703,0
25663,0.403423,0
25664,0.402418,0
25665,0.346116,0
25666,0.341443,0
25667,0.361011,0
25668,0.445485,0
25669,0.495490,0
25670,0.586216,1
25671,0.479747,0
25672,0.746898,1
25673,0.525615,0
25674,0.463931,0
25675,0.463996,0
25676,0.402181,0
25677,0.429701,0
25678,0.429701,0
25679,0.429701,0
25680,0.429701,0
25681,0.429701,0
25682,0.429701,0
25683,0.429701,0
25684,0.429701,0
25685,0.339677,0
25686,0.399151,0
25687,0.358847,0
25688,0.386671,0
25689,0.348475,0
25690,0.348475,0
25691,0.348475,0
25692,0.348475,0
25693,0.363906,0
25694,0.363906,0
25695,0.363906,0
25696,0.464922,0
25697,0.464922,0
25698,0.400669,0
25699,0.363906,0
25700,0.357756,0
25701,0.357756,0
25702,0.357756,0
25703,0.390624,0
25704,0.390302,0
25705,0.392506,0
25706,0.351127,0
25707,0.428727,0
25708,0.430336,0
25709,0.430336,0
25710,0.430336,0
25711,0.353212,0
25712,0.358943,0
25713,0.358943,0
25714,0.394336,0
25715,0.358282,0
25716,0.358282,0
25717,0.356307,0
25718,0.355031,0
25719,0.392046,0
25720,0.391525,0
25721,0.400521,0
25722,0.347984,0
25723,0.351759,0
25724,0.351759,0
25725,0.387980,0
25726,0.387980,0
25727,0.334756,0
25728,0.372482,0
25729,0.400238,0
25730,0.366479,0
25731,0.376665,0
25732,0.376665,0
25733,0.374052,0
25734,0.366800,0
25735,0.393380,0
25736,0.390543,0
25737,0.390543,0
25738,0.371103,0
25739,0.356514,0
25740,0.366867,0
25741,0.364618,0
25742,0.364618,0
25743,0.329025,0
25744,0.343233,0
25745,0.414216,0
25746,0.396621,0
25747,0.406223,0
25748,0.375866,0
25749,0.387055,0
25750,0.391294,0
25751,0.337034,0
25752,0.346993,0
25753,0.353753,0
25754,0.336050,0
25755,0.336050,0
25756,0.344168,0
25757,0.341667,0
25758,0.341667,0
25759,0.347984,0
25760,0.435735,0
25761,0.357395,0
25762,0.341455,0
25763,0.334795,0
25764,0.436186,0
25765,0.353114,0
25766,0.393125,0
25767,0.390230,0
25768,0.374878,0
25769,0.364405,0
25770,0.375926,0
25771,0.349407,0
25772,0.345643,0
25773,0.341130,0
25774,0.393607,0
25775,0.346371,0
25776,0.390409,0
25777,0.388576,0
25778,0.354631,0
25779,0.366345,0
25780,0.396418,0
25781,0.364832,0
25782,0.389824,0
25783,0.345423,0
25784,0.343029,0
25785,0.400063,0
25786,0.398037,0
25787,0.395943,0
25788,0.390441,0
25789,0.395892,0
25790,0.383996,0
25791,0.374610,0
25792,0.419091,0
25793,0.419091,0
25794,0.380625,0
25795,0.330092,0
25796,0.343299,0
25797,0.416674,0
25798,0.344168,0
25799,0.407290,0
25800,0.368447,0
25801,0.388421,0
25802,0.337665,0
25803,0.392560,0
25804,0.409915,0
25805,0.406885,0
25806,0.337465,0
25807,0.449459,0
25808,0.405238,0
25809,0.393644,0
25810,0.363968,0
25811,0.363968,0
25812,0.399331,0
25813,0.378301,0
25814,0.352133,0
25815,0.391350,0
25816,0.394784,0
25817,0.460896,0
25818,0.396586,0
25819,0.362231,0
25820,0.394719,0
25821,0.333241,0
25822,0.337384,0
25823,0.343837,0
25824,0.328940,0
25825,0.328831,0
25826,0.395372,0
25827,0.398424,0
25828,0.395587,0
25829,0.351635,0
25830,0.356758,0
25831,0.371819,0
25832,0.383116,0
25833,0.389947,0
25834,0.393477,0
25835,0.441657,0
25836,0.359591,0
25837,0.411624,0
25838,0.358899,0
25839,0.370777,0
25840,0.394060,0
25841,0.369444,0
25842,0.370843,0
25843,0.360876,0
25844,0.376613,0
25845,0.390109,0
25846,0.391459,0
25847,0.355814,0
25848,0.348121,0
25849,0.388455,0
25850,0.335568,0
25851,0.417709,0
25852,0.385950,0
25853,0.335494,0
25854,0.364565,0
25855,0.390168,0
25856,0.363722,0
25857,0.347663,0
25858,0.390715,0
25859,0.460635,0
25860,0.473977,0
25861,0.419560,0
25862,0.419560,0
25863,0.361602,0
25864,0.355443,0
25865,0.507774,0
25866,0.327189,0
25867,0.327189,0
25868,0.338770,0
25869,0.326393,0
25870,0.332678,0
25871,0.327123,0
25872,0.337789,0
25873,0.426965,0
25874,0.410744,0
25875,0.436122,0
25876,0.344099,0
25877,0.393278,0
25878,0.326984,0
25879,0.424250,0
25880,0.330310,0
25881,0.330817,0
25882,0.504845,0
25883,0.329359,0
25884,0.333497,0
25885,0.334410,0
25886,0.343967,0
25887,0.340959,0
25888,0.335122,0
25889,0.390431,0
25890,0.332586,0
25891,0.348278,0
25892,0.434455,0
25893,0.434455,0
25894,0.332657,0
25895,0.393251,0
25896,0.393251,0
25897,0.338927,0
25898,0.440737,0
25899,0.415496,0
25900,0.418359,0
25901,0.337314,0
25902,0.410470,0
25903,0.380482,0
25904,0.332206,0
25905,0.333101,0
25906,0.333149,0
25907,0.455379,0
25908,0.366675,0
25909,0.366675,0
25910,0.529463,0
25911,0.368350,0
25912,0.330593,0
25913,0.332681,0
25914,0.340968,0
25915,0.337230,0
25916,0.333743,0
25917,0.436981,0
25918,0.436981,0
25919,0.340639,0
25920,0.339222,0
25921,0.356480,0
25922,0.404120,0
25923,0.460457,0
25924,0.339917,0
25925,0.333574,0
25926,0.331702,0
25927,0.339536,0
25928,0.329701,0
25929,0.332681,0
25930,0.366823,0
25931,0.333747,0
25932,0.350844,0
25933,0.386861,0
25934,0.357169,0
25935,0.449794,0
25936,0.449794,0
25937,0.336678,0
25938,0.371832,0
25939,0.330672,0
25940,0.330672,0
25941,0.334708,0
25942,0.342822,0
25943,0.342822,0
25944,0.332638,0
25945,0.396781,0
25946,0.332792,0
25947,0.478709,0
25948,0.452819,0
25949,0.341135,0
25950,0.340633,0
25951,0.332318,0
25952,0.389032,0
25953,0.336884,0
25954,0.337270,0
25955,0.339313,0
25956,0.405697,0
25957,0.336346,0
25958,0.339741,0
25959,0.333772,0
25960,0.420527,0
25961,0.420527,0
25962,0.368893,0
25963,0.387777,0
25964,0.387777,0
25965,0.359726,0
25966,0.365305,0
25967,0.352548,0
25968,0.352340,0
25969,0.353226,0
25970,0.356059,0
25971,0.378969,0
25972,0.366111,0
25973,0.381181,0
25974,0.381181,0
25975,0.397381,0
25976,0.357988,0
25977,0.352471,0
25978,0.386982,0
25979,0.630033,1
25980,0.381536,0
25981,0.421437,0
25982,0.402938,0
25983,0.402938,0
25984,0.431299,0
25985,0.427703,0
25986,0.442520,0
25987,0.446929,0
25988,0.549864,1
25989,0.468246,0
25990,0.588012,1
25991,0.345242,0
25992,0.396301,0
25993,0.361282,0
25994,0.352773,0
25995,0.366693,0
25996,0.394348,0
25997,0.394348,0
25998,0.370722,0
25999,0.350322,0
26000,0.347741,0
26001,0.430206,0
26002,0.392872,0
26003,0.392872,0
26004,0.339330,0
26005,0.349591,0
26006,0.368677,0
26007,0.367043,0
26008,0.355103,0
26009,0.358437,0
26010,0.341710,0
26011,0.355394,0
26012,0.364171,0
26013,0.373525,0
26014,0.403600,0
26015,0.400417,0
26016,0.339015,0
26017,0.351651,0
26018,0.350882,0
26019,0.334799,0
26020,0.355075,0
26021,0.359498,0
26022,0.397675,0
26023,0.332482,0
26024,0.342264,0
26025,0.385412,0
26026,0.355241,0
26027,0.353029,0
26028,0.381621,0
26029,0.356586,0
26030,0.358019,0
26031,0.385928,0
26032,0.349614,0
26033,0.344384,0
26034,0.404067,0
26035,0.386202,0
26036,0.342688,0
26037,0.370373,0
26038,0.345398,0
26039,0.393839,0
26040,0.340760,0
26041,0.352052,0
26042,0.336107,0
26043,0.336079,0
26044,0.335739,0
26045,0.340046,0
26046,0.336756,0
26047,0.359611,0
26048,0.333622,0
26049,0.332682,0
26050,0.401154,0
26051,0.382805,0
26052,0.357727,0
26053,0.348560,0
26054,0.352672,0
26055,0.355968,0
26056,0.359157,0
26057,0.357610,0
26058,0.348275,0
26059,0.346315,0
26060,0.355778,0
26061,0.338613,0
26062,0.339148,0
26063,0.374822,0
26064,0.354680,0
26065,0.387222,0
26066,0.337805,0
26067,0.338658,0
26068,0.492475,0
26069,0.334737,0
26070,0.424581,0
26071,0.417290,0
26072,0.471475,0
26073,0.466194,0
26074,0.418280,0
26075,0.372019,0
26076,0.357349,0
26077,0.401778,0
26078,0.345973,0
26079,0.376340,0
26080,0.385108,0
26081,0.351670,0
26082,0.428540,0
26083,0.428540,0
26084,0.419119,0
26085,0.419119,0
26086,0.451534,0
26087,0.465686,0
26088,0.375269,0
26089,0.370965,0
26090,0.387733,0
26091,0.353790,0
26092,0.440133,0
26093,0.463657,0
26094,0.516928,0
26095,0.456998,0
26096,0.333270,0
26097,0.511792,0
26098,0.400882,0
26099,0.394257,0
26100,0.382031,0
26101,0.416332,0
26102,0.348560,0
26103,0.352104,0
26104,0.348370,0
26105,0.386618,0
26106,0.408276,0
26107,0.378346,0
26108,0.395696,0
26109,0.336815,0
26110,0.335131,0
26111,0.327724,0
26112,0.357188,0
26113,0.393562,0
26114,0.393932,0
26115,0.407111,0
26116,0.352672,0
26117,0.348590,0
26118,0.378598,0
26119,0.378546,0
26120,0.389097,0
26121,0.354553,0
26122,0.379876,0
26123,0.395875,0
26124,0.400319,0
26125,0.401215,0
26126,0.400130,0
26127,0.393964,0
26128,0.372771,0
26129,0.389364,0
26130,0.361057,0
26131,0.334271,0
26132,0.340157,0
26133,0.348797,0
26134,0.348797,0
26135,0.367209,0
26136,0.361282,0
26137,0.337909,0
26138,0.343159,0
26139,0.355491,0
26140,0.332485,0
26141,0.339738,0
26142,0.337998,0
26143,0.363647,0
26144,0.368439,0
26145,0.373751,0
26146,0.335716,0
26147,0.335716,0
26148,0.343261,0
26149,0.359807,0
26150,0.365527,0
26151,0.365527,0
26152,0.339470,0
26153,0.342587,0
26154,0.365642,0
26155,0.383556,0
26156,0.359671,0
26157,0.341625,0
26158,0.384876,0
26159,0.358440,0
26160,0.345028,0
26161,0.354767,0
26162,0.385769,0
26163,0.371436,0
26164,0.349866,0
26165,0.376404,0
26166,0.396573,0
26167,0.390066,0
26168,0.361387,0
26169,0.385005,0
26170,0.329701,0
26171,0.369664,0
26172,0.375795,0
26173,0.393136,0
26174,0.394566,0
26175,0.391456,0
26176,0.425231,0
26177,0.372123,0
26178,0.382094,0
26179,0.350144,0
26180,0.350144,0
26181,0.348295,0
26182,0.384384,0
26183,0.455281,0
26184,0.440067,0
26185,0.448196,0
26186,0.446507,0
26187,0.443621,0
26188,0.443621,0
26189,0.446957,0
26190,0.452454,0
26191,0.442766,0
26192,0.442766,0
26193,0.452454,0
26194,0.451939,0
26195,0.441942,0
26196,0.452417,0
26197,0.530530,0
26198,0.396197,0
26199,0.356094,0
26200,0.403384,0
26201,0.354246,0
26202,0.370927,0
26203,0.375111,0
26204,0.439896,0
26205,0.346123,0
26206,0.354662,0
26207,0.346629,0
26208,0.346123,0
26209,0.344750,0
26210,0.344750,0
26211,0.344750,0
26212,0.446698,0
26213,0.346123,0
26214,0.345110,0
26215,0.345110,0
26216,0.342781,0
26217,0.342500,0
26218,0.352061,0
26219,0.352311,0
26220,0.342060,0
26221,0.354967,0
26222,0.363672,0
26223,0.342901,0
26224,0.348164,0
26225,0.346364,0
26226,0.343002,0
26227,0.352525,0
26228,0.350009,0
26229,0.345973,0
26230,0.346276,0
26231,0.350808,0
26232,0.346123,0
26233,0.346607,0
26234,0.394883,0
26235,0.352736,0
26236,0.414408,0
26237,0.370733,0
26238,0.376854,0
26239,0.401679,0
26240,0.362711,0
26241,0.362987,0
26242,0.358692,0
26243,0.684944,1
26244,0.674472,1
26245,0.393033,0
26246,0.421575,0
26247,0.423942,0
26248,0.424617,0
26249,0.423147,0
26250,0.422104,0
26251,0.429574,0
26252,0.380886,0
26253,0.389112,0
26254,0.374953,0
26255,0.387580,0
26256,0.352889,0
26257,0.387549,0
26258,0.387568,0
26259,0.374174,0
26260,0.389268,0
26261,0.356841,0
26262,0.361303,0
26263,0.364229,0
26264,0.373493,0
26265,0.373979,0
26266,0.359262,0
26267,0.358204,0
26268,0.356405,0
26269,0.354141,0
26270,0.356971,0
26271,0.365910,0
26272,0.363733,0
26273,0.406817,0
26274,0.374763,0
26275,0.429559,0
26276,0.428165,0
26277,0.395588,0
26278,0.383015,0
26279,0.366275,0
26280,0.363940,0
26281,0.394193,0
26282,0.398621,0
26283,0.395060,0
26284,0.363760,0
26285,0.379785,0
26286,0.366007,0
26287,0.366877,0
26288,0.370087,0
26289,0.372771,0
26290,0.390018,0
26291,0.376415,0
26292,0.365689,0
26293,0.365402,0
26294,0.369525,0
26295,0.358116,0
26296,0.358116,0
26297,0.366515,0
26298,0.366515,0
26299,0.366515,0
26300,0.366515,0
26301,0.390257,0
26302,0.366392,0
26303,0.359216,0
26304,0.346123,0
26305,0.369346,0
26306,0.369346,0
26307,0.369346,0
26308,0.369346,0
26309,0.370974,0
26310,0.369346,0
26311,0.369346,0
26312,0.371237,0
26313,0.365719,0
26314,0.366013,0
26315,0.396628,0
26316,0.405360,0
26317,0.364229,0
26318,0.366693,0
26319,0.356514,0
26320,0.382969,0
26321,0.382969,0
26322,0.360277,0
26323,0.428644,0
26324,0.428644,0
26325,0.434724,0
26326,0.434724,0
26327,0.390092,0
26328,0.371655,0
26329,0.371655,0
26330,0.359671,0
26331,0.351350,0
26332,0.351350,0
26333,0.351759,0
26334,0.422407,0
26335,0.380096,0
26336,0.373241,0
26337,0.379196,0
26338,0.378054,0
26339,0.384102,0
26340,0.405439,0
26341,0.399510,0
26342,0.416142,0
26343,0.399151,0
26344,0.382514,0
26345,0.405207,0
26346,0.405207,0
26347,0.397859,0
26348,0.388140,0
26349,0.388140,0
26350,0.388195,0
26351,0.388195,0
26352,0.386478,0
26353,0.386478,0
26354,0.372401,0
26355,0.381666,0
26356,0.390670,0
26357,0.391523,0
26358,0.395591,0
26359,0.368329,0
26360,0.367643,0
26361,0.366905,0
26362,0.397607,0
26363,0.369083,0
26364,0.367148,0
26365,0.377051,0
26366,0.366530,0
26367,0.366530,0
26368,0.358537,0
26369,0.367188,0
26370,0.373886,0
26371,0.370212,0
26372,0.370557,0
26373,0.368284,0
26374,0.362108,0
26375,0.368983,0
26376,0.358813,0
26377,0.376876,0
26378,0.400590,0
26379,0.372281,0
26380,0.406193,0
26381,0.392835,0
26382,0.407627,0
26383,0.407351,0
26384,0.371662,0
26385,0.389921,0
26386,0.371469,0
26387,0.371168,0
26388,0.371376,0
26389,0.368821,0
26390,0.371419,0
26391,0.369528,0
26392,0.461836,0
26393,0.369576,0
26394,0.363451,0
26395,0.372250,0
26396,0.371211,0
26397,0.373658,0
26398,0.374074,0
26399,0.372361,0
26400,0.372432,0
26401,0.375214,0
26402,0.371881,0
26403,0.415225,0
26404,0.377987,0
26405,0.367950,0
26406,0.367643,0
26407,0.367643,0
26408,0.365304,0
26409,0.363990,0
26410,0.363990,0
26411,0.363451,0
26412,0.364323,0
26413,0.366770,0
26414,0.365053,0
26415,0.369576,0
26416,0.379149,0
26417,0.375583,0
26418,0.383354,0
26419,0.375333,0
26420,0.374621,0
26421,0.372565,0
26422,0.379149,0
26423,0.376379,0
26424,0.457593,0
26425,0.395018,0
26426,0.417322,0
26427,0.762225,1
26428,0.845528,1
26429,0.845528,1
26430,0.755009,1
26431,0.397605,0
26432,0.392602,0
26433,0.399025,0
26434,0.332663,0
26435,0.382670,0
26436,0.367235,0
26437,0.353871,0
26438,0.379272,0
26439,0.472630,0
26440,0.395167,0
26441,0.361298,0
26442,0.376657,0
26443,0.363175,0
26444,0.350504,0
26445,0.350504,0
26446,0.367729,0
26447,0.389686,0
26448,0.353592,0
26449,0.353592,0
26450,0.366879,0
26451,0.361298,0
26452,0.368966,0
26453,0.357765,0
26454,0.356252,0
26455,0.359590,0
26456,0.402169,0
26457,0.396988,0
26458,0.370640,0
26459,0.400452,0
26460,0.366800,0
26461,0.393657,0
26462,0.360628,0
26463,0.459116,0
26464,0.366843,0
26465,0.359209,0
26466,0.421372,0
26467,0.364433,0
26468,0.364778,0
26469,0.407586,0
26470,0.362243,0
26471,0.387911,0
26472,0.380914,0
26473,0.419946,0
26474,0.369239,0
26475,0.392006,0
26476,0.394515,0
26477,0.470300,0
26478,0.398581,0
26479,0.408237,0
26480,0.405005,0
26481,0.403249,0
26482,0.351617,0
26483,0.365786,0
26484,0.343260,0
26485,0.356403,0
26486,0.354381,0
26487,0.356403,0
26488,0.358761,0
26489,0.361385,0
26490,0.362924,0
26491,0.333961,0
26492,0.403811,0
26493,0.358038,0
26494,0.358038,0
26495,0.362416,0
26496,0.354554,0
26497,0.366711,0
26498,0.367487,0
26499,0.368876,0
26500,0.368876,0
26501,0.369632,0
26502,0.368876,0
26503,0.363481,0
26504,0.511103,0
26505,0.506622,0
26506,0.494658,0
26507,0.547702,1
26508,0.374579,0
26509,0.383245,0
26510,0.511566,0
26511,0.365953,0
26512,0.428514,0
26513,0.424523,0
26514,0.480580,0
26515,0.519679,0
26516,0.497959,0
26517,0.350527,0
26518,0.391555,0
26519,0.437003,0
26520,0.393499,0
26521,0.436488,0
26522,0.436488,0
26523,0.461243,0
26524,0.543178,0
26525,0.462142,0
26526,0.374701,0
26527,0.390290,0
26528,0.397357,0
26529,0.393209,0
26530,0.401443,0
26531,0.456917,0
26532,0.372340,0
26533,0.384939,0
26534,0.384939,0
26535,0.332278,0
26536,0.464226,0
26537,0.469312,0
26538,0.521083,0
26539,0.442966,0
26540,0.477324,0
26541,0.477525,0
26542,0.477001,0
26543,0.488385,0
26544,0.393924,0
26545,0.449821,0
26546,0.409591,0
26547,0.340083,0
26548,0.422011,0
26549,0.367159,0
26550,0.441424,0
26551,0.390846,0
26552,0.404313,0
26553,0.333685,0
26554,0.393527,0
26555,0.334136,0
26556,0.365641,0
26557,0.420577,0
26558,0.433409,0
26559,0.433409,0
26560,0.420690,0
26561,0.372254,0
26562,0.357036,0
26563,0.357036,0
26564,0.382031,0
26565,0.382031,0
26566,0.365147,0
26567,0.394955,0
26568,0.394955,0
26569,0.417661,0
26570,0.412892,0
26571,0.412892,0
26572,0.415044,0
26573,0.379867,0
26574,0.347950,0
26575,0.347950,0
26576,0.836425,1
26577,0.479469,0
26578,0.639960,1
26579,0.467910,0
26580,0.418042,0
26581,0.370794,0
26582,0.405346,0
26583,0.410858,0
26584,0.332295,0
26585,0.338218,0
26586,0.400911,0
26587,0.334251,0
26588,0.338391,0
26589,0.343890,0
26590,0.331816,0
26591,0.340079,0
26592,0.326851,0
26593,0.449970,0
26594,0.355689,0
26595,0.368007,0
26596,0.342203,0
26597,0.402912,0
26598,0.350346,0
26599,0.341989,0
26600,0.379614,0
26601,0.337947,0
26602,0.390321,0
26603,0.340254,0
26604,0.451477,0
26605,0.417994,0
26606,0.412944,0
26607,0.331464,0
26608,0.331754,0
26609,0.330947,0
26610,0.331043,0
26611,0.346772,0
26612,0.344946,0
26613,0.384590,0
26614,0.331510,0
26615,0.331510,0
26616,0.330232,0
26617,0.331728,0
26618,0.337253,0
26619,0.332655,0
26620,0.355062,0
26621,0.363960,0
26622,0.342117,0
26623,0.348896,0
26624,0.335107,0
26625,0.348458,0
26626,0.331999,0
26627,0.401753,0
26628,0.402573,0
26629,0.401753,0
26630,0.331756,0
26631,0.413150,0
26632,0.359122,0
26633,0.333582,0
26634,0.418834,0
26635,0.403735,0
26636,0.375251,0
26637,0.334136,0
26638,0.334492,0
26639,0.344715,0
26640,0.386764,0
26641,0.360661,0
26642,0.357387,0
26643,0.368658,0
26644,0.337829,0
26645,0.339361,0
26646,0.344353,0
26647,0.442699,0
26648,0.446297,0
26649,0.446297,0
26650,0.468340,0
26651,0.468340,0
26652,0.370461,0
26653,0.414574,0
26654,0.410277,0
26655,0.410277,0
26656,0.409788,0
26657,0.344457,0
26658,0.333255,0
26659,0.376349,0
26660,0.376349,0
26661,0.368661,0
26662,0.374938,0
26663,0.357589,0
26664,0.400882,0
26665,0.344343,0
26666,0.427118,0
26667,0.454116,0
26668,0.404289,0
26669,0.404289,0
26670,0.394270,0
26671,0.400573,0
26672,0.346023,0
26673,0.410166,0
26674,0.367711,0
26675,0.347672,0
26676,0.400125,0
26677,0.355977,0
26678,0.337257,0
26679,0.337257,0
26680,0.339082,0
26681,0.341358,0
26682,0.422595,0
26683,0.336678,0
26684,0.351822,0
26685,0.331703,0
26686,0.403146,0
26687,0.339684,0
26688,0.382405,0
26689,0.368042,0
26690,0.372921,0
26691,0.356616,0
26692,0.329701,0
26693,0.348879,0
26694,0.334443,0
26695,0.365799,0
26696,0.334594,0
26697,0.334594,0
26698,0.396111,0
26699,0.344045,0
26700,0.339908,0
26701,0.339908,0
26702,0.339025,0
26703,0.370845,0
26704,0.331703,0
26705,0.350805,0
26706,0.340931,0
26707,0.431997,0
26708,0.377975,0
26709,0.363881,0
26710,0.357169,0
26711,0.447612,0
26712,0.429220,0
26713,0.429220,0
26714,0.486519,0
26715,0.443090,0
26716,0.429220,0
26717,0.479343,0
26718,0.436309,0
26719,0.442083,0
26720,0.442083,0
26721,0.445529,0
26722,0.438484,0
26723,0.434846,0
26724,0.455550,0
26725,0.447549,0
26726,0.440367,0
26727,0.478705,0
26728,0.361813,0
26729,0.338882,0
26730,0.338882,0
26731,0.336356,0
26732,0.330820,0
26733,0.342683,0
26734,0.335774,0
26735,0.403146,0
26736,0.387765,0
26737,0.397460,0
26738,0.341114,0
26739,0.433757,0
26740,0.492604,0
26741,0.489117,0
26742,0.425914,0
26743,0.449659,0
26744,0.424917,0
26745,0.609795,1
26746,0.583365,1
26747,0.640477,1
26748,0.421104,0
26749,0.432795,0
26750,0.418868,0
26751,0.428739,0
26752,0.453653,0
26753,0.518537,0
26754,0.491216,0
26755,0.399462,0
26756,0.358955,0
26757,0.402109,0
26758,0.356141,0
26759,0.392286,0
26760,0.453962,0
26761,0.368771,0
26762,0.429194,0
26763,0.421272,0
26764,0.375458,0
26765,0.522166,0
26766,0.357380,0
26767,0.494483,0
26768,0.402816,0
26769,0.411252,0
26770,0.542879,0
26771,0.551256,1
26772,0.348215,0
26773,0.362822,0
26774,0.539742,0
26775,0.364343,0
26776,0.375262,0
26777,0.374061,0
26778,0.381229,0
26779,0.382012,0
26780,0.386720,0
26781,0.390001,0
26782,0.378527,0
26783,0.534846,0
26784,0.534846,0
26785,0.460471,0
26786,0.501471,0
26787,0.482662,0
26788,0.505741,0
26789,0.513011,0
26790,0.404017,0
26791,0.519273,0
26792,0.433297,0
26793,0.492472,0
26794,0.403954,0
26795,0.416980,0
26796,0.395465,0
26797,0.340761,0
26798,0.359387,0
26799,0.390404,0
26800,0.356657,0
26801,0.453886,0
26802,0.458923,0
26803,0.391730,0
26804,0.391730,0
26805,0.445267,0
26806,0.489275,0
26807,0.391441,0
26808,0.451642,0
26809,0.469623,0
26810,0.414831,0
26811,0.414831,0
26812,0.466319,0
26813,0.495787,0
26814,0.407286,0
26815,0.403798,0
26816,0.403798,0
26817,0.403389,0
26818,0.374076,0
26819,0.458355,0
26820,0.555422,1
26821,0.411631,0
26822,0.458161,0
26823,0.454212,0
26824,0.452597,0
26825,0.376709,0
26826,0.402560,0
26827,0.433638,0
26828,0.433373,0
26829,0.433827,0
26830,0.433373,0
26831,0.433373,0
26832,0.435330,0
26833,0.433217,0
26834,0.432813,0
26835,0.435876,0
26836,0.436761,0
26837,0.433217,0
26838,0.433373,0
26839,0.411636,0
26840,0.411636,0
26841,0.406525,0
26842,0.440679,0
26843,0.440679,0
26844,0.440679,0
26845,0.442431,0
26846,0.604153,1
26847,0.412764,0
26848,0.360613,0
26849,0.349159,0
26850,0.512681,0
26851,0.496484,0
26852,0.356657,0
26853,0.354759,0
26854,0.524464,0
26855,0.597571,1
26856,0.434082,0
26857,0.386330,0
26858,0.396307,0
26859,0.346123,0
26860,0.346123,0
26861,0.347236,0
26862,0.347236,0
26863,0.346364,0
26864,0.347236,0
26865,0.366744,0
26866,0.421920,0
26867,0.427527,0
26868,0.347831,0
26869,0.359224,0
26870,0.349477,0
26871,0.349763,0
26872,0.370751,0
26873,0.348214,0
26874,0.454607,0
26875,0.346381,0
26876,0.346381,0
26877,0.349630,0
26878,0.355789,0
26879,0.496862,0
26880,0.351769,0
26881,0.398025,0
26882,0.345770,0
26883,0.388603,0
26884,0.344636,0
26885,0.344615,0
26886,0.361497,0
26887,0.498459,0
26888,0.410984,0
26889,0.364586,0
26890,0.362466,0
26891,0.362816,0
26892,0.362796,0
26893,0.489263,0
26894,0.395015,0
26895,0.416945,0
26896,0.390268,0
26897,0.387767,0
26898,0.402433,0
26899,0.394813,0
26900,0.514622,0
26901,0.368547,0
26902,0.366473,0
26903,0.469241,0
26904,0.468198,0
26905,0.398081,0
26906,0.466767,0
26907,0.444586,0
26908,0.538842,0
26909,0.393370,0
26910,0.388815,0
26911,0.381198,0
26912,0.398361,0
26913,0.345020,0
26914,0.344217,0
26915,0.434050,0
26916,0.362183,0
26917,0.346428,0
26918,0.399221,0
26919,0.399221,0
26920,0.399221,0
26921,0.368467,0
26922,0.350314,0
26923,0.388333,0
26924,0.436291,0
26925,0.389112,0
26926,0.381376,0
26927,0.337576,0
26928,0.434988,0
26929,0.417439,0
26930,0.419156,0
26931,0.357983,0
26932,0.367543,0
26933,0.341378,0
26934,0.383812,0
26935,0.390936,0
26936,0.389586,0
26937,0.391241,0
26938,0.347638,0
26939,0.387077,0
26940,0.429852,0
26941,0.360549,0
26942,0.392966,0
26943,0.392966,0
26944,0.343978,0
26945,0.396575,0
26946,0.393856,0
26947,0.338056,0
26948,0.338056,0
26949,0.417417,0
26950,0.401928,0
26951,0.371047,0
26952,0.371047,0
26953,0.344384,0
26954,0.344490,0
26955,0.363123,0
26956,0.387229,0
26957,0.443425,0
26958,0.390109,0
26959,0.407697,0
26960,0.407697,0
26961,0.386462,0
26962,0.377558,0
26963,0.387905,0
26964,0.400843,0
26965,0.382040,0
26966,0.396080,0
26967,0.355129,0
26968,0.358511,0
26969,0.345444,0
26970,0.352442,0
26971,0.409513,0
26972,0.364841,0
26973,0.327308,0
26974,0.402810,0
26975,0.392982,0
26976,0.350307,0
26977,0.424518,0
26978,0.447605,0
26979,0.335205,0
26980,0.389437,0
26981,0.403945,0
26982,0.451225,0
26983,0.389648,0
26984,0.392500,0
26985,0.389918,0
26986,0.399216,0
26987,0.399240,0
26988,0.399240,0
26989,0.383721,0
26990,0.361180,0
26991,0.364178,0
26992,0.350625,0
26993,0.407773,0
26994,0.391635,0
26995,0.391635,0
26996,0.345131,0
26997,0.358584,0
26998,0.427390,0
26999,0.335182,0
27000,0.443432,0
27001,0.346138,0
27002,0.365425,0
27003,0.382403,0
27004,0.392148,0
27005,0.409136,0
27006,0.358027,0
27007,0.333307,0
27008,0.367865,0
27009,0.331540,0
27010,0.333772,0
27011,0.339741,0
27012,0.398710,0
27013,0.377817,0
27014,0.385660,0
27015,0.368355,0
27016,0.381590,0
27017,0.367097,0
27018,0.342605,0
27019,0.328995,0
27020,0.354010,0
27021,0.423508,0
27022,0.445625,0
27023,0.417164,0
27024,0.602881,1
27025,0.430175,0
27026,0.507435,0
27027,0.474479,0
27028,0.384939,0
27029,0.385222,0
27030,0.385222,0
27031,0.406835,0
27032,0.409048,0
27033,0.566692,1
27034,0.408800,0
27035,0.412398,0
27036,0.390944,0
27037,0.390944,0
27038,0.394565,0
27039,0.381708,0
27040,0.384339,0
27041,0.377186,0
27042,0.392695,0
27043,0.383433,0
27044,0.386076,0
27045,0.376999,0
27046,0.399316,0
27047,0.393846,0
27048,0.380285,0
27049,0.383295,0
27050,0.391949,0
27051,0.393846,0
27052,0.375759,0
27053,0.389784,0
27054,0.379355,0
27055,0.404785,0
27056,0.393951,0
27057,0.397474,0
27058,0.414963,0
27059,0.403898,0
27060,0.403898,0
27061,0.401579,0
27062,0.361078,0
27063,0.383450,0
27064,0.385162,0
27065,0.385538,0
27066,0.372810,0
27067,0.388605,0
27068,0.406300,0
27069,0.383558,0
27070,0.499886,0
27071,0.383539,0
27072,0.383539,0
27073,0.385919,0
27074,0.384535,0
27075,0.384535,0
27076,0.400369,0
27077,0.401073,0
27078,0.427316,0
27079,0.407557,0
27080,0.407557,0
27081,0.409285,0
27082,0.413665,0
27083,0.397760,0
27084,0.393612,0
27085,0.393612,0
27086,0.385292,0
27087,0.374176,0
27088,0.374176,0
27089,0.476103,0
27090,0.389863,0
27091,0.488035,0
27092,0.478414,0
27093,0.481555,0
27094,0.390103,0
27095,0.494970,0
27096,0.498367,0
27097,0.399763,0
27098,0.405091,0
27099,0.438320,0
27100,0.400432,0
27101,0.394528,0
27102,0.446000,0
27103,0.454217,0
27104,0.454217,0
27105,0.454217,0
27106,0.441712,0
27107,0.451956,0
27108,0.451956,0
27109,0.451956,0
27110,0.451956,0
27111,0.436869,0
27112,0.381227,0
27113,0.391534,0
27114,0.380454,0
27115,0.412644,0
27116,0.412644,0
27117,0.407873,0
27118,0.445938,0
27119,0.402701,0
27120,0.408498,0
27121,0.417021,0
27122,0.506859,0
27123,0.695154,1
27124,0.658391,1
27125,0.656893,1
27126,0.416729,0
27127,0.393663,0
27128,0.391343,0
27129,0.390641,0
27130,0.392473,0
27131,0.388945,0
27132,0.393653,0
27133,0.389611,0
27134,0.388297,0
27135,0.395963,0
27136,0.390120,0
27137,0.395963,0
27138,0.390302,0
27139,0.345487,0
27140,0.345487,0
27141,0.345419,0
27142,0.416658,0
27143,0.469475,0
27144,0.458562,0
27145,0.366576,0
27146,0.471615,0
27147,0.415706,0
27148,0.415706,0
27149,0.409525,0
27150,0.415764,0
27151,0.415764,0
27152,0.417514,0
27153,0.411584,0
27154,0.419542,0
27155,0.409582,0
27156,0.409582,0
27157,0.415764,0
27158,0.397033,0
27159,0.392903,0
27160,0.392903,0
27161,0.422893,0
27162,0.491757,0
27163,0.570481,1
27164,0.585375,1
27165,0.599676,1
27166,0.511224,0
27167,0.398001,0
27168,0.398001,0
27169,0.538511,0
27170,0.427145,0
27171,0.551233,1
27172,0.496124,0
27173,0.338620,0
27174,0.370085,0
27175,0.347421,0
27176,0.359002,0
27177,0.356162,0
27178,0.329672,0
27179,0.379501,0
27180,0.351217,0
27181,0.369858,0
27182,0.408106,0
27183,0.377364,0
27184,0.377364,0
27185,0.337321,0
27186,0.350007,0
27187,0.335260,0
27188,0.356401,0
27189,0.364900,0
27190,0.331074,0
27191,0.359380,0
27192,0.364372,0
27193,0.599737,1
27194,0.335471,0
27195,0.329500,0
27196,0.357589,0
27197,0.446015,0
27198,0.450785,0
27199,0.340423,0
27200,0.345094,0
27201,0.374839,0
27202,0.496199,0
27203,0.496496,0
27204,0.409430,0
27205,0.408543,0
27206,0.363455,0
27207,0.365108,0
27208,0.404708,0
27209,0.450050,0
27210,0.332420,0
27211,0.444145,0
27212,0.343252,0
27213,0.370646,0
27214,0.403445,0
27215,0.547815,1
27216,0.363420,0
27217,0.416313,0
27218,0.419229,0
27219,0.389424,0
27220,0.405290,0
27221,0.393167,0
27222,0.389730,0
27223,0.343606,0
27224,0.343606,0
27225,0.342206,0
27226,0.330644,0
27227,0.334221,0
27228,0.404180,0
27229,0.404280,0
27230,0.404280,0
27231,0.405335,0
27232,0.396574,0
27233,0.401408,0
27234,0.396478,0
27235,0.396478,0
27236,0.409995,0
27237,0.410436,0
27238,0.375785,0
27239,0.418279,0
27240,0.418279,0
27241,0.398705,0
27242,0.408237,0
27243,0.418279,0
27244,0.418279,0
27245,0.400891,0
27246,0.348666,0
27247,0.347229,0
27248,0.347229,0
27249,0.347229,0
27250,0.347229,0
27251,0.350100,0
27252,0.344384,0
27253,0.344073,0
27254,0.349763,0
27255,0.359611,0
27256,0.372910,0
27257,0.350074,0
27258,0.343219,0
27259,0.345297,0
27260,0.345297,0
27261,0.395541,0
27262,0.359250,0
27263,0.357727,0
27264,0.357727,0
27265,0.340381,0
27266,0.352104,0
27267,0.348275,0
27268,0.344351,0
27269,0.389979,0
27270,0.360878,0
27271,0.331008,0
27272,0.341139,0
27273,0.339893,0
27274,0.385588,0
27275,0.392956,0
27276,0.357722,0
27277,0.351088,0
27278,0.351088,0
27279,0.341964,0
27280,0.365285,0
27281,0.350524,0
27282,0.356231,0
27283,0.365070,0
27284,0.350346,0
27285,0.350270,0
27286,0.342538,0
27287,0.394420,0
27288,0.340770,0
27289,0.342745,0
27290,0.386950,0
27291,0.391480,0
27292,0.348277,0
27293,0.409157,0
27294,0.413875,0
27295,0.394905,0
27296,0.386623,0
27297,0.390836,0
27298,0.334503,0
27299,0.396541,0
27300,0.354084,0
27301,0.357036,0
27302,0.396663,0
27303,0.423221,0
27304,0.402656,0
27305,0.399735,0
27306,0.386306,0
27307,0.381156,0
27308,0.418490,0
27309,0.418490,0
27310,0.363609,0
27311,0.401896,0
27312,0.386737,0
27313,0.417571,0
27314,0.339719,0
27315,0.355234,0
27316,0.403768,0
27317,0.404332,0
27318,0.404332,0
27319,0.404332,0
27320,0.384426,0
27321,0.416349,0
27322,0.439032,0
27323,0.401238,0
27324,0.337935,0
27325,0.398879,0
27326,0.327983,0
27327,0.401471,0
27328,0.392327,0
27329,0.391582,0
27330,0.393388,0
27331,0.401550,0
27332,0.391733,0
27333,0.394363,0
27334,0.342097,0
27335,0.407109,0
27336,0.353189,0
27337,0.408216,0
27338,0.412505,0
27339,0.451474,0
27340,0.355307,0
27341,0.384241,0
27342,0.348852,0
27343,0.334737,0
27344,0.356580,0
27345,0.385278,0
27346,0.432594,0
27347,0.331795,0
27348,0.382044,0
27349,0.407835,0
27350,0.349703,0
27351,0.438309,0
27352,0.404923,0
27353,0.371209,0
27354,0.488061,0
27355,0.336336,0
27356,0.404729,0
27357,0.395525,0
27358,0.395525,0
27359,0.405396,0
27360,0.336504,0
27361,0.422682,0
27362,0.339025,0
27363,0.364031,0
27364,0.442486,0
27365,0.395185,0
27366,0.357435,0
27367,0.604957,1
27368,0.440835,0
27369,0.452407,0
27370,0.479364,0
27371,0.432995,0
27372,0.575178,1
27373,0.374768,0
27374,0.381309,0
27375,0.344832,0
27376,0.402912,0
27377,0.372338,0
27378,0.368007,0
27379,0.353548,0
27380,0.367146,0
27381,0.388797,0
27382,0.399258,0
27383,0.415992,0
27384,0.415992,0
27385,0.415992,0
27386,0.374814,0
27387,0.404163,0
27388,0.411574,0
27389,0.365601,0
27390,0.361117,0
27391,0.333141,0
27392,0.344289,0
27393,0.340465,0
27394,0.362471,0
27395,0.402691,0
27396,0.409714,0
27397,0.409714,0
27398,0.326734,0
27399,0.326844,0
27400,0.326844,0
27401,0.347394,0
27402,0.344968,0
27403,0.352375,0
27404,0.433874,0
27405,0.434790,0
27406,0.334136,0
27407,0.357440,0
27408,0.357440,0
27409,0.329644,0
27410,0.340904,0
27411,0.360613,0
27412,0.355898,0
27413,0.543339,0
27414,0.445360,0
27415,0.419870,0
27416,0.433752,0
27417,0.443294,0
27418,0.505087,0
27419,0.384826,0
27420,0.333391,0
27421,0.401794,0
27422,0.429285,0
27423,0.342130,0
27424,0.348267,0
27425,0.361872,0
27426,0.343373,0
27427,0.339441,0
27428,0.341534,0
27429,0.338214,0
27430,0.392959,0
27431,0.335103,0
27432,0.351914,0
27433,0.346302,0
27434,0.346302,0
27435,0.357418,0
27436,0.357121,0
27437,0.361833,0
27438,0.361833,0
27439,0.430908,0
27440,0.527095,0
27441,0.492729,0
27442,0.479926,0
27443,0.425943,0
27444,0.587739,1
27445,0.433606,0
27446,0.479010,0
27447,0.509377,0
27448,0.421937,0
27449,0.421937,0
27450,0.403946,0
27451,0.403154,0
27452,0.387254,0
27453,0.412780,0
27454,0.401048,0
27455,0.383416,0
27456,0.383194,0
27457,0.400845,0
27458,0.351976,0
27459,0.388384,0
27460,0.358796,0
27461,0.341834,0
27462,0.347884,0
27463,0.339447,0
27464,0.339525,0
27465,0.349372,0
27466,0.350101,0
27467,0.401852,0
27468,0.427154,0
27469,0.427154,0
27470,0.433679,0
27471,0.433679,0
27472,0.426396,0
27473,0.432486,0
27474,0.439769,0
27475,0.439769,0
27476,0.435056,0
27477,0.433679,0
27478,0.433679,0
27479,0.433679,0
27480,0.428984,0
27481,0.434540,0
27482,0.439769,0
27483,0.439769,0
27484,0.439769,0
27485,0.429548,0
27486,0.433679,0
27487,0.433679,0
27488,0.433679,0
27489,0.433679,0
27490,0.433679,0
27491,0.427279,0
27492,0.443799,0
27493,0.428092,0
27494,0.426058,0
27495,0.460222,0
27496,0.378708,0
27497,0.441173,0
27498,0.436059,0
27499,0.445485,0
27500,0.415422,0
27501,0.364866,0
27502,0.352052,0
27503,0.432381,0
27504,0.352525,0
27505,0.363201,0
27506,0.392821,0
27507,0.382345,0
27508,0.377781,0
27509,0.349702,0
27510,0.416433,0
27511,0.416433,0
27512,0.367104,0
27513,0.365006,0
27514,0.337255,0
27515,0.336612,0
27516,0.352106,0
27517,0.356616,0
27518,0.347831,0
27519,0.375220,0
27520,0.358258,0
27521,0.371481,0
27522,0.418991,0
27523,0.385153,0
27524,0.371469,0
27525,0.350111,0
27526,0.408889,0
27527,0.521605,0
27528,0.666528,1
27529,0.453018,0
27530,0.499323,0
27531,0.434596,0
27532,0.505408,0
27533,0.561748,1
27534,0.493788,0
27535,0.473012,0
27536,0.473012,0
27537,0.443837,0
27538,0.553281,1
27539,0.522870,0
27540,0.483880,0
27541,0.494797,0
27542,0.521919,0
27543,0.520782,0
27544,0.500057,0
27545,0.536612,0
27546,0.602791,1
27547,0.494141,0
27548,0.518689,0
27549,0.545633,0
27550,0.507092,0
27551,0.532434,0
27552,0.476779,0
27553,0.577435,1
27554,0.577435,1
27555,0.349310,0
27556,0.384224,0
27557,0.380261,0
27558,0.454517,0
27559,0.341107,0
27560,0.367725,0
27561,0.376804,0
27562,0.392019,0
27563,0.384224,0
27564,0.382098,0
27565,0.377715,0
27566,0.377715,0
27567,0.366939,0
27568,0.328995,0
27569,0.373903,0
27570,0.345525,0
27571,0.433905,0
27572,0.389027,0
27573,0.389696,0
27574,0.408617,0
27575,0.398627,0
27576,0.427470,0
27577,0.606624,1
27578,0.458494,0
27579,0.454759,0
27580,0.454759,0
27581,0.403594,0
27582,0.403594,0
27583,0.430166,0
27584,0.496948,0
27585,0.393285,0
27586,0.465838,0
27587,0.443316,0
27588,0.347511,0
27589,0.576955,1
27590,0.348602,0
27591,0.339248,0
27592,0.332460,0
27593,0.406888,0
27594,0.400370,0
27595,0.384837,0
27596,0.383903,0
27597,0.401104,0
27598,0.401104,0
27599,0.410526,0
27600,0.392162,0
27601,0.418179,0
27602,0.427866,0
27603,0.427806,0
27604,0.420537,0
27605,0.431634,0
27606,0.436209,0
27607,0.436209,0
27608,0.436270,0
27609,0.436270,0
27610,0.436270,0
27611,0.428566,0
27612,0.428566,0
27613,0.427712,0
27614,0.412374,0
27615,0.354474,0
27616,0.440714,0
27617,0.519807,0
27618,0.327494,0
27619,0.326364,0
27620,0.326364,0
27621,0.339444,0
27622,0.411564,0
27623,0.384794,0
27624,0.382755,0
27625,0.383673,0
27626,0.342725,0
27627,0.396538,0
27628,0.349717,0
27629,0.352281,0
27630,0.390898,0
27631,0.339428,0
27632,0.365548,0
27633,0.356095,0
27634,0.383602,0
27635,0.405078,0
27636,0.404354,0
27637,0.402543,0
27638,0.454917,0
27639,0.454917,0
27640,0.472796,0
27641,0.387989,0
27642,0.385242,0
27643,0.368071,0
27644,0.398160,0
27645,0.356081,0
27646,0.373759,0
27647,0.344031,0
27648,0.361675,0
27649,0.353115,0
27650,0.416148,0
27651,0.350209,0
27652,0.402200,0
27653,0.398132,0
27654,0.527740,0
27655,0.388553,0
27656,0.342862,0
27657,0.336507,0
27658,0.372194,0
27659,0.415856,0
27660,0.388012,0
27661,0.427288,0
27662,0.410211,0
27663,0.383654,0
27664,0.353276,0
27665,0.390712,0
27666,0.390324,0
27667,0.362330,0
27668,0.339124,0
27669,0.379390,0
27670,0.356216,0
27671,0.346850,0
27672,0.469755,0
27673,0.455421,0
27674,0.455421,0
27675,0.411791,0
27676,0.524768,0
27677,0.514242,0
27678,0.505393,0
27679,0.527400,0
27680,0.496395,0
27681,0.442917,0
27682,0.485115,0
27683,0.408883,0
27684,0.412341,0
27685,0.407382,0
27686,0.474667,0
27687,0.408869,0
27688,0.398917,0
27689,0.488738,0
27690,0.391817,0
27691,0.430217,0
27692,0.413494,0
27693,0.407562,0
27694,0.402705,0
27695,0.401990,0
27696,0.443987,0
27697,0.442997,0
27698,0.442997,0
27699,0.436019,0
27700,0.389878,0
27701,0.389878,0
27702,0.524261,0
27703,0.408261,0
27704,0.426457,0
27705,0.482786,0
27706,0.465065,0
27707,0.478788,0
27708,0.407109,0
27709,0.405806,0
27710,0.407408,0
27711,0.439287,0
27712,0.369117,0
27713,0.369117,0
27714,0.396386,0
27715,0.458468,0
27716,0.406568,0
27717,0.521795,0
27718,0.397093,0
27719,0.400158,0
27720,0.398976,0
27721,0.399395,0
27722,0.407821,0
27723,0.365289,0
27724,0.418938,0
27725,0.392009,0
27726,0.410261,0
27727,0.403553,0
27728,0.405467,0
27729,0.421308,0
27730,0.418057,0
27731,0.442224,0
27732,0.410237,0
27733,0.367228,0
27734,0.406535,0
27735,0.439190,0
27736,0.378905,0
27737,0.406999,0
27738,0.425377,0
27739,0.359537,0
27740,0.446397,0
27741,0.459304,0
27742,0.422422,0
27743,0.462869,0
27744,0.399056,0
27745,0.404565,0
27746,0.404565,0
27747,0.400365,0
27748,0.396233,0
27749,0.383539,0
27750,0.500970,0
27751,0.391089,0
27752,0.396795,0
27753,0.394034,0
27754,0.397088,0
27755,0.400916,0
27756,0.393415,0
27757,0.424945,0
27758,0.384227,0
27759,0.384227,0
27760,0.396521,0
27761,0.385329,0
27762,0.393710,0
27763,0.392780,0
27764,0.392780,0
27765,0.402356,0
27766,0.427264,0
27767,0.427264,0
27768,0.393994,0
27769,0.393689,0
27770,0.356616,0
27771,0.437008,0
27772,0.346123,0
27773,0.394576,0
27774,0.373310,0
27775,0.393087,0
27776,0.395317,0
27777,0.395317,0
27778,0.395317,0
27779,0.395317,0
27780,0.421768,0
27781,0.347897,0
27782,0.389870,0
27783,0.352858,0
27784,0.345952,0
27785,0.345286,0
27786,0.363867,0
27787,0.365700,0
27788,0.446919,0
27789,0.380115,0
27790,0.395886,0
27791,0.357635,0
27792,0.350799,0
27793,0.565499,1
27794,0.660906,1
27795,0.686132,1
27796,0.637867,1
27797,0.486572,0
27798,0.702528,1
27799,0.361180,0
27800,0.398917,0
27801,0.523748,0
27802,0.423213,0
27803,0.423213,0
27804,0.530153,0
27805,0.510114,0
27806,0.351630,0
27807,0.393324,0
27808,0.332653,0
27809,0.344615,0
27810,0.340136,0
27811,0.341931,0
27812,0.341685,0
27813,0.380715,0
27814,0.413623,0
27815,0.337694,0
27816,0.354956,0
27817,0.407221,0
27818,0.334202,0
27819,0.352779,0
27820,0.339706,0
27821,0.343149,0
27822,0.368654,0
27823,0.359122,0
27824,0.357522,0
27825,0.328568,0
27826,0.405860,0
27827,0.405860,0
27828,0.364474,0
27829,0.331141,0
27830,0.328831,0
27831,0.363201,0
27832,0.488077,0
27833,0.488077,0
27834,0.350727,0
27835,0.334221,0
27836,0.430592,0
27837,0.377917,0
27838,0.411238,0
27839,0.339410,0
27840,0.329112,0
27841,0.330257,0
27842,0.404530,0
27843,0.404530,0
27844,0.432478,0
27845,0.396084,0
27846,0.353795,0
27847,0.332947,0
27848,0.376424,0
27849,0.393165,0
27850,0.396663,0
27851,0.363401,0
27852,0.393322,0
27853,0.406893,0
27854,0.366083,0
27855,0.334678,0
27856,0.362430,0
27857,0.382772,0
27858,0.330817,0
27859,0.330653,0
27860,0.418868,0
27861,0.397312,0
27862,0.376737,0
27863,0.436557,0
27864,0.370944,0
27865,0.406502,0
27866,0.404841,0
27867,0.327019,0
27868,0.418078,0
27869,0.368629,0
27870,0.326880,0
27871,0.336433,0
27872,0.329849,0
27873,0.334293,0
27874,0.328461,0
27875,0.361180,0
27876,0.364026,0
27877,0.406282,0
27878,0.403021,0
27879,0.404492,0
27880,0.406293,0
27881,0.341560,0
27882,0.344099,0
27883,0.329877,0
27884,0.333623,0
27885,0.442349,0
27886,0.438931,0
27887,0.436291,0
27888,0.437194,0
27889,0.437194,0
27890,0.391381,0
27891,0.382277,0
27892,0.379174,0
27893,0.389304,0
27894,0.409662,0
27895,0.406306,0
27896,0.349410,0
27897,0.390416,0
27898,0.330926,0
27899,0.330273,0
27900,0.332811,0
27901,0.388005,0
27902,0.388005,0
27903,0.373241,0
27904,0.363835,0
27905,0.326925,0
27906,0.326925,0
27907,0.329510,0
27908,0.326755,0
27909,0.343708,0
27910,0.339481,0
27911,0.343947,0
27912,0.345775,0
27913,0.390120,0
27914,0.347415,0
27915,0.339855,0
27916,0.333743,0
27917,0.359320,0
27918,0.337611,0
27919,0.331400,0
27920,0.335051,0
27921,0.362467,0
27922,0.469745,0
27923,0.418528,0
27924,0.418528,0
27925,0.491604,0
27926,0.426293,0
27927,0.401902,0
27928,0.453689,0
27929,0.453689,0
27930,0.410410,0
27931,0.344274,0
27932,0.371339,0
27933,0.371339,0
27934,0.360104,0
27935,0.406185,0
27936,0.339654,0
27937,0.348617,0
27938,0.485796,0
27939,0.401089,0
27940,0.406482,0
27941,0.506330,0
27942,0.343507,0
27943,0.425992,0
27944,0.405871,0
27945,0.340381,0
27946,0.341366,0
27947,0.340400,0
27948,0.399673,0
27949,0.399673,0
27950,0.347871,0
27951,0.403310,0
27952,0.388407,0
27953,0.486586,0
27954,0.485043,0
27955,0.486610,0
27956,0.354686,0
27957,0.350836,0
27958,0.376231,0
27959,0.376231,0
27960,0.393832,0
27961,0.401625,0
27962,0.402733,0
27963,0.414255,0
27964,0.407071,0
27965,0.404309,0
27966,0.391801,0
27967,0.369239,0
27968,0.338753,0
27969,0.380932,0
27970,0.445317,0
27971,0.337230,0
27972,0.347253,0
27973,0.347253,0
27974,0.437277,0
27975,0.377657,0
27976,0.388265,0
27977,0.370642,0
27978,0.418616,0
27979,0.422023,0
27980,0.382153,0
27981,0.437795,0
27982,0.437194,0
27983,0.441121,0
27984,0.425766,0
27985,0.414569,0
27986,0.446341,0
27987,0.529949,0
27988,0.557754,1
27989,0.489589,0
27990,0.561651,1
27991,0.561651,1
27992,0.502415,0
27993,0.715692,1
27994,0.637854,1
27995,0.443268,0
27996,0.463342,0
27997,0.476899,0
27998,0.454715,0
27999,0.454715,0
28000,0.423235,0
28001,0.403493,0
28002,0.330750,0
28003,0.331618,0
28004,0.334331,0
28005,0.343219,0
28006,0.343219,0
28007,0.394015,0
28008,0.381018,0
28009,0.362436,0
28010,0.360868,0
28011,0.338118,0
28012,0.375298,0
28013,0.374320,0
28014,0.329688,0
28015,0.327189,0
28016,0.332385,0
28017,0.344062,0
28018,0.337288,0
28019,0.336017,0
28020,0.327505,0
28021,0.342635,0
28022,0.329686,0
28023,0.341380,0
28024,0.350876,0
28025,0.336607,0
28026,0.346740,0
28027,0.402632,0
28028,0.357683,0
28029,0.330787,0
28030,0.338915,0
28031,0.361726,0
28032,0.346077,0
28033,0.326498,0
28034,0.330257,0
28035,0.450942,0
28036,0.335500,0
28037,0.331461,0
28038,0.329960,0
28039,0.382514,0
28040,0.422824,0
28041,0.398233,0
28042,0.396620,0
28043,0.396889,0
28044,0.408282,0
28045,0.408282,0
28046,0.408282,0
28047,0.408282,0
28048,0.405988,0
28049,0.379055,0
28050,0.372768,0
28051,0.397216,0
28052,0.358292,0
28053,0.439847,0
28054,0.433757,0
28055,0.433757,0
28056,0.356811,0
28057,0.360797,0
28058,0.413752,0
28059,0.390862,0
28060,0.358741,0
28061,0.415101,0
28062,0.334180,0
28063,0.349828,0
28064,0.354082,0
28065,0.364433,0
28066,0.379259,0
28067,0.348214,0
28068,0.352672,0
28069,0.353395,0
28070,0.361762,0
28071,0.389918,0
28072,0.395041,0
28073,0.346892,0
28074,0.355451,0
28075,0.344615,0
28076,0.514454,0
28077,0.378238,0
28078,0.343219,0
28079,0.370342,0
28080,0.391872,0
28081,0.394420,0
28082,0.370577,0
28083,0.356294,0
28084,0.332200,0
28085,0.353961,0
28086,0.348648,0
28087,0.345845,0
28088,0.371874,0
28089,0.359722,0
28090,0.357188,0
28091,0.337944,0
28092,0.430784,0
28093,0.338613,0
28094,0.350719,0
28095,0.343899,0
28096,0.344912,0
28097,0.482400,0
28098,0.350559,0
28099,0.332874,0
28100,0.352106,0
28101,0.482400,0
28102,0.350288,0
28103,0.356762,0
28104,0.352336,0
28105,0.420246,0
28106,0.352952,0
28107,0.384828,0
28108,0.361592,0
28109,0.360217,0
28110,0.363913,0
28111,0.329165,0
28112,0.330138,0
28113,0.382847,0
28114,0.360280,0
28115,0.360217,0
28116,0.357771,0
28117,0.353487,0
28118,0.354246,0
28119,0.391956,0
28120,0.338106,0
28121,0.356714,0
28122,0.406847,0
28123,0.374065,0
28124,0.461038,0
28125,0.368329,0
28126,0.368191,0
28127,0.414972,0
28128,0.342068,0
28129,0.348159,0
28130,0.362501,0
28131,0.329244,0
28132,0.344022,0
28133,0.360461,0
28134,0.333740,0
28135,0.331349,0
28136,0.372203,0
28137,0.336762,0
28138,0.433774,0
28139,0.345065,0
28140,0.395479,0
28141,0.435666,0
28142,0.435666,0
28143,0.344491,0
28144,0.369946,0
28145,0.438982,0
28146,0.438982,0
28147,0.341507,0
28148,0.391980,0
28149,0.380646,0
28150,0.376272,0
28151,0.395371,0
28152,0.367691,0
28153,0.415523,0
28154,0.451862,0
28155,0.397151,0
28156,0.348206,0
28157,0.379128,0
28158,0.377328,0
28159,0.365228,0
28160,0.366314,0
28161,0.361357,0
28162,0.371137,0
28163,0.371137,0
28164,0.365061,0
28165,0.365061,0
28166,0.372474,0
28167,0.365471,0
28168,0.388873,0
28169,0.357309,0
28170,0.471872,0
28171,0.402205,0
28172,0.477824,0
28173,0.514118,0
28174,0.347638,0
28175,0.396483,0
28176,0.348560,0
28177,0.417372,0
28178,0.347638,0
28179,0.349263,0
28180,0.350967,0
28181,0.413335,0
28182,0.350779,0
28183,0.344615,0
28184,0.371654,0
28185,0.344808,0
28186,0.350190,0
28187,0.349310,0
28188,0.348268,0
28189,0.366610,0
28190,0.350144,0
28191,0.407103,0
28192,0.338683,0
28193,0.343939,0
28194,0.400038,0
28195,0.400038,0
28196,0.366238,0
28197,0.353785,0
28198,0.399508,0
28199,0.406888,0
28200,0.406888,0
28201,0.354950,0
28202,0.365233,0
28203,0.364990,0
28204,0.351759,0
28205,0.350504,0
28206,0.350761,0
28207,0.357863,0
28208,0.352764,0
28209,0.354246,0
28210,0.353565,0
28211,0.367086,0
28212,0.356061,0
28213,0.356958,0
28214,0.367408,0
28215,0.351167,0
28216,0.364152,0
28217,0.366668,0
28218,0.364772,0
28219,0.382232,0
28220,0.389208,0
28221,0.370052,0
28222,0.352796,0
28223,0.352796,0
28224,0.361987,0
28225,0.353029,0
28226,0.398615,0
28227,0.396871,0
28228,0.364098,0
28229,0.364365,0
28230,0.379664,0
28231,0.375493,0
28232,0.367771,0
28233,0.354246,0
28234,0.357472,0
28235,0.353817,0
28236,0.346123,0
28237,0.372350,0
28238,0.351759,0
28239,0.386537,0
28240,0.358796,0
28241,0.355534,0
28242,0.457510,0
28243,0.413123,0
28244,0.497927,0
28245,0.365322,0
28246,0.365322,0
28247,0.386943,0
28248,0.361138,0
28249,0.336336,0
28250,0.405970,0
28251,0.405970,0
28252,0.377030,0
28253,0.377030,0
28254,0.408584,0
28255,0.400137,0
28256,0.363748,0
28257,0.363199,0
28258,0.407024,0
28259,0.361893,0
28260,0.361539,0
28261,0.365061,0
28262,0.367192,0
28263,0.361893,0
28264,0.363209,0
28265,0.385996,0
28266,0.393058,0
28267,0.377565,0
28268,0.389099,0
28269,0.389954,0
28270,0.368749,0
28271,0.361387,0
28272,0.362711,0
28273,0.362711,0
28274,0.384245,0
28275,0.361893,0
28276,0.362762,0
28277,0.374764,0
28278,0.375374,0
28279,0.366928,0
28280,0.366897,0
28281,0.464889,0
28282,0.368846,0
28283,0.379731,0
28284,0.363771,0
28285,0.363481,0
28286,0.373631,0
28287,0.594497,1
28288,0.405363,0
28289,0.362038,0
28290,0.373159,0
28291,0.372984,0
28292,0.372984,0
28293,0.376442,0
28294,0.404957,0
28295,0.445990,0
28296,0.380241,0
28297,0.362486,0
28298,0.415776,0
28299,0.391007,0
28300,0.391007,0
28301,0.391007,0
28302,0.373294,0
28303,0.404213,0
28304,0.389671,0
28305,0.389726,0
28306,0.389726,0
28307,0.359019,0
28308,0.368826,0
28309,0.390404,0
28310,0.390459,0
28311,0.415041,0
28312,0.397204,0
28313,0.526572,0
28314,0.393917,0
28315,0.413289,0
28316,0.413289,0
28317,0.484926,0
28318,0.405674,0
28319,0.408290,0
28320,0.417411,0
28321,0.405877,0
28322,0.417411,0
28323,0.394561,0
28324,0.395585,0
28325,0.402089,0
28326,0.393415,0
28327,0.406329,0
28328,0.406329,0
28329,0.389036,0
28330,0.385379,0
28331,0.385379,0
28332,0.384002,0
28333,0.387182,0
28334,0.390525,0
28335,0.389178,0
28336,0.391638,0
28337,0.395084,0
28338,0.386884,0
28339,0.397635,0
28340,0.389389,0
28341,0.390778,0
28342,0.388945,0
28343,0.409580,0
28344,0.391232,0
28345,0.471080,0
28346,0.410871,0
28347,0.494336,0
28348,0.487828,0
28349,0.386013,0
28350,0.378097,0
28351,0.378097,0
28352,0.468120,0
28353,0.377905,0
28354,0.379673,0
28355,0.375811,0
28356,0.504982,0
28357,0.536893,0
28358,0.420354,0
28359,0.461615,0
28360,0.417715,0
28361,0.415176,0
28362,0.418222,0
28363,0.407493,0
28364,0.457320,0
28365,0.496594,0
28366,0.403515,0
28367,0.409364,0
28368,0.396773,0
28369,0.396160,0
28370,0.453915,0
28371,0.396160,0
28372,0.402360,0
28373,0.397331,0
28374,0.494509,0
28375,0.392881,0
28376,0.392186,0
28377,0.336801,0
28378,0.766517,1
28379,0.579557,1
