row,score,flagged
0,2724.421641,1
1,2954.581466,1
2,2724.375613,1
3,2954.920376,1
4,5413.329559,1
5,3050.555260,1
6,7951.640914,1
7,3040.604196,1
8,3154.591890,1
9,3233.713775,1
10,2880.634348,1
11,721.832135,0
12,893.048598,0
13,893.048598,0
14,893.048598,0
15,757.959756,0
16,704.712609,0
17,991.169711,0
18,737.140401,0
19,1002.319056,0
20,737.246874,0
21,991.111996,0
22,991.086507,0
23,991.086507,0
24,991.086507,0
25,754.172723,0
26,832.063644,0
27,831.955182,0
28,832.096921,0
29,754.160415,0
30,2751.307471,1
31,1476.903992,1
32,5998.434436,1
33,1185.664476,1
34,1072.019006,1
35,1016.741123,0
36,1361.886769,1
37,2252.581127,1
38,8093.202127,1
39,1303.711892,1
40,912.586862,0
41,911.377104,0
42,905.585739,0
43,1063.081913,0
44,911.093609,0
45,4874.629800,1
46,4875.124622,1
47,8713.824444,1
48,10276.996408,1
49,5594.630394,1
50,930.212211,0
51,2073.734596,1
52,7807.010264,1
53,3062.249147,1
54,3062.757000,1
55,3496.288553,1
56,3594.394704,1
57,3538.484790,1
58,3142.369306,1
59,3142.347829,1
60,3142.418204,1
61,3142.527071,1
62,7113.081538,1
63,4313.773191,1
64,4963.872587,1
65,4957.761631,1
66,4747.339411,1
67,4786.597509,1
68,4786.597509,1
69,9210.672687,1
70,2542.976155,1
71,2542.534870,1
72,2305.277024,1
73,2312.768758,1
74,2383.304991,1
75,2542.550324,1
76,2383.410428,1
77,2383.376982,1
78,2645.397343,1
79,8274.523166,1
80,2934.874948,1
81,12518.576690,1
82,7346.131096,1
83,1894.033692,1
84,1894.086959,1
85,1858.593858,1
86,1964.577703,1
87,1886.624188,1
88,2134.325552,1
89,1886.543986,1
90,1886.543986,1
91,1886.478645,1
92,1964.668916,1
93,1964.691143,1
94,1964.953629,1
95,3024.676907,1
96,2155.612643,1
97,2048.922092,1
98,2049.413095,1
99,2139.944337,1
100,2134.225763,1
101,3331.719518,1
102,4855.548753,1
103,3337.105546,1
104,9218.750612,1
105,16579.656405,1
106,9216.441913,1
107,5579.753614,1
108,5553.919239,1
109,10024.580088,1
110,5566.889895,1
111,2088.552089,1
112,2248.861386,1
113,5856.543799,1
114,5731.177248,1
115,5911.659046,1
116,5570.629295,1
117,6842.093731,1
118,5546.416402,1
119,3074.512352,1
120,6953.548564,1
121,7237.959523,1
122,2691.553970,1
123,7338.375229,1
124,5286.755724,1
125,5286.755724,1
126,3738.411300,1
127,4911.392814,1
128,4913.720708,1
129,6426.607880,1
130,3614.576261,1
131,3463.296863,1
132,8259.359837,1
133,2014.642492,1
134,1960.718209,1
135,1979.750148,1
136,1959.450171,1
137,1962.246583,1
138,2258.990566,1
139,2098.172765,1
140,2089.423346,1
141,5196.087967,1
142,2248.855200,1
143,2089.714836,1
144,2737.550116,1
145,2331.108446,1
146,2572.040646,1
147,10017.682318,1
148,1408.241199,1
149,1473.952740,1
150,1473.951682,1
151,1473.878474,1
152,1473.877229,1
153,1408.321469,1
154,1280.063471,1
155,1339.267726,1
156,1339.395055,1
157,1286.982250,1
158,1584.964824,1
159,1573.040345,1
160,1589.216682,1
161,1342.486330,1
162,1582.930795,1
163,2044.573059,1
164,2479.562733,1
165,1770.980820,1
166,2979.537450,1
167,1909.172402,1
168,1494.524913,1
169,1495.183947,1
170,23158.728965,1
171,915.697471,0
172,722.064212,0
173,722.064212,0
174,849.437981,0
175,915.167725,0
176,850.194469,0
177,850.114289,0
178,779.607592,0
179,778.774151,0
180,779.091683,0
181,722.080614,0
182,724.039836,0
183,743.930424,0
184,724.979633,0
185,779.549235,0
186,724.034661,0
187,725.338856,0
188,728.317790,0
189,728.061540,0
190,784.069869,0
191,760.420199,0
192,855.484203,0
193,777.106543,0
194,1015.191284,0
195,1015.787040,0
196,1015.218855,0
197,855.855852,0
198,1024.928967,0
199,777.001912,0
200,777.625912,0
201,1015.683786,0
202,855.843727,0
203,777.097131,0
204,2736.805022,1
205,1494.060363,1
206,1292.092575,1
207,8142.035909,1
208,1089.315379,1
209,936.278616,0
210,938.259387,0
211,1633.998994,1
212,414.382953,0
213,243.301105,0
214,221.150477,0
215,243.874537,0
216,244.022940,0
217,244.027842,0
218,415.007646,0
219,414.999911,0
220,415.007781,0
221,244.187711,0
222,243.683846,0
223,225.562861,0
224,224.370716,0
225,228.017825,0
226,223.410247,0
227,279.234389,0
228,224.356699,0
229,224.356699,0
230,224.920761,0
231,225.076010,0
232,224.365856,0
233,225.618574,0
234,225.642047,0
235,222.894663,0
236,244.101567,0
237,224.370527,0
238,224.240401,0
239,244.226031,0
240,243.565145,0
241,226.646192,0
242,226.635811,0
243,226.648149,0
244,226.848903,0
245,226.631304,0
246,226.640396,0
247,226.640892,0
248,233.799009,0
249,226.634024,0
250,226.633334,0
251,226.633334,0
252,233.802499,0
253,349.741826,0
254,257.355735,0
255,257.355735,0
256,349.759622,0
257,521.231005,0
258,257.372164,0
259,257.326241,0
260,3458.459575,1
261,510.380713,0
262,280.739123,0
263,521.055220,0
264,257.818746,0
265,257.330366,0
266,3458.470744,1
267,257.356949,0
268,257.340145,0
269,510.254018,0
270,510.851859,0
271,273.291228,0
272,511.068109,0
273,521.204632,0
274,257.361061,0
275,257.782570,0
276,349.778779,0
277,521.041477,0
278,351.226699,0
279,257.338109,0
280,520.727756,0
281,231.992419,0
282,511.577206,0
283,520.970558,0
284,521.394324,0
285,520.714835,0
286,281.715826,0
287,280.824563,0
288,520.728760,0
289,521.072737,0
290,520.735073,0
291,520.735073,0
292,521.072806,0
293,257.335135,0
294,280.753344,0
295,520.717601,0
296,520.717601,0
297,521.056170,0
298,263.007548,0
299,257.405626,0
300,520.896794,0
301,520.793797,0
302,511.526582,0
303,280.867738,0
304,510.401714,0
305,350.504981,0
306,271.820658,0
307,349.497843,0
308,257.472145,0
309,509.783524,0
310,521.313901,0
311,521.100339,0
312,520.802741,0
313,520.987971,0
314,1336.667480,1
315,1335.637032,1
316,1337.492368,1
317,1334.057454,1
318,1337.215931,1
319,1331.924605,1
320,1337.069700,1
321,1970.298568,1
322,1970.298568,1
323,1970.298568,1
324,1338.009469,1
325,968.382199,0
326,976.041111,0
327,582.674395,0
328,575.813305,0
329,597.118163,0
330,542.903193,0
331,845.295763,0
332,845.725490,0
333,435.923024,0
334,435.615329,0
335,431.124984,0
336,428.778964,0
337,4048.835323,1
338,3641.667201,1
339,1595.939987,1
340,1595.939987,1
341,2686.785999,1
342,1596.064666,1
343,10486.870672,1
344,1596.081632,1
345,2686.823466,1
346,1596.233439,1
347,44095.088631,1
348,303.982622,0
349,362.360460,0
350,307.367723,0
351,312.841692,0
352,311.776602,0
353,304.557172,0
354,304.598693,0
355,428.062543,0
356,588.141106,0
357,427.789780,0
358,427.700839,0
359,427.861652,0
360,427.748415,0
361,586.832382,0
362,349.774308,0
363,349.752248,0
364,428.196650,0
365,427.302285,0
366,349.461627,0
367,349.362695,0
368,349.545240,0
369,349.544917,0
370,427.343962,0
371,586.990775,0
372,597.409621,0
373,587.665478,0
374,587.429829,0
375,586.986646,0
376,357.239111,0
377,357.239244,0
378,427.877808,0
379,428.178020,0
380,427.472493,0
381,427.472493,0
382,333.847171,0
383,333.847171,0
384,427.899640,0
385,427.530615,0
386,349.776843,0
387,349.506350,0
388,349.498340,0
389,349.504566,0
390,427.485577,0
391,333.846122,0
392,333.715161,0
393,427.385278,0
394,427.398244,0
395,427.376364,0
396,352.347421,0
397,586.659435,0
398,349.493077,0
399,349.688568,0
400,427.467818,0
401,427.700050,0
402,349.371626,0
403,349.713566,0
404,427.448191,0
405,427.666073,0
406,427.572516,0
407,427.682872,0
408,349.482820,0
409,349.684906,0
410,349.684906,0
411,349.684906,0
412,349.758289,0
413,586.572653,0
414,349.415220,0
415,427.416575,0
416,586.996037,0
417,586.888496,0
418,586.996037,0
419,586.838053,0
420,349.402950,0
421,349.537394,0
422,349.426417,0
423,586.964897,0
424,427.859077,0
425,586.876602,0
426,587.176493,0
427,587.350321,0
428,333.682111,0
429,586.931559,0
430,2306.977074,1
431,1497.234844,1
432,1065.821435,1
433,660.369577,0
434,1472.229334,1
435,1504.528098,1
436,680.721676,0
437,619.766275,0
438,619.715045,0
439,619.856914,0
440,619.850593,0
441,1949.326759,1
442,666.501954,0
443,515.143382,0
444,1211.507989,1
445,1677.439883,1
446,787.615981,0
447,615.973205,0
448,615.977282,0
449,615.977282,0
450,616.139887,0
451,786.908794,0
452,614.636429,0
453,596.636237,0
454,595.438370,0
455,596.634242,0
456,595.306516,0
457,595.437451,0
458,595.437648,0
459,614.711255,0
460,596.765832,0
461,595.811304,0
462,595.305440,0
463,596.636047,0
464,599.798475,0
465,599.855262,0
466,599.839988,0
467,599.844656,0
468,599.835997,0
469,632.434037,0
470,897.074142,0
471,632.585517,0
472,649.325282,0
473,632.431181,0
474,655.997388,0
475,656.173873,0
476,656.060291,0
477,632.479675,0
478,632.581130,0
479,632.581130,0
480,727.637066,0
481,888.264195,0
482,632.431695,0
483,632.582318,0
484,897.190847,0
485,957.678663,0
486,963.975682,0
487,954.037306,0
488,1765.713236,1
489,959.419882,0
490,959.530635,0
491,6561.627904,1
492,1255.517294,1
493,15395.076419,1
494,5286.603703,1
495,1124.414415,1
496,2956.236241,1
497,2956.880749,1
498,3234.402041,1
499,2994.204313,1
500,2985.256858,1
501,2985.252625,1
502,3684.347972,1
503,3677.255303,1
504,3296.979108,1
505,3380.188416,1
506,1630.983494,1
507,1630.983494,1
508,1682.928100,1
509,1761.194736,1
510,1762.114061,1
511,1683.103617,1
512,1682.606774,1
513,1683.320823,1
514,1920.834448,1
515,1682.892715,1
516,1683.095708,1
517,4381.620767,1
518,1988.884254,1
519,1981.578154,1
520,1982.335306,1
521,1840.002698,1
522,2314.155036,1
523,2314.155036,1
524,3309.669826,1
525,3545.946157,1
526,3385.937637,1
527,3848.671405,1
528,3848.037600,1
529,3906.762401,1
530,10692.631335,1
531,8305.621913,1
532,3417.389129,1
533,2462.265891,1
534,2462.211203,1
535,2499.017873,1
536,2736.687200,1
537,2744.672867,1
538,5418.855873,1
539,3574.438062,1
540,7609.210844,1
541,9328.564945,1
542,10763.140029,1
543,10776.435735,1
544,9547.803588,1
545,7440.003718,1
546,7439.666494,1
547,7522.804839,1
548,11449.942792,1
549,1377.832945,1
550,1218.298225,1
551,1218.328424,1
552,1218.324863,1
553,1140.669164,1
554,1140.683992,1
555,1218.181205,1
556,1218.291455,1
557,1377.771738,1
558,1460.936971,1
559,3129.815591,1
560,1461.554968,1
561,1575.116339,1
562,1300.573195,1
563,1295.242884,1
564,1452.465216,1
565,1293.922489,1
566,1300.592154,1
567,1300.116029,1
568,1452.122169,1
569,5307.991451,1
570,5308.465769,1
571,1270.692875,1
572,30327.937385,1
573,1281.112568,1
574,22948.264637,1
575,3552.602022,1
576,1726.930257,1
577,2006.884023,1
578,2007.914704,1
579,2007.448586,1
580,1848.634340,1
581,1848.442762,1
582,1816.271862,1
583,1816.271862,1
584,1769.934351,1
585,2007.399268,1
586,2017.977923,1
587,2007.095784,1
588,2007.775184,1
589,1848.303214,1
590,2085.724282,1
591,2085.724282,1
592,2082.323756,1
593,6387.637581,1
594,6387.637581,1
595,3894.941577,1
596,4891.801296,1
597,7749.715385,1
598,4889.878398,1
599,3608.679705,1
600,3459.461597,1
601,3457.345860,1
602,1922.871834,1
603,1922.871933,1
604,1752.030765,1
605,1735.190499,1
606,1735.467838,1
607,2020.768776,1
608,2030.906989,1
609,2030.771914,1
610,1768.317957,1
611,1861.392532,1
612,2021.063787,1
613,2093.668139,1
614,3030.344825,1
615,2106.161686,1
616,5025.976451,1
617,5025.976451,1
618,1944.199536,1
619,390.568324,0
620,390.217424,0
621,390.301277,0
622,390.280954,0
623,553.410959,0
624,390.134661,0
625,2286.562472,1
626,2281.660606,1
627,836.782204,0
628,1908.305842,1
629,835.760005,0
630,838.870351,0
631,838.177188,0
632,1899.477260,1
633,1912.251267,1
634,840.952766,0
635,837.763271,0
636,3507.980205,1
637,3508.800613,1
638,3508.514647,1
639,76.059702,0
640,76.059702,0
641,76.059702,0
642,76.059702,0
643,76.059702,0
644,76.059702,0
645,76.059702,0
646,76.059702,0
647,76.059702,0
648,76.059702,0
649,76.059702,0
650,76.059702,0
651,76.059702,0
652,76.059702,0
653,76.059702,0
654,76.059702,0
655,76.059702,0
656,76.059702,0
657,76.059702,0
658,76.059702,0
659,76.059702,0
660,76.059702,0
661,76.059702,0
662,76.059702,0
663,76.059702,0
664,76.059702,0
665,76.059702,0
666,76.059702,0
667,76.059702,0
668,76.059702,0
669,76.059702,0
670,76.059702,0
671,76.059702,0
672,76.059702,0
673,76.059702,0
674,76.059702,0
675,76.059702,0
676,76.059702,0
677,76.059702,0
678,76.059702,0
679,76.059702,0
680,76.059702,0
681,76.059702,0
682,76.059702,0
683,76.059702,0
684,76.059702,0
685,76.059702,0
686,76.059702,0
687,76.059702,0
688,76.059702,0
689,76.059702,0
690,76.059702,0
691,76.059702,0
692,76.059702,0
693,76.059702,0
694,76.059702,0
695,76.059702,0
696,76.059702,0
697,76.059702,0
698,76.059702,0
699,76.059702,0
700,76.059702,0
701,76.059702,0
702,76.059702,0
703,76.059702,0
704,9634.924158,1
705,902.632519,0
706,14956.497638,1
707,36453.517071,1
708,1325.669521,1
709,1325.670691,1
710,1434.608169,1
711,1434.520321,1
712,1434.334028,1
713,1434.519704,1
714,1264.647809,1
715,1434.384755,1
716,1434.446913,1
717,1264.769193,1
718,3889.372736,1
719,3155.912765,1
720,2419.226745,1
721,1453.685751,1
722,1453.706257,1
723,1701.384884,1
724,1508.381410,1
725,1748.317736,1
726,1748.516140,1
727,1748.696299,1
728,1805.106449,1
729,1805.681235,1
730,1804.900451,1
731,1345.400646,1
732,1331.631194,1
733,10823.708386,1
734,43077.057733,1
735,1405.376055,1
736,1458.999261,1
737,1404.029551,1
738,1534.868288,1
739,1534.559975,1
740,1534.851395,1
741,1534.543155,1
742,1439.948289,1
743,15742.873167,1
744,1970.988986,1
745,2020.610385,1
746,2020.610385,1
747,2020.236424,1
748,2019.493198,1
749,3586.061858,1
750,1615.307670,1
751,1766.987143,1
752,1615.503007,1
753,1615.950184,1
754,1766.924118,1
755,4145.187434,1
756,32570.610570,1
757,9725.172149,1
758,13860.181241,1
759,17051.896348,1
760,4146.115920,1
761,689.288027,0
762,690.017985,0
763,689.869542,0
764,688.740268,0
765,688.740268,0
766,689.045111,0
767,690.025710,0
768,689.868606,0
769,623.962374,0
770,689.295471,0
771,690.021338,0
772,688.689129,0
773,690.028233,0
774,690.031867,0
775,690.034659,0
776,498.418880,0
777,499.913715,0
778,498.434793,0
779,498.434793,0
780,497.509373,0
781,499.248489,0
782,499.247081,0
783,518.450120,0
784,517.791908,0
785,503.717417,0
786,536.400330,0
787,631.182489,0
788,791.351502,0
789,790.626583,0
790,631.342111,0
791,630.907682,0
792,631.274673,0
793,630.906505,0
794,630.564469,0
795,630.762819,0
796,630.531740,0
797,631.218190,0
798,790.838839,0
799,790.560645,0
800,552.402580,0
801,685.861212,0
802,6452.443815,1
803,5786.240103,1
804,1799.353437,1
805,1586.044579,1
806,1067.504988,1
807,819.540322,0
808,819.541642,0
809,1174.622230,1
810,1173.233351,1
811,1173.926433,1
812,1240.707028,1
813,2142.501474,1
814,1118.626206,1
815,1242.706004,1
816,1237.961821,1
817,710.963415,0
818,8881.752979,1
819,7606.973828,1
820,741.240312,0
821,4198.391141,1
822,4197.806686,1
823,741.367374,0
824,675.968983,0
825,675.393818,0
826,740.720810,0
827,741.369828,0
828,741.369828,0
829,570.391956,0
830,569.652393,0
831,742.079042,0
832,741.376866,0
833,571.882555,0
834,553.938102,0
835,553.435012,0
836,848.309813,0
837,584.463244,0
838,848.268636,0
839,600.805201,0
840,680.274303,0
841,607.906591,0
842,848.334445,0
843,685.316511,0
844,679.032044,0
845,837.925521,0
846,678.489951,0
847,600.804461,0
848,838.347529,0
849,838.337574,0
850,678.918099,0
851,678.918099,0
852,679.035126,0
853,600.447214,0
854,584.598215,0
855,600.840749,0
856,600.453615,0
857,838.118642,0
858,600.757867,0
859,600.713554,0
860,838.111062,0
861,1759.102647,1
862,1321.393616,1
863,2559.761326,1
864,925.551935,0
865,1987.377243,1
866,867.937160,0
867,1221.697762,1
868,761.461813,0
869,5646.007224,1
870,4778.999229,1
871,4778.999229,1
872,29878.320365,1
873,992.300818,0
874,7368.990500,1
875,7370.246765,1
876,7369.294001,1
877,10606.510714,1
878,1594.369784,1
879,1595.057771,1
880,1595.043006,1
881,1458.707934,1
882,1404.311027,1
883,1421.822717,1
884,1408.729116,1
885,1703.704120,1
886,1703.705780,1
887,1704.146046,1
888,1703.696882,1
889,1704.116362,1
890,1534.603176,1
891,1456.101405,1
892,1456.088961,1
893,1455.933489,1
894,1774.347329,1
895,2610.325318,1
896,2431.836385,1
897,1616.285808,1
898,16075.152929,1
899,1012.807859,0
900,841.482363,0
901,1012.842666,0
902,1012.909941,0
903,1011.779633,0
904,1012.156751,0
905,841.524141,0
906,822.144811,0
907,842.169382,0
908,826.103663,0
909,826.397069,0
910,826.120951,0
911,880.724125,0
912,857.239504,0
913,1120.554771,1
914,857.265541,0
915,857.284417,0
916,857.260244,0
917,951.355365,0
918,1120.522978,1
919,1121.038755,1
920,1120.654581,1
921,873.058225,0
922,872.949487,0
923,880.616534,0
924,880.655601,0
925,1120.543600,1
926,3566.807388,1
927,1532.478029,1
928,2012.441820,1
929,1953.339279,1
930,2152.285411,1
931,2112.553797,1
932,15074.725079,1
933,30132.868711,1
934,11085.805527,1
935,2449.127967,1
936,2260.590576,1
937,2261.161345,1
938,2543.623304,1
939,2384.677958,1
940,2543.610402,1
941,2553.638814,1
942,2306.001025,1
943,2544.061502,1
944,2554.001509,1
945,2618.278975,1
946,3439.363034,1
947,3398.758087,1
948,896.426446,0
949,896.453478,0
950,914.149935,0
951,897.398480,0
952,897.582741,0
953,1178.611600,1
954,1180.546163,1
955,1180.546306,1
956,1179.533402,1
957,1180.546306,1
958,1180.546306,1
959,954.200453,0
960,1018.514510,0
961,943.193455,0
962,940.353486,0
963,940.210619,0
964,1239.238352,1
965,1236.092695,1
966,1630.621120,1
967,1238.512323,1
968,1632.713367,1
969,1229.551181,1
970,1241.068346,1
971,1237.460410,1
972,1229.604367,1
973,4165.928033,1
974,1626.637969,1
975,1228.536911,1
976,1217.147946,1
977,1234.481148,1
978,6173.909133,1
979,1461.148919,1
980,1268.266483,1
981,1340.295728,1
982,1359.022121,1
983,1383.606505,1
984,1383.606505,1
985,1383.504178,1
986,1383.344459,1
987,1384.384838,1
988,1369.255672,1
989,1383.367901,1
990,1383.424243,1
991,1462.513467,1
992,1461.736791,1
993,1383.328052,1
994,1383.334950,1
995,1384.317701,1
996,2066.910892,1
997,1693.965060,1
998,2086.597045,1
999,2073.792106,1
1000,2070.377060,1
1001,2090.909415,1
1002,1902.813426,1
1003,721.796071,0
1004,721.805055,0
1005,721.627152,0
1006,721.623548,0
1007,721.623548,0
1008,721.618150,0
1009,725.911716,0
1010,779.423401,0
1011,724.885389,0
1012,778.248100,0
1013,724.230303,0
1014,724.230303,0
1015,727.377156,0
1016,724.229733,0
1017,725.234003,0
1018,743.335634,0
1019,724.748342,0
1020,723.371933,0
1021,743.337299,0
1022,743.337299,0
1023,730.792541,0
1024,737.484456,0
1025,730.815121,0
1026,730.439650,0
1027,737.660450,0
1028,737.313560,0
1029,737.313560,0
1030,781.818701,0
1031,764.511416,0
1032,781.391999,0
1033,781.390682,0
1034,782.014610,0
1035,860.359599,0
1036,781.844633,0
1037,2815.140644,1
1038,1640.888125,1
1039,2815.166151,1
1040,1385.382731,1
1041,1168.791110,1
1042,1168.545872,1
1043,2100.400373,1
1044,104.203813,0
1045,104.203811,0
1046,104.204206,0
1047,112.258242,0
1048,233.374292,0
1049,233.374292,0
1050,104.284073,0
1051,104.284073,0
1052,104.284073,0
1053,104.284518,0
1054,104.284518,0
1055,104.284906,0
1056,104.598318,0
1057,104.598318,0
1058,104.598318,0
1059,104.598318,0
1060,104.284574,0
1061,104.284791,0
1062,104.284791,0
1063,104.194919,0
1064,104.194461,0
1065,104.194461,0
1066,104.598350,0
1067,104.596645,0
1068,104.596476,0
1069,104.415711,0
1070,104.204063,0
1071,104.415060,0
1072,104.173472,0
1073,104.174914,0
1074,104.284986,0
1075,104.175240,0
1076,104.387267,0
1077,104.807266,0
1078,104.174213,0
1079,103.358078,0
1080,103.358078,0
1081,104.195034,0
1082,104.195439,0
1083,104.195439,0
1084,104.173679,0
1085,104.173679,0
1086,104.174717,0
1087,104.175290,0
1088,112.346559,0
1089,104.333131,0
1090,103.473859,0
1091,104.265082,0
1092,103.279680,0
1093,103.279680,0
1094,104.196573,0
1095,104.195495,0
1096,104.196573,0
1097,104.196573,0
1098,104.193902,0
1099,112.237182,0
1100,112.237190,0
1101,104.264321,0
1102,104.264321,0
1103,104.194816,0
1104,104.195424,0
1105,104.195424,0
1106,104.195424,0
1107,104.264578,0
1108,103.858191,0
1109,112.451834,0
1110,113.813793,0
1111,113.816217,0
1112,103.863015,0
1113,103.863015,0
1114,104.387477,0
1115,103.399729,0
1116,107.668208,0
1117,104.195482,0
1118,104.195253,0
1119,104.173644,0
1120,104.127002,0
1121,113.119601,0
1122,113.117982,0
1123,104.286844,0
1124,112.547431,0
1125,103.869383,0
1126,103.639456,0
1127,112.625613,0
1128,104.827156,0
1129,104.595101,0
1130,103.638982,0
1131,103.638982,0
1132,103.855915,0
1133,104.247577,0
1134,103.603311,0
1135,104.124443,0
1136,103.287724,0
1137,104.123586,0
1138,103.856238,0
1139,103.856704,0
1140,112.350260,0
1141,112.263328,0
1142,104.127946,0
1143,103.855977,0
1144,112.844482,0
1145,103.640111,0
1146,104.284218,0
1147,104.284218,0
1148,104.284218,0
1149,103.856554,0
1150,104.266023,0
1151,103.639765,0
1152,103.639765,0
1153,104.129366,0
1154,104.173905,0
1155,104.173905,0
1156,103.476066,0
1157,103.473642,0
1158,104.265904,0
1159,104.265769,0
1160,103.402844,0
1161,113.814929,0
1162,103.315390,0
1163,112.550363,0
1164,113.130456,0
1165,233.656148,0
1166,113.440580,0
1167,112.327664,0
1168,112.332652,0
1169,112.238397,0
1170,106.157763,0
1171,108.524302,0
1172,106.156503,0
1173,105.197174,0
1174,106.230221,0
1175,106.554854,0
1176,106.554854,0
1177,126.190129,0
1178,110.615388,0
1179,126.969026,0
1180,107.066260,0
1181,107.869862,0
1182,106.350507,0
1183,106.244386,0
1184,106.229546,0
1185,106.229546,0
1186,106.242759,0
1187,126.215650,0
1188,106.380684,0
1189,106.552629,0
1190,106.552629,0
1191,126.190734,0
1192,126.190734,0
1193,107.739671,0
1194,106.243121,0
1195,106.243341,0
1196,107.740012,0
1197,107.738072,0
1198,105.536057,0
1199,105.536057,0
1200,107.021345,0
1201,109.716727,0
1202,107.020914,0
1203,106.350490,0
1204,110.742774,0
1205,110.742774,0
1206,106.228543,0
1207,110.607774,0
1208,108.538277,0
1209,108.036233,0
1210,106.525320,0
1211,106.229814,0
1212,106.229800,0
1213,106.350960,0
1214,106.522635,0
1215,106.521720,0
1216,106.524713,0
1217,106.524713,0
1218,110.212753,0
1219,108.656060,0
1220,108.656060,0
1221,106.524690,0
1222,127.289791,0
1223,109.168056,0
1224,106.229800,0
1225,110.214805,0
1226,106.524794,0
1227,108.652478,0
1228,110.472064,0
1229,110.470678,0
1230,105.004834,0
1231,107.340426,0
1232,106.135098,0
1233,106.372985,0
1234,106.523249,0
1235,106.229666,0
1236,106.230556,0
1237,126.977846,0
1238,107.822509,0
1239,106.696197,0
1240,106.697344,0
1241,106.747353,0
1242,107.636672,0
1243,126.374877,0
1244,111.744560,0
1245,111.744560,0
1246,107.714562,0
1247,107.707628,0
1248,108.044872,0
1249,107.932721,0
1250,107.712628,0
1251,108.050600,0
1252,106.568216,0
1253,107.860653,0
1254,107.860596,0
1255,107.861596,0
1256,126.444425,0
1257,126.445396,0
1258,126.445366,0
1259,106.379903,0
1260,104.862639,0
1261,105.733973,0
1262,106.248629,0
1263,106.248467,0
1264,106.413203,0
1265,106.413203,0
1266,106.746928,0
1267,106.352249,0
1268,106.351510,0
1269,106.351510,0
1270,106.135170,0
1271,107.861252,0
1272,107.861252,0
1273,110.609390,0
1274,106.748428,0
1275,106.352236,0
1276,106.352236,0
1277,106.352048,0
1278,126.313076,0
1279,126.313076,0
1280,106.229893,0
1281,106.228731,0
1282,106.228731,0
1283,111.742229,0
1284,111.742229,0
1285,106.486086,0
1286,110.211674,0
1287,109.590563,0
1288,105.536737,0
1289,122.376285,0
1290,118.596748,0
1291,125.399309,0
1292,119.196086,0
1293,119.282048,0
1294,119.150998,0
1295,122.485608,0
1296,123.551423,0
1297,118.583495,0
1298,118.653263,0
1299,122.620825,0
1300,121.029834,0
1301,124.759911,0
1302,124.752623,0
1303,125.077515,0
1304,118.591800,0
1305,122.486180,0
1306,122.630241,0
1307,122.629302,0
1308,118.813854,0
1309,121.244950,0
1310,125.412104,0
1311,118.603803,0
1312,120.830363,0
1313,118.666430,0
1314,120.561432,0
1315,119.895632,0
1316,124.316311,0
1317,122.623761,0
1318,119.759303,0
1319,120.547389,0
1320,121.053156,0
1321,124.287036,0
1322,122.756807,0
1323,124.143309,0
1324,171.832865,0
1325,154.517251,0
1326,157.085227,0
1327,2599.862299,1
1328,319.855879,0
1329,319.855879,0
1330,319.855879,0
1331,317.747390,0
1332,1419.170931,1
1333,789.666993,0
1334,790.257524,0
1335,772.873342,0
1336,1740.017244,1
1337,790.795228,0
1338,789.626303,0
1339,897.096060,0
1340,896.696300,0
1341,555.040138,0
1342,302.238874,0
1343,302.238868,0
1344,301.854704,0
1345,301.854516,0
1346,304.061742,0
1347,304.061742,0
1348,302.829638,0
1349,302.825809,0
1350,302.825573,0
1351,302.824239,0
1352,302.826004,0
1353,302.507718,0
1354,303.521792,0
1355,304.784479,0
1356,302.828948,0
1357,302.823847,0
1358,303.725780,0
1359,302.239188,0
1360,302.243621,0
1361,305.107410,0
1362,305.310985,0
1363,303.168551,0
1364,305.713265,0
1365,303.733842,0
1366,303.734572,0
1367,306.248312,0
1368,306.390950,0
1369,306.249835,0
1370,324.837776,0
1371,305.309859,0
1372,359.763444,0
1373,359.762655,0
1374,303.167996,0
1375,305.714241,0
1376,303.733951,0
1377,304.989334,0
1378,303.168208,0
1379,305.715925,0
1380,303.884593,0
1381,303.881466,0
1382,303.891019,0
1383,303.893604,0
1384,303.892376,0
1385,303.892512,0
1386,305.486197,0
1387,305.486111,0
1388,303.733248,0
1389,306.248087,0
1390,303.734138,0
1391,303.168369,0
1392,304.308955,0
1393,302.925405,0
1394,304.846360,0
1395,303.734094,0
1396,302.733078,0
1397,302.923948,0
1398,302.924329,0
1399,302.731071,0
1400,313.035454,0
1401,313.173436,0
1402,313.173436,0
1403,313.438403,0
1404,313.162522,0
1405,313.040432,0
1406,313.021501,0
1407,313.420725,0
1408,313.501877,0
1409,313.044384,0
1410,313.091365,0
1411,313.091365,0
1412,313.091365,0
1413,313.091365,0
1414,313.099495,0
1415,313.091365,0
1416,313.094476,0
1417,313.024015,0
1418,313.415987,0
1419,364.231866,0
1420,364.685581,0
1421,365.316703,0
1422,364.905982,0
1423,366.231975,0
1424,603.327192,0
1425,372.947328,0
1426,372.734542,0
1427,372.761275,0
1428,364.558051,0
1429,364.659995,0
1430,364.332985,0
1431,370.945659,0
1432,667.521124,0
1433,682.144834,0
1434,682.193025,0
1435,685.044678,0
1436,520.367472,0
1437,513.887659,0
1438,967.700741,0
1439,30612.955465,1
1440,11128.637310,1
1441,630.272736,0
1442,628.994203,0
1443,653.538323,0
1444,630.768131,0
1445,632.654460,0
1446,630.243808,0
1447,630.243808,0
1448,630.769301,0
1449,630.770076,0
1450,686.680451,0
1451,687.634502,0
1452,630.244169,0
1453,629.734749,0
1454,632.193429,0
1455,629.665883,0
1456,629.853726,0
1457,630.804855,0
1458,632.653727,0
1459,633.975963,0
1460,631.282512,0
1461,631.279011,0
1462,638.588973,0
1463,638.542459,0
1464,645.778661,0
1465,638.567209,0
1466,638.282212,0
1467,645.774190,0
1468,638.546413,0
1469,638.298732,0
1470,695.367926,0
1471,767.968286,0
1472,767.469709,0
1473,688.703931,0
1474,767.303940,0
1475,697.413896,0
1476,688.729879,0
1477,689.382385,0
1478,767.331891,0
1479,688.671723,0
1480,695.682283,0
1481,767.293641,0
1482,993.959557,0
1483,955.195055,0
1484,955.029712,0
1485,839.761056,0
1486,846.147514,0
1487,1423.455393,1
1488,29275.986177,1
1489,175.956477,0
1490,175.030852,0
1491,175.672221,0
1492,175.433044,0
1493,175.600914,0
1494,174.635598,0
1495,175.526451,0
1496,175.434554,0
1497,183.548085,0
1498,175.287995,0
1499,175.287995,0
1500,183.822278,0
1501,304.597989,0
1502,176.319572,0
1503,176.317993,0
1504,176.318844,0
1505,175.288759,0
1506,199.270124,0
1507,175.434501,0
1508,175.851824,0
1509,175.526699,0
1510,175.435727,0
1511,175.435578,0
1512,175.431514,0
1513,175.455339,0
1514,175.542152,0
1515,175.434615,0
1516,183.822609,0
1517,175.455599,0
1518,175.434579,0
1519,175.543766,0
1520,175.543819,0
1521,175.435669,0
1522,175.292196,0
1523,175.675828,0
1524,175.298688,0
1525,305.199513,0
1526,304.746771,0
1527,175.456476,0
1528,175.455525,0
1529,175.030306,0
1530,175.462498,0
1531,175.463814,0
1532,304.616765,0
1533,185.763210,0
1534,175.541891,0
1535,175.461470,0
1536,175.463732,0
1537,183.546305,0
1538,175.433149,0
1539,175.434943,0
1540,175.435038,0
1541,183.487260,0
1542,175.455431,0
1543,175.597698,0
1544,175.648643,0
1545,175.455618,0
1546,175.435875,0
1547,175.648310,0
1548,175.646818,0
1549,175.433759,0
1550,175.434475,0
1551,175.434580,0
1552,175.434580,0
1553,175.434580,0
1554,175.453934,0
1555,185.958187,0
1556,185.958187,0
1557,175.463967,0
1558,233.772453,0
1559,178.850676,0
1560,197.655729,0
1561,178.153638,0
1562,177.488471,0
1563,233.650641,0
1564,177.490368,0
1565,177.490490,0
1566,177.490634,0
1567,177.489717,0
1568,177.660634,0
1569,177.660756,0
1570,177.935117,0
1571,181.599316,0
1572,176.026509,0
1573,176.157680,0
1574,177.702443,0
1575,179.023714,0
1576,177.928892,0
1577,197.353679,0
1578,177.392890,0
1579,177.389331,0
1580,177.280315,0
1581,179.023825,0
1582,179.023825,0
1583,178.783633,0
1584,176.342604,0
1585,176.024762,0
1586,179.137143,0
1587,178.847014,0
1588,178.963770,0
1589,181.743649,0
1590,181.741147,0
1591,177.704683,0
1592,177.310811,0
1593,177.277101,0
1594,177.389314,0
1595,177.933756,0
1596,177.391168,0
1597,177.391168,0
1598,177.391168,0
1599,177.369765,0
1600,177.391711,0
1601,177.391711,0
1602,177.392427,0
1603,183.169707,0
1604,183.176039,0
1605,183.176039,0
1606,183.176039,0
1607,179.133868,0
1608,181.462778,0
1609,181.597959,0
1610,177.304454,0
1611,179.130833,0
1612,178.965479,0
1613,177.702292,0
1614,197.480609,0
1615,197.480609,0
1616,177.391503,0
1617,179.616092,0
1618,177.660954,0
1619,177.882685,0
1620,177.278578,0
1621,177.307055,0
1622,177.311965,0
1623,177.311965,0
1624,178.782555,0
1625,177.395078,0
1626,177.309503,0
1627,177.390952,0
1628,189.116772,0
1629,189.146263,0
1630,189.117704,0
1631,189.108878,0
1632,189.340568,0
1633,189.367620,0
1634,193.012632,0
1635,189.340503,0
1636,189.147031,0
1637,189.212380,0
1638,195.756045,0
1639,191.176809,0
1640,189.143048,0
1641,195.122615,0
1642,189.325667,0
1643,189.337198,0
1644,248.227971,0
1645,224.594115,0
1646,251.750152,0
1647,1381.561143,1
1648,224.555606,0
1649,224.555606,0
1650,241.785462,0
1651,224.692270,0
1652,248.343016,0
1653,224.663907,0
1654,249.186894,0
1655,561.200766,0
1656,1750.099613,1
1657,396.630808,0
1658,388.664891,0
1659,395.243380,0
1660,15981.664796,1
1661,4873.782193,1
1662,261.642843,0
1663,261.642952,0
1664,261.642934,0
1665,261.639932,0
1666,261.504325,0
1667,269.705629,0
1668,261.502577,0
1669,260.722015,0
1670,260.720938,0
1671,269.533732,0
1672,260.474720,0
1673,261.469490,0
1674,260.573690,0
1675,262.847387,0
1676,260.720961,0
1677,260.921126,0
1678,260.721073,0
1679,260.721073,0
1680,260.721395,0
1681,260.481835,0
1682,260.922641,0
1683,261.820708,0
1684,261.376968,0
1685,261.376968,0
1686,261.378865,0
1687,261.416504,0
1688,261.567044,0
1689,261.379136,0
1690,390.961646,0
1691,261.170016,0
1692,264.160505,0
1693,264.397472,0
1694,264.276861,0
1695,264.161515,0
1696,265.613277,0
1697,262.559235,0
1698,265.647310,0
1699,262.557491,0
1700,263.501295,0
1701,262.559944,0
1702,266.029205,0
1703,263.426492,0
1704,262.751834,0
1705,264.788880,0
1706,263.369316,0
1707,262.316305,0
1708,262.316305,0
1709,260.539661,0
1710,262.843564,0
1711,262.559539,0
1712,263.901241,0
1713,261.154628,0
1714,281.990649,0
1715,281.990649,0
1716,263.504888,0
1717,260.615270,0
1718,260.911219,0
1719,260.911219,0
1720,261.416271,0
1721,261.416271,0
1722,263.692343,0
1723,260.913290,0
1724,260.912572,0
1725,264.794468,0
1726,264.082165,0
1727,262.684855,0
1728,262.684815,0
1729,282.316265,0
1730,260.912718,0
1731,261.934811,0
1732,261.933081,0
1733,262.319450,0
1734,261.935778,0
1735,261.858327,0
1736,262.315271,0
1737,262.209216,0
1738,260.737900,0
1739,260.737716,0
1740,262.036671,0
1741,262.036671,0
1742,319.255059,0
1743,263.285244,0
1744,262.037493,0
1745,261.933418,0
1746,260.611222,0
1747,261.933224,0
1748,275.754510,0
1749,276.181454,0
1750,280.833039,0
1751,275.740932,0
1752,274.092840,0
1753,274.091758,0
1754,274.091758,0
1755,274.091758,0
1756,274.710045,0
1757,274.129201,0
1758,281.169024,0
1759,274.311198,0
1760,274.084410,0
1761,274.084716,0
1762,274.576016,0
1763,274.084214,0
1764,335.075846,0
1765,309.722463,0
1766,309.597388,0
1767,329.174924,0
1768,329.174924,0
1769,309.616775,0
1770,309.616547,0
1771,309.616280,0
1772,1402.838226,1
1773,944.459299,0
1774,474.420553,0
1775,474.420553,0
1776,1053.435616,0
1777,718.506011,0
1778,717.793716,0
1779,726.132277,0
1780,1086.984435,1
1781,717.498011,0
1782,726.559003,0
1783,717.803030,0
1784,725.992993,0
1785,726.558801,0
1786,717.907161,0
1787,716.956830,0
1788,725.993644,0
1789,725.992130,0
1790,726.061034,0
1791,717.495013,0
1792,720.147009,0
1793,719.523915,0
1794,717.783201,0
1795,717.499331,0
1796,847.572934,0
1797,719.419968,0
1798,726.849818,0
1799,847.538571,0
1800,726.560261,0
1801,726.557636,0
1802,725.992638,0
1803,726.320293,0
1804,725.865587,0
1805,717.281326,0
1806,726.559484,0
1807,719.187956,0
1808,717.785496,0
1809,717.079051,0
1810,717.890715,0
1811,722.884288,0
1812,725.720777,0
1813,725.928427,0
1814,725.790353,0
1815,722.558892,0
1816,770.489129,0
1817,59277.317235,1
1818,29285.550549,1
1819,9772.173059,1
1820,10216.278107,1
1821,10215.615092,1
1822,286.370806,0
1823,286.306363,0
1824,286.305774,0
1825,286.346539,0
1826,286.345792,0
1827,286.352018,0
1828,294.444366,0
1829,286.313022,0
1830,286.065723,0
1831,294.442393,0
1832,285.530834,0
1833,286.478475,0
1834,286.066176,0
1835,294.846237,0
1836,285.530491,0
1837,294.412767,0
1838,285.531559,0
1839,285.531559,0
1840,285.531778,0
1841,294.442337,0
1842,294.435429,0
1843,286.785202,0
1844,286.480063,0
1845,285.426748,0
1846,286.370224,0
1847,286.478641,0
1848,286.478641,0
1849,286.304961,0
1850,286.304961,0
1851,286.305288,0
1852,286.939250,0
1853,286.312638,0
1854,286.370556,0
1855,295.373362,0
1856,286.478500,0
1857,295.365334,0
1858,286.304579,0
1859,286.304844,0
1860,286.304844,0
1861,286.371090,0
1862,286.637684,0
1863,294.409888,0
1864,286.314151,0
1865,286.315008,0
1866,286.480034,0
1867,286.370908,0
1868,286.306418,0
1869,294.528973,0
1870,286.306461,0
1871,286.305189,0
1872,294.528463,0
1873,286.369982,0
1874,286.370692,0
1875,286.066274,0
1876,286.313718,0
1877,286.373137,0
1878,295.366728,0
1879,286.372240,0
1880,286.313671,0
1881,286.370804,0
1882,286.480903,0
1883,295.365812,0
1884,286.305943,0
1885,295.366866,0
1886,287.066375,0
1887,285.837865,0
1888,294.845088,0
1889,292.323522,0
1890,310.624744,0
1891,290.731668,0
1892,289.724328,0
1893,292.853811,0
1894,292.562860,0
1895,292.064446,0
1896,291.873892,0
1897,291.873892,0
1898,291.918878,0
1899,290.402248,0
1900,292.225955,0
1901,310.627561,0
1902,290.731313,0
1903,290.939318,0
1904,290.938613,0
1905,290.941189,0
1906,291.872334,0
1907,290.939551,0
1908,292.135152,0
1909,290.731044,0
1910,290.732052,0
1911,294.059635,0
1912,290.730663,0
1913,292.707906,0
1914,292.062760,0
1915,292.062886,0
1916,290.436181,0
1917,291.911075,0
1918,294.063211,0
1919,302.862001,0
1920,303.794721,0
1921,307.178595,0
1922,303.430093,0
1923,303.403144,0
1924,338.102914,0
1925,337.979897,0
1926,779.027107,0
1927,786.993529,0
1928,777.895209,0
1929,800.970783,0
1930,800.972154,0
1931,776.604570,0
1932,786.805918,0
1933,779.011559,0
1934,778.002717,0
1935,778.003946,0
1936,781.119962,0
1937,778.003121,0
1938,782.454142,0
1939,778.004439,0
1940,781.237489,0
1941,778.443768,0
1942,781.555914,0
1943,777.763971,0
1944,793.967967,0
1945,787.746363,0
1946,787.749406,0
1947,787.464756,0
1948,839.066031,0
1949,839.456857,0
1950,917.493461,0
1951,821.525015,0
1952,821.797249,0
1953,821.801355,0
1954,1104.290817,1
1955,1523.077627,1
1956,2087.699578,1
1957,2087.608749,1
1958,4605.592979,1
1959,1442.033784,1
1960,1459.727596,1
1961,2409.627101,1
1962,1459.785141,1
1963,1566.522897,1
1964,31380.922235,1
1965,344.516394,0
1966,343.635904,0
1967,344.337240,0
1968,344.873094,0
1969,345.591261,0
1970,344.334858,0
1971,344.334009,0
1972,344.184700,0
1973,345.145789,0
1974,345.145632,0
1975,344.339832,0
1976,348.968709,0
1977,344.758480,0
1978,344.612417,0
1979,344.609845,0
1980,344.610441,0
1981,365.151687,0
1982,344.610942,0
1983,347.120777,0
1984,343.799427,0
1985,348.079067,0
1986,346.743593,0
1987,348.082302,0
1988,344.045417,0
1989,343.605539,0
1990,348.085706,0
1991,343.605833,0
1992,344.339330,0
1993,344.339330,0
1994,349.667804,0
1995,344.043335,0
1996,343.461026,0
1997,348.323853,0
1998,344.609833,0
1999,400.623756,0
2000,344.611889,0
2001,344.611489,0
2002,344.611007,0
2003,344.758495,0
2004,344.758581,0
2005,344.044716,0
2006,353.694248,0
2007,360.960606,0
2008,360.599532,0
2009,354.117463,0
2010,354.117463,0
2011,360.450143,0
2012,360.442980,0
2013,354.042015,0
2014,360.936923,0
2015,360.941155,0
2016,360.937677,0
2017,360.946774,0
2018,360.946774,0
2019,354.045320,0
2020,360.767656,0
2021,360.950773,0
2022,354.022788,0
2023,353.653021,0
2024,353.752335,0
2025,353.752550,0
2026,360.778615,0
2027,360.778615,0
2028,353.670607,0
2029,359.496991,0
2030,359.486940,0
2031,404.940907,0
2032,406.066384,0
2033,411.666094,0
2034,411.779788,0
2035,395.928283,0
2036,395.928975,0
2037,483.715525,0
2038,652.922045,0
2039,652.960519,0
2040,653.003051,0
2041,652.984524,0
2042,1755.553862,1
2043,7759.223542,1
2044,554.385974,0
2045,712.347582,0
2046,559.835250,0
2047,1654.086462,1
2048,1258.923761,1
2049,1132.911805,1
2050,795.019106,0
2051,5433.868203,1
2052,1832.275334,1
2053,1945.944467,1
2054,1946.422435,1
2055,1946.859804,1
2056,1947.544057,1
2057,1832.674701,1
2058,1841.161263,1
2059,1946.828566,1
2060,1947.142428,1
2061,1946.746429,1
2062,1833.154677,1
2063,1833.154677,1
2064,1946.872158,1
2065,5494.266058,1
2066,1902.603573,1
2067,2503.510057,1
2068,639.865097,0
2069,746.219736,0
2070,624.756746,0
2071,616.838591,0
2072,617.311855,0
2073,617.312118,0
2074,617.311329,0
2075,617.310364,0
2076,617.310267,0
2077,617.310267,0
2078,617.310267,0
2079,618.463281,0
2080,618.467016,0
2081,619.004936,0
2082,618.462002,0
2083,618.463606,0
2084,618.460471,0
2085,639.486407,0
2086,639.485947,0
2087,639.485882,0
2088,620.914682,0
2089,619.534419,0
2090,619.536983,0
2091,619.535595,0
2092,619.541865,0
2093,638.550843,0
2094,617.909982,0
2095,626.862021,0
2096,626.862201,0
2097,626.850965,0
2098,626.511801,0
2099,677.087133,0
2100,676.783071,0
2101,681.053172,0
2102,677.132247,0
2103,755.325110,0
2104,755.409780,0
2105,677.787946,0
2106,676.954574,0
2107,676.827975,0
2108,677.988199,0
2109,676.822732,0
2110,676.848263,0
2111,1381.041668,1
2112,1381.748217,1
2113,943.480999,0
2114,1362.518875,1
2115,11417.010120,1
2116,489.088723,0
2117,489.090584,0
2118,489.090584,0
2119,489.090812,0
2120,485.979446,0
2121,486.343365,0
2122,488.942363,0
2123,545.038862,0
2124,488.034538,0
2125,488.024176,0
2126,487.859160,0
2127,507.880069,0
2128,488.030884,0
2129,488.030884,0
2130,507.979176,0
2131,491.729496,0
2132,489.820164,0
2133,486.772634,0
2134,488.205874,0
2135,488.030565,0
2136,488.030565,0
2137,488.030565,0
2138,489.938945,0
2139,488.020541,0
2140,488.020541,0
2141,488.027655,0
2142,492.524198,0
2143,488.425898,0
2144,496.672443,0
2145,496.672230,0
2146,496.676910,0
2147,502.101102,0
2148,502.094808,0
2149,496.967707,0
2150,503.857165,0
2151,504.027785,0
2152,496.573113,0
2153,496.804807,0
2154,503.855945,0
2155,496.598257,0
2156,546.489539,0
2157,546.970123,0
2158,547.285647,0
2159,546.572579,0
2160,546.963445,0
2161,626.859440,0
2162,547.024934,0
2163,546.323254,0
2164,553.931468,0
2165,853.941796,0
2166,852.545838,0
2167,853.753925,0
2168,855.876624,0
2169,1248.052075,1
2170,846.169695,0
2171,850.672750,0
2172,2119.213711,1
2173,2119.213711,1
2174,1169.332045,1
2175,1866.526812,1
2176,7600.335160,1
2177,703.392159,0
2178,705.293276,0
2179,705.159195,0
2180,706.218750,0
2181,709.329762,0
2182,705.084655,0
2183,705.084655,0
2184,705.159011,0
2185,710.149993,0
2186,710.010836,0
2187,705.685669,0
2188,705.459843,0
2189,713.481537,0
2190,713.839705,0
2191,713.487346,0
2192,719.800709,0
2193,719.800709,0
2194,713.494345,0
2195,713.500241,0
2196,720.465853,0
2197,713.439961,0
2198,720.980722,0
2199,720.465853,0
2200,720.466107,0
2201,713.488223,0
2202,846.941113,0
2203,771.256988,0
2204,914.328653,0
2205,920.889285,0
2206,10725.953588,1
2207,3058.790488,1
2208,3058.767278,1
2209,2017.358434,1
2210,2015.020866,1
2211,10632.586749,1
2212,1388.698592,1
2213,1332.230288,1
2214,1642.789476,1
2215,1152.053156,1
2216,1492.677949,1
2217,5794.730610,1
2218,5793.152046,1
2219,583.317633,0
2220,558.294501,0
2221,559.556540,0
2222,559.556501,0
2223,558.292586,0
2224,558.869741,0
2225,558.866715,0
2226,560.875635,0
2227,560.877942,0
2228,582.120136,0
2229,559.549954,0
2230,559.551234,0
2231,582.267973,0
2232,563.834879,0
2233,563.697169,0
2234,562.333819,0
2235,561.804162,0
2236,561.802559,0
2237,566.170874,0
2238,565.744283,0
2239,561.802968,0
2240,565.750147,0
2241,565.750037,0
2242,563.694990,0
2243,562.333352,0
2244,563.695336,0
2245,566.462224,0
2246,576.183869,0
2247,568.735352,0
2248,568.735352,0
2249,569.192771,0
2250,569.111068,0
2251,569.115799,0
2252,569.155613,0
2253,568.841150,0
2254,602.514356,0
2255,619.019549,0
2256,618.911251,0
2257,619.466395,0
2258,697.754965,0
2259,620.684190,0
2260,618.956219,0
2261,618.918789,0
2262,619.153294,0
2263,697.745648,0
2264,857.593652,0
2265,626.127344,0
2266,925.022084,0
2267,931.334728,0
2268,769.858521,0
2269,769.853333,0
2270,7477.725025,1
2271,8913.711226,1
2272,463.506768,0
2273,474.153684,0
2274,464.148859,0
2275,464.596600,0
2276,463.799419,0
2277,464.333387,0
2278,464.333921,0
2279,466.060676,0
2280,463.510262,0
2281,474.161844,0
2282,464.154448,0
2283,464.118120,0
2284,464.590057,0
2285,463.070032,0
2286,463.506318,0
2287,462.820513,0
2288,463.852083,0
2289,463.956977,0
2290,462.916575,0
2291,462.913691,0
2292,472.091732,0
2293,465.673826,0
2294,470.309986,0
2295,470.309986,0
2296,467.144484,0
2297,466.018380,0
2298,466.018380,0
2299,521.910438,0
2300,467.151023,0
2301,467.151023,0
2302,485.825872,0
2303,465.685513,0
2304,466.490892,0
2305,468.239109,0
2306,465.697042,0
2307,466.013453,0
2308,466.493768,0
2309,465.856551,0
2310,467.170690,0
2311,465.682426,0
2312,464.746269,0
2313,466.148809,0
2314,469.751679,0
2315,476.759799,0
2316,476.734900,0
2317,477.898167,0
2318,483.364909,0
2319,483.364909,0
2320,483.364909,0
2321,476.967886,0
2322,476.703250,0
2323,476.703250,0
2324,610.560662,0
2325,511.507483,0
2326,615.935769,0
2327,535.155180,0
2328,823.661788,0
2329,824.909517,0
2330,835.213311,0
2331,1780.801198,1
2332,676.659094,0
2333,2956.495429,1
2334,15272.573125,1
2335,7587.041833,1
2336,339.416490,0
2337,339.254674,0
2338,316.967226,0
2339,316.967226,0
2340,445.008352,0
2341,317.145027,0
2342,316.968946,0
2343,316.514810,0
2344,337.473712,0
2345,318.834405,0
2346,316.515366,0
2347,318.740880,0
2348,337.341265,0
2349,321.682144,0
2350,337.467802,0
2351,316.345986,0
2352,317.885867,0
2353,316.346527,0
2354,316.346527,0
2355,316.513249,0
2356,316.516564,0
2357,316.126081,0
2358,317.138702,0
2359,316.377959,0
2360,316.510805,0
2361,316.523877,0
2362,316.378699,0
2363,316.520177,0
2364,316.520177,0
2365,372.389618,0
2366,372.389618,0
2367,319.856330,0
2368,316.515948,0
2369,316.519762,0
2370,316.521864,0
2371,337.339754,0
2372,323.694857,0
2373,323.687974,0
2374,323.687974,0
2375,331.103484,0
2376,331.103484,0
2377,323.465910,0
2378,323.772489,0
2379,323.448908,0
2380,331.100510,0
2381,323.461194,0
2382,323.461194,0
2383,323.390280,0
2384,323.393232,0
2385,323.393217,0
2386,323.393217,0
2387,323.389672,0
2388,323.571204,0
2389,323.452067,0
2390,323.580016,0
2391,331.464470,0
2392,328.832960,0
2393,323.770497,0
2394,323.775121,0
2395,323.764421,0
2396,323.685443,0
2397,330.754097,0
2398,323.688654,0
2399,451.357108,0
2400,372.919460,0
2401,451.432589,0
2402,373.354193,0
2403,373.354193,0
2404,373.273472,0
2405,372.967453,0
2406,451.847147,0
2407,452.185226,0
2408,373.040303,0
2409,451.441710,0
2410,380.319598,0
2411,380.207904,0
2412,380.207904,0
2413,373.411589,0
2414,452.810790,0
2415,452.149311,0
2416,373.021896,0
2417,380.176693,0
2418,377.739964,0
2419,1302.751768,1
2420,685.142813,0
2421,1054.948341,0
2422,1065.933192,1
2423,1048.572496,0
2424,939.981173,0
2425,531.417195,0
2426,980.471943,0
2427,981.079010,0
2428,978.775107,0
2429,7226.286730,1
2430,1693.591291,1
2431,174.920912,0
2432,175.695442,0
2433,175.603648,0
2434,175.960494,0
2435,175.270326,0
2436,175.271437,0
2437,175.157147,0
2438,175.215613,0
2439,174.686339,0
2440,174.917886,0
2441,174.918173,0
2442,175.321975,0
2443,175.321528,0
2444,175.151070,0
2445,174.474374,0
2446,174.917689,0
2447,175.564063,0
2448,175.563105,0
2449,174.917800,0
2450,174.917706,0
2451,304.462647,0
2452,174.329648,0
2453,175.149945,0
2454,174.679171,0
2455,174.671083,0
2456,174.670301,0
2457,174.672000,0
2458,174.918822,0
2459,175.158061,0
2460,174.919500,0
2461,174.916714,0
2462,175.211953,0
2463,174.673878,0
2464,175.273936,0
2465,174.231329,0
2466,175.180331,0
2467,175.180331,0
2468,175.602188,0
2469,175.572332,0
2470,175.179863,0
2471,175.180245,0
2472,174.672847,0
2473,174.230665,0
2474,175.410253,0
2475,175.211082,0
2476,174.183911,0
2477,175.412430,0
2478,174.123420,0
2479,174.122834,0
2480,174.792610,0
2481,177.281746,0
2482,176.922456,0
2483,176.594387,0
2484,174.122767,0
2485,174.296593,0
2486,174.122822,0
2487,175.522426,0
2488,175.415642,0
2489,174.794619,0
2490,176.659318,0
2491,174.792925,0
2492,174.792925,0
2493,175.573350,0
2494,175.571729,0
2495,175.570907,0
2496,175.571290,0
2497,175.571980,0
2498,175.414175,0
2499,175.413770,0
2500,175.412358,0
2501,174.123057,0
2502,174.142864,0
2503,175.523646,0
2504,174.295600,0
2505,175.589169,0
2506,177.075939,0
2507,195.282474,0
2508,195.282474,0
2509,175.257867,0
2510,175.522986,0
2511,176.753883,0
2512,176.758460,0
2513,175.592444,0
2514,175.258838,0
2515,176.896609,0
2516,195.537774,0
2517,175.523044,0
2518,175.523044,0
2519,175.589285,0
2520,175.382100,0
2521,176.798755,0
2522,175.317686,0
2523,175.427837,0
2524,174.122668,0
2525,176.763128,0
2526,176.798529,0
2527,179.319848,0
2528,179.318113,0
2529,175.318511,0
2530,176.919122,0
2531,176.919109,0
2532,176.758046,0
2533,175.436982,0
2534,176.919208,0
2535,175.714880,0
2536,195.538906,0
2537,195.538906,0
2538,177.076895,0
2539,174.296151,0
2540,174.123106,0
2541,176.753607,0
2542,176.753607,0
2543,176.753607,0
2544,175.248415,0
2545,176.920517,0
2546,176.753883,0
2547,175.249016,0
2548,174.299807,0
2549,175.116013,0
2550,175.798750,0
2551,175.716069,0
2552,176.250473,0
2553,175.714483,0
2554,175.714035,0
2555,176.920212,0
2556,175.714058,0
2557,176.814890,0
2558,175.380743,0
2559,175.715790,0
2560,175.318543,0
2561,175.318543,0
2562,177.076379,0
2563,175.248717,0
2564,176.753953,0
2565,175.522505,0
2566,174.123084,0
2567,187.641351,0
2568,187.641351,0
2569,187.708923,0
2570,187.637471,0
2571,187.654922,0
2572,188.154365,0
2573,188.156622,0
2574,188.165521,0
2575,188.240066,0
2576,189.783657,0
2577,188.143914,0
2578,187.820242,0
2579,192.183221,0
2580,194.280101,0
2581,194.279125,0
2582,188.623242,0
2583,188.331183,0
2584,189.346576,0
2585,188.329025,0
2586,188.328033,0
2587,187.644802,0
2588,187.635736,0
2589,187.757205,0
2590,188.955056,0
2591,187.822793,0
2592,187.710124,0
2593,187.764907,0
2594,223.248106,0
2595,319.943088,0
2596,247.024143,0
2597,223.329572,0
2598,223.329036,0
2599,673.204608,0
2600,505.394186,0
2601,561.349858,0
2602,857.776466,0
2603,624.584722,0
2604,1558.853818,1
2605,160.414142,0
2606,288.590851,0
2607,182.838460,0
2608,182.838460,0
2609,160.239114,0
2610,160.536196,0
2611,158.940472,0
2612,287.260197,0
2613,158.941039,0
2614,157.660319,0
2615,160.176327,0
2616,160.176562,0
2617,160.728367,0
2618,159.077101,0
2619,160.176372,0
2620,159.771992,0
2621,159.772009,0
2622,159.771997,0
2623,166.805910,0
2624,160.176453,0
2625,160.631781,0
2626,158.897939,0
2627,158.899030,0
2628,160.352394,0
2629,160.352312,0
2630,158.898708,0
2631,158.905316,0
2632,158.898608,0
2633,168.259963,0
2634,160.208522,0
2635,216.316794,0
2636,160.615684,0
2637,164.280798,0
2638,160.470909,0
2639,160.470956,0
2640,163.599753,0
2641,165.290969,0
2642,162.867198,0
2643,160.472156,0
2644,159.927936,0
2645,165.434263,0
2646,216.478114,0
2647,216.476717,0
2648,216.476717,0
2649,161.506958,0
2650,216.317308,0
2651,162.268969,0
2652,162.267640,0
2653,162.268406,0
2654,162.268884,0
2655,163.753521,0
2656,162.868759,0
2657,162.865406,0
2658,162.865406,0
2659,162.494520,0
2660,162.491829,0
2661,159.927400,0
2662,162.493988,0
2663,164.358779,0
2664,165.192939,0
2665,162.843597,0
2666,164.184161,0
2667,162.494286,0
2668,162.493263,0
2669,160.471423,0
2670,159.946944,0
2671,160.472242,0
2672,160.470344,0
2673,160.471381,0
2674,217.332751,0
2675,217.333048,0
2676,159.294514,0
2677,160.471870,0
2678,160.470907,0
2679,160.472094,0
2680,159.515490,0
2681,162.381046,0
2682,173.729597,0
2683,167.457184,0
2684,167.719801,0
2685,175.073414,0
2686,167.455905,0
2687,173.258672,0
2688,167.645880,0
2689,167.368436,0
2690,174.720143,0
2691,167.479970,0
2692,167.379584,0
2693,174.548422,0
2694,174.548422,0
2695,174.732664,0
2696,174.907162,0
2697,167.485501,0
2698,167.802133,0
2699,167.474747,0
2700,167.471853,0
2701,167.452199,0
2702,167.452199,0
2703,174.890115,0
2704,174.720821,0
2705,174.720821,0
2706,167.595117,0
2707,174.912017,0
2708,167.725482,0
2709,167.719841,0
2710,173.106054,0
2711,173.123021,0
2712,174.729442,0
2713,167.731043,0
2714,167.722913,0
2715,167.466739,0
2716,174.553644,0
2717,174.552821,0
2718,167.797225,0
2719,167.357451,0
2720,174.905395,0
2721,174.907936,0
2722,173.572382,0
2723,174.721747,0
2724,174.716047,0
2725,174.895155,0
2726,167.722243,0
2727,167.723009,0
2728,174.912033,0
2729,167.462832,0
2730,167.462832,0
2731,167.472647,0
2732,167.367937,0
2733,173.728558,0
2734,167.450756,0
2735,174.564044,0
2736,175.077182,0
2737,167.707350,0
2738,218.092163,0
2739,296.601448,0
2740,296.804498,0
2741,456.775263,0
2742,456.810642,0
2743,219.027729,0
2744,200.846601,0
2745,217.923580,0
2746,200.844188,0
2747,200.896114,0
2748,200.876183,0
2749,296.520173,0
2750,217.887452,0
2751,217.957654,0
2752,217.957505,0
2753,217.890303,0
2754,200.844078,0
2755,200.837703,0
2756,200.834105,0
2757,303.678779,0
2758,297.458137,0
2759,219.510602,0
2760,224.623881,0
2761,218.048288,0
2762,456.318662,0
2763,201.162665,0
2764,201.162665,0
2765,201.162665,0
2766,201.162266,0
2767,217.975678,0
2768,218.942927,0
2769,296.519375,0
2770,224.826370,0
2771,917.904099,0
2772,526.167748,0
2773,731.865866,0
2774,484.062657,0
2775,484.079120,0
2776,732.062884,0
2777,484.317991,0
2778,1729.631141,1
2779,375.750216,0
2780,368.725574,0
2781,368.725574,0
2782,368.731605,0
2783,14838.890413,1
2784,2520.069561,1
2785,1072.857068,1
2786,2252.679118,1
2787,828.810268,0
2788,822.575579,0
2789,822.473197,0
2790,840.517945,0
2791,842.215534,0
2792,947.109690,0
2793,606.006316,0
2794,950.221484,0
2795,7048.487330,1
2796,9299.627165,1
2797,44045.201518,1
2798,329.905032,0
2799,329.901227,0
2800,329.903370,0
2801,329.205325,0
2802,329.205325,0
2803,329.205325,0
2804,329.204296,0
2805,329.205237,0
2806,352.264726,0
2807,352.264353,0
2808,352.264353,0
2809,330.078709,0
2810,330.081456,0
2811,329.902614,0
2812,352.262671,0
2813,352.365661,0
2814,331.863293,0
2815,387.618466,0
2816,351.898402,0
2817,332.693098,0
2818,332.693098,0
2819,332.693098,0
2820,333.033425,0
2821,332.805368,0
2822,332.805368,0
2823,332.805368,0
2824,333.337088,0
2825,333.767459,0
2826,333.897116,0
2827,330.964975,0
2828,333.214252,0
2829,351.240378,0
2830,330.843640,0
2831,333.214846,0
2832,338.612216,0
2833,338.612216,0
2834,344.533816,0
2835,344.533816,0
2836,342.580125,0
2837,342.580125,0
2838,337.356097,0
2839,344.357336,0
2840,337.028795,0
2841,337.284405,0
2842,337.293608,0
2843,466.054656,0
2844,466.385491,0
2845,466.341263,0
2846,466.340981,0
2847,626.058196,0
2848,387.742958,0
2849,625.707565,0
2850,370.275053,0
2851,626.012506,0
2852,466.204951,0
2853,625.591261,0
2854,387.404264,0
2855,465.815494,0
2856,387.400785,0
2857,393.895696,0
2858,465.914672,0
2859,465.883635,0
2860,465.880252,0
2861,653.409224,0
2862,821.308715,0
2863,830.637942,0
2864,900.938972,0
2865,1071.873204,1
2866,951.309961,0
2867,542.673328,0
2868,538.265383,0
2869,696.318819,0
2870,544.671291,0
2871,4574.542412,1
2872,1637.544613,1
2873,2683.317112,1
2874,1243.548709,1
2875,1242.763033,1
2876,1641.259325,1
2877,1640.351586,1
2878,10349.326869,1
2879,1959.893296,1
2880,1010.587049,0
2881,4162.671684,1
2882,1009.929782,0
2883,1116.533512,1
2884,1116.518653,1
2885,780.945614,0
2886,15998.844057,1
2887,1706.824231,1
2888,7444.891394,1
2889,559.629813,0
2890,559.629813,0
2891,558.964864,0
2892,557.926511,0
2893,561.181125,0
2894,561.180250,0
2895,558.967668,0
2896,560.844240,0
2897,563.226080,0
2898,560.592982,0
2899,581.950869,0
2900,617.675063,0
2901,564.522570,0
2902,560.983076,0
2903,581.812891,0
2904,560.850952,0
2905,563.357079,0
2906,560.986300,0
2907,560.981835,0
2908,560.981835,0
2909,562.722461,0
2910,574.128732,0
2911,568.069241,0
2912,567.977057,0
2913,568.103831,0
2914,568.374085,0
2915,568.364328,0
2916,568.367458,0
2917,568.360216,0
2918,568.362940,0
2919,568.096401,0
2920,568.359869,0
2921,568.364921,0
2922,568.364921,0
2923,567.975444,0
2924,568.299484,0
2925,568.104775,0
2926,568.005881,0
2927,617.672586,0
2928,618.644455,0
2929,618.365696,0
2930,620.318134,0
2931,925.334370,0
2932,1322.410011,1
2933,933.139244,0
2934,930.441519,0
2935,921.297663,0
2936,939.211958,0
2937,884.752478,0
2938,1132.438648,1
2939,1132.438648,1
2940,885.848687,0
2941,1241.103189,1
2942,457.120594,0
2943,457.120211,0
2944,457.690015,0
2945,586.888394,0
2946,466.204539,0
2947,458.125606,0
2948,456.874369,0
2949,456.874743,0
2950,457.975185,0
2951,463.043154,0
2952,514.001600,0
2953,458.008191,0
2954,457.936066,0
2955,457.936783,0
2956,457.209796,0
2957,457.209796,0
2958,458.131530,0
2959,456.871833,0
2960,456.869205,0
2961,457.429072,0
2962,457.428409,0
2963,457.976625,0
2964,457.974712,0
2965,458.119187,0
2966,458.120875,0
2967,456.869069,0
2968,456.869069,0
2969,457.009279,0
2970,458.127096,0
2971,458.118405,0
2972,467.263167,0
2973,474.528658,0
2974,467.260330,0
2975,467.014027,0
2976,467.005920,0
2977,467.278069,0
2978,474.530750,0
2979,474.530750,0
2980,467.016316,0
2981,467.126485,0
2982,474.531844,0
2983,466.923915,0
2984,466.927506,0
2985,467.120815,0
2986,467.036670,0
2987,467.277433,0
2988,473.851426,0
2989,467.336867,0
2990,466.930497,0
2991,466.891820,0
2992,597.621626,0
2993,520.480111,0
2994,524.894729,0
2995,501.261837,0
2996,501.321167,0
2997,501.122669,0
2998,838.457199,0
2999,838.385117,0
3000,667.940596,0
3001,674.410331,0
3002,667.961909,0
3003,2089.397237,1
3004,906.480645,0
3005,1249.046764,1
3006,904.866581,0
3007,34446.063218,1
3008,526.919448,0
3009,527.663528,0
3010,527.663528,0
3011,527.663657,0
3012,526.791547,0
3013,526.791547,0
3014,527.609418,0
3015,526.869308,0
3016,527.058054,0
3017,640.588230,0
3018,526.919879,0
3019,526.806637,0
3020,527.756218,0
3021,527.056549,0
3022,527.068410,0
3023,527.767479,0
3024,527.765316,0
3025,527.765316,0
3026,527.766846,0
3027,527.765745,0
3028,527.766785,0
3029,527.662008,0
3030,526.834195,0
3031,551.251005,0
3032,527.610710,0
3033,528.078069,0
3034,526.800083,0
3035,535.870405,0
3036,527.756806,0
3037,527.756806,0
3038,528.857546,0
3039,528.929652,0
3040,551.265187,0
3041,551.265531,0
3042,551.265531,0
3043,531.072732,0
3044,532.582283,0
3045,531.176097,0
3046,532.567435,0
3047,531.038434,0
3048,531.521673,0
3049,532.680613,0
3050,533.420442,0
3051,531.027267,0
3052,529.602384,0
3053,532.540168,0
3054,529.563016,0
3055,532.540040,0
3056,529.564963,0
3057,535.597489,0
3058,535.597489,0
3059,535.597489,0
3060,535.597745,0
3061,532.586653,0
3062,533.008647,0
3063,1157.290155,1
3064,307.977794,0
3065,316.370016,0
3066,307.087518,0
3067,308.825538,0
3068,307.211826,0
3069,307.887755,0
3070,307.369884,0
3071,307.851958,0
3072,307.856267,0
3073,318.529057,0
3074,437.553818,0
3075,307.888690,0
3076,307.979901,0
3077,307.105163,0
3078,307.918607,0
3079,307.918607,0
3080,307.249135,0
3081,307.201974,0
3082,307.999777,0
3083,307.999777,0
3084,307.978640,0
3085,307.977961,0
3086,307.090237,0
3087,307.007017,0
3088,307.977933,0
3089,315.966294,0
3090,307.887110,0
3091,316.041107,0
3092,307.128235,0
3093,307.127171,0
3094,307.907758,0
3095,307.371072,0
3096,316.831677,0
3097,316.561039,0
3098,307.887941,0
3099,307.918420,0
3100,308.962677,0
3101,307.008287,0
3102,307.368614,0
3103,307.009014,0
3104,308.543267,0
3105,310.135169,0
3106,329.621101,0
3107,309.467380,0
3108,309.466425,0
3109,309.466425,0
3110,309.466425,0
3111,309.343703,0
3112,309.345536,0
3113,309.251830,0
3114,309.344423,0
3115,329.620759,0
3116,309.671459,0
3117,309.636183,0
3118,329.507212,0
3119,309.465032,0
3120,310.865581,0
3121,310.992036,0
3122,309.344441,0
3123,309.344336,0
3124,309.342748,0
3125,309.345736,0
3126,309.345749,0
3127,309.344455,0
3128,309.860478,0
3129,307.883512,0
3130,310.766092,0
3131,309.863666,0
3132,309.863666,0
3133,309.251532,0
3134,309.360620,0
3135,310.790126,0
3136,309.251887,0
3137,309.253683,0
3138,310.865760,0
3139,308.547840,0
3140,309.273666,0
3141,309.273029,0
3142,309.465522,0
3143,329.843281,0
3144,329.263880,0
3145,309.344409,0
3146,329.262633,0
3147,310.764708,0
3148,309.342596,0
3149,329.839771,0
3150,309.272117,0
3151,322.922152,0
3152,322.501674,0
3153,322.359664,0
3154,322.902980,0
3155,323.854780,0
3156,322.390935,0
3157,322.524609,0
3158,323.860538,0
3159,384.912364,0
3160,358.681850,0
3161,867.028060,0
3162,867.023820,0
3163,867.027920,0
3164,867.534981,0
3165,867.305762,0
3166,867.401207,0
3167,866.513818,0
3168,866.632013,0
3169,875.347849,0
3170,867.402879,0
3171,866.518160,0
3172,980.465988,0
3173,980.465988,0
3174,869.736593,0
3175,868.061709,0
3176,868.060834,0
3177,867.992267,0
3178,868.178789,0
3179,868.571598,0
3180,868.061457,0
3181,868.061612,0
3182,868.843231,0
3183,867.973049,0
3184,868.217675,0
3185,869.735233,0
3186,869.725352,0
3187,868.061391,0
3188,868.399486,0
3189,868.400152,0
3190,867.972539,0
3191,867.972057,0
3192,918.009527,0
3193,1550.516644,1
3194,1239.013505,1
3195,508.032179,0
3196,508.129313,0
3197,517.300419,0
3198,509.450533,0
3199,623.377335,0
3200,517.047531,0
3201,517.047531,0
3202,508.742604,0
3203,517.082977,0
3204,517.035773,0
3205,508.501493,0
3206,508.994754,0
3207,532.491602,0
3208,508.763854,0
3209,509.390626,0
3210,508.532096,0
3211,508.531976,0
3212,509.033013,0
3213,508.539505,0
3214,511.635529,0
3215,508.209256,0
3216,508.313360,0
3217,508.345116,0
3218,508.536614,0
3219,509.715272,0
3220,512.344507,0
3221,512.340142,0
3222,508.498439,0
3223,508.503944,0
3224,510.089700,0
3225,622.847241,0
3226,623.380290,0
3227,621.754952,0
3228,622.644010,0
3229,508.283006,0
3230,508.863321,0
3231,513.992832,0
3232,514.039008,0
3233,569.972615,0
3234,513.522582,0
3235,512.313065,0
3236,513.941355,0
3237,515.021977,0
3238,513.841339,0
3239,515.389587,0
3240,513.675154,0
3241,526.876365,0
3242,525.883197,0
3243,525.832118,0
3244,581.713302,0
3245,560.880792,0
3246,1828.780556,1
3247,1658.575182,1
3248,1560.613434,1
3249,725.476087,0
3250,725.616713,0
3251,11305.547225,1
3252,30390.137953,1
3253,192.212534,0
3254,201.662711,0
3255,192.312234,0
3256,192.312234,0
3257,193.569435,0
3258,193.108925,0
3259,193.109426,0
3260,192.917189,0
3261,193.230736,0
3262,193.109407,0
3263,322.509426,0
3264,193.217138,0
3265,201.174036,0
3266,202.584651,0
3267,202.587235,0
3268,201.916793,0
3269,201.918970,0
3270,193.230130,0
3271,201.933003,0
3272,201.934025,0
3273,193.110194,0
3274,193.109283,0
3275,201.917399,0
3276,201.659712,0
3277,193.144386,0
3278,193.570821,0
3279,193.232398,0
3280,193.232398,0
3281,193.146795,0
3282,193.147132,0
3283,192.915453,0
3284,193.189064,0
3285,193.189410,0
3286,192.667412,0
3287,193.110153,0
3288,192.664282,0
3289,193.188817,0
3290,201.919530,0
3291,192.915751,0
3292,192.463253,0
3293,192.463253,0
3294,201.662053,0
3295,192.464169,0
3296,192.664020,0
3297,195.044805,0
3298,195.044805,0
3299,192.312043,0
3300,202.225170,0
3301,194.013845,0
3302,194.024998,0
3303,195.612189,0
3304,192.813946,0
3305,192.813934,0
3306,194.063197,0
3307,194.236662,0
3308,196.244660,0
3309,195.772414,0
3310,196.144863,0
3311,195.616169,0
3312,194.196939,0
3313,193.936852,0
3314,194.197157,0
3315,192.813204,0
3316,194.198452,0
3317,195.566667,0
3318,195.505340,0
3319,194.129696,0
3320,192.990877,0
3321,194.913052,0
3322,195.775665,0
3323,194.268130,0
3324,194.292788,0
3325,194.292788,0
3326,194.013584,0
3327,194.015090,0
3328,193.497109,0
3329,197.821113,0
3330,194.388126,0
3331,194.384956,0
3332,192.991030,0
3333,194.200229,0
3334,198.084892,0
3335,214.053486,0
3336,194.911721,0
3337,192.992616,0
3338,198.614007,0
3339,198.616034,0
3340,192.990909,0
3341,192.991013,0
3342,194.059635,0
3343,198.210026,0
3344,194.013586,0
3345,193.936387,0
3346,192.990814,0
3347,194.197703,0
3348,193.973550,0
3349,195.613015,0
3350,193.495708,0
3351,194.292373,0
3352,195.774863,0
3353,192.687786,0
3354,195.772308,0
3355,195.772425,0
3356,194.386512,0
3357,197.096060,0
3358,198.208895,0
3359,192.991201,0
3360,192.991231,0
3361,194.062315,0
3362,194.625791,0
3363,198.609889,0
3364,194.917178,0
3365,192.995054,0
3366,194.014228,0
3367,195.443603,0
3368,193.950302,0
3369,195.443449,0
3370,195.443555,0
3371,198.476206,0
3372,198.612496,0
3373,198.612484,0
3374,206.709553,0
3375,206.709553,0
3376,206.714549,0
3377,208.151145,0
3378,207.328446,0
3379,206.082588,0
3380,209.897861,0
3381,207.365485,0
3382,212.791308,0
3383,207.334355,0
3384,207.758597,0
3385,206.040670,0
3386,210.147804,0
3387,211.865770,0
3388,206.046455,0
3389,206.054961,0
3390,207.840846,0
3391,206.048974,0
3392,206.069566,0
3393,206.713748,0
3394,208.203441,0
3395,206.071380,0
3396,206.069127,0
3397,259.077114,0
3398,241.640098,0
3399,241.643281,0
3400,241.641450,0
3401,265.486271,0
3402,241.586570,0
3403,507.070861,0
3404,1360.419860,1
3405,523.461478,0
3406,943.705596,0
3407,875.752167,0
3408,405.629707,0
3409,406.091062,0
3410,121.997518,0
3411,114.972893,0
3412,112.952416,0
3413,122.398711,0
3414,137.975238,0
3415,137.182555,0
3416,122.633273,0
3417,123.253832,0
3418,122.633552,0
3419,112.978061,0
3420,113.186717,0
3421,115.099353,0
3422,122.398783,0
3423,122.398857,0
3424,122.398857,0
3425,113.590912,0
3426,137.397045,0
3427,113.202578,0
3428,113.202578,0
3429,136.843466,0
3430,113.059274,0
3431,112.978165,0
3432,112.979008,0
3433,122.633939,0
3434,122.402214,0
3435,114.010904,0
3436,113.362401,0
3437,113.183645,0
3438,112.950903,0
3439,114.482301,0
3440,113.047561,0
3441,122.081036,0
3442,122.083177,0
3443,113.059152,0
3444,114.147388,0
3445,114.011589,0
3446,114.011589,0
3447,113.056361,0
3448,113.361790,0
3449,113.184003,0
3450,113.184003,0
3451,113.589405,0
3452,113.184429,0
3453,114.726106,0
3454,114.726106,0
3455,113.591378,0
3456,115.918589,0
3457,115.844636,0
3458,118.967613,0
3459,118.968333,0
3460,119.126951,0
3461,119.127123,0
3462,119.127123,0
3463,119.127123,0
3464,119.127123,0
3465,119.127123,0
3466,119.125639,0
3467,119.127123,0
3468,119.127123,0
3469,119.127123,0
3470,119.127123,0
3471,119.128530,0
3472,119.129308,0
3473,118.974003,0
3474,118.974003,0
3475,118.967673,0
3476,118.972551,0
3477,118.972551,0
3478,113.172679,0
3479,113.172679,0
3480,117.273529,0
3481,117.273529,0
3482,117.276171,0
3483,117.276480,0
3484,117.276480,0
3485,116.098876,0
3486,116.098876,0
3487,114.414554,0
3488,119.226346,0
3489,117.080794,0
3490,113.615043,0
3491,113.182291,0
3492,113.286970,0
3493,113.287065,0
3494,114.373430,0
3495,116.102614,0
3496,116.674714,0
3497,115.857766,0
3498,115.857766,0
3499,115.857766,0
3500,116.098821,0
3501,116.098821,0
3502,115.184595,0
3503,115.851200,0
3504,115.851200,0
3505,114.382801,0
3506,115.876912,0
3507,114.373508,0
3508,116.030476,0
3509,113.441230,0
3510,116.411292,0
3511,116.194239,0
3512,114.382398,0
3513,114.383070,0
3514,114.713226,0
3515,113.173973,0
3516,115.970535,0
3517,115.839209,0
3518,116.099139,0
3519,119.507381,0
3520,114.372622,0
3521,114.648046,0
3522,114.648046,0
3523,117.139981,0
3524,115.850955,0
3525,115.850955,0
3526,117.578387,0
3527,114.443455,0
3528,114.713167,0
3529,114.714041,0
3530,114.714041,0
3531,114.714041,0
3532,114.553526,0
3533,114.553526,0
3534,113.128423,0
3535,114.382698,0
3536,114.923755,0
3537,116.098990,0
3538,116.098990,0
3539,114.382451,0
3540,114.553435,0
3541,113.129354,0
3542,114.205963,0
3543,113.646257,0
3544,115.185803,0
3545,115.182935,0
3546,113.287514,0
3547,113.130155,0
3548,113.129444,0
3549,113.130837,0
3550,115.492239,0
3551,115.492239,0
3552,170.986444,0
3553,170.986444,0
3554,114.649364,0
3555,114.415322,0
3556,113.442174,0
3557,114.648899,0
3558,114.648899,0
3559,114.373311,0
3560,114.373311,0
3561,114.416403,0
3562,114.414589,0
3563,114.415833,0
3564,114.415833,0
3565,114.648778,0
3566,114.415521,0
3567,114.648114,0
3568,114.648114,0
3569,114.373309,0
3570,114.373337,0
3571,114.507329,0
3572,114.507676,0
3573,114.414172,0
3574,114.414191,0
3575,113.440738,0
3576,114.486242,0
3577,114.486813,0
3578,114.551805,0
3579,114.712848,0
3580,125.072098,0
3581,127.752866,0
3582,127.742552,0
3583,127.253039,0
3584,127.742701,0
3585,127.742701,0
3586,127.742791,0
3587,127.752626,0
3588,126.774973,0
3589,126.777357,0
3590,126.772105,0
3591,126.772105,0
3592,126.769959,0
3593,127.231861,0
3594,126.773322,0
3595,126.781565,0
3596,126.778622,0
3597,124.913098,0
3598,124.908256,0
3599,124.948782,0
3600,126.376414,0
3601,127.232310,0
3602,124.915903,0
3603,124.914051,0
3604,126.773645,0
3605,126.773645,0
3606,127.231760,0
3607,126.774435,0
3608,129.435661,0
3609,132.033915,0
3610,132.031591,0
3611,132.031591,0
3612,132.028642,0
3613,132.028642,0
3614,124.978126,0
3615,124.963613,0
3616,126.375626,0
3617,126.005973,0
3618,131.859082,0
3619,125.074874,0
3620,124.947532,0
3621,124.914804,0
3622,124.919170,0
3623,124.999261,0
3624,124.970085,0
3625,124.935742,0
3626,126.364177,0
3627,126.363944,0
3628,126.359494,0
3629,126.362497,0
3630,126.362852,0
3631,126.362852,0
3632,124.959433,0
3633,131.688252,0
3634,126.771006,0
3635,124.915441,0
3636,125.085890,0
3637,124.982187,0
3638,124.916299,0
3639,159.700140,0
3640,256.018966,0
3641,183.448250,0
3642,183.448250,0
3643,258.925195,0
3644,183.396782,0
3645,159.770031,0
3646,159.770031,0
3647,159.770131,0
3648,159.769928,0
3649,159.848877,0
3650,159.820870,0
3651,159.820870,0
3652,159.769928,0
3653,159.768488,0
3654,159.768488,0
3655,159.794100,0
3656,159.820481,0
3657,159.820481,0
3658,159.769980,0
3659,159.769980,0
3660,159.769928,0
3661,159.769928,0
3662,159.769928,0
3663,159.796532,0
3664,183.442126,0
3665,159.727039,0
3666,159.727039,0
3667,255.581084,0
3668,159.727039,0
3669,183.387873,0
3670,183.387873,0
3671,159.798892,0
3672,159.794602,0
3673,159.791063,0
3674,159.819184,0
3675,159.770564,0
3676,183.444038,0
3677,2114.589152,1
3678,475.607504,0
3679,325.382168,0
3680,325.351446,0
3681,1424.966235,1
3682,780.304387,0
3683,1495.083436,1
3684,147.619214,0
3685,138.127144,0
3686,138.126560,0
3687,147.618603,0
3688,147.114612,0
3689,138.631990,0
3690,146.805896,0
3691,138.618354,0
3692,138.616906,0
3693,147.948145,0
3694,137.955112,0
3695,139.064756,0
3696,138.694668,0
3697,138.695684,0
3698,147.111687,0
3699,149.139559,0
3700,146.803753,0
3701,146.803984,0
3702,146.699307,0
3703,138.695206,0
3704,138.809651,0
3705,138.809543,0
3706,138.695250,0
3707,138.694756,0
3708,138.694756,0
3709,138.695035,0
3710,138.695742,0
3711,146.805394,0
3712,138.696735,0
3713,138.694641,0
3714,138.694641,0
3715,147.339426,0
3716,147.618455,0
3717,138.630640,0
3718,147.341810,0
3719,137.769337,0
3720,137.959550,0
3721,147.951501,0
3722,147.110499,0
3723,137.833448,0
3724,138.622754,0
3725,147.618407,0
3726,146.704584,0
3727,138.131435,0
3728,138.616428,0
3729,138.946942,0
3730,138.726601,0
3731,147.339920,0
3732,146.699783,0
3733,508.710298,0
3734,507.507243,0
3735,139.591237,0
3736,138.127212,0
3737,138.127723,0
3738,147.624038,0
3739,138.696318,0
3740,138.694284,0
3741,138.350207,0
3742,146.698450,0
3743,146.698845,0
3744,146.699358,0
3745,147.958413,0
3746,138.631216,0
3747,138.653999,0
3748,138.130005,0
3749,138.617606,0
3750,138.630330,0
3751,138.697105,0
3752,146.726255,0
3753,138.631683,0
3754,138.654188,0
3755,138.654371,0
3756,138.357458,0
3757,147.339397,0
3758,147.344128,0
3759,147.619127,0
3760,138.654274,0
3761,138.654454,0
3762,138.654454,0
3763,161.892746,0
3764,138.350955,0
3765,138.350955,0
3766,138.350946,0
3767,147.344225,0
3768,138.631885,0
3769,147.410431,0
3770,138.696999,0
3771,138.631644,0
3772,138.631749,0
3773,138.695357,0
3774,138.946306,0
3775,139.305466,0
3776,138.631274,0
3777,137.849329,0
3778,138.618501,0
3779,138.618501,0
3780,138.618623,0
3781,138.695089,0
3782,138.630497,0
3783,138.630691,0
3784,138.631846,0
3785,138.632307,0
3786,138.696999,0
3787,138.696999,0
3788,138.695965,0
3789,138.355722,0
3790,147.339390,0
3791,141.651795,0
3792,138.632827,0
3793,147.344540,0
3794,138.811303,0
3795,138.811303,0
3796,146.804434,0
3797,146.711990,0
3798,139.907301,0
3799,140.253033,0
3800,140.055766,0
3801,141.205665,0
3802,143.116097,0
3803,141.271865,0
3804,141.550763,0
3805,141.550763,0
3806,140.071230,0
3807,142.690878,0
3808,141.447714,0
3809,141.447395,0
3810,141.447371,0
3811,141.447711,0
3812,141.554761,0
3813,141.554761,0
3814,143.562782,0
3815,139.907140,0
3816,141.554879,0
3817,141.552969,0
3818,141.312384,0
3819,141.270737,0
3820,141.551543,0
3821,142.034591,0
3822,142.349044,0
3823,141.190400,0
3824,141.312383,0
3825,142.720933,0
3826,142.720933,0
3827,143.116123,0
3828,141.552513,0
3829,141.552815,0
3830,139.905853,0
3831,141.190865,0
3832,142.898897,0
3833,142.157977,0
3834,142.779461,0
3835,142.779602,0
3836,141.226028,0
3837,142.898779,0
3838,141.386889,0
3839,142.778008,0
3840,145.184287,0
3841,142.804030,0
3842,142.804030,0
3843,141.225382,0
3844,141.226028,0
3845,141.226028,0
3846,141.226028,0
3847,141.226028,0
3848,141.232434,0
3849,141.311635,0
3850,141.311635,0
3851,141.311688,0
3852,141.311706,0
3853,141.311686,0
3854,141.311686,0
3855,141.448194,0
3856,140.055578,0
3857,141.271099,0
3858,140.803073,0
3859,145.444918,0
3860,142.936417,0
3861,141.767735,0
3862,141.767735,0
3863,140.054617,0
3864,144.694382,0
3865,141.634283,0
3866,142.898207,0
3867,142.898207,0
3868,141.312056,0
3869,141.449088,0
3870,142.689823,0
3871,141.189769,0
3872,141.191119,0
3873,143.069717,0
3874,146.695490,0
3875,145.079963,0
3876,141.271403,0
3877,142.934121,0
3878,142.802828,0
3879,141.388050,0
3880,141.387885,0
3881,144.693243,0
3882,155.180869,0
3883,159.068516,0
3884,159.370801,0
3885,153.786609,0
3886,157.838271,0
3887,157.838271,0
3888,154.889303,0
3889,153.834900,0
3890,153.748360,0
3891,153.750763,0
3892,157.581808,0
3893,157.581808,0
3894,153.741171,0
3895,159.830071,0
3896,159.838159,0
3897,159.073208,0
3898,189.754028,0
3899,189.764008,0
3900,889.878451,0
3901,887.062205,0
3902,1791.423224,1
3903,352.730714,0
3904,179.474913,0
3905,180.751805,0
3906,178.853107,0
3907,178.853262,0
3908,179.517786,0
3909,202.579035,0
3910,178.853305,0
3911,178.855457,0
3912,179.058973,0
3913,178.538180,0
3914,178.852483,0
3915,179.586139,0
3916,179.315112,0
3917,179.314989,0
3918,179.315035,0
3919,179.316374,0
3920,179.316374,0
3921,179.474103,0
3922,178.700174,0
3923,179.473829,0
3924,187.693224,0
3925,179.506434,0
3926,179.564447,0
3927,202.586412,0
3928,179.587377,0
3929,179.717357,0
3930,179.853514,0
3931,179.473893,0
3932,179.473893,0
3933,187.859123,0
3934,187.550061,0
3935,179.473763,0
3936,179.586408,0
3937,179.586408,0
3938,179.563736,0
3939,179.587684,0
3940,179.587684,0
3941,179.059209,0
3942,178.852061,0
3943,179.060678,0
3944,179.058387,0
3945,179.058757,0
3946,179.505972,0
3947,179.061757,0
3948,178.697943,0
3949,178.592132,0
3950,184.773039,0
3951,179.564729,0
3952,179.324148,0
3953,183.166468,0
3954,180.347654,0
3955,188.329155,0
3956,188.329155,0
3957,179.058659,0
3958,179.058335,0
3959,179.586353,0
3960,178.537863,0
3961,178.697979,0
3962,189.008095,0
3963,180.942682,0
3964,179.587320,0
3965,179.586218,0
3966,179.587702,0
3967,179.059617,0
3968,179.505729,0
3969,179.059229,0
3970,179.720693,0
3971,181.346966,0
3972,181.510747,0
3973,180.428938,0
3974,185.751898,0
3975,185.751898,0
3976,181.568157,0
3977,181.045107,0
3978,184.841555,0
3979,181.568301,0
3980,181.515727,0
3981,182.126036,0
3982,182.672333,0
3983,180.714007,0
3984,182.886234,0
3985,182.704309,0
3986,182.625825,0
3987,182.625825,0
3988,181.224866,0
3989,181.802321,0
3990,181.385142,0
3991,182.983948,0
3992,183.465878,0
3993,179.803148,0
3994,182.625820,0
3995,181.801406,0
3996,185.887025,0
3997,181.802674,0
3998,181.802786,0
3999,201.141514,0
4000,180.014995,0
4001,182.904132,0
4002,181.347679,0
4003,181.514379,0
4004,180.196649,0
4005,182.707897,0
4006,182.012709,0
4007,181.803417,0
4008,181.801570,0
4009,179.802797,0
4010,182.640589,0
4011,182.639943,0
4012,182.704516,0
4013,180.199583,0
4014,182.984204,0
4015,182.617082,0
4016,181.568800,0
4017,181.253013,0
4018,181.569597,0
4019,181.569367,0
4020,179.884198,0
4021,181.252863,0
4022,179.882868,0
4023,183.950516,0
4024,183.470901,0
4025,181.348082,0
4026,181.513732,0
4027,181.802489,0
4028,180.196740,0
4029,180.196579,0
4030,182.818709,0
4031,181.226564,0
4032,182.983828,0
4033,180.197141,0
4034,180.196485,0
4035,180.196113,0
4036,182.984278,0
4037,180.196961,0
4038,180.014791,0
4039,182.819225,0
4040,181.567827,0
4041,193.606043,0
4042,199.705851,0
4043,199.705851,0
4044,193.063229,0
4045,193.144242,0
4046,193.058882,0
4047,193.699279,0
4048,197.743736,0
4049,193.066341,0
4050,193.057101,0
4051,193.057101,0
4052,193.079446,0
4053,193.245211,0
4054,193.057803,0
4055,228.693362,0
4056,246.488020,0
4057,252.391473,0
4058,246.176800,0
4059,228.583302,0
4060,252.249939,0
4061,246.505220,0
4062,228.715417,0
4063,252.376746,0
4064,399.368209,0
4065,396.017604,0
4066,392.533843,0
4067,1100.583803,1
4068,864.448406,0
4069,1814.346857,1
4070,629.736974,0
4071,630.046749,0
4072,633.183866,0
4073,351.943759,0
4074,351.787775,0
4075,351.027397,0
4076,351.447453,0
4077,350.809923,0
4078,351.733158,0
4079,352.987804,0
4080,360.449546,0
4081,351.969447,0
4082,351.969447,0
4083,351.027772,0
4084,352.066266,0
4085,353.179635,0
4086,352.399242,0
4087,350.131170,0
4088,351.381916,0
4089,351.576644,0
4090,407.647507,0
4091,350.134114,0
4092,351.086591,0
4093,355.051415,0
4094,351.095627,0
4095,351.095570,0
4096,349.863175,0
4097,350.602735,0
4098,350.602630,0
4099,351.397731,0
4100,349.861522,0
4101,351.830080,0
4102,352.470294,0
4103,351.202579,0
4104,351.202579,0
4105,351.199585,0
4106,351.199585,0
4107,351.199548,0
4108,353.995928,0
4109,352.644379,0
4110,349.801227,0
4111,349.801206,0
4112,352.121347,0
4113,350.131162,0
4114,351.093193,0
4115,350.602788,0
4116,353.861447,0
4117,350.602611,0
4118,350.603460,0
4119,350.602916,0
4120,351.750205,0
4121,351.378608,0
4122,350.603663,0
4123,351.376017,0
4124,355.714054,0
4125,407.833163,0
4126,408.065736,0
4127,350.131358,0
4128,350.134077,0
4129,351.200849,0
4130,351.377272,0
4131,351.085902,0
4132,351.202743,0
4133,408.064059,0
4134,363.060354,0
4135,363.024876,0
4136,369.876565,0
4137,363.306976,0
4138,370.018806,0
4139,369.868414,0
4140,363.003488,0
4141,363.177341,0
4142,494.786478,0
4143,416.140687,0
4144,398.425786,0
4145,423.260491,0
4146,415.850182,0
4147,415.794536,0
4148,415.989370,0
4149,398.491988,0
4150,398.447541,0
4151,398.447171,0
4152,735.010835,0
4153,978.730439,0
4154,1280.307309,1
4155,1664.586108,1
4156,1664.522052,1
4157,1984.727372,1
4158,100.387512,0
4159,100.038031,0
4160,99.745116,0
4161,99.745116,0
4162,99.502836,0
4163,99.503786,0
4164,99.503786,0
4165,229.184539,0
4166,101.121045,0
4167,229.248092,0
4168,100.379650,0
4169,100.379232,0
4170,100.379706,0
4171,108.753528,0
4172,123.174314,0
4173,124.565224,0
4174,99.507374,0
4175,109.391160,0
4176,99.761952,0
4177,109.390519,0
4178,100.025904,0
4179,99.502311,0
4180,110.334222,0
4181,100.025520,0
4182,100.026319,0
4183,100.026005,0
4184,100.026005,0
4185,100.025939,0
4186,100.021050,0
4187,100.066747,0
4188,100.026227,0
4189,99.169408,0
4190,100.026383,0
4191,100.026577,0
4192,100.026319,0
4193,108.018293,0
4194,108.018293,0
4195,100.066451,0
4196,99.505142,0
4197,100.162829,0
4198,99.746172,0
4199,108.054519,0
4200,99.503606,0
4201,100.066089,0
4202,100.066161,0
4203,123.049148,0
4204,100.380006,0
4205,100.066268,0
4206,100.066235,0
4207,100.017975,0
4208,100.162066,0
4209,100.161338,0
4210,100.066332,0
4211,101.126176,0
4212,100.397942,0
4213,99.500708,0
4214,99.502102,0
4215,108.063103,0
4216,108.063103,0
4217,100.020381,0
4218,100.020854,0
4219,100.020652,0
4220,100.020854,0
4221,100.186154,0
4222,100.082840,0
4223,108.012563,0
4224,99.501809,0
4225,101.231258,0
4226,101.231258,0
4227,99.398248,0
4228,101.366296,0
4229,101.247486,0
4230,102.122397,0
4231,98.744409,0
4232,101.517082,0
4233,104.399829,0
4234,98.913975,0
4235,99.935214,0
4236,102.119142,0
4237,101.868720,0
4238,102.707907,0
4239,156.474145,0
4240,104.540493,0
4241,120.177250,0
4242,99.716799,0
4243,100.390104,0
4244,101.449931,0
4245,101.449710,0
4246,100.007341,0
4247,101.238726,0
4248,102.708403,0
4249,104.534554,0
4250,100.182776,0
4251,101.666462,0
4252,102.699384,0
4253,102.700427,0
4254,121.258344,0
4255,102.118267,0
4256,102.128387,0
4257,100.030201,0
4258,105.697202,0
4259,105.693455,0
4260,105.691016,0
4261,101.871317,0
4262,98.628206,0
4263,98.628194,0
4264,100.156545,0
4265,100.648830,0
4266,102.849416,0
4267,100.353864,0
4268,100.353864,0
4269,101.516810,0
4270,120.911713,0
4271,104.398440,0
4272,104.398440,0
4273,102.850620,0
4274,101.384161,0
4275,101.385478,0
4276,100.182890,0
4277,100.353588,0
4278,120.614778,0
4279,100.645282,0
4280,98.913722,0
4281,100.352634,0
4282,99.866011,0
4283,99.868906,0
4284,120.371586,0
4285,99.869411,0
4286,99.869463,0
4287,101.365463,0
4288,99.869392,0
4289,99.869692,0
4290,99.869642,0
4291,119.936060,0
4292,99.911677,0
4293,101.416816,0
4294,104.263926,0
4295,104.259631,0
4296,100.352594,0
4297,101.379187,0
4298,104.397842,0
4299,120.685587,0
4300,100.009679,0
4301,100.156887,0
4302,100.156887,0
4303,120.616922,0
4304,101.515433,0
4305,100.353721,0
4306,100.352041,0
4307,98.744490,0
4308,99.398176,0
4309,99.129845,0
4310,98.912161,0
4311,98.912161,0
4312,98.912290,0
4313,104.399595,0
4314,120.372284,0
4315,120.372847,0
4316,120.372847,0
4317,100.007866,0
4318,156.241372,0
4319,100.183773,0
4320,99.129395,0
4321,99.129956,0
4322,120.615734,0
4323,99.129997,0
4324,98.744747,0
4325,98.744834,0
4326,100.187076,0
4327,99.866993,0
4328,102.789661,0
4329,99.864899,0
4330,100.644243,0
4331,98.911895,0
4332,99.865047,0
4333,120.910026,0
4334,104.807499,0
4335,98.744513,0
4336,98.744513,0
4337,98.744513,0
4338,120.373993,0
4339,120.373993,0
4340,98.911817,0
4341,98.911817,0
4342,99.397460,0
4343,99.398887,0
4344,120.369732,0
4345,100.644473,0
4346,98.745871,0
4347,100.028541,0
4348,102.848514,0
4349,120.913125,0
4350,102.118606,0
4351,99.397634,0
4352,120.619439,0
4353,100.008353,0
4354,101.671245,0
4355,101.671245,0
4356,100.155560,0
4357,98.911899,0
4358,98.911899,0
4359,102.420988,0
4360,100.391337,0
4361,100.183930,0
4362,100.155695,0
4363,100.182608,0
4364,100.182608,0
4365,100.154740,0
4366,100.352669,0
4367,100.007716,0
4368,100.187873,0
4369,99.865718,0
4370,100.352763,0
4371,99.869482,0
4372,99.924557,0
4373,100.164127,0
4374,100.008093,0
4375,100.009426,0
4376,100.008136,0
4377,100.029162,0
4378,99.928200,0
4379,99.870220,0
4380,119.898391,0
4381,100.398263,0
4382,100.398263,0
4383,103.625796,0
4384,103.626698,0
4385,101.367301,0
4386,101.515657,0
4387,99.129784,0
4388,98.744798,0
4389,99.398455,0
4390,99.398455,0
4391,118.564453,0
4392,112.560066,0
4393,112.068110,0
4394,112.056862,0
4395,112.050167,0
4396,112.022022,0
4397,112.570385,0
4398,119.062486,0
4399,116.235649,0
4400,116.886840,0
4401,119.059656,0
4402,119.059656,0
4403,118.095264,0
4404,111.990388,0
4405,112.033049,0
4406,112.135079,0
4407,111.991527,0
4408,111.976049,0
4409,112.163451,0
4410,112.081238,0
4411,118.888952,0
4412,112.490223,0
4413,116.227101,0
4414,112.057874,0
4415,118.105580,0
4416,112.142397,0
4417,112.142397,0
4418,118.401333,0
4419,111.986710,0
4420,118.405544,0
4421,112.010096,0
4422,112.162841,0
4423,112.001175,0
4424,112.496189,0
4425,111.999902,0
4426,116.225394,0
4427,118.573644,0
4428,113.369004,0
4429,112.999252,0
4430,118.728008,0
4431,112.272626,0
4432,112.272626,0
4433,112.470069,0
4434,116.094618,0
4435,116.107494,0
4436,113.351325,0
4437,112.993322,0
4438,167.681560,0
4439,147.411268,0
4440,147.553987,0
4441,171.204650,0
4442,147.557667,0
4443,164.984130,0
4444,179.657913,0
4445,164.975250,0
4446,171.198903,0
4447,171.257544,0
4448,147.516777,0
4449,147.577478,0
4450,147.544812,0
4451,147.542140,0
4452,165.035166,0
4453,147.621158,0
4454,147.639319,0
4455,165.065913,0
4456,167.064747,0
4457,171.263639,0
4458,894.793642,0
4459,485.758065,0
4460,471.267436,0
4461,597.536913,0
4462,484.086225,0
4463,677.442137,0
4464,677.404897,0
4465,484.101741,0
4466,429.598637,0
4467,597.573942,0
4468,319.011334,0
4469,319.011334,0
4470,318.680974,0
4471,315.863237,0
4472,783.612784,0
4473,736.964203,0
4474,737.554794,0
4475,737.549247,0
4476,737.305980,0
4477,737.552099,0
4478,736.870675,0
4479,738.941899,0
4480,737.846023,0
4481,746.373614,0
4482,738.664152,0
4483,738.661484,0
4484,738.196911,0
4485,738.193667,0
4486,738.942503,0
4487,737.551910,0
4488,737.551596,0
4489,737.550867,0
4490,738.191828,0
4491,740.120919,0
4492,742.578000,0
4493,742.268919,0
4494,741.300853,0
4495,740.940301,0
4496,740.392874,0
4497,743.629732,0
4498,741.009315,0
4499,743.630353,0
4500,741.161565,0
4501,740.392744,0
4502,741.628657,0
4503,752.554847,0
4504,750.839231,0
4505,756.560071,0
4506,751.019189,0
4507,809.334043,0
4508,809.244502,0
4509,802.790228,0
4510,1106.202579,1
4511,4039.305309,1
4512,5829.952474,1
4513,283.864889,0
4514,412.668400,0
4515,412.712847,0
4516,412.922672,0
4517,284.653943,0
4518,283.906435,0
4519,412.703044,0
4520,283.263973,0
4521,307.049953,0
4522,283.608743,0
4523,283.556293,0
4524,283.608350,0
4525,283.608839,0
4526,283.554985,0
4527,283.557038,0
4528,282.524736,0
4529,282.524736,0
4530,282.524736,0
4531,282.524740,0
4532,338.866864,0
4533,282.974386,0
4534,284.029731,0
4535,284.029979,0
4536,282.777717,0
4537,283.817939,0
4538,339.250871,0
4539,285.452011,0
4540,281.740755,0
4541,338.971088,0
4542,281.234810,0
4543,281.235914,0
4544,281.235914,0
4545,282.781663,0
4546,282.781579,0
4547,281.236924,0
4548,283.234214,0
4549,302.675377,0
4550,302.822867,0
4551,282.472738,0
4552,284.275259,0
4553,284.130116,0
4554,282.473359,0
4555,282.525366,0
4556,284.274429,0
4557,281.235431,0
4558,281.349223,0
4559,303.270565,0
4560,303.271821,0
4561,282.779010,0
4562,304.049702,0
4563,302.531320,0
4564,302.533514,0
4565,302.536729,0
4566,281.172343,0
4567,282.473916,0
4568,303.270507,0
4569,339.540609,0
4570,282.973809,0
4571,284.030035,0
4572,284.030035,0
4573,303.270975,0
4574,282.522613,0
4575,302.691068,0
4576,282.772991,0
4577,284.300604,0
4578,282.622691,0
4579,284.146009,0
4580,302.822832,0
4581,302.530449,0
4582,284.040686,0
4583,283.986902,0
4584,283.987217,0
4585,302.577667,0
4586,302.577547,0
4587,302.577834,0
4588,282.523098,0
4589,302.675691,0
4590,295.036340,0
4591,295.123209,0
4592,295.111253,0
4593,295.111465,0
4594,303.442186,0
4595,296.418320,0
4596,295.086909,0
4597,295.083769,0
4598,295.321213,0
4599,295.321677,0
4600,295.081287,0
4601,295.614276,0
4602,295.233757,0
4603,295.244134,0
4604,303.764265,0
4605,300.582267,0
4606,295.198582,0
4607,295.036341,0
4608,295.770757,0
4609,297.279431,0
4610,295.082126,0
4611,295.332853,0
4612,295.528803,0
4613,354.291110,0
4614,434.269363,0
4615,354.307835,0
4616,501.642868,0
4617,652.976007,0
4618,502.084531,0
4619,115.847636,0
4620,115.847683,0
4621,115.670055,0
4622,313.327278,0
4623,116.215843,0
4624,116.216909,0
4625,116.215851,0
4626,116.215851,0
4627,139.321228,0
4628,244.907269,0
4629,116.216441,0
4630,115.846357,0
4631,115.394285,0
4632,116.215845,0
4633,116.005335,0
4634,116.006985,0
4635,116.006985,0
4636,313.333968,0
4637,245.843833,0
4638,116.217312,0
4639,312.854958,0
4640,229.875479,0
4641,245.253579,0
4642,246.217105,0
4643,117.153228,0
4644,115.398146,0
4645,115.149098,0
4646,116.217405,0
4647,116.477168,0
4648,116.477004,0
4649,116.787056,0
4650,115.149631,0
4651,115.149473,0
4652,117.297921,0
4653,115.394449,0
4654,116.216924,0
4655,114.952970,0
4656,115.154478,0
4657,228.947003,0
4658,228.751262,0
4659,115.148805,0
4660,115.158647,0
4661,115.147372,0
4662,117.151248,0
4663,115.397597,0
4664,115.147914,0
4665,117.148804,0
4666,116.789825,0
4667,116.789825,0
4668,114.959300,0
4669,311.689230,0
4670,116.477882,0
4671,229.863615,0
4672,115.155300,0
4673,115.400661,0
4674,116.477506,0
4675,245.244448,0
4676,116.481565,0
4677,229.862417,0
4678,125.087351,0
4679,116.443125,0
4680,116.216693,0
4681,116.216924,0
4682,117.151296,0
4683,115.148063,0
4684,115.736890,0
4685,116.215956,0
4686,115.149265,0
4687,116.476539,0
4688,116.477253,0
4689,139.092560,0
4690,115.737439,0
4691,139.091249,0
4692,139.094166,0
4693,115.147439,0
4694,115.147940,0
4695,116.476727,0
4696,115.156315,0
4697,115.148063,0
4698,115.150442,0
4699,116.217096,0
4700,116.217096,0
4701,115.149332,0
4702,116.215647,0
4703,116.215657,0
4704,116.216207,0
4705,228.953888,0
4706,116.216402,0
4707,114.958119,0
4708,120.273047,0
4709,140.656414,0
4710,116.216670,0
4711,117.096287,0
4712,116.215836,0
4713,115.151300,0
4714,116.219240,0
4715,123.830207,0
4716,123.830009,0
4717,115.738475,0
4718,115.847234,0
4719,115.711695,0
4720,116.218450,0
4721,116.008883,0
4722,115.846412,0
4723,117.400272,0
4724,173.731652,0
4725,138.115063,0
4726,138.115063,0
4727,117.666235,0
4728,117.398830,0
4729,121.292189,0
4730,117.469103,0
4731,117.666009,0
4732,117.468713,0
4733,138.116302,0
4734,138.116325,0
4735,120.459325,0
4736,117.508252,0
4737,116.392814,0
4738,117.666305,0
4739,118.961369,0
4740,173.623042,0
4741,173.623035,0
4742,116.221446,0
4743,117.665952,0
4744,117.507261,0
4745,173.672397,0
4746,117.508917,0
4747,117.507524,0
4748,117.506944,0
4749,117.876862,0
4750,173.593505,0
4751,116.221139,0
4752,117.507211,0
4753,118.962310,0
4754,117.506968,0
4755,117.507053,0
4756,173.636270,0
4757,118.137359,0
4758,117.510931,0
4759,118.962120,0
4760,118.728087,0
4761,118.731084,0
4762,116.221025,0
4763,116.221882,0
4764,118.732630,0
4765,117.876820,0
4766,117.876733,0
4767,173.877269,0
4768,118.134942,0
4769,117.664834,0
4770,116.887157,0
4771,118.963799,0
4772,173.637131,0
4773,118.727949,0
4774,118.048544,0
4775,116.391987,0
4776,117.219447,0
4777,173.652954,0
4778,116.392653,0
4779,118.135029,0
4780,118.135029,0
4781,138.118077,0
4782,118.137004,0
4783,117.666683,0
4784,117.668343,0
4785,173.623037,0
4786,117.506738,0
4787,116.221877,0
4788,118.134815,0
4789,139.766660,0
4790,117.665606,0
4791,118.444599,0
4792,119.122974,0
4793,117.880277,0
4794,117.666499,0
4795,117.665294,0
4796,117.335381,0
4797,117.666414,0
4798,117.507559,0
4799,117.507559,0
4800,117.507759,0
4801,117.507759,0
4802,117.507698,0
4803,118.134422,0
4804,173.843787,0
4805,173.708459,0
4806,138.710681,0
4807,116.221017,0
4808,118.963570,0
4809,117.506755,0
4810,117.506755,0
4811,117.507587,0
4812,116.223088,0
4813,173.787255,0
4814,117.506671,0
4815,116.392539,0
4816,116.437220,0
4817,117.470603,0
4818,116.392042,0
4819,117.400398,0
4820,174.262143,0
4821,117.509569,0
4822,116.221387,0
4823,117.666538,0
4824,137.297500,0
4825,117.506988,0
4826,117.506539,0
4827,173.912154,0
4828,117.874312,0
4829,117.659501,0
4830,117.506983,0
4831,117.874956,0
4832,116.221860,0
4833,118.802749,0
4834,118.962494,0
4835,128.571597,0
4836,128.765701,0
4837,128.902561,0
4838,128.495418,0
4839,128.467106,0
4840,129.091448,0
4841,128.578164,0
4842,128.405287,0
4843,128.391904,0
4844,129.389184,0
4845,131.604782,0
4846,180.955594,0
4847,187.267540,0
4848,187.267601,0
4849,180.941504,0
4850,187.178983,0
4851,260.458804,0
4852,163.579404,0
4853,259.831658,0
4854,259.734456,0
4855,187.320867,0
4856,163.746213,0
4857,163.742342,0
4858,187.398190,0
4859,260.114340,0
4860,187.408048,0
4861,181.103851,0
4862,181.080987,0
4863,187.406078,0
4864,187.241334,0
4865,187.203696,0
4866,187.213452,0
4867,187.213452,0
4868,187.213452,0
4869,187.222333,0
4870,187.223678,0
4871,613.823488,0
4872,613.735465,0
4873,500.343979,0
4874,445.769495,0
4875,445.822604,0
4876,445.789058,0
4877,613.717369,0
4878,693.554329,0
4879,613.733318,0
4880,1689.717228,1
4881,334.944235,0
4882,335.029607,0
4883,334.976611,0
4884,3947.193438,1
4885,800.091658,0
4886,3540.539499,1
4887,78.708404,0
4888,56.575316,0
4889,250.751579,0
4890,78.875566,0
4891,56.571684,0
4892,56.571617,0
4893,56.571617,0
4894,78.871266,0
4895,78.706655,0
4896,56.399136,0
4897,78.874284,0
4898,56.592861,0
4899,78.872780,0
4900,78.872780,0
4901,78.872805,0
4902,183.855982,0
4903,183.168428,0
4904,78.871285,0
4905,78.871733,0
4906,56.231342,0
4907,56.231342,0
4908,56.231392,0
4909,56.231392,0
4910,78.706446,0
4911,80.834489,0
4912,80.834135,0
4913,54.715386,0
4914,78.065152,0
4915,78.878284,0
4916,250.744239,0
4917,250.744239,0
4918,250.744239,0
4919,57.474071,0
4920,250.752443,0
4921,250.755498,0
4922,250.757408,0
4923,250.753480,0
4924,250.756443,0
4925,250.751579,0
4926,250.596274,0
4927,78.075294,0
4928,55.704102,0
4929,250.748803,0
4930,249.796778,0
4931,184.495767,0
4932,78.712165,0
4933,250.767401,0
4934,250.043734,0
4935,56.684003,0
4936,56.684003,0
4937,56.683159,0
4938,56.902037,0
4939,56.682831,0
4940,56.682831,0
4941,56.682767,0
4942,77.329948,0
4943,56.681325,0
4944,56.680909,0
4945,56.689337,0
4946,54.230695,0
4947,56.680908,0
4948,56.684762,0
4949,56.688325,0
4950,56.688325,0
4951,55.502268,0
4952,56.682268,0
4953,56.682268,0
4954,56.683266,0
4955,78.442992,0
4956,56.683312,0
4957,56.683159,0
4958,56.678016,0
4959,56.682831,0
4960,56.682831,0
4961,56.684003,0
4962,56.682370,0
4963,56.683021,0
4964,75.319667,0
4965,54.391276,0
4966,56.681352,0
4967,56.681352,0
4968,56.686609,0
4969,54.235316,0
4970,56.684173,0
4971,56.679484,0
4972,54.632448,0
4973,56.042084,0
4974,56.547373,0
4975,56.682892,0
4976,56.548230,0
4977,56.682892,0
4978,56.683740,0
4979,56.683740,0
4980,56.686594,0
4981,56.682844,0
4982,56.680565,0
4983,53.327339,0
4984,53.327339,0
4985,56.680617,0
4986,56.683523,0
4987,56.687286,0
4988,56.687286,0
4989,59.157170,0
4990,56.683425,0
4991,56.683425,0
4992,56.680604,0
4993,56.680604,0
4994,56.684176,0
4995,56.681352,0
4996,56.553520,0
4997,56.684003,0
4998,56.691192,0
4999,55.283750,0
5000,55.283750,0
5001,56.304249,0
5002,53.326501,0
5003,56.040291,0
5004,56.554669,0
5005,56.683695,0
5006,56.692448,0
5007,55.293643,0
5008,56.680870,0
5009,56.684534,0
5010,56.684534,0
5011,56.685428,0
5012,56.686145,0
5013,56.685410,0
5014,56.686240,0
5015,56.547822,0
5016,56.547822,0
5017,56.688498,0
5018,56.687286,0
5019,56.553912,0
5020,56.683552,0
5021,56.688325,0
5022,79.132383,0
5023,56.680142,0
5024,56.682833,0
5025,56.684003,0
5026,56.686632,0
5027,56.686714,0
5028,56.695004,0
5029,56.681740,0
5030,56.681187,0
5031,56.682833,0
5032,56.683387,0
5033,56.684031,0
5034,56.686752,0
5035,56.681751,0
5036,56.684913,0
5037,56.687547,0
5038,55.283786,0
5039,56.683249,0
5040,75.316673,0
5041,56.683533,0
5042,55.280920,0
5043,56.684243,0
5044,56.686424,0
5045,56.683249,0
5046,56.548523,0
5047,56.686796,0
5048,56.686113,0
5049,56.686183,0
5050,55.284651,0
5051,56.683704,0
5052,56.682617,0
5053,56.682617,0
5054,55.283594,0
5055,56.684194,0
5056,55.281085,0
5057,56.684946,0
5058,56.685472,0
5059,55.287141,0
5060,56.683407,0
5061,56.684411,0
5062,56.683802,0
5063,56.681765,0
5064,56.679107,0
5065,56.682312,0
5066,59.156513,0
5067,56.691316,0
5068,56.545338,0
5069,56.547104,0
5070,56.551355,0
5071,56.679636,0
5072,60.527327,0
5073,56.321383,0
5074,54.090181,0
5075,56.546072,0
5076,56.546072,0
5077,56.548548,0
5078,54.089485,0
5079,56.545597,0
5080,56.545126,0
5081,111.131876,0
5082,56.547439,0
5083,56.543219,0
5084,110.129993,0
5085,53.554224,0
5086,57.462501,0
5087,57.822946,0
5088,77.563178,0
5089,77.562715,0
5090,59.013337,0
5091,110.133346,0
5092,110.133346,0
5093,56.684397,0
5094,55.284117,0
5095,56.547526,0
5096,56.554846,0
5097,56.545594,0
5098,56.548523,0
5099,56.548293,0
5100,54.631249,0
5101,54.631249,0
5102,110.131016,0
5103,53.327599,0
5104,55.282370,0
5105,54.631065,0
5106,56.041653,0
5107,56.040841,0
5108,56.045396,0
5109,56.042220,0
5110,56.042220,0
5111,54.632230,0
5112,111.126366,0
5113,53.554015,0
5114,54.232219,0
5115,55.281409,0
5116,55.281409,0
5117,56.685785,0
5118,75.314642,0
5119,56.682437,0
5120,111.264429,0
5121,75.308604,0
5122,54.231088,0
5123,79.132510,0
5124,56.684261,0
5125,56.687900,0
5126,56.685581,0
5127,56.685581,0
5128,56.685581,0
5129,56.691073,0
5130,56.681811,0
5131,55.489834,0
5132,56.683159,0
5133,74.157472,0
5134,56.681811,0
5135,56.681811,0
5136,59.446427,0
5137,56.682892,0
5138,56.682892,0
5139,56.684003,0
5140,53.561417,0
5141,56.682532,0
5142,56.681839,0
5143,56.680445,0
5144,56.684003,0
5145,52.946836,0
5146,56.547205,0
5147,56.302065,0
5148,57.580691,0
5149,56.686412,0
5150,55.282708,0
5151,55.493132,0
5152,56.683407,0
5153,56.684099,0
5154,56.050663,0
5155,56.681006,0
5156,56.686158,0
5157,56.686135,0
5158,56.688492,0
5159,111.262780,0
5160,111.262780,0
5161,56.684003,0
5162,56.681352,0
5163,55.284040,0
5164,54.230469,0
5165,56.684619,0
5166,54.235169,0
5167,56.691622,0
5168,56.693682,0
5169,55.831674,0
5170,55.626507,0
5171,56.040291,0
5172,56.041260,0
5173,55.835684,0
5174,110.639253,0
5175,56.303496,0
5176,56.046733,0
5177,56.043392,0
5178,55.827833,0
5179,56.685164,0
5180,56.682550,0
5181,56.684003,0
5182,56.684003,0
5183,55.147609,0
5184,55.832206,0
5185,55.837910,0
5186,55.834968,0
5187,55.835521,0
5188,59.516460,0
5189,55.834045,0
5190,56.554669,0
5191,56.691073,0
5192,56.691073,0
5193,56.691073,0
5194,56.688325,0
5195,56.551834,0
5196,60.689735,0
5197,110.650192,0
5198,56.684831,0
5199,55.284861,0
5200,56.694178,0
5201,56.694178,0
5202,56.689497,0
5203,55.287807,0
5204,55.287807,0
5205,110.636328,0
5206,55.281772,0
5207,54.899851,0
5208,110.642407,0
5209,56.550765,0
5210,55.145893,0
5211,55.145985,0
5212,56.038616,0
5213,52.948557,0
5214,55.668728,0
5215,110.844516,0
5216,110.893221,0
5217,110.893221,0
5218,75.169878,0
5219,110.137819,0
5220,56.683594,0
5221,56.683558,0
5222,60.535216,0
5223,56.688343,0
5224,78.993218,0
5225,56.683712,0
5226,56.301804,0
5227,54.072202,0
5228,56.687334,0
5229,55.494783,0
5230,63.471222,0
5231,63.423911,0
5232,63.483559,0
5233,63.470266,0
5234,63.470266,0
5235,63.470266,0
5236,63.486151,0
5237,63.489119,0
5238,63.488541,0
5239,63.492594,0
5240,63.480856,0
5241,63.473232,0
5242,63.490680,0
5243,63.495932,0
5244,63.486939,0
5245,63.483516,0
5246,63.489896,0
5247,63.489896,0
5248,63.482937,0
5249,70.362998,0
5250,63.496215,0
5251,63.497446,0
5252,70.323154,0
5253,63.481705,0
5254,63.406229,0
5255,63.147297,0
5256,63.416599,0
5257,63.416599,0
5258,63.416599,0
5259,63.416599,0
5260,63.416599,0
5261,63.416599,0
5262,63.416599,0
5263,63.416599,0
5264,63.472601,0
5265,63.482333,0
5266,63.493867,0
5267,63.492722,0
5268,63.490495,0
5269,63.480278,0
5270,63.489991,0
5271,70.672378,0
5272,63.488111,0
5273,63.392773,0
5274,63.477725,0
5275,63.480833,0
5276,63.159235,0
5277,63.488601,0
5278,63.490706,0
5279,63.160825,0
5280,63.479508,0
5281,63.477323,0
5282,63.477323,0
5283,63.477323,0
5284,63.491866,0
5285,63.489896,0
5286,63.480749,0
5287,63.485649,0
5288,63.485131,0
5289,63.274305,0
5290,63.489854,0
5291,63.159641,0
5292,63.416599,0
5293,63.479061,0
5294,63.479061,0
5295,63.199862,0
5296,63.160184,0
5297,63.164787,0
5298,63.165543,0
5299,63.164923,0
5300,63.492795,0
5301,63.481180,0
5302,63.464803,0
5303,63.418254,0
5304,63.212475,0
5305,63.413433,0
5306,63.488796,0
5307,63.204625,0
5308,63.478741,0
5309,70.848757,0
5310,63.490071,0
5311,63.479275,0
5312,63.475958,0
5313,63.475275,0
5314,70.493963,0
5315,63.480005,0
5316,63.410889,0
5317,63.470266,0
5318,63.471214,0
5319,63.419372,0
5320,63.104636,0
5321,63.096368,0
5322,63.091656,0
5323,63.094435,0
5324,63.450421,0
5325,63.405376,0
5326,63.489480,0
5327,63.388349,0
5328,63.282986,0
5329,63.496584,0
5330,70.323704,0
5331,63.427734,0
5332,63.288903,0
5333,63.432650,0
5334,63.481356,0
5335,63.476799,0
5336,63.402223,0
5337,63.498695,0
5338,63.488089,0
5339,63.488089,0
5340,63.488296,0
5341,63.488296,0
5342,63.152718,0
5343,63.493867,0
5344,63.483413,0
5345,63.492500,0
5346,63.492500,0
5347,63.484452,0
5348,63.487856,0
5349,63.422793,0
5350,63.393083,0
5351,63.393083,0
5352,63.476352,0
5353,63.411617,0
5354,63.401023,0
5355,63.405048,0
5356,63.407896,0
5357,70.148013,0
5358,71.772767,0
5359,63.482333,0
5360,63.487745,0
5361,63.418593,0
5362,63.473990,0
5363,63.478121,0
5364,63.490162,0
5365,63.472681,0
5366,63.472681,0
5367,63.497989,0
5368,63.477655,0
5369,63.405862,0
5370,63.492954,0
5371,2501.947789,1
5372,120.387726,0
5373,97.374816,0
5374,193.727700,0
5375,97.593473,0
5376,121.211199,0
5377,97.589088,0
5378,121.209865,0
5379,97.586727,0
5380,121.219645,0
5381,97.590497,0
5382,97.596971,0
5383,362.819974,0
5384,131.639582,0
5385,114.877179,0
5386,97.373339,0
5387,97.610545,0
5388,114.881276,0
5389,97.236493,0
5390,97.216807,0
5391,97.216328,0
5392,97.324528,0
5393,114.621928,0
5394,120.850499,0
5395,114.470217,0
5396,114.465727,0
5397,120.831651,0
5398,120.851676,0
5399,97.212585,0
5400,193.300341,0
5401,97.216328,0
5402,97.215554,0
5403,97.215554,0
5404,97.222739,0
5405,97.223532,0
5406,97.220574,0
5407,120.874388,0
5408,114.456550,0
5409,114.469147,0
5410,129.667345,0
5411,121.220423,0
5412,123.957740,0
5413,97.586130,0
5414,114.593558,0
5415,97.381220,0
5416,114.881816,0
5417,114.906619,0
5418,121.233295,0
5419,97.590255,0
5420,121.227998,0
5421,193.611592,0
5422,114.958056,0
5423,97.591547,0
5424,97.590757,0
5425,97.589477,0
5426,193.620282,0
5427,97.591547,0
5428,97.358339,0
5429,121.214098,0
5430,97.591547,0
5431,121.233863,0
5432,121.233863,0
5433,114.878309,0
5434,114.464450,0
5435,114.464450,0
5436,97.348853,0
5437,114.590436,0
5438,120.963741,0
5439,120.993707,0
5440,97.360165,0
5441,97.347083,0
5442,97.221946,0
5443,120.832405,0
5444,114.599491,0
5445,193.637052,0
5446,114.470186,0
5447,193.312272,0
5448,114.468463,0
5449,125.193826,0
5450,125.132251,0
5451,120.881598,0
5452,120.892560,0
5453,114.479696,0
5454,362.436307,0
5455,362.436307,0
5456,97.254520,0
5457,97.542001,0
5458,97.548542,0
5459,114.839483,0
5460,97.384560,0
5461,430.105601,0
5462,436.549400,0
5463,6012.125895,1
5464,548.289139,0
5465,434.754162,0
5466,434.724171,0
5467,548.286334,0
5468,380.130988,0
5469,434.525057,0
5470,434.687294,0
5471,380.194925,0
5472,380.317394,0
5473,548.287650,0
5474,548.297202,0
5475,434.717412,0
5476,380.206317,0
5477,434.733517,0
5478,434.730892,0
5479,434.520145,0
5480,434.540600,0
5481,434.610100,0
5482,548.113148,0
5483,436.202515,0
5484,380.157841,0
5485,628.058120,0
5486,434.686858,0
5487,735.010628,0
5488,267.823630,0
5489,264.282691,0
5490,270.765137,0
5491,264.630125,0
5492,422.900222,0
5493,5178.882247,1
5494,6027.502355,1
5495,1363.549905,1
5496,718.099986,0
5497,3886.403123,1
5498,1690.444737,1
5499,3475.339565,1
5500,3476.344579,1
5501,737.606380,0
5502,501.395216,0
5503,501.248590,0
5504,507.971708,0
5505,4751.122122,1
5506,2523.939430,1
5507,1433.268461,1
5508,1433.438210,1
5509,7163.784596,1
5510,115.969152,0
5511,138.870362,0
5512,116.705529,0
5513,116.164480,0
5514,244.557489,0
5515,244.559972,0
5516,115.968915,0
5517,116.163714,0
5518,124.081846,0
5519,124.081846,0
5520,138.708449,0
5521,115.067310,0
5522,117.805070,0
5523,139.086015,0
5524,117.049210,0
5525,117.049210,0
5526,117.049210,0
5527,139.087317,0
5528,138.592132,0
5529,115.968583,0
5530,115.912671,0
5531,115.967411,0
5532,115.967382,0
5533,138.869500,0
5534,138.868549,0
5535,138.868907,0
5536,138.868549,0
5537,138.706469,0
5538,139.084051,0
5539,139.084051,0
5540,139.084076,0
5541,117.048937,0
5542,244.559829,0
5543,138.867932,0
5544,244.561262,0
5545,139.350539,0
5546,115.823767,0
5547,116.408868,0
5548,117.054560,0
5549,115.062575,0
5550,115.684917,0
5551,114.882251,0
5552,116.408445,0
5553,116.408927,0
5554,244.562614,0
5555,139.674224,0
5556,115.062235,0
5557,117.134293,0
5558,117.134691,0
5559,115.574112,0
5560,115.667399,0
5561,117.045563,0
5562,114.433691,0
5563,114.433691,0
5564,171.896072,0
5565,117.463166,0
5566,117.463166,0
5567,117.463166,0
5568,135.692018,0
5569,117.019650,0
5570,114.589347,0
5571,115.668715,0
5572,171.803266,0
5573,171.803266,0
5574,117.463305,0
5575,114.328467,0
5576,117.045249,0
5577,117.045308,0
5578,115.574374,0
5579,117.045324,0
5580,136.281964,0
5581,117.047167,0
5582,117.135738,0
5583,114.589564,0
5584,115.811638,0
5585,115.811311,0
5586,114.329232,0
5587,117.045619,0
5588,114.327568,0
5589,115.668449,0
5590,115.574604,0
5591,117.006679,0
5592,117.006679,0
5593,118.264323,0
5594,114.328241,0
5595,117.045083,0
5596,171.806398,0
5597,115.575109,0
5598,115.573759,0
5599,114.328577,0
5600,114.328453,0
5601,115.539260,0
5602,114.327793,0
5603,115.574923,0
5604,114.433947,0
5605,114.433947,0
5606,171.804690,0
5607,114.434753,0
5608,114.433273,0
5609,171.806959,0
5610,116.820969,0
5611,114.327987,0
5612,114.327841,0
5613,114.328130,0
5614,114.328241,0
5615,114.798139,0
5616,115.810112,0
5617,114.327906,0
5618,114.327906,0
5619,114.328515,0
5620,114.328515,0
5621,115.811310,0
5622,115.668643,0
5623,115.668643,0
5624,114.795853,0
5625,171.804368,0
5626,115.575142,0
5627,117.046628,0
5628,117.045391,0
5629,115.573729,0
5630,114.590269,0
5631,117.045160,0
5632,115.574363,0
5633,115.574759,0
5634,115.574318,0
5635,115.812253,0
5636,114.327980,0
5637,114.329098,0
5638,114.433264,0
5639,115.812293,0
5640,115.811703,0
5641,115.668455,0
5642,171.803103,0
5643,114.433390,0
5644,115.573720,0
5645,115.812342,0
5646,114.590659,0
5647,114.590659,0
5648,117.134644,0
5649,117.134066,0
5650,136.643633,0
5651,117.274005,0
5652,114.799236,0
5653,117.136064,0
5654,115.531697,0
5655,114.795706,0
5656,117.273008,0
5657,115.668431,0
5658,114.589590,0
5659,115.574604,0
5660,117.194078,0
5661,114.313790,0
5662,117.045974,0
5663,114.332567,0
5664,117.274002,0
5665,115.596408,0
5666,115.596233,0
5667,117.046327,0
5668,118.406183,0
5669,116.961896,0
5670,135.551387,0
5671,115.811553,0
5672,115.811553,0
5673,116.641438,0
5674,114.327754,0
5675,115.573768,0
5676,117.007748,0
5677,115.062088,0
5678,136.336761,0
5679,117.007086,0
5680,114.433674,0
5681,114.433835,0
5682,117.276041,0
5683,117.274084,0
5684,115.811671,0
5685,115.811546,0
5686,117.275353,0
5687,171.997449,0
5688,115.574488,0
5689,115.666529,0
5690,133.115715,0
5691,131.471306,0
5692,126.680255,0
5693,127.200782,0
5694,127.207305,0
5695,126.734441,0
5696,126.735042,0
5697,128.552610,0
5698,126.852758,0
5699,126.739160,0
5700,126.843301,0
5701,132.652060,0
5702,126.744666,0
5703,131.322374,0
5704,126.997596,0
5705,126.690795,0
5706,126.725259,0
5707,126.697913,0
5708,126.774120,0
5709,126.852758,0
5710,126.686992,0
5711,126.688841,0
5712,133.129094,0
5713,126.686317,0
5714,126.695299,0
5715,126.999877,0
5716,126.999438,0
5717,126.687652,0
5718,127.461075,0
5719,126.684697,0
5720,126.738196,0
5721,126.742940,0
5722,126.763931,0
5723,128.993630,0
5724,126.847048,0
5725,127.195691,0
5726,126.819160,0
5727,126.819983,0
5728,129.517434,0
5729,126.714010,0
5730,126.915540,0
5731,126.880679,0
5732,129.010202,0
5733,129.011394,0
5734,128.142334,0
5735,126.704986,0
5736,126.739687,0
5737,126.697317,0
5738,129.514833,0
5739,135.430592,0
5740,162.002145,0
5741,161.995287,0
5742,162.004020,0
5743,162.003726,0
5744,185.642707,0
5745,162.003504,0
5746,161.995746,0
5747,185.392461,0
5748,185.501258,0
5749,161.817568,0
5750,161.952413,0
5751,161.840994,0
5752,162.000727,0
5753,162.004716,0
5754,161.999524,0
5755,161.842504,0
5756,161.999652,0
5757,265.677980,0
5758,161.884663,0
5759,185.496448,0
5760,185.524371,0
5761,161.887056,0
5762,161.817012,0
5763,487.567086,0
5764,487.567086,0
5765,691.990776,0
5766,1765.966604,1
5767,1765.851198,1
5768,484.855585,0
5769,5053.063179,1
5770,333.567534,0
5771,327.059559,0
5772,326.949273,0
5773,329.212621,0
5774,2607.120977,1
5775,485.452687,0
5776,333.551666,0
5777,484.838063,0
5778,484.838063,0
5779,3948.700592,1
5780,394.265682,0
5781,411.294297,0
5782,411.294297,0
5783,411.294297,0
5784,411.097031,0
5785,411.293392,0
5786,388.433638,0
5787,385.873696,0
5788,386.602047,0
5789,516.159614,0
5790,388.654967,0
5791,408.940667,0
5792,409.344445,0
5793,409.344339,0
5794,409.344339,0
5795,409.344339,0
5796,409.344339,0
5797,385.595753,0
5798,409.344421,0
5799,385.595450,0
5800,385.709365,0
5801,754.803229,0
5802,385.276808,0
5803,385.873808,0
5804,393.627803,0
5805,393.627908,0
5806,394.021500,0
5807,385.522982,0
5808,388.016287,0
5809,388.016287,0
5810,388.016287,0
5811,409.278050,0
5812,385.873737,0
5813,385.874001,0
5814,385.873767,0
5815,384.867621,0
5816,387.229879,0
5817,409.522834,0
5818,393.710950,0
5819,498.421853,0
5820,498.440323,0
5821,389.279986,0
5822,409.535052,0
5823,387.870448,0
5824,409.533188,0
5825,387.668512,0
5826,391.184672,0
5827,391.181081,0
5828,410.713538,0
5829,391.457557,0
5830,390.635356,0
5831,392.769037,0
5832,390.646783,0
5833,409.058557,0
5834,389.141384,0
5835,389.140936,0
5836,410.537011,0
5837,388.432668,0
5838,390.866667,0
5839,387.874669,0
5840,390.382837,0
5841,387.871513,0
5842,388.783639,0
5843,388.432438,0
5844,409.267298,0
5845,402.674561,0
5846,402.261327,0
5847,403.143224,0
5848,402.665696,0
5849,402.648435,0
5850,402.660228,0
5851,402.645970,0
5852,402.659362,0
5853,401.864981,0
5854,402.231983,0
5855,403.119466,0
5856,403.122460,0
5857,442.162498,0
5858,442.162531,0
5859,442.162531,0
5860,442.162531,0
5861,442.163243,0
5862,632.520477,0
5863,636.472298,0
5864,632.266533,0
5865,633.091701,0
5866,633.245187,0
5867,632.082215,0
5868,460.130027,0
5869,437.942135,0
5870,465.057868,0
5871,4089.309006,1
5872,633.225162,0
5873,495.331123,0
5874,460.421453,0
5875,441.837256,0
5876,495.341882,0
5877,440.990629,0
5878,496.301807,0
5879,441.196251,0
5880,459.765054,0
5881,441.196806,0
5882,441.196806,0
5883,495.329529,0
5884,495.688838,0
5885,495.175050,0
5886,460.427644,0
5887,460.419722,0
5888,460.419552,0
5889,460.421571,0
5890,460.421571,0
5891,459.378382,0
5892,441.836817,0
5893,446.266667,0
5894,446.271124,0
5895,446.262915,0
5896,446.252175,0
5897,446.597842,0
5898,446.581099,0
5899,496.912455,0
5900,479.726674,0
5901,497.080724,0
5902,479.795054,0
5903,479.808461,0
5904,479.808461,0
5905,503.418738,0
5906,497.222825,0
5907,480.046340,0
5908,503.282393,0
5909,496.939040,0
5910,497.222173,0
5911,479.791869,0
5912,930.864254,0
5913,763.125148,0
5914,817.469966,0
5915,817.266102,0
5916,1010.753134,0
5917,817.433213,0
5918,1010.811641,0
5919,817.460993,0
5920,1010.728716,0
5921,654.728445,0
5922,654.984376,0
5923,807.760042,0
5924,806.155528,0
5925,107.636063,0
5926,107.636063,0
5927,82.605121,0
5928,82.605121,0
5929,84.050659,0
5930,82.384556,0
5931,82.208290,0
5932,106.388872,0
5933,106.176020,0
5934,106.386186,0
5935,106.383395,0
5936,107.311675,0
5937,199.099165,0
5938,83.762129,0
5939,83.762129,0
5940,82.390812,0
5941,82.215199,0
5942,105.911885,0
5943,105.911885,0
5944,82.604471,0
5945,106.174782,0
5946,83.211549,0
5947,106.176344,0
5948,106.017989,0
5949,91.659346,0
5950,106.016437,0
5951,82.387434,0
5952,106.172647,0
5953,82.381004,0
5954,106.183122,0
5955,82.607261,0
5956,82.607261,0
5957,83.764773,0
5958,83.764773,0
5959,106.383723,0
5960,84.780380,0
5961,83.338274,0
5962,83.339308,0
5963,106.174794,0
5964,82.608002,0
5965,83.526715,0
5966,83.526715,0
5967,83.527371,0
5968,82.230409,0
5969,83.763456,0
5970,211.877771,0
5971,83.762711,0
5972,84.782561,0
5973,84.782867,0
5974,84.050360,0
5975,84.049797,0
5976,84.049797,0
5977,83.767610,0
5978,82.390935,0
5979,83.626472,0
5980,83.528505,0
5981,84.104461,0
5982,212.035472,0
5983,82.603390,0
5984,211.863450,0
5985,83.338257,0
5986,83.337764,0
5987,212.038318,0
5988,83.338723,0
5989,103.399310,0
5990,139.462074,0
5991,84.649853,0
5992,84.650964,0
5993,139.463907,0
5994,139.466523,0
5995,83.304999,0
5996,84.504463,0
5997,85.389797,0
5998,83.950951,0
5999,83.950951,0
6000,82.340531,0
6001,83.304945,0
6002,83.304965,0
6003,83.391864,0
6004,139.454155,0
6005,82.193973,0
6006,83.950907,0
6007,83.950909,0
6008,139.464735,0
6009,84.504460,0
6010,84.504460,0
6011,85.384151,0
6012,82.341791,0
6013,139.558243,0
6014,84.745701,0
6015,82.342584,0
6016,105.193642,0
6017,82.800634,0
6018,82.800634,0
6019,82.800634,0
6020,85.174008,0
6021,103.344795,0
6022,84.725871,0
6023,83.392586,0
6024,84.968721,0
6025,139.870790,0
6026,82.192228,0
6027,83.305018,0
6028,104.099676,0
6029,84.837019,0
6030,84.238289,0
6031,139.464854,0
6032,139.464865,0
6033,84.837233,0
6034,84.755798,0
6035,82.192190,0
6036,84.242935,0
6037,139.469148,0
6038,82.191769,0
6039,84.840490,0
6040,84.970023,0
6041,82.539637,0
6042,84.969247,0
6043,83.304326,0
6044,83.306459,0
6045,82.789406,0
6046,84.760719,0
6047,83.391136,0
6048,84.837216,0
6049,84.837216,0
6050,84.837216,0
6051,84.837216,0
6052,83.392062,0
6053,83.306533,0
6054,139.464851,0
6055,139.466339,0
6056,84.838135,0
6057,139.465873,0
6058,84.837041,0
6059,84.755745,0
6060,84.755558,0
6061,84.969227,0
6062,85.152151,0
6063,84.971779,0
6064,85.151648,0
6065,84.813881,0
6066,83.528057,0
6067,83.529226,0
6068,83.529226,0
6069,85.152059,0
6070,85.152059,0
6071,82.789362,0
6072,82.340850,0
6073,83.465336,0
6074,83.365729,0
6075,83.365213,0
6076,83.285666,0
6077,83.306140,0
6078,83.392678,0
6079,139.669412,0
6080,139.673898,0
6081,139.673898,0
6082,139.673896,0
6083,83.529602,0
6084,83.307113,0
6085,84.504054,0
6086,84.504054,0
6087,139.472220,0
6088,83.392266,0
6089,82.540710,0
6090,85.383932,0
6091,83.310003,0
6092,83.285356,0
6093,83.953997,0
6094,506.998038,0
6095,83.951523,0
6096,83.528855,0
6097,84.242981,0
6098,84.243064,0
6099,140.382297,0
6100,139.479880,0
6101,84.115700,0
6102,139.668498,0
6103,83.529337,0
6104,84.113944,0
6105,83.955140,0
6106,83.951059,0
6107,84.238701,0
6108,83.529468,0
6109,83.528284,0
6110,83.528284,0
6111,83.269236,0
6112,83.951168,0
6113,85.151665,0
6114,83.527682,0
6115,83.529977,0
6116,83.392462,0
6117,84.842073,0
6118,104.100546,0
6119,104.100546,0
6120,139.666671,0
6121,83.390669,0
6122,83.307685,0
6123,83.307685,0
6124,84.654353,0
6125,83.349041,0
6126,84.268341,0
6127,83.101540,0
6128,83.527255,0
6129,83.714319,0
6130,83.391135,0
6131,86.431044,0
6132,84.839663,0
6133,83.089090,0
6134,84.649953,0
6135,139.464799,0
6136,82.192323,0
6137,82.191929,0
6138,82.192325,0
6139,83.332787,0
6140,83.391776,0
6141,83.464601,0
6142,83.304209,0
6143,83.304114,0
6144,83.305412,0
6145,82.095415,0
6146,83.305884,0
6147,83.391113,0
6148,83.465857,0
6149,83.530687,0
6150,83.304664,0
6151,83.304664,0
6152,83.466677,0
6153,83.288751,0
6154,82.192347,0
6155,82.093842,0
6156,82.193155,0
6157,83.529895,0
6158,82.192605,0
6159,83.304463,0
6160,83.464908,0
6161,94.000669,0
6162,93.611844,0
6163,93.603245,0
6164,93.551128,0
6165,93.489580,0
6166,95.006618,0
6167,93.555639,0
6168,93.557254,0
6169,96.977611,0
6170,96.432214,0
6171,94.083709,0
6172,95.896705,0
6173,93.762771,0
6174,95.926403,0
6175,93.632397,0
6176,95.917585,0
6177,95.903888,0
6178,95.009934,0
6179,93.660462,0
6180,93.687394,0
6181,93.519294,0
6182,93.519399,0
6183,93.519399,0
6184,93.581389,0
6185,93.620849,0
6186,93.536601,0
6187,93.507962,0
6188,94.069337,0
6189,93.623770,0
6190,93.497470,0
6191,93.497470,0
6192,93.913513,0
6193,93.913513,0
6194,93.913513,0
6195,93.918565,0
6196,93.846514,0
6197,93.846857,0
6198,93.533637,0
6199,93.533637,0
6200,93.623967,0
6201,93.664281,0
6202,95.923867,0
6203,95.431814,0
6204,95.028208,0
6205,95.028208,0
6206,93.635859,0
6207,93.606427,0
6208,98.828266,0
6209,94.352555,0
6210,95.894975,0
6211,95.425246,0
6212,96.432519,0
6213,96.981003,0
6214,95.454590,0
6215,95.924368,0
6216,95.949325,0
6217,96.632196,0
6218,93.532878,0
6219,93.510615,0
6220,93.924312,0
6221,93.777031,0
6222,93.518095,0
6223,93.540314,0
6224,96.979285,0
6225,96.979285,0
6226,95.067952,0
6227,93.996131,0
6228,93.578646,0
6229,93.642441,0
6230,93.522427,0
6231,93.513243,0
6232,96.187832,0
6233,95.004364,0
6234,93.602883,0
6235,94.649916,0
6236,6985.986603,1
6237,146.007118,0
6238,151.992723,0
6239,145.561184,0
6240,152.149962,0
6241,152.157217,0
6242,128.509725,0
6243,152.150127,0
6244,225.119495,0
6245,128.499812,0
6246,147.030780,0
6247,128.520619,0
6248,128.511362,0
6249,128.511362,0
6250,128.511336,0
6251,152.152297,0
6252,128.516974,0
6253,128.477075,0
6254,145.612015,0
6255,128.477852,0
6256,128.486177,0
6257,128.486177,0
6258,147.195670,0
6259,128.257256,0
6260,224.727371,0
6261,152.124638,0
6262,128.265830,0
6263,151.890551,0
6264,151.898283,0
6265,128.253100,0
6266,128.254812,0
6267,128.266678,0
6268,128.252988,0
6269,128.262964,0
6270,128.262964,0
6271,128.325738,0
6272,152.061739,0
6273,128.346393,0
6274,128.370752,0
6275,465.277005,0
6276,578.840259,0
6277,578.805899,0
6278,465.170060,0
6279,465.284236,0
6280,578.680271,0
6281,764.127624,0
6282,709.317096,0
6283,764.060183,0
6284,300.603835,0
6285,300.609400,0
6286,300.876546,0
6287,295.354794,0
6288,5013.589199,1
6289,300.614950,0
6290,300.606419,0
6291,452.023544,0
6292,300.631725,0
6293,300.646713,0
6294,300.593313,0
6295,294.018309,0
6296,300.635593,0
6297,294.414631,0
6298,300.610874,0
6299,998.603211,0
6300,1393.488722,1
6301,998.669174,0
6302,1715.779522,1
6303,531.092473,0
6304,531.027647,0
6305,6031.070581,1
6306,6033.939694,1
6307,6032.705966,1
6308,1469.782028,1
6309,1463.679572,1
6310,7201.437336,1
6311,548.444701,0
6312,548.432789,0
6313,548.958976,0
6314,546.776207,0
6315,546.806614,0
6316,546.807084,0
6317,548.049653,0
6318,547.716640,0
6319,548.049545,0
6320,562.175207,0
6321,547.438391,0
6322,547.021256,0
6323,538.858724,0
6324,541.855693,0
6325,539.811434,0
6326,542.641943,0
6327,561.586213,0
6328,540.972966,0
6329,540.521216,0
6330,542.506244,0
6331,542.506244,0
6332,542.506244,0
6333,542.506244,0
6334,541.257294,0
6335,542.420536,0
6336,560.886814,0
6337,560.886817,0
6338,542.402902,0
6339,597.106437,0
6340,542.421420,0
6341,549.416946,0
6342,549.421470,0
6343,549.360245,0
6344,549.354700,0
6345,549.428090,0
6346,549.405900,0
6347,549.341579,0
6348,549.373588,0
6349,549.699812,0
6350,583.902037,0
6351,583.895147,0
6352,583.954885,0
6353,583.921416,0
6354,849.214777,0
6355,583.925029,0
6356,1113.994439,1
6357,1113.994990,1
6358,1113.993050,1
6359,866.283550,0
6360,1286.271753,1
6361,1218.597106,1
6362,1218.597106,1
6363,2109.695163,1
6364,756.451349,0
6365,6508.113084,1
6366,829.233651,0
6367,799.505778,0
6368,821.977936,0
6369,829.852139,0
6370,831.673910,0
6371,993.347501,0
6372,993.732144,0
6373,798.801850,0
6374,993.589341,0
6375,808.462627,0
6376,810.263485,0
6377,802.935461,0
6378,802.067284,0
6379,820.238193,0
6380,801.584897,0
6381,809.489304,0
6382,821.341468,0
6383,806.984499,0
6384,859.528124,0
6385,860.980120,0
6386,859.787827,0
6387,859.826591,0
6388,856.518243,0
6389,856.542096,0
6390,864.247274,0
6391,3557.252302,1
6392,1184.564289,1
6393,1171.170212,1
6394,3553.765564,1
6395,1177.962118,1
6396,1370.952920,1
6397,1374.593026,1
6398,2447.520416,1
6399,5694.532808,1
6400,9938.753019,1
6401,9938.753019,1
6402,9938.753019,1
6403,212.776306,0
6404,212.776306,0
6405,212.775482,0
6406,212.775482,0
6407,212.775482,0
6408,212.775881,0
6409,212.775488,0
6410,212.775488,0
6411,212.689743,0
6412,212.689743,0
6413,211.564178,0
6414,211.564080,0
6415,212.698590,0
6416,212.698590,0
6417,211.600596,0
6418,212.698620,0
6419,212.622948,0
6420,212.622948,0
6421,340.343397,0
6422,211.563639,0
6423,211.563639,0
6424,340.345768,0
6425,212.698620,0
6426,212.776275,0
6427,212.622948,0
6428,212.622948,0
6429,212.622948,0
6430,213.021452,0
6431,213.021452,0
6432,213.021452,0
6433,212.622948,0
6434,212.622915,0
6435,212.698615,0
6436,212.697223,0
6437,212.697223,0
6438,212.698615,0
6439,212.698615,0
6440,212.698577,0
6441,212.698620,0
6442,212.776275,0
6443,212.698620,0
6444,212.698620,0
6445,212.698603,0
6446,269.261164,0
6447,217.025016,0
6448,269.232473,0
6449,217.420198,0
6450,213.069078,0
6451,213.069113,0
6452,214.521384,0
6453,214.521384,0
6454,213.068896,0
6455,213.327944,0
6456,213.327872,0
6457,216.773248,0
6458,211.795846,0
6459,213.068881,0
6460,214.521400,0
6461,214.521400,0
6462,215.707569,0
6463,213.070036,0
6464,214.521255,0
6465,213.069034,0
6466,213.069022,0
6467,214.980045,0
6468,217.549044,0
6469,214.374798,0
6470,214.374731,0
6471,214.374746,0
6472,214.527240,0
6473,214.527240,0
6474,237.340169,0
6475,237.340169,0
6476,270.483624,0
6477,211.799822,0
6478,211.799822,0
6479,214.374237,0
6480,214.374899,0
6481,269.261169,0
6482,213.069399,0
6483,213.069150,0
6484,213.069034,0
6485,213.069034,0
6486,213.069034,0
6487,213.069010,0
6488,213.069123,0
6489,213.069123,0
6490,213.068990,0
6491,269.258867,0
6492,213.069004,0
6493,213.069004,0
6494,213.069155,0
6495,269.309274,0
6496,270.481489,0
6497,269.260695,0
6498,269.260695,0
6499,269.260701,0
6500,270.632278,0
6501,230.548171,0
6502,229.890439,0
6503,223.516725,0
6504,223.953746,0
6505,223.639070,0
6506,230.394993,0
6507,230.394993,0
6508,223.521492,0
6509,258.552271,0
6510,258.552271,0
6511,354.770005,0
6512,276.526672,0
6513,282.204376,0
6514,523.697841,0
6515,282.198699,0
6516,282.200680,0
6517,258.552910,0
6518,258.552517,0
6519,258.555010,0
6520,258.552522,0
6521,258.555010,0
6522,258.552517,0
6523,275.818384,0
6524,258.553575,0
6525,258.553575,0
6526,258.554612,0
6527,258.548795,0
6528,258.548795,0
6529,258.551939,0
6530,258.551329,0
6531,258.562175,0
6532,258.552773,0
6533,788.618086,0
6534,540.865117,0
6535,430.163082,0
6536,423.502259,0
6537,423.501571,0
6538,430.165619,0
6539,430.209166,0
6540,3497.578634,1
6541,430.169477,0
6542,430.859525,0
6543,428.614222,0
6544,4191.367838,1
6545,2683.976338,1
6546,1299.425413,1
6547,1299.425413,1
6548,1299.425690,1
6549,1299.425690,1
6550,1299.844537,1
6551,1335.373578,1
6552,1299.845174,1
6553,1300.538868,1
6554,1300.538702,1
6555,1300.395149,1
6556,1300.539767,1
6557,1300.393863,1
6558,1299.846178,1
6559,1290.262458,1
6560,1348.892740,1
6561,1348.868219,1
6562,1348.873481,1
6563,1648.882973,1
6564,1498.134709,1
6565,1962.559792,1
6566,2071.619823,1
6567,1732.313804,1
6568,1727.561127,1
6569,115.552269,0
6570,90.498862,0
6571,113.841181,0
6572,113.749302,0
6573,115.378283,0
6574,114.184051,0
6575,115.545660,0
6576,93.017888,0
6577,219.654343,0
6578,93.198528,0
6579,91.488687,0
6580,93.197731,0
6581,115.067378,0
6582,89.214128,0
6583,94.983141,0
6584,95.125006,0
6585,90.327795,0
6586,90.327713,0
6587,110.191333,0
6588,89.631342,0
6589,89.631342,0
6590,92.179049,0
6591,93.236899,0
6592,92.697657,0
6593,93.236984,0
6594,146.295299,0
6595,95.561510,0
6596,89.212143,0
6597,95.413545,0
6598,95.413545,0
6599,89.213197,0
6600,88.994128,0
6601,146.292090,0
6602,114.983841,0
6603,89.213657,0
6604,94.983315,0
6605,91.789093,0
6606,91.959924,0
6607,89.396780,0
6608,91.961515,0
6609,110.186307,0
6610,92.851501,0
6611,91.605846,0
6612,92.698888,0
6613,92.697989,0
6614,146.291724,0
6615,89.212881,0
6616,89.212881,0
6617,91.797893,0
6618,90.349166,0
6619,90.349166,0
6620,91.791769,0
6621,91.791840,0
6622,90.157782,0
6623,92.698507,0
6624,92.696884,0
6625,92.717712,0
6626,91.274253,0
6627,91.274253,0
6628,91.274253,0
6629,89.635411,0
6630,91.273681,0
6631,90.182261,0
6632,90.187655,0
6633,91.272417,0
6634,110.388348,0
6635,89.359523,0
6636,89.213611,0
6637,92.605372,0
6638,89.216376,0
6639,92.176236,0
6640,90.745830,0
6641,89.632370,0
6642,110.187460,0
6643,89.631523,0
6644,89.632798,0
6645,89.632798,0
6646,89.634520,0
6647,111.062948,0
6648,111.062948,0
6649,93.686187,0
6650,89.916427,0
6651,89.633271,0
6652,90.373025,0
6653,90.522100,0
6654,110.791466,0
6655,146.831758,0
6656,146.831758,0
6657,95.559472,0
6658,95.559472,0
6659,91.915512,0
6660,91.914923,0
6661,146.830414,0
6662,92.179640,0
6663,89.634059,0
6664,89.632350,0
6665,89.634752,0
6666,89.634287,0
6667,91.277829,0
6668,95.124077,0
6669,114.574360,0
6670,89.920352,0
6671,89.918459,0
6672,89.918956,0
6673,89.920352,0
6674,91.276971,0
6675,89.919840,0
6676,89.919840,0
6677,91.277829,0
6678,89.214662,0
6679,92.728350,0
6680,89.633856,0
6681,89.634752,0
6682,89.634752,0
6683,92.025546,0
6684,110.790475,0
6685,90.748637,0
6686,89.399516,0
6687,89.401604,0
6688,89.632698,0
6689,96.643158,0
6690,89.635797,0
6691,89.633720,0
6692,91.412517,0
6693,90.327268,0
6694,89.634752,0
6695,89.634752,0
6696,89.399516,0
6697,89.215560,0
6698,89.216602,0
6699,89.215560,0
6700,96.165474,0
6701,91.018889,0
6702,91.018889,0
6703,90.328490,0
6704,89.079521,0
6705,92.858770,0
6706,89.635229,0
6707,89.635229,0
6708,90.244210,0
6709,90.744552,0
6710,89.213575,0
6711,89.213575,0
6712,89.213528,0
6713,89.212354,0
6714,110.264968,0
6715,89.077865,0
6716,89.080138,0
6717,89.082733,0
6718,89.079521,0
6719,90.747965,0
6720,90.155622,0
6721,90.327490,0
6722,96.643551,0
6723,90.330236,0
6724,92.700255,0
6725,90.744980,0
6726,90.181330,0
6727,90.181330,0
6728,90.181204,0
6729,92.504156,0
6730,93.921654,0
6731,89.078558,0
6732,89.632141,0
6733,90.745566,0
6734,90.745566,0
6735,89.634287,0
6736,89.631085,0
6737,90.330236,0
6738,90.745566,0
6739,90.522855,0
6740,89.631692,0
6741,89.631692,0
6742,89.631692,0
6743,89.631692,0
6744,89.632702,0
6745,89.632673,0
6746,89.632673,0
6747,89.632673,0
6748,89.632673,0
6749,91.020735,0
6750,89.920352,0
6751,91.023412,0
6752,91.022836,0
6753,91.022836,0
6754,90.748637,0
6755,90.183146,0
6756,90.183146,0
6757,91.018777,0
6758,91.018784,0
6759,89.917270,0
6760,89.917259,0
6761,91.018249,0
6762,89.917709,0
6763,100.121640,0
6764,100.563958,0
6765,100.117263,0
6766,107.757151,0
6767,108.115511,0
6768,100.480429,0
6769,100.255002,0
6770,107.071650,0
6771,100.733329,0
6772,100.243904,0
6773,100.241093,0
6774,100.551915,0
6775,100.351164,0
6776,100.243904,0
6777,107.084822,0
6778,100.213958,0
6779,100.222480,0
6780,100.227002,0
6781,100.235183,0
6782,100.222480,0
6783,100.473234,0
6784,100.344134,0
6785,107.411234,0
6786,109.036618,0
6787,108.661711,0
6788,100.228309,0
6789,107.421926,0
6790,100.346190,0
6791,100.147739,0
6792,100.564194,0
6793,100.347586,0
6794,100.344134,0
6795,100.341261,0
6796,100.234679,0
6797,100.120106,0
6798,100.123362,0
6799,100.230745,0
6800,100.216267,0
6801,100.216267,0
6802,100.483933,0
6803,100.146395,0
6804,107.259949,0
6805,100.560088,0
6806,100.232162,0
6807,100.123362,0
6808,100.111940,0
6809,100.138799,0
6810,100.117507,0
6811,100.575540,0
6812,100.555496,0
6813,107.773814,0
6814,100.121344,0
6815,100.121344,0
6816,100.121344,0
6817,100.121344,0
6818,100.121344,0
6819,100.571632,0
6820,100.120787,0
6821,107.584627,0
6822,100.140595,0
6823,100.561230,0
6824,107.586139,0
6825,100.145548,0
6826,100.154760,0
6827,107.240509,0
6828,100.224365,0
6829,107.754734,0
6830,107.580055,0
6831,100.559474,0
6832,100.477938,0
6833,100.221892,0
6834,106.920937,0
6835,106.920937,0
6836,100.477136,0
6837,100.344134,0
6838,107.752325,0
6839,100.151255,0
6840,158.634002,0
6841,158.629289,0
6842,231.193908,0
6843,152.317891,0
6844,158.621235,0
6845,158.624923,0
6846,152.318769,0
6847,158.624923,0
6848,158.627781,0
6849,152.319334,0
6850,158.624923,0
6851,160.343664,0
6852,152.319424,0
6853,158.625179,0
6854,158.625442,0
6855,158.656695,0
6856,158.629589,0
6857,158.625442,0
6858,158.626281,0
6859,158.626281,0
6860,158.626281,0
6861,158.318411,0
6862,158.626281,0
6863,158.626281,0
6864,158.625714,0
6865,158.625714,0
6866,158.625714,0
6867,158.626281,0
6868,158.627626,0
6869,158.627836,0
6870,158.626281,0
6871,158.618853,0
6872,399.904447,0
6873,158.631409,0
6874,400.324069,0
6875,135.004990,0
6876,151.963289,0
6877,158.268831,0
6878,104.865672,0
6879,151.946398,0
6880,158.287543,0
6881,134.657475,0
6882,134.708435,0
6883,158.328522,0
6884,158.282638,0
6885,158.280815,0
6886,158.274677,0
6887,158.271923,0
6888,158.279535,0
6889,158.314754,0
6890,158.314852,0
6891,158.314852,0
6892,158.313651,0
6893,3399.815507,1
6894,5383.917212,1
6895,585.420160,0
6896,585.417309,0
6897,417.370807,0
6898,585.423985,0
6899,585.384480,0
6900,585.435554,0
6901,665.240004,0
6902,585.235713,0
6903,585.303963,0
6904,417.256801,0
6905,471.778125,0
6906,585.252255,0
6907,417.213373,0
6908,417.385309,0
6909,307.668358,0
6910,301.119734,0
6911,301.048694,0
6912,306.934470,0
6913,307.568743,0
6914,307.552499,0
6915,307.552499,0
6916,15553.074732,1
6917,537.915444,0
6918,544.645683,0
6919,1470.286280,1
6920,85.078396,0
6921,76.863180,0
6922,76.863180,0
6923,76.864381,0
6924,76.940238,0
6925,76.863978,0
6926,101.330024,0
6927,77.063534,0
6928,76.538742,0
6929,76.935366,0
6930,76.935486,0
6931,84.877652,0
6932,85.731164,0
6933,76.165413,0
6934,84.959282,0
6935,85.462628,0
6936,85.462624,0
6937,4253.520354,1
6938,76.938031,0
6939,76.938031,0
6940,85.244430,0
6941,77.063039,0
6942,77.064196,0
6943,77.064196,0
6944,76.938615,0
6945,76.938615,0
6946,76.938615,0
6947,85.464163,0
6948,85.245346,0
6949,85.245346,0
6950,85.076694,0
6951,85.076694,0
6952,77.061701,0
6953,77.061752,0
6954,85.076933,0
6955,85.077122,0
6956,76.166354,0
6957,85.462647,0
6958,100.004041,0
6959,76.164927,0
6960,76.800752,0
6961,76.538781,0
6962,76.539156,0
6963,100.432802,0
6964,76.539101,0
6965,85.463946,0
6966,76.538654,0
6967,76.539749,0
6968,76.542492,0
6969,76.864158,0
6970,85.251609,0
6971,85.463139,0
6972,77.113946,0
6973,100.690599,0
6974,76.021916,0
6975,205.941186,0
6976,77.113822,0
6977,77.476570,0
6978,76.538585,0
6979,76.861554,0
6980,76.860663,0
6981,76.937586,0
6982,76.538978,0
6983,77.062990,0
6984,76.539738,0
6985,76.539738,0
6986,84.892158,0
6987,102.977516,0
6988,85.731168,0
6989,85.731590,0
6990,85.462598,0
6991,206.135694,0
6992,206.135725,0
6993,85.730931,0
6994,100.682172,0
6995,76.836608,0
6996,100.005519,0
6997,100.109541,0
6998,76.861280,0
6999,100.005908,0
7000,100.005915,0
7001,206.078189,0
7002,77.062338,0
7003,77.062338,0
7004,87.210880,0
7005,76.801607,0
7006,76.113443,0
7007,76.112911,0
7008,76.112426,0
7009,76.861280,0
7010,76.861280,0
7011,76.327472,0
7012,76.327472,0
7013,100.237104,0
7014,78.452721,0
7015,78.452978,0
7016,206.167182,0
7017,76.937249,0
7018,75.982809,0
7019,77.870667,0
7020,77.870667,0
7021,75.935494,0
7022,77.517383,0
7023,75.961218,0
7024,76.334480,0
7025,75.932898,0
7026,75.934632,0
7027,77.487362,0
7028,75.958028,0
7029,75.959077,0
7030,75.959077,0
7031,75.957968,0
7032,75.959053,0
7033,75.933618,0
7034,76.033952,0
7035,76.163477,0
7036,75.958868,0
7037,75.958977,0
7038,76.336513,0
7039,76.339487,0
7040,76.339235,0
7041,76.566766,0
7042,79.211103,0
7043,76.340893,0
7044,74.782142,0
7045,76.341012,0
7046,75.093096,0
7047,76.037660,0
7048,76.037660,0
7049,76.340717,0
7050,76.566691,0
7051,76.340274,0
7052,76.567325,0
7053,76.567563,0
7054,76.340164,0
7055,76.340893,0
7056,76.163899,0
7057,76.341002,0
7058,77.172708,0
7059,77.172708,0
7060,77.577573,0
7061,77.577573,0
7062,76.341012,0
7063,76.341012,0
7064,76.340051,0
7065,76.340156,0
7066,96.399390,0
7067,74.641534,0
7068,76.160121,0
7069,78.138033,0
7070,96.400683,0
7071,76.339924,0
7072,76.337715,0
7073,77.508170,0
7074,77.487977,0
7075,75.932464,0
7076,74.644793,0
7077,76.340512,0
7078,74.557281,0
7079,96.625062,0
7080,96.624658,0
7081,96.621957,0
7082,96.624352,0
7083,96.624366,0
7084,78.661107,0
7085,77.699269,0
7086,96.400467,0
7087,76.163385,0
7088,76.163385,0
7089,76.340783,0
7090,76.340264,0
7091,76.340264,0
7092,76.163216,0
7093,76.163059,0
7094,74.872454,0
7095,75.090588,0
7096,74.712001,0
7097,76.163236,0
7098,76.163236,0
7099,74.970860,0
7100,74.970295,0
7101,76.567281,0
7102,96.398883,0
7103,96.398883,0
7104,76.339008,0
7105,74.874975,0
7106,76.164155,0
7107,76.164155,0
7108,76.164155,0
7109,76.164155,0
7110,96.226397,0
7111,96.226397,0
7112,76.341313,0
7113,96.226300,0
7114,96.226397,0
7115,76.164262,0
7116,96.226668,0
7117,74.872520,0
7118,76.338936,0
7119,76.335839,0
7120,76.335839,0
7121,96.401111,0
7122,96.397559,0
7123,96.401111,0
7124,96.400832,0
7125,96.401074,0
7126,76.338830,0
7127,96.398120,0
7128,96.400853,0
7129,96.399108,0
7130,76.338869,0
7131,76.159360,0
7132,77.507568,0
7133,96.396847,0
7134,76.336590,0
7135,76.337474,0
7136,76.159739,0
7137,76.159739,0
7138,74.643458,0
7139,76.340738,0
7140,74.644682,0
7141,79.691781,0
7142,81.306381,0
7143,74.519213,0
7144,79.448913,0
7145,79.448913,0
7146,74.967817,0
7147,74.967819,0
7148,74.967819,0
7149,77.870424,0
7150,74.557011,0
7151,78.497464,0
7152,74.558899,0
7153,74.644501,0
7154,74.644501,0
7155,76.840944,0
7156,74.780478,0
7157,74.781130,0
7158,74.779483,0
7159,78.627746,0
7160,74.781560,0
7161,74.781560,0
7162,74.782219,0
7163,74.643860,0
7164,76.163597,0
7165,76.034444,0
7166,74.970618,0
7167,79.448693,0
7168,79.443053,0
7169,74.643707,0
7170,78.629302,0
7171,81.457180,0
7172,76.035935,0
7173,74.971056,0
7174,78.368400,0
7175,78.368400,0
7176,76.158616,0
7177,77.700015,0
7178,76.839262,0
7179,76.164262,0
7180,76.164262,0
7181,76.035023,0
7182,74.970682,0
7183,75.208367,0
7184,74.970680,0
7185,132.811043,0
7186,76.564552,0
7187,75.959539,0
7188,74.970770,0
7189,74.783291,0
7190,74.783291,0
7191,76.164231,0
7192,76.164231,0
7193,76.163949,0
7194,76.164387,0
7195,96.225454,0
7196,74.644072,0
7197,76.033403,0
7198,76.033403,0
7199,76.033403,0
7200,132.536226,0
7201,96.399953,0
7202,96.399914,0
7203,76.340260,0
7204,74.708589,0
7205,74.644634,0
7206,74.781771,0
7207,76.309786,0
7208,76.161269,0
7209,76.164231,0
7210,76.037895,0
7211,96.396141,0
7212,76.163815,0
7213,76.161513,0
7214,76.160677,0
7215,76.160677,0
7216,76.340225,0
7217,76.338475,0
7218,74.871854,0
7219,96.399619,0
7220,76.559925,0
7221,77.870238,0
7222,74.969939,0
7223,74.969627,0
7224,77.871210,0
7225,74.970815,0
7226,74.968932,0
7227,77.869848,0
7228,76.164151,0
7229,76.164082,0
7230,76.164262,0
7231,76.164152,0
7232,76.163293,0
7233,76.164506,0
7234,76.164506,0
7235,76.164397,0
7236,76.161777,0
7237,76.341504,0
7238,76.341247,0
7239,76.341490,0
7240,76.339386,0
7241,76.337477,0
7242,74.970911,0
7243,74.970133,0
7244,74.970133,0
7245,132.521322,0
7246,76.336779,0
7247,76.334592,0
7248,74.783000,0
7249,74.782516,0
7250,76.161687,0
7251,75.350401,0
7252,77.548040,0
7253,100.633132,0
7254,96.396873,0
7255,76.339619,0
7256,76.339619,0
7257,75.934332,0
7258,76.338862,0
7259,76.163949,0
7260,76.163857,0
7261,76.338461,0
7262,80.468716,0
7263,74.870625,0
7264,74.870625,0
7265,76.338107,0
7266,77.699233,0
7267,76.339107,0
7268,80.200707,0
7269,76.338887,0
7270,76.338578,0
7271,96.399628,0
7272,96.401746,0
7273,74.707434,0
7274,79.686545,0
7275,74.872149,0
7276,76.338473,0
7277,97.226671,0
7278,90.380564,0
7279,90.370426,0
7280,90.368647,0
7281,91.555312,0
7282,91.927924,0
7283,91.554583,0
7284,91.563388,0
7285,90.341302,0
7286,90.341219,0
7287,92.364772,0
7288,92.351913,0
7289,91.922860,0
7290,91.922860,0
7291,91.930335,0
7292,91.927422,0
7293,91.568469,0
7294,91.935970,0
7295,91.938241,0
7296,91.937550,0
7297,91.558608,0
7298,91.935621,0
7299,91.552304,0
7300,91.552304,0
7301,90.425080,0
7302,90.331239,0
7303,90.365808,0
7304,96.914431,0
7305,91.567158,0
7306,90.344985,0
7307,96.905774,0
7308,96.907350,0
7309,90.357348,0
7310,93.361290,0
7311,91.931213,0
7312,126.839630,0
7313,126.839630,0
7314,150.346587,0
7315,127.195883,0
7316,127.733163,0
7317,126.895163,0
7318,126.895163,0
7319,706.627953,0
7320,824.084174,0
7321,289.519762,0
7322,447.567733,0
7323,296.253894,0
7324,296.270935,0
7325,289.448101,0
7326,1390.463602,1
7327,3907.455015,1
7328,761.876053,0
7329,3505.878756,1
7330,526.665980,0
7331,4056.866281,1
7332,4056.866281,1
7333,2555.182752,1
7334,1461.758587,1
7335,2550.997112,1
7336,1461.158505,1
7337,1461.041132,1
7338,480.349769,0
7339,673.454487,0
7340,606.697961,0
7341,501.650391,0
7342,501.173366,0
7343,481.241767,0
7344,501.164785,0
7345,481.236991,0
7346,535.947244,0
7347,535.950380,0
7348,501.052059,0
7349,535.946824,0
7350,501.035522,0
7351,501.171584,0
7352,482.404325,0
7353,535.944045,0
7354,481.232349,0
7355,481.229973,0
7356,501.161466,0
7357,501.163059,0
7358,535.948793,0
7359,484.809251,0
7360,484.823540,0
7361,484.772160,0
7362,484.765022,0
7363,484.767487,0
7364,484.818160,0
7365,484.831549,0
7366,484.817333,0
7367,484.859333,0
7368,484.589156,0
7369,484.843880,0
7370,484.820677,0
7371,484.799628,0
7372,516.949117,0
7373,516.966295,0
7374,516.952296,0
7375,516.957378,0
7376,516.957378,0
7377,516.952039,0
7378,516.971393,0
7379,516.947174,0
7380,516.955531,0
7381,540.596711,0
7382,540.519631,0
7383,516.977850,0
7384,516.972755,0
7385,517.378571,0
7386,517.034313,0
7387,516.951180,0
7388,516.954210,0
7389,516.956917,0
7390,534.111253,0
7391,517.032656,0
7392,517.041305,0
7393,516.962418,0
7394,517.032197,0
7395,517.030439,0
7396,855.367176,0
7397,855.375518,0
7398,855.569037,0
7399,1390.762503,1
7400,621.579604,0
7401,621.733246,0
7402,621.744626,0
7403,621.744626,0
7404,621.744626,0
7405,621.744626,0
7406,621.744626,0
7407,621.578445,0
7408,621.728899,0
7409,449.896027,0
7410,427.979132,0
7411,428.489062,0
7412,428.488750,0
7413,428.488892,0
7414,428.489283,0
7415,428.489786,0
7416,428.241874,0
7417,426.045547,0
7418,446.536098,0
7419,428.490338,0
7420,482.543211,0
7421,447.103849,0
7422,426.854678,0
7423,447.960779,0
7424,446.573341,0
7425,427.243154,0
7426,428.625881,0
7427,428.625820,0
7428,427.243133,0
7429,431.213896,0
7430,428.624967,0
7431,428.490509,0
7432,447.237311,0
7433,428.625617,0
7434,428.501971,0
7435,432.110170,0
7436,427.245132,0
7437,428.626322,0
7438,427.244324,0
7439,434.900845,0
7440,435.011327,0
7441,434.909701,0
7442,434.989022,0
7443,434.983991,0
7444,434.982292,0
7445,434.998354,0
7446,434.998389,0
7447,434.993374,0
7448,468.367536,0
7449,491.937111,0
7450,485.354325,0
7451,488.548114,0
7452,485.139944,0
7453,485.322042,0
7454,485.389794,0
7455,468.638756,0
7456,724.504126,0
7457,724.379479,0
7458,733.641545,0
7459,485.673371,0
7460,733.626574,0
7461,805.525112,0
7462,796.449017,0
7463,6377.317318,1
7464,1203.224194,1
7465,806.184990,0
7466,642.707656,0
7467,1736.038534,1
7468,2057.377233,1
7469,4406.022192,1
7470,1669.379110,1
7471,1469.280696,1
7472,1470.945033,1
7473,1664.339048,1
7474,1492.957024,1
7475,1494.084494,1
7476,1476.666119,1
7477,1476.642879,1
7478,1476.666987,1
7479,1476.612482,1
7480,1476.699734,1
7481,1508.485892,1
7482,1525.493108,1
7483,1532.114213,1
7484,1508.506162,1
7485,1525.509597,1
7486,1483.686381,1
7487,1792.611651,1
7488,1960.877906,1
7489,9818.749982,1
7490,1631.326228,1
7491,1655.044364,1
7492,1690.729160,1
7493,1690.728479,1
7494,1690.723681,1
7495,1636.067700,1
7496,1645.660541,1
7497,1639.757323,1
7498,1671.953187,1
7499,1689.535966,1
7500,1689.535966,1
7501,1671.952430,1
7502,1672.023348,1
7503,2010.195131,1
7504,2010.360622,1
7505,2010.240097,1
7506,2010.180729,1
7507,1841.820515,1
7508,578.968787,0
7509,579.718160,0
7510,579.464786,0
7511,579.789834,0
7512,579.931391,0
7513,580.412629,0
7514,580.005371,0
7515,580.005311,0
7516,580.005311,0
7517,580.967057,0
7518,579.787536,0
7519,579.785550,0
7520,579.788347,0
7521,580.413270,0
7522,580.413270,0
7523,579.790913,0
7524,580.086027,0
7525,580.086027,0
7526,580.086027,0
7527,580.086027,0
7528,581.062607,0
7529,580.245558,0
7530,579.467132,0
7531,579.464194,0
7532,579.464992,0
7533,578.181740,0
7534,580.413326,0
7535,581.374388,0
7536,581.366249,0
7537,581.365278,0
7538,583.341846,0
7539,583.341846,0
7540,604.175531,0
7541,640.374721,0
7542,585.796749,0
7543,593.454696,0
7544,593.448498,0
7545,651.881169,0
7546,651.775794,0
7547,651.775794,0
7548,651.751360,0
7549,651.897629,0
7550,1335.689553,1
7551,1158.287691,1
7552,1261.875378,1
7553,1263.529288,1
7554,951.399211,0
7555,837.836856,0
7556,1264.868257,1
7557,1247.124105,1
7558,1247.248920,1
7559,231.138805,0
7560,299.021740,0
7561,298.297444,0
7562,299.022555,0
7563,299.022555,0
7564,102.492378,0
7565,127.027875,0
7566,299.019605,0
7567,299.019605,0
7568,231.466281,0
7569,297.518947,0
7570,298.869587,0
7571,298.869587,0
7572,298.870101,0
7573,298.870101,0
7574,298.870101,0
7575,298.290122,0
7576,298.866586,0
7577,103.142815,0
7578,297.523071,0
7579,104.461300,0
7580,298.867909,0
7581,298.298031,0
7582,104.115573,0
7583,298.594269,0
7584,103.136298,0
7585,298.031085,0
7586,298.290624,0
7587,298.586574,0
7588,125.639280,0
7589,103.130454,0
7590,125.300198,0
7591,126.842530,0
7592,127.015529,0
7593,104.629282,0
7594,104.629282,0
7595,103.135279,0
7596,103.135279,0
7597,103.736902,0
7598,122.499671,0
7599,122.499671,0
7600,122.499671,0
7601,123.180286,0
7602,102.656706,0
7603,103.156161,0
7604,104.082653,0
7605,102.887799,0
7606,103.552880,0
7607,107.237811,0
7608,102.321433,0
7609,104.830591,0
7610,158.569612,0
7611,104.089900,0
7612,104.825132,0
7613,123.441523,0
7614,123.441523,0
7615,104.825035,0
7616,104.827441,0
7617,104.083013,0
7618,122.677069,0
7619,102.483079,0
7620,158.939701,0
7621,104.833171,0
7622,102.376470,0
7623,123.440912,0
7624,103.410678,0
7625,123.442765,0
7626,123.440517,0
7627,123.442026,0
7628,123.580719,0
7629,123.580719,0
7630,102.184245,0
7631,122.679731,0
7632,103.553446,0
7633,103.553446,0
7634,103.553521,0
7635,122.906371,0
7636,123.440258,0
7637,123.438024,0
7638,158.942229,0
7639,102.885733,0
7640,159.205333,0
7641,104.576374,0
7642,122.676853,0
7643,123.439365,0
7644,123.436988,0
7645,123.581313,0
7646,123.580354,0
7647,103.410746,0
7648,122.904281,0
7649,123.438203,0
7650,122.906205,0
7651,158.568423,0
7652,123.578026,0
7653,123.439553,0
7654,123.439553,0
7655,122.503693,0
7656,102.889682,0
7657,102.889664,0
7658,102.888889,0
7659,102.277663,0
7660,122.905516,0
7661,102.365188,0
7662,102.361598,0
7663,102.369463,0
7664,102.361045,0
7665,102.360819,0
7666,102.361044,0
7667,102.484301,0
7668,102.484301,0
7669,158.580558,0
7670,122.282508,0
7671,102.486262,0
7672,123.178599,0
7673,123.178455,0
7674,123.178455,0
7675,123.178455,0
7676,123.178455,0
7677,123.178455,0
7678,123.178455,0
7679,123.178455,0
7680,122.903892,0
7681,123.178817,0
7682,122.418880,0
7683,107.097937,0
7684,107.380458,0
7685,107.237758,0
7686,122.905473,0
7687,122.500457,0
7688,122.499188,0
7689,158.573200,0
7690,105.751092,0
7691,103.480994,0
7692,123.436346,0
7693,107.379303,0
7694,123.578374,0
7695,123.578246,0
7696,107.094972,0
7697,102.879364,0
7698,122.901412,0
7699,102.894392,0
7700,108.753922,0
7701,123.577114,0
7702,123.575416,0
7703,123.575416,0
7704,122.901065,0
7705,122.902728,0
7706,102.371375,0
7707,102.371375,0
7708,122.678523,0
7709,103.412618,0
7710,103.412618,0
7711,102.884198,0
7712,103.415000,0
7713,103.414480,0
7714,103.413990,0
7715,103.413990,0
7716,103.417060,0
7717,103.417060,0
7718,103.417060,0
7719,103.416885,0
7720,105.619090,0
7721,105.619090,0
7722,102.465750,0
7723,103.556734,0
7724,103.556734,0
7725,158.458434,0
7726,158.568752,0
7727,158.568752,0
7728,103.552112,0
7729,123.577895,0
7730,159.583720,0
7731,158.458692,0
7732,103.412058,0
7733,102.484560,0
7734,159.582474,0
7735,103.411605,0
7736,103.417158,0
7737,103.416794,0
7738,103.411487,0
7739,103.411487,0
7740,103.417385,0
7741,103.417652,0
7742,122.379903,0
7743,102.485647,0
7744,102.496952,0
7745,102.496952,0
7746,102.496952,0
7747,102.496952,0
7748,122.500762,0
7749,102.362427,0
7750,102.361878,0
7751,102.361878,0
7752,111.980143,0
7753,111.981448,0
7754,112.319665,0
7755,111.975423,0
7756,111.979129,0
7757,112.005051,0
7758,112.005051,0
7759,112.330057,0
7760,112.313432,0
7761,111.873954,0
7762,112.015019,0
7763,112.335805,0
7764,112.116560,0
7765,112.247376,0
7766,112.245156,0
7767,111.988186,0
7768,112.096030,0
7769,111.878219,0
7770,111.880051,0
7771,112.320315,0
7772,119.175603,0
7773,118.975505,0
7774,118.487022,0
7775,111.973252,0
7776,111.973252,0
7777,119.169793,0
7778,118.992310,0
7779,119.317099,0
7780,119.152901,0
7781,112.257171,0
7782,111.992302,0
7783,112.329729,0
7784,111.974174,0
7785,119.679298,0
7786,112.251769,0
7787,112.324151,0
7788,112.255738,0
7789,111.903176,0
7790,112.251269,0
7791,112.261763,0
7792,146.567324,0
7793,163.776778,0
7794,146.581591,0
7795,146.568769,0
7796,146.573529,0
7797,170.198532,0
7798,169.840103,0
7799,165.543450,0
7800,411.410677,0
7801,411.431790,0
7802,163.807622,0
7803,146.556685,0
7804,163.805680,0
7805,411.411950,0
7806,411.781631,0
7807,146.567382,0
7808,163.608907,0
7809,242.206344,0
7810,146.552874,0
7811,163.733930,0
7812,163.482504,0
7813,163.770016,0
7814,163.770016,0
7815,170.100503,0
7816,146.310852,0
7817,146.309829,0
7818,163.590422,0
7819,163.402558,0
7820,163.732538,0
7821,163.481229,0
7822,146.569992,0
7823,146.220011,0
7824,169.970861,0
7825,169.970861,0
7826,163.439715,0
7827,163.439715,0
7828,146.349272,0
7829,146.217200,0
7830,146.217200,0
7831,242.282885,0
7832,146.213439,0
7833,242.295327,0
7834,146.229743,0
7835,242.214360,0
7836,169.970699,0
7837,146.230435,0
7838,146.354044,0
7839,146.354044,0
7840,146.354044,0
7841,146.258532,0
7842,163.453854,0
7843,169.876493,0
7844,243.988998,0
7845,163.773418,0
7846,163.508085,0
7847,169.983656,0
7848,169.952003,0
7849,2862.932304,1
7850,482.315194,0
7851,866.981734,0
7852,483.682744,0
7853,597.175310,0
7854,429.193943,0
7855,429.071645,0
7856,597.366669,0
7857,597.158851,0
7858,313.106495,0
7859,312.899688,0
7860,319.673000,0
7861,319.697820,0
7862,317.149671,0
7863,319.310568,0
7864,1734.247289,1
7865,766.673978,0
7866,1734.992292,1
7867,149.028468,0
7868,149.905541,0
7869,149.905541,0
7870,149.027239,0
7871,254.874512,0
7872,254.311242,0
7873,254.311242,0
7874,125.673432,0
7875,126.017362,0
7876,124.448951,0
7877,124.446457,0
7878,124.447784,0
7879,126.411030,0
7880,126.411030,0
7881,124.675180,0
7882,125.292658,0
7883,125.292742,0
7884,126.018276,0
7885,124.959508,0
7886,126.410932,0
7887,126.410932,0
7888,125.292243,0
7889,125.291951,0
7890,125.290661,0
7891,126.411088,0
7892,134.306458,0
7893,126.020128,0
7894,255.558827,0
7895,148.440564,0
7896,148.225865,0
7897,126.411245,0
7898,148.443504,0
7899,125.769874,0
7900,149.025530,0
7901,134.302522,0
7902,126.411167,0
7903,148.713616,0
7904,125.765573,0
7905,123.430084,0
7906,123.429547,0
7907,123.431372,0
7908,123.431372,0
7909,123.430344,0
7910,123.434605,0
7911,124.645702,0
7912,124.021124,0
7913,124.022479,0
7914,127.136257,0
7915,127.136257,0
7916,126.682811,0
7917,125.365766,0
7918,126.121391,0
7919,123.430278,0
7920,126.685453,0
7921,124.060827,0
7922,124.206133,0
7923,144.718304,0
7924,124.648311,0
7925,124.648158,0
7926,124.645535,0
7927,124.645012,0
7928,124.645012,0
7929,124.645551,0
7930,125.216720,0
7931,124.205567,0
7932,123.430147,0
7933,122.964608,0
7934,126.121271,0
7935,124.204342,0
7936,123.431118,0
7937,125.689440,0
7938,122.684813,0
7939,145.437929,0
7940,123.430537,0
7941,125.689648,0
7942,125.547556,0
7943,123.431056,0
7944,123.430607,0
7945,123.430607,0
7946,123.429684,0
7947,144.714577,0
7948,124.646175,0
7949,122.685321,0
7950,125.214447,0
7951,128.866520,0
7952,126.412674,0
7953,124.942023,0
7954,123.739216,0
7955,124.022127,0
7956,123.430016,0
7957,124.022117,0
7958,124.022117,0
7959,124.022117,0
7960,124.022369,0
7961,127.275404,0
7962,124.022985,0
7963,123.738554,0
7964,124.022643,0
7965,124.020716,0
7966,148.611474,0
7967,148.611474,0
7968,124.020826,0
7969,125.215490,0
7970,124.022066,0
7971,123.430008,0
7972,123.432367,0
7973,125.711757,0
7974,125.215290,0
7975,122.644274,0
7976,123.964084,0
7977,123.964084,0
7978,123.964118,0
7979,122.965425,0
7980,122.807361,0
7981,125.547574,0
7982,123.171953,0
7983,123.430459,0
7984,122.807426,0
7985,126.869403,0
7986,123.430655,0
7987,124.021883,0
7988,124.023103,0
7989,124.947547,0
7990,124.947547,0
7991,125.215770,0
7992,125.364060,0
7993,126.120139,0
7994,124.645914,0
7995,124.204870,0
7996,124.646383,0
7997,126.682273,0
7998,125.215331,0
7999,125.216539,0
8000,125.216539,0
8001,124.205280,0
8002,124.205280,0
8003,125.216539,0
8004,125.216760,0
8005,122.967207,0
8006,122.967207,0
8007,122.967207,0
8008,125.214955,0
8009,125.215161,0
8010,125.214956,0
8011,130.216264,0
8012,125.691487,0
8013,124.177111,0
8014,125.687861,0
8015,124.645914,0
8016,124.645914,0
8017,125.364250,0
8018,125.363970,0
8019,125.363970,0
8020,125.364244,0
8021,125.364244,0
8022,180.493875,0
8023,125.364049,0
8024,125.363601,0
8025,125.365179,0
8026,125.365179,0
8027,125.365046,0
8028,126.123067,0
8029,125.364466,0
8030,123.429932,0
8031,124.650130,0
8032,124.646579,0
8033,123.437905,0
8034,123.430977,0
8035,126.122123,0
8036,124.645505,0
8037,124.646058,0
8038,124.645918,0
8039,123.430124,0
8040,123.430124,0
8041,123.430546,0
8042,122.964276,0
8043,124.942470,0
8044,124.646173,0
8045,126.122128,0
8046,125.363798,0
8047,125.687672,0
8048,136.499858,0
8049,136.481940,0
8050,136.526168,0
8051,142.936801,0
8052,136.486213,0
8053,136.122094,0
8054,136.837529,0
8055,136.182161,0
8056,136.187252,0
8057,136.178551,0
8058,136.172800,0
8059,136.172800,0
8060,136.114145,0
8061,136.510479,0
8062,142.953846,0
8063,136.517142,0
8064,144.897095,0
8065,144.907353,0
8066,144.930847,0
8067,136.338193,0
8068,136.323279,0
8069,136.336896,0
8070,136.336896,0
8071,136.335110,0
8072,136.513057,0
8073,136.206686,0
8074,136.585640,0
8075,136.569832,0
8076,136.583142,0
8077,136.180882,0
8078,136.187528,0
8079,136.188214,0
8080,136.035881,0
8081,136.035881,0
8082,136.035881,0
8083,136.035881,0
8084,136.035881,0
8085,136.035881,0
8086,171.684982,0
8087,189.328179,0
8088,195.205998,0
8089,188.886599,0
8090,195.096830,0
8091,195.169162,0
8092,171.517562,0
8093,195.199112,0
8094,195.076308,0
8095,195.076308,0
8096,171.440867,0
8097,195.080506,0
8098,621.529616,0
8099,621.529616,0
8100,508.091736,0
8101,453.422444,0
8102,453.797028,0
8103,453.532324,0
8104,621.661600,0
8105,453.563772,0
8106,1697.359410,1
8107,349.555340,0
8108,342.931742,0
8109,2481.236987,1
8110,1757.956945,1
8111,794.272078,0
8112,794.272078,0
8113,1762.565556,1
8114,790.308042,0
8115,914.512933,0
8116,9769.600368,1
8117,10449.286520,1
8118,18910.299455,1
8119,3261.242698,1
8120,17579.064818,1
8121,3639.083513,1
8122,3752.773166,1
8123,3942.785209,1
8124,3475.516185,1
8125,3626.804685,1
8126,3468.985783,1
8127,3978.557009,1
8128,2447.204169,1
8129,2447.993931,1
8130,2447.488196,1
8131,4109.021660,1
8132,4099.856322,1
8133,4103.429367,1
8134,4106.000557,1
8135,4107.403476,1
8136,3035.908733,1
8137,4195.440927,1
8138,7305.794441,1
8139,2879.187995,1
8140,316.244679,0
8141,188.188363,0
8142,188.188363,0
8143,186.557041,0
8144,210.518145,0
8145,187.609104,0
8146,187.608840,0
8147,186.560382,0
8148,187.609104,0
8149,187.609104,0
8150,187.609104,0
8151,187.609959,0
8152,187.395020,0
8153,187.395011,0
8154,187.395454,0
8155,187.395011,0
8156,187.609292,0
8157,187.609665,0
8158,187.609287,0
8159,187.396117,0
8160,187.397361,0
8161,187.611473,0
8162,187.609521,0
8163,210.517837,0
8164,187.610013,0
8165,210.518918,0
8166,210.518779,0
8167,210.520926,0
8168,186.558879,0
8169,300.645471,0
8170,210.517344,0
8171,316.414840,0
8172,186.561862,0
8173,210.753854,0
8174,210.753408,0
8175,188.429744,0
8176,187.122109,0
8177,210.100185,0
8178,187.609235,0
8179,187.608691,0
8180,187.874529,0
8181,210.753394,0
8182,211.372229,0
8183,187.395708,0
8184,210.518990,0
8185,210.518990,0
8186,210.752069,0
8187,187.872281,0
8188,187.872831,0
8189,187.872281,0
8190,187.872281,0
8191,187.873688,0
8192,187.873076,0
8193,187.609204,0
8194,187.395952,0
8195,210.751877,0
8196,187.872910,0
8197,316.251113,0
8198,186.812953,0
8199,187.873919,0
8200,188.968744,0
8201,210.751758,0
8202,188.187774,0
8203,211.386491,0
8204,187.609492,0
8205,186.362573,0
8206,187.610072,0
8207,188.960323,0
8208,188.959668,0
8209,188.959721,0
8210,189.121896,0
8211,245.209850,0
8212,189.044130,0
8213,188.335328,0
8214,189.234780,0
8215,187.836129,0
8216,187.837143,0
8217,190.582368,0
8218,187.660541,0
8219,187.660541,0
8220,245.354135,0
8221,190.785572,0
8222,188.850424,0
8223,188.960803,0
8224,190.358649,0
8225,245.109875,0
8226,189.600806,0
8227,246.106704,0
8228,189.339143,0
8229,189.339166,0
8230,188.960601,0
8231,190.418934,0
8232,189.598033,0
8233,190.360315,0
8234,187.659153,0
8235,188.959601,0
8236,188.959839,0
8237,187.659624,0
8238,188.960495,0
8239,190.419243,0
8240,188.960509,0
8241,187.660944,0
8242,187.660161,0
8243,189.123418,0
8244,188.960469,0
8245,190.423645,0
8246,209.577158,0
8247,188.814263,0
8248,188.814286,0
8249,189.122151,0
8250,209.316050,0
8251,189.122933,0
8252,189.122978,0
8253,188.777958,0
8254,189.122190,0
8255,188.903584,0
8256,190.577124,0
8257,245.096738,0
8258,187.535198,0
8259,187.535198,0
8260,189.121755,0
8261,190.419423,0
8262,189.125183,0
8263,187.535030,0
8264,189.121979,0
8265,190.582944,0
8266,189.123535,0
8267,190.256486,0
8268,188.785748,0
8269,188.959338,0
8270,188.959428,0
8271,187.534536,0
8272,235.759517,0
8273,201.400650,0
8274,200.312508,0
8275,201.058566,0
8276,200.103627,0
8277,203.270790,0
8278,200.080386,0
8279,200.095758,0
8280,200.113285,0
8281,200.454041,0
8282,200.116247,0
8283,200.136919,0
8284,200.124717,0
8285,200.148779,0
8286,200.160378,0
8287,200.198051,0
8288,200.705834,0
8289,200.163491,0
8290,200.091540,0
8291,204.777886,0
8292,259.021126,0
8293,259.029160,0
8294,235.700969,0
8295,235.562191,0
8296,235.563496,0
8297,235.410369,0
8298,685.564693,0
8299,517.637481,0
8300,765.413390,0
8301,406.568962,0
8302,55.906950,0
8303,55.906950,0
8304,55.906950,0
8305,56.763383,0
8306,56.763671,0
8307,56.083180,0
8308,56.083180,0
8309,56.083180,0
8310,55.906950,0
8311,55.905721,0
8312,56.558922,0
8313,253.190044,0
8314,56.868738,0
8315,56.868608,0
8316,183.017518,0
8317,56.975840,0
8318,56.868595,0
8319,56.868595,0
8320,78.113001,0
8321,62.735584,0
8322,182.904196,0
8323,55.994058,0
8324,78.812063,0
8325,55.906950,0
8326,184.656736,0
8327,56.415486,0
8328,55.906950,0
8329,183.010638,0
8330,55.906950,0
8331,55.907334,0
8332,57.427010,0
8333,55.905667,0
8334,55.821855,0
8335,55.821493,0
8336,55.822440,0
8337,56.081882,0
8338,57.196968,0
8339,55.907098,0
8340,55.821859,0
8341,55.739150,0
8342,55.907334,0
8343,55.821859,0
8344,55.821859,0
8345,55.738779,0
8346,56.083185,0
8347,56.224113,0
8348,55.906953,0
8349,55.906953,0
8350,61.715597,0
8351,55.906953,0
8352,56.081697,0
8353,56.223735,0
8354,56.083577,0
8355,55.739150,0
8356,55.739177,0
8357,55.821493,0
8358,55.821871,0
8359,184.657875,0
8360,79.010364,0
8361,77.518500,0
8362,78.109946,0
8363,78.112038,0
8364,78.112197,0
8365,77.131299,0
8366,56.415760,0
8367,54.370393,0
8368,183.390168,0
8369,183.175395,0
8370,77.518796,0
8371,54.347238,0
8372,54.231163,0
8373,62.231022,0
8374,63.369015,0
8375,53.266188,0
8376,63.365871,0
8377,56.415207,0
8378,56.415207,0
8379,56.415251,0
8380,54.567103,0
8381,54.815344,0
8382,54.815260,0
8383,54.816213,0
8384,54.815693,0
8385,54.816402,0
8386,77.516772,0
8387,54.818769,0
8388,53.494132,0
8389,56.976065,0
8390,54.817058,0
8391,54.230649,0
8392,53.493111,0
8393,54.230597,0
8394,54.230880,0
8395,54.230108,0
8396,53.734014,0
8397,54.230692,0
8398,53.730222,0
8399,53.729511,0
8400,53.494045,0
8401,53.491873,0
8402,62.735012,0
8403,53.308608,0
8404,55.695917,0
8405,56.259914,0
8406,113.947240,0
8407,54.798675,0
8408,53.603172,0
8409,53.533658,0
8410,53.006791,0
8411,53.006791,0
8412,53.006791,0
8413,54.798547,0
8414,54.224192,0
8415,54.223606,0
8416,54.225029,0
8417,54.225029,0
8418,53.533576,0
8419,109.796090,0
8420,109.796682,0
8421,54.946386,0
8422,54.224887,0
8423,54.224887,0
8424,54.224887,0
8425,56.263175,0
8426,52.266262,0
8427,54.801695,0
8428,54.798600,0
8429,53.533697,0
8430,53.535151,0
8431,53.533412,0
8432,53.533412,0
8433,53.632299,0
8434,53.632299,0
8435,53.533412,0
8436,53.533412,0
8437,54.224887,0
8438,54.797739,0
8439,54.226042,0
8440,74.855752,0
8441,78.122645,0
8442,54.226541,0
8443,54.224934,0
8444,54.224934,0
8445,54.224934,0
8446,54.225191,0
8447,54.225960,0
8448,54.225966,0
8449,114.905612,0
8450,54.799237,0
8451,54.225529,0
8452,54.798178,0
8453,54.225425,0
8454,54.224388,0
8455,54.224372,0
8456,53.602987,0
8457,53.007076,0
8458,53.006691,0
8459,53.006557,0
8460,53.756913,0
8461,53.006492,0
8462,53.006319,0
8463,53.011390,0
8464,53.006504,0
8465,58.255800,0
8466,53.006689,0
8467,53.602717,0
8468,56.402518,0
8469,53.007117,0
8470,53.007117,0
8471,52.207594,0
8472,54.799944,0
8473,56.409879,0
8474,77.855457,0
8475,53.602356,0
8476,74.276246,0
8477,54.224130,0
8478,53.533320,0
8479,53.533320,0
8480,55.021017,0
8481,52.266677,0
8482,53.604755,0
8483,53.603161,0
8484,53.602746,0
8485,53.606011,0
8486,53.606011,0
8487,53.606011,0
8488,53.606011,0
8489,58.257024,0
8490,53.009735,0
8491,54.948723,0
8492,56.260277,0
8493,54.798688,0
8494,56.018189,0
8495,54.802642,0
8496,53.533443,0
8497,53.602618,0
8498,53.602618,0
8499,53.602618,0
8500,52.536122,0
8501,56.260664,0
8502,57.982739,0
8503,57.982739,0
8504,57.982739,0
8505,77.854898,0
8506,52.536351,0
8507,53.757850,0
8508,55.894281,0
8509,53.533495,0
8510,53.533604,0
8511,53.778554,0
8512,53.778554,0
8513,53.778554,0
8514,53.533662,0
8515,56.191260,0
8516,54.798914,0
8517,54.799001,0
8518,54.800572,0
8519,54.799140,0
8520,54.799048,0
8521,56.260180,0
8522,54.800792,0
8523,54.800792,0
8524,54.800056,0
8525,55.694715,0
8526,55.694715,0
8527,55.694715,0
8528,56.260804,0
8529,56.260804,0
8530,53.778169,0
8531,53.778169,0
8532,56.260503,0
8533,56.260503,0
8534,56.260248,0
8535,54.798344,0
8536,54.224936,0
8537,54.224936,0
8538,109.829413,0
8539,54.798879,0
8540,54.798879,0
8541,77.855594,0
8542,77.855594,0
8543,54.802292,0
8544,54.802292,0
8545,54.802292,0
8546,53.784134,0
8547,54.798879,0
8548,54.798879,0
8549,54.797970,0
8550,58.396014,0
8551,58.397302,0
8552,58.397302,0
8553,54.797809,0
8554,54.798319,0
8555,54.477579,0
8556,53.535661,0
8557,54.799581,0
8558,77.853853,0
8559,78.120539,0
8560,53.006786,0
8561,54.947401,0
8562,54.947349,0
8563,54.947597,0
8564,53.007034,0
8565,53.006816,0
8566,52.536427,0
8567,53.006620,0
8568,52.536131,0
8569,53.007556,0
8570,53.011109,0
8571,57.714972,0
8572,110.465175,0
8573,54.224884,0
8574,74.277573,0
8575,54.225130,0
8576,52.536224,0
8577,52.535980,0
8578,53.779378,0
8579,53.006858,0
8580,55.694634,0
8581,54.225073,0
8582,55.695322,0
8583,55.695322,0
8584,55.694471,0
8585,55.694207,0
8586,54.225216,0
8587,53.006789,0
8588,53.006618,0
8589,54.225379,0
8590,110.046910,0
8591,54.523686,0
8592,54.523686,0
8593,54.523962,0
8594,52.266611,0
8595,52.266581,0
8596,53.757938,0
8597,56.533807,0
8598,56.408538,0
8599,53.759208,0
8600,53.757408,0
8601,58.118313,0
8602,73.823550,0
8603,53.778086,0
8604,53.647469,0
8605,52.536238,0
8606,55.256937,0
8607,58.119131,0
8608,78.126491,0
8609,55.023216,0
8610,53.779443,0
8611,53.757621,0
8612,56.410859,0
8613,55.694328,0
8614,55.257668,0
8615,59.743211,0
8616,111.018027,0
8617,55.695356,0
8618,55.695356,0
8619,54.224537,0
8620,53.006758,0
8621,52.266663,0
8622,52.266663,0
8623,52.267190,0
8624,52.267190,0
8625,55.021231,0
8626,78.125302,0
8627,54.225195,0
8628,52.266374,0
8629,58.255634,0
8630,52.267124,0
8631,52.536466,0
8632,56.532429,0
8633,114.904986,0
8634,114.904987,0
8635,53.533794,0
8636,54.229034,0
8637,54.225596,0
8638,54.225596,0
8639,74.279737,0
8640,53.007084,0
8641,54.225176,0
8642,54.225176,0
8643,54.225176,0
8644,55.707596,0
8645,55.128685,0
8646,52.267135,0
8647,57.217775,0
8648,53.647672,0
8649,73.823939,0
8650,52.665891,0
8651,55.282979,0
8652,75.006794,0
8653,74.852305,0
8654,74.854157,0
8655,54.950218,0
8656,54.948594,0
8657,53.630576,0
8658,55.114196,0
8659,55.114033,0
8660,55.256752,0
8661,55.257272,0
8662,54.224868,0
8663,54.224868,0
8664,54.224868,0
8665,55.257408,0
8666,56.408203,0
8667,55.257209,0
8668,54.925043,0
8669,58.255150,0
8670,56.798323,0
8671,58.395635,0
8672,58.395635,0
8673,52.535843,0
8674,52.535843,0
8675,55.892937,0
8676,53.533325,0
8677,74.588887,0
8678,74.589429,0
8679,58.116971,0
8680,53.767451,0
8681,52.375906,0
8682,52.375849,0
8683,52.375849,0
8684,53.533361,0
8685,52.376548,0
8686,53.777706,0
8687,55.257645,0
8688,55.257645,0
8689,55.257408,0
8690,55.257215,0
8691,73.680410,0
8692,59.741786,0
8693,55.698166,0
8694,54.568534,0
8695,55.540412,0
8696,52.267106,0
8697,52.267106,0
8698,52.535967,0
8699,74.033549,0
8700,74.035089,0
8701,74.035089,0
8702,74.034895,0
8703,74.035126,0
8704,74.035349,0
8705,74.035349,0
8706,74.035349,0
8707,74.034954,0
8708,55.114036,0
8709,53.778792,0
8710,53.778438,0
8711,53.648104,0
8712,52.535953,0
8713,52.535953,0
8714,56.531378,0
8715,56.800750,0
8716,56.669127,0
8717,56.669127,0
8718,56.669891,0
8719,55.898249,0
8720,53.778399,0
8721,53.007600,0
8722,52.908337,0
8723,52.908337,0
8724,73.574581,0
8725,110.386610,0
8726,53.006586,0
8727,74.274151,0
8728,53.006552,0
8729,52.908252,0
8730,56.143653,0
8731,58.260339,0
8732,52.536197,0
8733,56.019956,0
8734,56.017817,0
8735,52.376666,0
8736,56.531207,0
8737,52.535856,0
8738,53.534644,0
8739,73.824465,0
8740,54.672902,0
8741,52.266755,0
8742,65.747034,0
8743,65.751995,0
8744,65.454752,0
8745,65.454752,0
8746,71.670241,0
8747,71.670241,0
8748,65.451925,0
8749,65.764657,0
8750,65.764657,0
8751,65.451802,0
8752,72.164153,0
8753,65.764657,0
8754,65.855151,0
8755,65.764657,0
8756,65.753992,0
8757,65.764657,0
8758,65.354184,0
8759,65.450462,0
8760,65.320583,0
8761,65.310556,0
8762,65.355512,0
8763,72.332286,0
8764,65.758464,0
8765,65.857416,0
8766,65.764958,0
8767,65.764958,0
8768,65.449143,0
8769,65.744722,0
8770,65.460149,0
8771,72.174534,0
8772,66.735141,0
8773,72.498749,0
8774,72.003083,0
8775,72.513493,0
8776,72.513493,0
8777,65.861046,0
8778,65.760459,0
8779,65.760459,0
8780,65.862616,0
8781,71.837556,0
8782,71.837556,0
8783,71.837556,0
8784,65.454562,0
8785,65.432423,0
8786,72.335206,0
8787,71.833024,0
8788,65.755116,0
8789,72.328669,0
8790,72.000727,0
8791,65.771282,0
8792,65.762964,0
8793,65.754793,0
8794,65.754793,0
8795,65.844399,0
8796,65.320668,0
8797,65.320668,0
8798,65.600927,0
8799,65.344958,0
8800,65.764380,0
8801,65.765950,0
8802,65.293246,0
8803,72.157806,0
8804,72.157806,0
8805,65.458483,0
8806,65.454562,0
8807,65.442266,0
8808,65.762634,0
8809,65.454761,0
8810,65.454761,0
8811,65.324946,0
8812,71.670220,0
8813,65.306084,0
8814,65.306084,0
8815,65.382444,0
8816,65.442843,0
8817,65.440468,0
8818,65.496726,0
8819,65.449916,0
8820,65.444827,0
8821,65.448039,0
8822,65.458333,0
8823,67.113287,0
8824,65.359994,0
8825,67.569651,0
8826,71.996753,0
8827,65.356641,0
8828,71.999523,0
8829,65.290167,0
8830,65.381468,0
8831,65.865165,0
8832,70.901940,0
8833,72.332098,0
8834,72.332098,0
8835,72.162912,0
8836,72.162912,0
8837,72.669941,0
8838,71.997777,0
8839,71.996738,0
8840,6957.330916,1
8841,6957.691585,1
8842,6957.691585,1
8843,165.436304,0
8844,124.467113,0
8845,100.828517,0
8846,101.007746,0
8847,100.828826,0
8848,100.829368,0
8849,197.275985,0
8850,357.483649,0
8851,357.483649,0
8852,124.470215,0
8853,124.470215,0
8854,124.473968,0
8855,100.829579,0
8856,124.468471,0
8857,357.486499,0
8858,100.827139,0
8859,100.699146,0
8860,118.167086,0
8861,100.829035,0
8862,124.461545,0
8863,100.827686,0
8864,100.832191,0
8865,124.332160,0
8866,124.236131,0
8867,100.596041,0
8868,100.598385,0
8869,124.259474,0
8870,124.240717,0
8871,124.248787,0
8872,124.248787,0
8873,100.700719,0
8874,118.271170,0
8875,197.050865,0
8876,118.049674,0
8877,118.049674,0
8878,100.826891,0
8879,100.618129,0
8880,100.713230,0
8881,100.824181,0
8882,100.828872,0
8883,124.470490,0
8884,100.830458,0
8885,100.830458,0
8886,100.698303,0
8887,124.312541,0
8888,124.312541,0
8889,124.284056,0
8890,100.666685,0
8891,100.653824,0
8892,100.653824,0
8893,100.750660,0
8894,124.472625,0
8895,124.472822,0
8896,124.472614,0
8897,100.828153,0
8898,100.829151,0
8899,100.832277,0
8900,105.828512,0
8901,100.861372,0
8902,100.830562,0
8903,118.298409,0
8904,366.137616,0
8905,382.836032,0
8906,630.713976,0
8907,382.810514,0
8908,638.204462,0
8909,631.600255,0
8910,272.106195,0
8911,272.092352,0
8912,2545.441885,1
8913,272.222835,0
8914,970.773214,0
8915,1686.957661,1
8916,719.401738,0
8917,849.103390,0
8918,502.645913,0
8919,503.964480,0
8920,503.511280,0
8921,509.495695,0
8922,509.495695,0
8923,14688.537602,1
8924,4751.780391,1
8925,2526.001565,1
8926,2525.958761,1
8927,1435.610515,1
8928,130.058221,0
8929,128.468766,0
8930,257.301719,0
8931,127.847612,0
8932,129.339953,0
8933,128.606435,0
8934,128.606330,0
8935,128.606075,0
8936,128.606075,0
8937,128.606053,0
8938,128.605927,0
8939,257.605320,0
8940,128.105020,0
8941,128.105020,0
8942,128.933410,0
8943,127.879617,0
8944,127.865001,0
8945,1266.344963,1
8946,151.357692,0
8947,129.036984,0
8948,127.830482,0
8949,152.985278,0
8950,152.297977,0
8951,152.295264,0
8952,129.343891,0
8953,129.347334,0
8954,129.366668,0
8955,129.344697,0
8956,128.830029,0
8957,152.295389,0
8958,257.245988,0
8959,151.725884,0
8960,151.725952,0
8961,127.442069,0
8962,127.841354,0
8963,129.337943,0
8964,127.837360,0
8965,129.329402,0
8966,128.795555,0
8967,129.035605,0
8968,129.330598,0
8969,128.836336,0
8970,128.819620,0
8971,128.813491,0
8972,152.310609,0
8973,128.449026,0
8974,128.451162,0
8975,129.178016,0
8976,129.347898,0
8977,127.433464,0
8978,130.058776,0
8979,130.057843,0
8980,130.594471,0
8981,130.594336,0
8982,151.724808,0
8983,151.724682,0
8984,129.332568,0
8985,128.438465,0
8986,128.447884,0
8987,128.447884,0
8988,242.374057,0
8989,129.327900,0
8990,129.327900,0
8991,257.178707,0
8992,128.447387,0
8993,128.441587,0
8994,128.445972,0
8995,127.439683,0
8996,127.611363,0
8997,127.840821,0
8998,241.493581,0
8999,257.179119,0
9000,257.179119,0
9001,128.437809,0
9002,128.442961,0
9003,128.442563,0
9004,128.438825,0
9005,129.333434,0
9006,129.333880,0
9007,129.440483,0
9008,127.611420,0
9009,128.446273,0
9010,132.205704,0
9011,132.205691,0
9012,132.207613,0
9013,132.207658,0
9014,132.205040,0
9015,133.598859,0
9016,130.496250,0
9017,131.075881,0
9018,132.616982,0
9019,131.221543,0
9020,130.045645,0
9021,133.728271,0
9022,133.728288,0
9023,132.204867,0
9024,132.205147,0
9025,152.287210,0
9026,187.022604,0
9027,132.483454,0
9028,132.619760,0
9029,187.024578,0
9030,187.025794,0
9031,133.750043,0
9032,187.022081,0
9033,130.496689,0
9034,130.496689,0
9035,152.137284,0
9036,133.732117,0
9037,187.022924,0
9038,151.574925,0
9039,152.136076,0
9040,132.205263,0
9041,187.003971,0
9042,131.648397,0
9043,133.319799,0
9044,132.351272,0
9045,132.353694,0
9046,132.351106,0
9047,132.205218,0
9048,187.023390,0
9049,187.014016,0
9050,132.205244,0
9051,132.205244,0
9052,133.321872,0
9053,132.482224,0
9054,187.026986,0
9055,187.003761,0
9056,187.001646,0
9057,132.206849,0
9058,187.003555,0
9059,132.617806,0
9060,129.758432,0
9061,133.733771,0
9062,133.320259,0
9063,187.002849,0
9064,187.003755,0
9065,131.648220,0
9066,130.497696,0
9067,130.497696,0
9068,131.409368,0
9069,132.616317,0
9070,132.616317,0
9071,187.002545,0
9072,187.002545,0
9073,133.043533,0
9074,131.409313,0
9075,132.801769,0
9076,132.802157,0
9077,131.076673,0
9078,139.949406,0
9079,139.608912,0
9080,139.575841,0
9081,139.965454,0
9082,139.965454,0
9083,139.522721,0
9084,146.713032,0
9085,139.664411,0
9086,139.658045,0
9087,139.658045,0
9088,139.680326,0
9089,140.042893,0
9090,139.582051,0
9091,140.037918,0
9092,146.876676,0
9093,139.804809,0
9094,139.610408,0
9095,139.803520,0
9096,140.031995,0
9097,140.048462,0
9098,140.086561,0
9099,139.653381,0
9100,146.891543,0
9101,146.891543,0
9102,139.657624,0
9103,139.666272,0
9104,197.502426,0
9105,190.896482,0
9106,190.933483,0
9107,191.834134,0
9108,191.798191,0
9109,197.264991,0
9110,197.264991,0
9111,197.264991,0
9112,197.265040,0
9113,197.221818,0
9114,190.695995,0
9115,197.463727,0
9116,197.451770,0
9117,200.709398,0
9118,200.709398,0
9119,441.536824,0
9120,190.685997,0
9121,191.046987,0
9122,197.454362,0
9123,173.829175,0
9124,190.887259,0
9125,191.000636,0
9126,190.936007,0
9127,190.893413,0
9128,199.153128,0
9129,197.700459,0
9130,197.700459,0
9131,191.647850,0
9132,498.294772,0
9133,501.947014,0
9134,2890.486867,1
9135,503.392430,0
9136,890.360058,0
9137,501.673984,0
9138,499.638276,0
9139,456.507598,0
9140,704.333215,0
9141,456.632005,0
9142,624.631677,0
9143,624.602914,0
9144,456.507433,0
9145,456.680617,0
9146,624.694324,0
9147,456.570339,0
9148,511.232997,0
9149,456.546140,0
9150,456.683139,0
9151,456.573636,0
9152,755.228842,0
9153,875.978099,0
9154,875.978099,0
9155,497.963768,0
9156,340.112549,0
9157,340.112169,0
9158,497.972025,0
9159,340.277761,0
9160,340.277761,0
9161,5060.536871,1
9162,340.115578,0
9163,7019.179089,1
9164,8519.087981,1
9165,7242.998241,1
9166,8225.207566,1
9167,5225.452159,1
9168,90.695060,0
9169,90.697580,0
9170,90.068945,0
9171,66.390939,0
9172,90.696240,0
9173,67.156076,0
9174,90.068726,0
9175,67.157353,0
9176,65.836290,0
9177,65.837704,0
9178,90.069281,0
9179,90.069281,0
9180,66.091716,0
9181,90.693838,0
9182,90.693838,0
9183,66.673253,0
9184,65.635417,0
9185,66.325752,0
9186,74.339498,0
9187,89.830622,0
9188,66.345250,0
9189,66.673758,0
9190,66.676502,0
9191,65.645353,0
9192,89.507971,0
9193,89.507536,0
9194,89.832062,0
9195,65.644071,0
9196,67.844404,0
9197,66.094202,0
9198,90.695892,0
9199,90.695892,0
9200,90.068996,0
9201,66.744920,0
9202,90.696457,0
9203,90.695971,0
9204,90.695971,0
9205,89.400189,0
9206,90.067609,0
9207,65.837611,0
9208,89.831735,0
9209,89.829606,0
9210,89.829606,0
9211,89.829606,0
9212,66.088992,0
9213,90.067164,0
9214,90.069697,0
9215,90.069395,0
9216,90.069395,0
9217,68.260076,0
9218,90.694266,0
9219,65.635462,0
9220,74.402320,0
9221,66.325084,0
9222,66.325084,0
9223,89.831938,0
9224,89.832141,0
9225,89.507453,0
9226,89.507453,0
9227,66.506295,0
9228,195.514216,0
9229,66.744987,0
9230,65.836778,0
9231,66.089004,0
9232,90.069065,0
9233,90.069987,0
9234,66.090594,0
9235,66.088763,0
9236,66.389676,0
9237,66.389655,0
9238,66.389698,0
9239,66.390384,0
9240,66.390384,0
9241,89.832276,0
9242,65.837755,0
9243,65.837823,0
9244,67.842590,0
9245,66.088452,0
9246,66.090306,0
9247,66.090306,0
9248,66.090306,0
9249,89.832174,0
9250,65.836778,0
9251,89.831209,0
9252,89.644233,0
9253,89.644176,0
9254,89.645326,0
9255,89.644110,0
9256,89.644673,0
9257,89.644110,0
9258,65.635342,0
9259,89.644176,0
9260,66.889010,0
9261,89.831794,0
9262,89.832548,0
9263,89.644930,0
9264,66.309923,0
9265,74.347121,0
9266,90.069788,0
9267,67.155931,0
9268,65.635584,0
9269,66.392021,0
9270,66.391215,0
9271,66.390834,0
9272,66.675176,0
9273,66.673578,0
9274,65.839909,0
9275,66.672521,0
9276,89.644148,0
9277,65.840452,0
9278,65.844793,0
9279,65.844793,0
9280,66.094843,0
9281,196.009765,0
9282,66.096646,0
9283,66.399336,0
9284,65.839862,0
9285,65.838391,0
9286,89.644737,0
9287,89.833959,0
9288,66.390510,0
9289,90.069290,0
9290,196.621795,0
9291,89.840677,0
9292,90.068044,0
9293,89.831433,0
9294,89.644539,0
9295,89.831209,0
9296,66.889775,0
9297,66.889775,0
9298,89.831995,0
9299,89.831973,0
9300,89.507971,0
9301,89.832690,0
9302,195.565657,0
9303,66.892234,0
9304,66.506205,0
9305,66.889059,0
9306,66.891153,0
9307,66.891153,0
9308,195.566397,0
9309,65.484688,0
9310,89.832282,0
9311,89.831312,0
9312,65.838350,0
9313,66.889321,0
9314,66.889064,0
9315,67.156365,0
9316,89.831157,0
9317,89.831628,0
9318,89.831628,0
9319,89.831628,0
9320,66.089646,0
9321,65.836939,0
9322,89.831522,0
9323,89.831522,0
9324,90.068945,0
9325,68.259612,0
9326,68.259612,0
9327,90.069564,0
9328,65.836890,0
9329,66.889857,0
9330,65.840846,0
9331,66.399842,0
9332,66.399842,0
9333,65.841287,0
9334,65.838834,0
9335,66.889543,0
9336,67.729968,0
9337,65.855183,0
9338,89.830940,0
9339,89.832628,0
9340,65.839125,0
9341,65.837869,0
9342,195.600262,0
9343,89.832500,0
9344,89.831416,0
9345,90.067887,0
9346,90.067887,0
9347,89.384047,0
9348,89.419793,0
9349,89.644101,0
9350,89.644101,0
9351,66.089031,0
9352,66.748770,0
9353,90.699525,0
9354,90.695465,0
9355,90.695142,0
9356,66.750842,0
9357,65.383690,0
9358,89.645151,0
9359,89.645151,0
9360,89.832067,0
9361,65.485527,0
9362,89.829548,0
9363,90.071519,0
9364,90.071252,0
9365,66.391379,0
9366,90.069483,0
9367,90.069483,0
9368,89.831352,0
9369,89.831352,0
9370,66.390574,0
9371,89.831004,0
9372,67.841550,0
9373,66.087814,0
9374,67.506968,0
9375,66.748575,0
9376,74.874364,0
9377,89.831522,0
9378,89.831522,0
9379,65.637982,0
9380,66.507186,0
9381,65.637507,0
9382,66.888803,0
9383,68.630855,0
9384,66.672363,0
9385,74.510011,0
9386,89.420930,0
9387,66.672346,0
9388,65.637139,0
9389,66.392166,0
9390,66.392128,0
9391,89.834312,0
9392,72.904946,0
9393,67.702119,0
9394,68.997330,0
9395,69.477227,0
9396,70.917090,0
9397,70.444709,0
9398,68.207671,0
9399,70.916503,0
9400,124.945720,0
9401,69.001136,0
9402,70.104020,0
9403,68.638123,0
9404,70.088770,0
9405,67.702140,0
9406,68.638365,0
9407,67.524971,0
9408,70.444600,0
9409,70.283707,0
9410,68.762092,0
9411,68.638059,0
9412,68.637897,0
9413,88.583506,0
9414,88.785521,0
9415,68.997168,0
9416,68.638523,0
9417,70.174030,0
9418,70.235119,0
9419,68.651592,0
9420,70.235245,0
9421,68.760618,0
9422,70.283672,0
9423,68.652761,0
9424,70.287217,0
9425,70.283519,0
9426,70.283519,0
9427,68.898862,0
9428,70.113581,0
9429,70.283444,0
9430,124.942265,0
9431,67.525370,0
9432,68.761565,0
9433,68.716843,0
9434,69.478553,0
9435,69.478327,0
9436,69.478252,0
9437,70.916926,0
9438,69.003263,0
9439,70.444160,0
9440,67.702359,0
9441,69.477968,0
9442,67.702563,0
9443,67.705793,0
9444,124.943311,0
9445,69.479516,0
9446,90.204210,0
9447,124.943456,0
9448,70.916412,0
9449,67.930188,0
9450,69.478726,0
9451,89.438282,0
9452,89.438549,0
9453,70.916716,0
9454,70.445262,0
9455,70.283938,0
9456,67.929368,0
9457,67.929368,0
9458,70.920915,0
9459,69.214589,0
9460,70.238600,0
9461,70.238600,0
9462,68.996263,0
9463,69.481536,0
9464,124.945263,0
9465,70.239523,0
9466,70.239523,0
9467,89.440580,0
9468,89.437705,0
9469,68.208268,0
9470,68.996603,0
9471,124.959401,0
9472,70.917214,0
9473,70.173948,0
9474,88.667591,0
9475,67.702288,0
9476,70.283662,0
9477,68.674744,0
9478,68.674518,0
9479,68.674604,0
9480,70.283834,0
9481,124.922447,0
9482,124.922447,0
9483,68.213365,0
9484,68.207948,0
9485,68.207948,0
9486,68.207948,0
9487,68.207948,0
9488,68.207948,0
9489,68.997725,0
9490,68.996434,0
9491,68.996434,0
9492,70.283740,0
9493,70.444618,0
9494,71.669324,0
9495,71.669324,0
9496,70.173411,0
9497,70.173411,0
9498,69.478155,0
9499,68.834251,0
9500,69.002071,0
9501,68.716695,0
9502,124.956332,0
9503,68.716913,0
9504,68.717102,0
9505,70.104542,0
9506,68.638734,0
9507,68.652737,0
9508,70.173612,0
9509,68.652750,0
9510,68.652872,0
9511,68.760283,0
9512,67.525907,0
9513,69.323784,0
9514,125.411921,0
9515,70.104333,0
9516,124.907981,0
9517,69.478365,0
9518,67.702539,0
9519,67.320552,0
9520,67.320552,0
9521,67.325147,0
9522,124.962784,0
9523,70.922819,0
9524,68.209140,0
9525,67.702264,0
9526,70.285770,0
9527,67.524699,0
9528,69.211704,0
9529,69.211854,0
9530,67.704230,0
9531,70.655636,0
9532,125.210267,0
9533,68.723652,0
9534,67.525035,0
9535,67.524868,0
9536,70.289806,0
9537,67.702097,0
9538,67.702748,0
9539,70.655271,0
9540,70.658487,0
9541,67.396784,0
9542,68.761147,0
9543,68.674753,0
9544,68.674753,0
9545,67.397981,0
9546,67.397981,0
9547,70.104709,0
9548,70.444595,0
9549,70.235608,0
9550,70.283858,0
9551,68.716379,0
9552,70.173387,0
9553,68.761670,0
9554,67.524494,0
9555,124.900638,0
9556,68.760520,0
9557,70.180107,0
9558,68.638548,0
9559,68.638178,0
9560,69.086748,0
9561,88.836797,0
9562,68.898579,0
9563,80.239547,0
9564,79.944008,0
9565,79.952380,0
9566,79.719458,0
9567,79.712379,0
9568,79.714200,0
9569,80.377374,0
9570,80.361025,0
9571,79.741469,0
9572,80.328285,0
9573,79.946445,0
9574,79.889430,0
9575,79.811220,0
9576,79.716825,0
9577,86.614129,0
9578,79.902589,0
9579,79.892254,0
9580,86.595770,0
9581,80.326768,0
9582,80.326768,0
9583,79.892089,0
9584,80.325108,0
9585,79.698704,0
9586,80.328003,0
9587,80.328003,0
9588,79.890868,0
9589,79.901688,0
9590,79.901688,0
9591,79.700129,0
9592,79.706014,0
9593,79.905290,0
9594,79.910963,0
9595,79.905021,0
9596,79.905021,0
9597,80.327482,0
9598,80.331361,0
9599,80.329063,0
9600,80.367748,0
9601,80.367748,0
9602,86.283842,0
9603,79.938539,0
9604,80.062023,0
9605,80.062549,0
9606,80.057158,0
9607,79.740751,0
9608,83.812390,0
9609,138.584305,0
9610,114.922125,0
9611,138.586156,0
9612,114.921762,0
9613,132.515556,0
9614,132.449529,0
9615,138.586280,0
9616,138.586504,0
9617,138.591260,0
9618,211.350595,0
9619,115.112799,0
9620,132.962563,0
9621,132.449721,0
9622,446.596030,0
9623,397.032379,0
9624,451.630495,0
9625,397.019921,0
9626,565.018257,0
9627,397.027181,0
9628,397.067244,0
9629,451.524038,0
9630,813.784352,0
9631,1640.375742,1
9632,1640.375742,1
9633,694.462571,0
9634,437.337640,0
9635,437.318051,0
9636,279.371846,0
9637,437.965632,0
9638,437.329838,0
9639,437.333444,0
9640,286.083619,0
9641,286.083619,0
9642,286.117411,0
9643,437.817009,0
9644,985.105076,0
9645,733.552915,0
9646,3491.502483,1
9647,752.212132,0
9648,734.275474,0
9649,516.708894,0
9650,858.343889,0
9651,858.343889,0
9652,8457.448048,1
9653,8457.448048,1
9654,536.113928,0
9655,536.114645,0
9656,341.060514,0
9657,536.444834,0
9658,536.444288,0
9659,468.631079,0
9660,339.914281,0
9661,341.063004,0
9662,341.060192,0
9663,452.731684,0
9664,341.458709,0
9665,341.458709,0
9666,341.816415,0
9667,341.813638,0
9668,340.627791,0
9669,536.125471,0
9670,535.615715,0
9671,535.615715,0
9672,341.062869,0
9673,341.063048,0
9674,340.632648,0
9675,339.298855,0
9676,536.745698,0
9677,341.458970,0
9678,364.085361,0
9679,341.078255,0
9680,340.393760,0
9681,341.648149,0
9682,396.679160,0
9683,341.078253,0
9684,341.078254,0
9685,341.078254,0
9686,341.374623,0
9687,341.375624,0
9688,341.375707,0
9689,341.374618,0
9690,340.636504,0
9691,340.636504,0
9692,340.636504,0
9693,396.676974,0
9694,340.636433,0
9695,339.875861,0
9696,339.878247,0
9697,341.796883,0
9698,341.078931,0
9699,397.222038,0
9700,397.224517,0
9701,341.373734,0
9702,341.078260,0
9703,360.834391,0
9704,343.083677,0
9705,397.221657,0
9706,341.078265,0
9707,341.649289,0
9708,342.088361,0
9709,341.078746,0
9710,341.078746,0
9711,397.222130,0
9712,341.078255,0
9713,396.598373,0
9714,341.647520,0
9715,341.647520,0
9716,397.914605,0
9717,346.479332,0
9718,340.635614,0
9719,341.374044,0
9720,351.267777,0
9721,351.576045,0
9722,351.565811,0
9723,351.409257,0
9724,351.246011,0
9725,351.246011,0
9726,351.156101,0
9727,482.020760,0
9728,413.760076,0
9729,386.148805,0
9730,386.144136,0
9731,386.144136,0
9732,6185.330749,1
9733,483.121794,0
9734,403.294916,0
9735,386.157956,0
9736,700.814835,0
9737,707.721505,0
9738,713.485745,0
9739,668.545008,0
9740,1087.098626,1
9741,6363.836288,1
9742,159.965908,0
9743,159.962403,0
9744,159.962447,0
9745,159.310558,0
9746,288.103008,0
9747,288.103008,0
9748,159.315336,0
9749,159.309052,0
9750,182.136887,0
9751,159.399253,0
9752,159.273491,0
9753,159.272742,0
9754,160.586821,0
9755,159.960932,0
9756,182.608898,0
9757,182.607698,0
9758,182.607698,0
9759,158.776718,0
9760,158.776718,0
9761,158.775235,0
9762,288.026052,0
9763,288.098589,0
9764,183.177458,0
9765,159.533174,0
9766,159.533174,0
9767,160.585773,0
9768,183.176604,0
9769,182.865994,0
9770,159.960307,0
9771,159.045276,0
9772,159.275319,0
9773,183.185414,0
9774,289.038085,0
9775,159.286596,0
9776,159.286596,0
9777,159.285686,0
9778,159.275221,0
9779,159.275221,0
9780,182.135141,0
9781,182.135141,0
9782,167.251851,0
9783,159.275360,0
9784,162.762156,0
9785,182.241913,0
9786,159.275371,0
9787,288.023615,0
9788,288.023615,0
9789,159.274072,0
9790,158.775058,0
9791,182.074119,0
9792,160.735410,0
9793,160.770361,0
9794,160.757602,0
9795,160.800660,0
9796,160.800573,0
9797,160.735743,0
9798,160.849190,0
9799,160.743700,0
9800,160.735631,0
9801,160.916274,0
9802,160.720956,0
9803,160.736198,0
9804,160.721052,0
9805,160.721057,0
9806,160.800596,0
9807,160.801292,0
9808,160.800804,0
9809,216.853276,0
9810,217.441843,0
9811,217.457839,0
9812,217.456641,0
9813,160.736717,0
9814,160.735547,0
9815,160.982117,0
9816,160.916774,0
9817,159.803843,0
9818,160.978533,0
9819,159.558549,0
9820,159.558549,0
9821,160.737334,0
9822,160.916331,0
9823,160.916989,0
9824,161.082797,0
9825,161.298837,0
9826,161.298837,0
9827,160.844976,0
9828,160.756329,0
9829,181.133859,0
9830,181.660114,0
9831,182.074932,0
9832,180.945912,0
9833,163.498694,0
9834,163.498694,0
9835,160.983504,0
9836,161.081921,0
9837,160.800705,0
9838,161.081997,0
9839,161.403504,0
9840,161.403504,0
9841,161.401729,0
9842,162.815452,0
9843,160.800919,0
9844,160.800745,0
9845,161.084161,0
9846,159.666186,0
9847,159.562995,0
9848,159.562995,0
9849,216.852595,0
9850,160.916481,0
9851,160.800658,0
9852,160.844625,0
9853,160.916141,0
9854,160.801391,0
9855,159.656111,0
9856,160.826285,0
9857,162.269230,0
9858,159.804689,0
9859,159.804689,0
9860,159.804689,0
9861,159.804689,0
9862,159.804689,0
9863,159.804689,0
9864,170.193345,0
9865,177.394593,0
9866,170.015419,0
9867,170.841312,0
9868,170.096816,0
9869,170.825609,0
9870,170.216273,0
9871,170.023205,0
9872,170.023205,0
9873,170.245810,0
9874,170.843729,0
9875,171.520438,0
9876,176.893862,0
9877,178.668491,0
9878,171.519233,0
9879,171.931808,0
9880,170.084874,0
9881,170.060497,0
9882,170.047499,0
9883,170.028136,0
9884,170.200154,0
9885,170.018741,0
9886,204.663024,0
9887,228.297160,0
9888,204.658164,0
9889,204.660988,0
9890,204.657265,0
9891,204.657265,0
9892,204.655307,0
9893,204.654382,0
9894,204.654382,0
9895,228.304667,0
9896,228.305154,0
9897,204.658125,0
9898,204.658572,0
9899,204.689599,0
9900,204.689165,0
9901,204.689165,0
9902,204.689863,0
9903,204.651286,0
9904,204.688247,0
9905,204.692982,0
9906,204.696790,0
9907,204.656718,0
9908,204.656718,0
9909,204.654382,0
9910,204.657844,0
9911,221.934702,0
9912,204.661038,0
9913,204.435122,0
9914,204.435122,0
9915,222.638222,0
9916,228.337188,0
9917,204.681141,0
9918,204.681141,0
9919,228.335716,0
9920,204.692327,0
9921,530.420676,0
9922,735.026413,0
9923,541.700782,0
9924,734.873871,0
9925,487.252696,0
9926,487.167603,0
9927,487.322886,0
9928,541.721717,0
9929,529.199656,0
9930,370.637925,0
9931,370.678911,0
9932,377.220781,0
9933,528.579723,0
9934,240.339175,0
9935,240.334246,0
9936,240.334246,0
9937,240.335587,0
9938,263.526756,0
9939,263.461704,0
9940,263.461704,0
9941,240.333249,0
9942,240.219577,0
9943,240.249873,0
9944,248.925805,0
9945,239.975233,0
9946,240.249428,0
9947,240.249299,0
9948,239.579115,0
9949,239.975620,0
9950,240.898060,0
9951,240.659774,0
9952,239.752628,0
9953,239.975047,0
9954,241.186488,0
9955,240.659038,0
9956,248.377288,0
9957,240.290927,0
9958,240.336702,0
9959,264.259160,0
9960,240.897972,0
9961,241.525031,0
9962,240.899437,0
9963,248.924358,0
9964,240.897983,0
9965,369.730493,0
9966,240.247823,0
9967,240.659141,0
9968,264.258404,0
9969,248.696361,0
9970,264.258404,0
9971,264.258249,0
9972,264.258289,0
9973,240.336583,0
9974,248.304063,0
9975,248.304544,0
9976,263.999972,0
9977,239.974480,0
9978,239.974480,0
9979,248.695811,0
9980,248.695811,0
9981,240.247834,0
9982,240.228704,0
9983,240.247780,0
9984,241.749237,0
9985,240.247672,0
9986,249.203513,0
9987,241.309638,0
9988,241.296827,0
9989,242.913403,0
9990,241.657254,0
9991,241.656746,0
9992,241.656746,0
9993,241.656823,0
9994,241.657807,0
9995,241.294231,0
9996,242.823794,0
9997,242.935196,0
9998,241.308472,0
9999,241.309613,0
10000,241.293405,0
10001,242.843686,0
10002,241.306918,0
10003,241.492218,0
10004,241.373533,0
10005,261.655230,0
10006,241.310404,0
10007,244.193376,0
10008,241.657892,0
10009,242.840098,0
10010,242.840098,0
10011,241.376461,0
10012,241.654631,0
10013,241.293478,0
10014,242.936784,0
10015,243.248891,0
10016,241.487886,0
10017,241.411347,0
10018,242.843386,0
10019,241.374328,0
10020,241.375574,0
10021,241.485525,0
10022,241.654098,0
10023,241.868792,0
10024,241.871171,0
10025,241.654658,0
10026,241.654658,0
10027,241.654703,0
10028,241.871580,0
10029,241.420155,0
10030,241.411627,0
10031,243.248976,0
10032,242.937113,0
10033,242.854641,0
10034,242.824109,0
10035,241.372819,0
10036,241.487824,0
10037,240.137421,0
10038,241.550082,0
10039,243.035527,0
10040,243.066618,0
10041,243.249455,0
10042,243.248627,0
10043,240.341953,0
10044,261.492880,0
10045,243.762415,0
10046,240.339506,0
10047,240.141807,0
10048,255.167274,0
10049,1543.771116,1
10050,572.939275,0
10051,461.070663,0
10052,457.487007,0
10053,457.407794,0
10054,611.986782,0
10055,453.988504,0
10056,453.985450,0
10057,926.600190,0
10058,926.580092,0
10059,603.790511,0
10060,628.023673,0
10061,626.582518,0
10062,626.582518,0
10063,626.582518,0
10064,626.582518,0
10065,626.582518,0
10066,662.261729,0
10067,605.581052,0
10068,626.575536,0
10069,607.835708,0
10070,607.963788,0
10071,626.521736,0
10072,606.946901,0
10073,607.966085,0
10074,607.968358,0
10075,617.358757,0
10076,611.178615,0
10077,611.169421,0
10078,611.344188,0
10079,611.862552,0
10080,611.262934,0
10081,611.324553,0
10082,611.214022,0
10083,611.362146,0
10084,611.348944,0
10085,611.076238,0
10086,611.093258,0
10087,611.093258,0
10088,644.256865,0
10089,644.256865,0
10090,644.256865,0
10091,644.256865,0
10092,644.256865,0
10093,643.760456,0
10094,644.188087,0
10095,908.990197,0
10096,644.174912,0
10097,675.683346,0
10098,675.683346,0
10099,644.190415,0
10100,667.784416,0
10101,908.975288,0
10102,644.180697,0
10103,3346.991822,1
10104,927.553070,0
10105,814.084752,0
10106,820.399322,0
10107,1266.991364,1
10108,423.129779,0
10109,399.506831,0
10110,399.025826,0
10111,423.784183,0
10112,423.784395,0
10113,399.542670,0
10114,399.545279,0
10115,399.553443,0
10116,399.545471,0
10117,407.627520,0
10118,399.259315,0
10119,399.543995,0
10120,400.767758,0
10121,399.542726,0
10122,408.313632,0
10123,399.544378,0
10124,399.543220,0
10125,399.025994,0
10126,408.602720,0
10127,399.542463,0
10128,399.541338,0
10129,399.541054,0
10130,407.748890,0
10131,399.263656,0
10132,399.258904,0
10133,401.471018,0
10134,399.260788,0
10135,399.031872,0
10136,399.469539,0
10137,399.469539,0
10138,399.260888,0
10139,399.258022,0
10140,399.259270,0
10141,399.198116,0
10142,408.608249,0
10143,399.542592,0
10144,399.543050,0
10145,399.542670,0
10146,408.602556,0
10147,399.469280,0
10148,399.507549,0
10149,399.507612,0
10150,399.507612,0
10151,399.507612,0
10152,399.507612,0
10153,399.507549,0
10154,399.258366,0
10155,399.261236,0
10156,399.259727,0
10157,399.257793,0
10158,402.396058,0
10159,399.545229,0
10160,399.540412,0
10161,423.297624,0
10162,399.541716,0
10163,399.542899,0
10164,399.260499,0
10165,399.666939,0
10166,399.666939,0
10167,399.260957,0
10168,405.470754,0
10169,407.321654,0
10170,405.319652,0
10171,409.665073,0
10172,407.324363,0
10173,404.496819,0
10174,404.496819,0
10175,407.129460,0
10176,407.321446,0
10177,403.961576,0
10178,405.576025,0
10179,407.129375,0
10180,1149.568330,1
10181,615.412193,0
10182,510.251201,0
10183,510.251201,0
10184,515.165353,0
10185,515.165353,0
10186,515.165353,0
10187,487.946381,0
10188,511.622178,0
10189,508.779417,0
10190,488.927678,0
10191,488.927570,0
10192,508.916516,0
10193,508.916730,0
10194,508.919191,0
10195,508.247746,0
10196,508.920229,0
10197,490.186002,0
10198,490.185008,0
10199,490.323825,0
10200,487.857830,0
10201,487.857830,0
10202,488.928997,0
10203,488.928845,0
10204,490.322218,0
10205,507.843904,0
10206,508.918594,0
10207,490.325262,0
10208,490.321872,0
10209,508.917276,0
10210,490.319936,0
10211,544.891398,0
10212,496.823982,0
10213,496.823826,0
10214,496.788381,0
10215,496.729155,0
10216,496.801680,0
10217,496.795245,0
10218,496.709672,0
10219,496.801762,0
10220,496.458256,0
10221,496.458256,0
10222,635.410707,0
10223,530.637738,0
10224,530.634798,0
10225,554.821950,0
10226,627.023407,0
10227,867.794442,0
10228,867.864547,0
10229,867.864547,0
10230,867.864547,0
10231,1172.839085,1
10232,1166.683647,1
10233,1408.126313,1
10234,1401.842081,1
10235,2582.781827,1
10236,1401.515019,1
10237,1401.515019,1
10238,1796.508056,1
10239,2580.892810,1
10240,1151.194292,1
10241,1151.362997,1
10242,934.200087,0
10243,151.721626,0
10244,128.841445,0
10245,151.903603,0
10246,129.315843,0
10247,152.136107,0
10248,128.512996,0
10249,151.722708,0
10250,151.721849,0
10251,151.903730,0
10252,151.721666,0
10253,151.903768,0
10254,151.903833,0
10255,129.991038,0
10256,152.137201,0
10257,152.136269,0
10258,129.315427,0
10259,129.903230,0
10260,151.497717,0
10261,127.550998,0
10262,129.990493,0
10263,152.135971,0
10264,128.276888,0
10265,151.903488,0
10266,128.276849,0
10267,128.500677,0
10268,128.500274,0
10269,128.029953,0
10270,128.499875,0
10271,129.628042,0
10272,137.923624,0
10273,151.903325,0
10274,257.422489,0
10275,137.012138,0
10276,136.499240,0
10277,136.807933,0
10278,151.910886,0
10279,151.721518,0
10280,151.903709,0
10281,151.721533,0
10282,128.843412,0
10283,130.770829,0
10284,129.054973,0
10285,151.904220,0
10286,129.053796,0
10287,129.053796,0
10288,257.593245,0
10289,242.668552,0
10290,129.057976,0
10291,257.625218,0
10292,129.057976,0
10293,127.833356,0
10294,152.753071,0
10295,152.751442,0
10296,128.033050,0
10297,130.772114,0
10298,127.452581,0
10299,127.454752,0
10300,131.007970,0
10301,127.281758,0
10302,128.480655,0
10303,129.974000,0
10304,127.484773,0
10305,130.084208,0
10306,128.408718,0
10307,130.238424,0
10308,130.237853,0
10309,130.236216,0
10310,127.456960,0
10311,127.453790,0
10312,129.978759,0
10313,127.159086,0
10314,127.161783,0
10315,127.161252,0
10316,148.891099,0
10317,129.978798,0
10318,127.285814,0
10319,128.878768,0
10320,128.586760,0
10321,130.238140,0
10322,128.685174,0
10323,129.220258,0
10324,130.239948,0
10325,128.749421,0
10326,128.476903,0
10327,130.237860,0
10328,128.459592,0
10329,129.978637,0
10330,128.417077,0
10331,128.475553,0
10332,127.457239,0
10333,127.452107,0
10334,129.529765,0
10335,185.059142,0
10336,127.281100,0
10337,129.981747,0
10338,130.446751,0
10339,127.454649,0
10340,129.980011,0
10341,129.980011,0
10342,128.684050,0
10343,127.286908,0
10344,130.237743,0
10345,129.975137,0
10346,128.746314,0
10347,129.220154,0
10348,128.476176,0
10349,149.422372,0
10350,148.894126,0
10351,148.894126,0
10352,128.588462,0
10353,130.084255,0
10354,148.893494,0
10355,128.584371,0
10356,128.586942,0
10357,128.587459,0
10358,128.686064,0
10359,130.061598,0
10360,128.685328,0
10361,128.686350,0
10362,128.543396,0
10363,130.096305,0
10364,128.447724,0
10365,128.726945,0
10366,149.132194,0
10367,149.132194,0
10368,149.126671,0
10369,148.701999,0
10370,149.133285,0
10371,127.278203,0
10372,130.084349,0
10373,128.877488,0
10374,128.876793,0
10375,127.252494,0
10376,128.477735,0
10377,133.724460,0
10378,128.684289,0
10379,149.418925,0
10380,128.416605,0
10381,128.408904,0
10382,130.084956,0
10383,129.980308,0
10384,129.980308,0
10385,184.801384,0
10386,127.282439,0
10387,127.281285,0
10388,129.118976,0
10389,130.088302,0
10390,127.163384,0
10391,130.085153,0
10392,129.978903,0
10393,128.586498,0
10394,128.747219,0
10395,130.081791,0
10396,128.542775,0
10397,128.542063,0
10398,128.591263,0
10399,127.283951,0
10400,128.957927,0
10401,127.163670,0
10402,127.163520,0
10403,128.587241,0
10404,128.587241,0
10405,129.980365,0
10406,127.457483,0
10407,184.800639,0
10408,129.921410,0
10409,130.085963,0
10410,130.086263,0
10411,127.949885,0
10412,127.950871,0
10413,127.285607,0
10414,129.979012,0
10415,128.878630,0
10416,130.080856,0
10417,149.133065,0
10418,127.456822,0
10419,129.114411,0
10420,143.034171,0
10421,149.279691,0
10422,149.279691,0
10423,140.915820,0
10424,140.915870,0
10425,140.882262,0
10426,140.879159,0
10427,140.879887,0
10428,141.220056,0
10429,140.878608,0
10430,140.952438,0
10431,142.211044,0
10432,141.007596,0
10433,145.861451,0
10434,140.915101,0
10435,141.572148,0
10436,141.572629,0
10437,142.199623,0
10438,140.913849,0
10439,140.912408,0
10440,142.589251,0
10441,142.593193,0
10442,140.910942,0
10443,147.867366,0
10444,142.224244,0
10445,140.873957,0
10446,140.905917,0
10447,140.873688,0
10448,140.884245,0
10449,140.913115,0
10450,141.004630,0
10451,140.913419,0
10452,140.912393,0
10453,141.136962,0
10454,141.136962,0
10455,141.147271,0
10456,149.474242,0
10457,140.906601,0
10458,176.476265,0
10459,176.455680,0
10460,176.588814,0
10461,176.476867,0
10462,200.201257,0
10463,176.578836,0
10464,176.406896,0
10465,176.493998,0
10466,200.208650,0
10467,200.205963,0
10468,516.504277,0
10469,500.484483,0
10470,626.467896,0
10471,706.346487,0
10472,626.485307,0
10473,810.811462,0
10474,3961.237398,1
10475,3961.237398,1
10476,3961.237398,1
10477,3961.237398,1
10478,29600.084928,1
10479,340.516207,0
10480,498.607519,0
10481,2622.233027,1
10482,1762.689027,1
10483,31227.924688,1
10484,290.066083,0
10485,289.908366,0
10486,289.300376,0
10487,461.568067,0
10488,267.293036,0
10489,288.203945,0
10490,288.074726,0
10491,287.384818,0
10492,322.981812,0
10493,287.132473,0
10494,268.252399,0
10495,288.201170,0
10496,288.198619,0
10497,288.197669,0
10498,288.201270,0
10499,288.068074,0
10500,267.293035,0
10501,288.202778,0
10502,288.198170,0
10503,267.303892,0
10504,288.067611,0
10505,288.067500,0
10506,288.068373,0
10507,288.065887,0
10508,287.230054,0
10509,287.578330,0
10510,288.071182,0
10511,288.070881,0
10512,287.578586,0
10513,268.254476,0
10514,268.253675,0
10515,267.632643,0
10516,287.581293,0
10517,287.580698,0
10518,287.126981,0
10519,287.231332,0
10520,287.579936,0
10521,273.448047,0
10522,273.630612,0
10523,273.613152,0
10524,273.634951,0
10525,273.570540,0
10526,273.536026,0
10527,273.544112,0
10528,273.332248,0
10529,273.626464,0
10530,273.626464,0
10531,273.540334,0
10532,273.542870,0
10533,273.570466,0
10534,273.538919,0
10535,273.302707,0
10536,273.552150,0
10537,273.564548,0
10538,273.344111,0
10539,273.341255,0
10540,273.319459,0
10541,273.377989,0
10542,7167.285591,1
10543,339.144910,0
10544,330.473202,0
10545,306.850843,0
10546,306.850843,0
10547,330.429197,0
10548,330.466766,0
10549,330.474711,0
10550,330.471891,0
10551,330.482715,0
10552,306.803568,0
10553,323.882361,0
10554,330.441250,0
10555,306.803966,0
10556,306.875810,0
10557,323.925162,0
10558,323.882756,0
10559,330.478998,0
10560,306.854493,0
10561,330.358750,0
10562,333.358387,0
10563,338.390522,0
10564,338.390096,0
10565,332.174099,0
10566,338.950028,0
10567,332.403218,0
10568,332.355196,0
10569,330.351992,0
10570,330.347715,0
10571,330.125448,0
10572,589.919942,0
10573,644.161739,0
10574,837.647431,0
10575,837.666256,0
10576,845.054098,0
10577,589.915233,0
10578,758.052864,0
10579,1913.495104,1
10580,475.363478,0
10581,481.625283,0
10582,2628.663861,1
10583,2628.663861,1
10584,929.094221,0
10585,712.130492,0
10586,713.427442,0
10587,712.484145,0
10588,715.388261,0
10589,712.437653,0
10590,715.869368,0
10591,712.172827,0
10592,712.177817,0
10593,1054.063045,0
10594,1053.428683,0
10595,1053.454542,0
10596,15420.135965,1
10597,777.087766,0
10598,777.084717,0
10599,776.421908,0
10600,776.420835,0
10601,776.424765,0
10602,907.814507,0
10603,777.778795,0
10604,776.723567,0
10605,776.414445,0
10606,777.081793,0
10607,800.134676,0
10608,801.762176,0
10609,777.789740,0
10610,778.657392,0
10611,776.844489,0
10612,778.167797,0
10613,778.379161,0
10614,777.991114,0
10615,779.648439,0
10616,779.468615,0
10617,777.996363,0
10618,779.471883,0
10619,834.877830,0
10620,780.123727,0
10621,779.652961,0
10622,778.373055,0
10623,790.216848,0
10624,790.216867,0
10625,790.202054,0
10626,790.284459,0
10627,825.254178,0
10628,848.759943,0
10629,1124.871092,1
10630,1865.329786,1
10631,2113.938238,1
10632,996.506784,0
10633,4608.923036,1
10634,1461.557705,1
10635,204.004585,0
10636,203.839132,0
10637,204.216614,0
10638,228.301709,0
10639,204.020998,0
10640,204.011283,0
10641,204.225278,0
10642,203.838820,0
10643,204.215411,0
10644,204.215411,0
10645,204.219603,0
10646,204.001568,0
10647,228.098946,0
10648,320.040587,0
10649,204.219288,0
10650,204.216442,0
10651,204.223455,0
10652,205.230387,0
10653,205.231000,0
10654,205.230294,0
10655,204.003491,0
10656,204.001997,0
10657,204.002047,0
10658,204.695678,0
10659,204.216704,0
10660,204.484989,0
10661,204.478895,0
10662,204.216037,0
10663,204.481781,0
10664,204.480456,0
10665,204.480583,0
10666,204.003522,0
10667,204.005538,0
10668,228.098855,0
10669,228.098946,0
10670,204.004484,0
10671,203.838566,0
10672,204.216424,0
10673,204.216415,0
10674,203.651593,0
10675,204.216709,0
10676,203.775458,0
10677,205.002929,0
10678,204.695528,0
10679,228.299931,0
10680,204.006393,0
10681,204.479375,0
10682,205.575757,0
10683,205.575384,0
10684,205.574643,0
10685,204.006149,0
10686,228.098946,0
10687,204.481777,0
10688,204.491584,0
10689,204.481579,0
10690,204.008587,0
10691,205.003473,0
10692,205.001102,0
10693,228.101094,0
10694,204.215633,0
10695,204.215683,0
10696,204.590809,0
10697,204.215678,0
10698,204.590440,0
10699,204.794359,0
10700,205.158825,0
10701,204.794359,0
10702,228.098761,0
10703,203.776550,0
10704,228.099199,0
10705,334.279329,0
10706,204.002519,0
10707,213.518633,0
10708,213.518633,0
10709,228.300671,0
10710,205.001541,0
10711,205.002633,0
10712,205.002633,0
10713,204.617575,0
10714,204.695096,0
10715,204.693969,0
10716,229.199007,0
10717,204.696153,0
10718,205.231461,0
10719,209.817239,0
10720,207.031408,0
10721,207.031408,0
10722,207.962931,0
10723,206.701200,0
10724,206.702108,0
10725,209.644590,0
10726,207.030948,0
10727,206.700542,0
10728,208.064905,0
10729,209.427948,0
10730,209.427948,0
10731,209.522458,0
10732,207.987832,0
10733,209.818640,0
10734,209.817474,0
10735,206.840822,0
10736,209.522805,0
10737,209.522510,0
10738,207.032818,0
10739,207.030590,0
10740,209.527843,0
10741,208.065423,0
10742,208.065472,0
10743,208.065423,0
10744,228.265994,0
10745,208.064123,0
10746,206.789479,0
10747,207.032270,0
10748,208.374274,0
10749,208.067075,0
10750,208.065642,0
10751,208.065642,0
10752,206.700965,0
10753,206.701909,0
10754,208.065431,0
10755,264.439341,0
10756,207.992357,0
10757,208.065423,0
10758,209.522458,0
10759,209.522346,0
10760,208.064677,0
10761,208.065713,0
10762,208.065695,0
10763,208.064440,0
10764,209.455761,0
10765,219.507590,0
10766,219.259243,0
10767,219.297952,0
10768,219.346292,0
10769,219.245351,0
10770,219.270562,0
10771,254.807181,0
10772,254.807181,0
10773,273.000847,0
10774,254.612619,0
10775,536.736869,0
10776,1858.120448,1
10777,888.612691,0
10778,425.451016,0
10779,425.408230,0
10780,425.943292,0
10781,576.614178,0
10782,685.567873,0
10783,709.474164,0
10784,693.568392,0
10785,708.903763,0
10786,684.853001,0
10787,4862.785323,1
10788,694.570396,0
10789,694.572514,0
10790,685.038379,0
10791,685.273725,0
10792,685.038826,0
10793,694.029740,0
10794,686.740798,0
10795,685.274362,0
10796,685.042205,0
10797,684.616181,0
10798,684.616972,0
10799,685.276331,0
10800,685.276769,0
10801,693.747098,0
10802,687.660153,0
10803,684.855701,0
10804,685.604061,0
10805,709.082157,0
10806,684.854120,0
10807,694.275524,0
10808,684.855200,0
10809,694.274442,0
10810,694.273864,0
10811,749.116346,0
10812,689.711514,0
10813,688.620855,0
10814,689.857109,0
10815,690.045296,0
10816,689.713748,0
10817,690.045051,0
10818,709.767276,0
10819,691.178776,0
10820,689.599552,0
10821,688.083629,0
10822,4668.254687,1
10823,4668.082967,1
10824,4668.082967,1
10825,141.948210,0
10826,141.496348,0
10827,141.196534,0
10828,141.193927,0
10829,141.193927,0
10830,141.620501,0
10831,141.620501,0
10832,141.622284,0
10833,141.947582,0
10834,271.383576,0
10835,142.186664,0
10836,141.948275,0
10837,141.759256,0
10838,141.759256,0
10839,141.759351,0
10840,142.186628,0
10841,165.366434,0
10842,141.193992,0
10843,140.971109,0
10844,141.195130,0
10845,141.194701,0
10846,141.759656,0
10847,141.759656,0
10848,141.759656,0
10849,141.947410,0
10850,142.475341,0
10851,141.496130,0
10852,165.364685,0
10853,165.364685,0
10854,165.364685,0
10855,141.194728,0
10856,165.364685,0
10857,141.469678,0
10858,141.196530,0
10859,141.758932,0
10860,141.758932,0
10861,141.758932,0
10862,165.626129,0
10863,142.186563,0
10864,141.948632,0
10865,141.533265,0
10866,164.996372,0
10867,164.996372,0
10868,164.996372,0
10869,164.996372,0
10870,164.996372,0
10871,164.996372,0
10872,164.996372,0
10873,164.996372,0
10874,164.996372,0
10875,164.996372,0
10876,165.364685,0
10877,165.364685,0
10878,165.364685,0
10879,165.364685,0
10880,165.364685,0
10881,165.155204,0
10882,165.155204,0
10883,141.948964,0
10884,142.475545,0
10885,140.969570,0
10886,141.467759,0
10887,141.199362,0
10888,141.472083,0
10889,165.624770,0
10890,141.467954,0
10891,165.624655,0
10892,165.624655,0
10893,165.625400,0
10894,141.468622,0
10895,140.970978,0
10896,140.970553,0
10897,142.187467,0
10898,141.760207,0
10899,141.195190,0
10900,142.188598,0
10901,142.188598,0
10902,142.186880,0
10903,142.476165,0
10904,142.478253,0
10905,165.155460,0
10906,165.155459,0
10907,164.996268,0
10908,165.364590,0
10909,165.364582,0
10910,165.364181,0
10911,165.364181,0
10912,165.364737,0
10913,142.186291,0
10914,165.624163,0
10915,165.624163,0
10916,165.365949,0
10917,141.191755,0
10918,140.673820,0
10919,141.193569,0
10920,140.967868,0
10921,141.620185,0
10922,165.364895,0
10923,149.697572,0
10924,149.697234,0
10925,165.364231,0
10926,165.364231,0
10927,165.155252,0
10928,271.214041,0
10929,165.364467,0
10930,165.364478,0
10931,165.364379,0
10932,165.364685,0
10933,165.364685,0
10934,165.364583,0
10935,165.364685,0
10936,165.364685,0
10937,165.364480,0
10938,165.364894,0
10939,165.364582,0
10940,165.364582,0
10941,141.949606,0
10942,141.947476,0
10943,141.947700,0
10944,141.193311,0
10945,141.758870,0
10946,141.947997,0
10947,141.761974,0
10948,141.192183,0
10949,141.948695,0
10950,165.365808,0
10951,141.192907,0
10952,141.621670,0
10953,141.191970,0
10954,141.193555,0
10955,141.758421,0
10956,141.758421,0
10957,141.622087,0
10958,141.471188,0
10959,165.625304,0
10960,165.625580,0
10961,165.625240,0
10962,165.625229,0
10963,141.192354,0
10964,141.193141,0
10965,141.467378,0
10966,141.468213,0
10967,150.236457,0
10968,150.234397,0
10969,142.464640,0
10970,141.470836,0
10971,151.229089,0
10972,165.364819,0
10973,141.494728,0
10974,141.948726,0
10975,141.948726,0
10976,149.693455,0
10977,141.622095,0
10978,147.641565,0
10979,146.104301,0
10980,147.556995,0
10981,144.647424,0
10982,147.545955,0
10983,146.189721,0
10984,146.191031,0
10985,146.189721,0
10986,146.326869,0
10987,146.327900,0
10988,147.772406,0
10989,166.079275,0
10990,144.943515,0
10991,144.943515,0
10992,146.146688,0
10993,146.189778,0
10994,146.189721,0
10995,146.189721,0
10996,146.189721,0
10997,147.771811,0
10998,147.771943,0
10999,144.795524,0
11000,146.067714,0
11001,146.191682,0
11002,166.135387,0
11003,147.956128,0
11004,147.639255,0
11005,147.771784,0
11006,147.557934,0
11007,146.258447,0
11008,146.158477,0
11009,146.066650,0
11010,202.354697,0
11011,146.067192,0
11012,146.067556,0
11013,166.022395,0
11014,146.104468,0
11015,146.104468,0
11016,146.104468,0
11017,165.951642,0
11018,146.191826,0
11019,144.792976,0
11020,147.638846,0
11021,147.556938,0
11022,146.145792,0
11023,146.145019,0
11024,144.944106,0
11025,146.259754,0
11026,147.641565,0
11027,147.640414,0
11028,147.640222,0
11029,157.278154,0
11030,157.263066,0
11031,157.324939,0
11032,158.354615,0
11033,529.261965,0
11034,474.660909,0
11035,363.228243,0
11036,356.376592,0
11037,356.366582,0
11038,363.221299,0
11039,165.440184,0
11040,166.421374,0
11041,165.448077,0
11042,165.451406,0
11043,167.287604,0
11044,165.839238,0
11045,188.623598,0
11046,189.515197,0
11047,167.346536,0
11048,167.346536,0
11049,188.872671,0
11050,173.264093,0
11051,166.541966,0
11052,165.439924,0
11053,165.440299,0
11054,189.514624,0
11055,189.514551,0
11056,189.514624,0
11057,188.427366,0
11058,188.623492,0
11059,164.504527,0
11060,188.623839,0
11061,164.505213,0
11062,164.506319,0
11063,164.509748,0
11064,164.765465,0
11065,164.767102,0
11066,164.763999,0
11067,164.771006,0
11068,165.447451,0
11069,165.077047,0
11070,164.507481,0
11071,189.166948,0
11072,189.166948,0
11073,188.623928,0
11074,188.623877,0
11075,164.516379,0
11076,164.516379,0
11077,164.771256,0
11078,164.519789,0
11079,164.512422,0
11080,164.308044,0
11081,165.570577,0
11082,188.623877,0
11083,164.519469,0
11084,295.493416,0
11085,164.506354,0
11086,164.940634,0
11087,164.519783,0
11088,164.510176,0
11089,164.518520,0
11090,188.624093,0
11091,188.624093,0
11092,164.767814,0
11093,165.562098,0
11094,188.623018,0
11095,164.294471,0
11096,188.623064,0
11097,188.623264,0
11098,188.623793,0
11099,188.623777,0
11100,164.771127,0
11101,253.069875,0
11102,166.224169,0
11103,164.506992,0
11104,164.507276,0
11105,278.340984,0
11106,164.788400,0
11107,164.502849,0
11108,188.623333,0
11109,165.837361,0
11110,164.770351,0
11111,164.769368,0
11112,164.507029,0
11113,164.515614,0
11114,164.766305,0
11115,165.446023,0
11116,164.780347,0
11117,164.767256,0
11118,165.084311,0
11119,165.077580,0
11120,164.507875,0
11121,188.626194,0
11122,165.561994,0
11123,164.506943,0
11124,164.509736,0
11125,164.508525,0
11126,165.447488,0
11127,173.005543,0
11128,173.012976,0
11129,164.027483,0
11130,164.509640,0
11131,164.509659,0
11132,164.779138,0
11133,166.045118,0
11134,165.088520,0
11135,165.443471,0
11136,3820.555567,1
11137,188.623444,0
11138,164.293401,0
11139,188.426728,0
11140,188.426182,0
11141,188.426182,0
11142,165.159459,0
11143,165.080633,0
11144,164.772109,0
11145,165.160032,0
11146,188.629011,0
11147,164.508893,0
11148,164.827642,0
11149,164.782305,0
11150,164.787993,0
11151,164.301538,0
11152,165.078034,0
11153,164.767776,0
11154,164.767712,0
11155,164.293819,0
11156,171.941372,0
11157,169.738320,0
11158,171.949879,0
11159,225.872766,0
11160,169.667068,0
11161,171.450761,0
11162,172.555641,0
11163,171.156719,0
11164,171.944074,0
11165,168.401290,0
11166,168.537061,0
11167,168.536721,0
11168,225.895382,0
11169,189.908647,0
11170,168.536848,0
11171,168.536848,0
11172,168.538459,0
11173,169.868142,0
11174,168.724047,0
11175,169.662754,0
11176,170.556476,0
11177,171.450668,0
11178,169.862394,0
11179,170.535722,0
11180,170.535557,0
11181,168.725431,0
11182,168.724706,0
11183,168.967987,0
11184,170.045236,0
11185,169.736808,0
11186,168.536901,0
11187,171.449969,0
11188,168.544167,0
11189,168.537815,0
11190,180.125422,0
11191,179.781266,0
11192,179.571223,0
11193,179.769235,0
11194,181.128605,0
11195,179.544309,0
11196,179.572001,0
11197,182.565169,0
11198,179.551176,0
11199,179.747125,0
11200,182.026802,0
11201,182.026802,0
11202,182.028407,0
11203,483.303039,0
11204,239.777257,0
11205,744.558594,0
11206,793.508039,0
11207,912.528027,0
11208,793.440840,0
11209,793.496876,0
11210,912.661670,0
11211,913.337484,0
11212,537.122340,0
11213,537.584325,0
11214,537.584325,0
11215,385.794460,0
11216,536.991807,0
11217,385.857130,0
11218,386.527033,0
11219,1084.011719,1
11220,4864.148878,1
11221,1549.240941,1
11222,356.727142,0
11223,461.468662,0
11224,461.468662,0
11225,350.626712,0
11226,461.722995,0
11227,348.629269,0
11228,348.629228,0
11229,348.629276,0
11230,348.724627,0
11231,348.724627,0
11232,348.723060,0
11233,348.723972,0
11234,348.723020,0
11235,348.723020,0
11236,478.388820,0
11237,357.040904,0
11238,461.570099,0
11239,356.887002,0
11240,4002.304153,1
11241,356.891742,0
11242,356.786491,0
11243,357.041270,0
11244,356.783732,0
11245,347.826921,0
11246,347.825207,0
11247,356.886960,0
11248,347.839259,0
11249,461.420155,0
11250,356.785559,0
11251,356.782713,0
11252,356.782713,0
11253,356.886817,0
11254,356.782889,0
11255,347.825903,0
11256,372.172106,0
11257,356.783410,0
11258,356.890411,0
11259,461.473178,0
11260,356.887615,0
11261,347.938973,0
11262,347.826112,0
11263,356.783058,0
11264,347.769026,0
11265,356.726301,0
11266,356.726445,0
11267,461.469684,0
11268,347.759120,0
11269,347.763559,0
11270,356.727521,0
11271,356.726974,0
11272,545.930641,0
11273,356.782714,0
11274,356.886710,0
11275,347.825669,0
11276,348.627089,0
11277,348.628375,0
11278,461.469358,0
11279,348.627724,0
11280,348.629300,0
11281,356.726641,0
11282,356.726827,0
11283,461.421770,0
11284,354.164917,0
11285,354.164917,0
11286,354.164365,0
11287,373.789443,0
11288,353.918274,0
11289,353.919936,0
11290,352.182610,0
11291,352.367228,0
11292,353.724539,0
11293,352.361803,0
11294,352.369466,0
11295,353.720770,0
11296,352.183447,0
11297,352.183591,0
11298,352.183591,0
11299,352.183241,0
11300,353.572715,0
11301,353.721648,0
11302,353.721648,0
11303,353.725087,0
11304,353.721467,0
11305,367.118772,0
11306,1098.024406,1
11307,1338.682368,1
11308,1338.807045,1
11309,1338.807765,1
11310,1338.807765,1
11311,1338.807765,1
11312,1338.807765,1
11313,1338.807765,1
11314,1338.807765,1
11315,1338.807765,1
11316,1338.807765,1
11317,1338.807765,1
11318,1338.807765,1
11319,1338.807765,1
11320,1338.807577,1
11321,1343.682848,1
11322,1364.411443,1
11323,1342.856895,1
11324,1352.069885,1
11325,1724.429632,1
11326,3695.926435,1
11327,2004.392151,1
11328,2130.382520,1
11329,281.171326,0
11330,279.783050,0
11331,279.955929,0
11332,151.700963,0
11333,174.714019,0
11334,347.529445,0
11335,279.659585,0
11336,280.518610,0
11337,174.718290,0
11338,175.540770,0
11339,175.540770,0
11340,152.299032,0
11341,152.299032,0
11342,347.376038,0
11343,151.604053,0
11344,171.643055,0
11345,171.636443,0
11346,171.638676,0
11347,207.639153,0
11348,150.674780,0
11349,171.640585,0
11350,171.640585,0
11351,171.640052,0
11352,153.859763,0
11353,151.604783,0
11354,150.684957,0
11355,151.747377,0
11356,207.778038,0
11357,150.492587,0
11358,155.910893,0
11359,151.744024,0
11360,153.157822,0
11361,153.159220,0
11362,155.334338,0
11363,207.137325,0
11364,157.157929,0
11365,153.159639,0
11366,153.160051,0
11367,171.112337,0
11368,153.160335,0
11369,153.159530,0
11370,151.927538,0
11371,153.158527,0
11372,152.771479,0
11373,151.744209,0
11374,151.744032,0
11375,153.155235,0
11376,152.503620,0
11377,171.640219,0
11378,171.640219,0
11379,171.640219,0
11380,171.640525,0
11381,151.077671,0
11382,171.781980,0
11383,171.781966,0
11384,207.662933,0
11385,155.057247,0
11386,154.155178,0
11387,151.077976,0
11388,151.350676,0
11389,151.350799,0
11390,151.350799,0
11391,206.668079,0
11392,154.278104,0
11393,154.278099,0
11394,151.604892,0
11395,170.711050,0
11396,153.153410,0
11397,207.778255,0
11398,171.108628,0
11399,152.499526,0
11400,153.592071,0
11401,153.592071,0
11402,149.971694,0
11403,152.499715,0
11404,154.657732,0
11405,151.742840,0
11406,151.741003,0
11407,207.772619,0
11408,152.284949,0
11409,152.501050,0
11410,152.501327,0
11411,171.109675,0
11412,171.109689,0
11413,152.500843,0
11414,207.774746,0
11415,153.156053,0
11416,153.156731,0
11417,152.117240,0
11418,206.774558,0
11419,206.774558,0
11420,170.710866,0
11421,150.855399,0
11422,151.350277,0
11423,149.972422,0
11424,171.640720,0
11425,171.110895,0
11426,171.638694,0
11427,153.157401,0
11428,153.158176,0
11429,153.156737,0
11430,153.157760,0
11431,171.637008,0
11432,150.518563,0
11433,150.519056,0
11434,154.136504,0
11435,152.500091,0
11436,152.116046,0
11437,149.555204,0
11438,150.682853,0
11439,207.141154,0
11440,160.462149,0
11441,160.566964,0
11442,167.761896,0
11443,167.598947,0
11444,160.475046,0
11445,160.475046,0
11446,160.122308,0
11447,167.599569,0
11448,160.563041,0
11449,160.224473,0
11450,160.559045,0
11451,160.568603,0
11452,160.556789,0
11453,160.114068,0
11454,160.114068,0
11455,160.111924,0
11456,160.127204,0
11457,160.120464,0
11458,167.966897,0
11459,167.602685,0
11460,167.440978,0
11461,167.440978,0
11462,160.560630,0
11463,160.468203,0
11464,160.548596,0
11465,167.433914,0
11466,160.235524,0
11467,160.547470,0
11468,160.227809,0
11469,160.217284,0
11470,160.466863,0
11471,167.772189,0
11472,160.556950,0
11473,160.215342,0
11474,160.467239,0
11475,160.476209,0
11476,160.317104,0
11477,160.554919,0
11478,162.271935,0
11479,160.552648,0
11480,160.215342,0
11481,160.215342,0
11482,160.554919,0
11483,160.114907,0
11484,160.208588,0
11485,167.613735,0
11486,160.206017,0
11487,160.554005,0
11488,160.547903,0
11489,160.544828,0
11490,160.472513,0
11491,160.210908,0
11492,160.216080,0
11493,167.416070,0
11494,160.207254,0
11495,160.207254,0
11496,160.118166,0
11497,160.118166,0
11498,160.341970,0
11499,167.428190,0
11500,160.551987,0
11501,160.468656,0
11502,160.209870,0
11503,160.207581,0
11504,194.545841,0
11505,211.816547,0
11506,222.756375,0
11507,211.817937,0
11508,218.161629,0
11509,218.196743,0
11510,218.213777,0
11511,218.176801,0
11512,194.670928,0
11513,165.186783,0
11514,218.160666,0
11515,194.547302,0
11516,211.819427,0
11517,211.819427,0
11518,468.759271,0
11519,468.759271,0
11520,218.154775,0
11521,3482.267441,1
11522,477.338474,0
11523,645.323985,0
11524,477.383723,0
11525,531.706122,0
11526,777.405525,0
11527,598.117188,0
11528,598.051694,0
11529,2621.391373,1
11530,2621.391373,1
11531,1530.453505,1
11532,1530.549417,1
11533,151.097022,0
11534,176.877940,0
11535,152.935138,0
11536,152.935138,0
11537,151.296199,0
11538,152.962395,0
11539,151.549044,0
11540,151.097078,0
11541,151.297411,0
11542,152.935762,0
11543,153.301370,0
11544,152.353981,0
11545,152.620447,0
11546,151.310361,0
11547,175.287793,0
11548,151.549034,0
11549,175.286896,0
11550,151.546052,0
11551,151.795875,0
11552,151.795884,0
11553,151.110129,0
11554,175.291611,0
11555,151.303010,0
11556,151.299474,0
11557,151.552510,0
11558,151.549313,0
11559,151.112012,0
11560,175.101133,0
11561,175.099728,0
11562,175.099714,0
11563,151.097808,0
11564,175.100535,0
11565,264.729378,0
11566,151.557436,0
11567,151.304963,0
11568,265.091822,0
11569,151.101730,0
11570,151.303760,0
11571,151.117622,0
11572,152.354045,0
11573,175.284003,0
11574,151.557808,0
11575,175.103246,0
11576,175.101079,0
11577,353.042508,0
11578,152.353576,0
11579,175.521340,0
11580,175.522235,0
11581,151.846924,0
11582,151.847605,0
11583,175.285451,0
11584,175.522638,0
11585,151.551068,0
11586,151.552383,0
11587,175.113496,0
11588,175.294928,0
11589,265.095047,0
11590,175.311026,0
11591,175.286573,0
11592,175.098971,0
11593,151.860715,0
11594,175.100768,0
11595,175.100768,0
11596,175.285742,0
11597,175.522657,0
11598,175.523114,0
11599,175.522445,0
11600,175.100058,0
11601,175.287214,0
11602,266.922408,0
11603,154.507041,0
11604,174.964834,0
11605,175.521531,0
11606,174.965877,0
11607,152.354655,0
11608,175.099793,0
11609,175.286714,0
11610,175.099203,0
11611,175.107330,0
11612,175.099860,0
11613,175.526304,0
11614,151.297174,0
11615,175.521010,0
11616,175.286630,0
11617,175.284959,0
11618,175.285132,0
11619,175.520830,0
11620,151.296950,0
11621,152.619727,0
11622,156.328704,0
11623,152.819915,0
11624,155.858675,0
11625,154.134435,0
11626,156.328633,0
11627,154.251090,0
11628,210.375275,0
11629,154.248491,0
11630,152.947704,0
11631,155.699878,0
11632,152.945758,0
11633,152.949870,0
11634,156.639254,0
11635,152.947975,0
11636,156.330450,0
11637,153.348132,0
11638,157.707112,0
11639,157.079873,0
11640,152.949810,0
11641,154.248024,0
11642,155.531775,0
11643,154.250545,0
11644,154.250545,0
11645,154.250545,0
11646,154.248233,0
11647,210.333698,0
11648,155.858882,0
11649,155.858292,0
11650,154.249334,0
11651,210.355356,0
11652,156.106666,0
11653,152.949701,0
11654,152.945422,0
11655,152.820208,0
11656,154.411379,0
11657,210.370154,0
11658,154.059107,0
11659,153.122752,0
11660,152.821582,0
11661,152.820601,0
11662,154.134543,0
11663,152.946037,0
11664,152.945867,0
11665,210.354530,0
11666,210.354530,0
11667,152.820291,0
11668,152.821178,0
11669,152.820622,0
11670,153.124991,0
11671,154.136550,0
11672,154.138264,0
11673,154.141056,0
11674,154.248706,0
11675,152.744097,0
11676,152.946613,0
11677,154.891735,0
11678,154.134307,0
11679,154.247964,0
11680,210.354932,0
11681,154.412214,0
11682,154.412289,0
11683,152.945784,0
11684,152.945913,0
11685,153.122429,0
11686,152.819638,0
11687,154.139791,0
11688,154.139791,0
11689,210.356005,0
11690,153.122435,0
11691,154.412697,0
11692,156.068291,0
11693,165.098142,0
11694,165.096544,0
11695,165.095396,0
11696,165.289534,0
11697,165.288801,0
11698,165.761102,0
11699,165.262508,0
11700,165.146674,0
11701,165.089377,0
11702,165.130177,0
11703,166.370659,0
11704,166.372454,0
11705,165.115070,0
11706,165.115335,0
11707,165.121915,0
11708,165.061607,0
11709,165.083847,0
11710,224.029981,0
11711,200.364704,0
11712,219.389058,0
11713,200.397388,0
11714,200.399296,0
11715,200.397688,0
11716,200.263074,0
11717,200.401603,0
11718,200.323109,0
11719,223.957696,0
11720,524.536916,0
11721,549.171882,0
11722,730.316495,0
11723,536.991413,0
11724,522.895844,0
11725,364.806634,0
11726,364.775758,0
11727,5084.165738,1
11728,818.959952,0
11729,6180.799647,1
11730,601.946595,0
11731,601.899964,0
11732,6100.240225,1
11733,9295.014534,1
11734,236.879427,0
11735,237.140864,0
11736,237.131962,0
11737,236.880151,0
11738,260.782263,0
11739,260.782263,0
11740,260.782263,0
11741,237.284658,0
11742,237.285170,0
11743,236.876528,0
11744,236.877461,0
11745,236.876737,0
11746,236.878282,0
11747,236.883690,0
11748,236.884020,0
11749,236.884480,0
11750,238.828544,0
11751,354.069646,0
11752,236.883036,0
11753,236.883036,0
11754,236.883891,0
11755,236.883891,0
11756,236.895136,0
11757,237.653437,0
11758,366.490885,0
11759,245.855523,0
11760,260.594098,0
11761,366.704886,0
11762,245.350586,0
11763,236.881697,0
11764,366.494545,0
11765,237.487788,0
11766,236.418310,0
11767,260.331454,0
11768,260.331409,0
11769,237.485965,0
11770,237.285909,0
11771,239.061233,0
11772,236.405939,0
11773,239.061905,0
11774,239.223395,0
11775,239.061224,0
11776,236.098752,0
11777,239.223992,0
11778,237.563178,0
11779,237.566827,0
11780,237.566827,0
11781,237.566827,0
11782,237.729620,0
11783,293.817105,0
11784,236.410211,0
11785,236.410211,0
11786,236.405782,0
11787,237.802034,0
11788,239.224968,0
11789,236.407992,0
11790,236.408559,0
11791,237.442543,0
11792,237.802382,0
11793,237.725357,0
11794,237.616214,0
11795,237.617159,0
11796,238.877780,0
11797,237.444195,0
11798,257.594190,0
11799,237.560702,0
11800,238.916028,0
11801,237.481558,0
11802,237.558733,0
11803,293.815263,0
11804,237.803070,0
11805,237.396584,0
11806,237.804485,0
11807,239.336420,0
11808,238.888041,0
11809,239.224468,0
11810,237.360633,0
11811,237.442708,0
11812,257.822590,0
11813,237.616934,0
11814,237.802573,0
11815,236.099707,0
11816,236.099920,0
11817,239.224338,0
11818,237.361565,0
11819,237.361619,0
11820,238.039610,0
11821,237.395960,0
11822,237.361073,0
11823,237.362262,0
11824,257.819089,0
11825,236.098056,0
11826,237.396003,0
11827,237.395942,0
11828,238.039505,0
11829,238.039505,0
11830,237.803068,0
11831,238.951271,0
11832,237.560573,0
11833,258.251822,0
11834,257.407303,0
11835,237.376990,0
11836,238.950499,0
11837,238.949863,0
11838,250.320739,0
11839,250.305115,0
11840,250.314408,0
11841,250.293843,0
11842,250.729799,0
11843,250.323815,0
11844,250.315615,0
11845,250.547368,0
11846,251.559596,0
11847,250.309422,0
11848,250.534857,0
11849,251.973480,0
11850,251.951913,0
11851,250.721339,0
11852,250.282648,0
11853,303.721499,0
11854,607.744437,0
11855,449.765954,0
11856,2595.229510,1
11857,1549.765509,1
11858,903.923432,0
11859,903.922779,0
11860,6262.813614,1
11861,214.294898,0
11862,214.295108,0
11863,214.036767,0
11864,214.036651,0
11865,214.036664,0
11866,214.036767,0
11867,214.036767,0
11868,214.036279,0
11869,214.036279,0
11870,214.036537,0
11871,214.036279,0
11872,214.036279,0
11873,214.036537,0
11874,214.036715,0
11875,214.036715,0
11876,214.295384,0
11877,214.295762,0
11878,198.283899,0
11879,198.282290,0
11880,189.888757,0
11881,191.166977,0
11882,190.270079,0
11883,190.206187,0
11884,190.206304,0
11885,194.426743,0
11886,214.296958,0
11887,214.038114,0
11888,190.878875,0
11889,214.038114,0
11890,214.036112,0
11891,214.036562,0
11892,190.162248,0
11893,190.163494,0
11894,214.296613,0
11895,214.296613,0
11896,214.296613,0
11897,214.037629,0
11898,214.295948,0
11899,319.807576,0
11900,190.164203,0
11901,189.890140,0
11902,190.163599,0
11903,190.641116,0
11904,190.163843,0
11905,214.296931,0
11906,214.296504,0
11907,214.296586,0
11908,193.332921,0
11909,213.829491,0
11910,213.829552,0
11911,214.037703,0
11912,214.037810,0
11913,214.037810,0
11914,214.037810,0
11915,214.037810,0
11916,213.563866,0
11917,189.890251,0
11918,189.890437,0
11919,189.667106,0
11920,190.215425,0
11921,190.270467,0
11922,189.890572,0
11923,191.166742,0
11924,189.894128,0
11925,214.296519,0
11926,214.296718,0
11927,214.296794,0
11928,214.297071,0
11929,214.296591,0
11930,214.296591,0
11931,189.890807,0
11932,189.890807,0
11933,213.832543,0
11934,213.830635,0
11935,214.037026,0
11936,198.924900,0
11937,214.039192,0
11938,214.037193,0
11939,213.829344,0
11940,213.829073,0
11941,213.829073,0
11942,213.829073,0
11943,213.829077,0
11944,213.829126,0
11945,189.372569,0
11946,190.316275,0
11947,190.316275,0
11948,190.641884,0
11949,190.316340,0
11950,189.889198,0
11951,198.925407,0
11952,189.666139,0
11953,189.666149,0
11954,189.667239,0
11955,198.304710,0
11956,198.304710,0
11957,189.890655,0
11958,189.890655,0
11959,190.207027,0
11960,190.207027,0
11961,189.386864,0
11962,214.037838,0
11963,214.037838,0
11964,214.295855,0
11965,195.989051,0
11966,194.773762,0
11967,250.782445,0
11968,250.784393,0
11969,193.303730,0
11970,196.302616,0
11971,250.783676,0
11972,194.533599,0
11973,193.151891,0
11974,196.120589,0
11975,194.608529,0
11976,197.203651,0
11977,193.488414,0
11978,194.492226,0
11979,193.487428,0
11980,196.085475,0
11981,194.489971,0
11982,196.302634,0
11983,215.134596,0
11984,215.132922,0
11985,194.607903,0
11986,194.492322,0
11987,194.774115,0
11988,194.772992,0
11989,194.774258,0
11990,194.773586,0
11991,194.426917,0
11992,194.774023,0
11993,194.774023,0
11994,194.773851,0
11995,194.773784,0
11996,194.411847,0
11997,193.288289,0
11998,214.871105,0
11999,214.870235,0
12000,194.774001,0
12001,194.774427,0
12002,214.655091,0
12003,214.655091,0
12004,207.639947,0
12005,207.639947,0
12006,206.044765,0
12007,206.860705,0
12008,207.225377,0
12009,2635.058491,1
12010,2635.058491,1
12011,938.836620,0
12012,1765.460943,1
12013,411.626895,0
12014,411.827698,0
12015,414.857306,0
12016,406.149949,0
12017,641.980420,0
12018,2452.043457,1
12019,437.306419,0
12020,442.225513,0
12021,243.181280,0
12022,357.919974,0
12023,437.295808,0
12024,242.489622,0
12025,265.675035,0
12026,437.309411,0
12027,265.534849,0
12028,437.301736,0
12029,243.211706,0
12030,436.749416,0
12031,437.449808,0
12032,437.290792,0
12033,437.446349,0
12034,437.289385,0
12035,437.436498,0
12036,437.370038,0
12037,437.370038,0
12038,244.055204,0
12039,298.095290,0
12040,243.325082,0
12041,263.303211,0
12042,244.693202,0
12043,243.318269,0
12044,243.316362,0
12045,243.316557,0
12046,244.550768,0
12047,244.564432,0
12048,244.565455,0
12049,244.693005,0
12050,244.693005,0
12051,244.557775,0
12052,243.180549,0
12053,243.181984,0
12054,244.687622,0
12055,242.300539,0
12056,263.168099,0
12057,244.563539,0
12058,244.558832,0
12059,244.557689,0
12060,244.556487,0
12061,243.186205,0
12062,244.693357,0
12063,244.554364,0
12064,244.688594,0
12065,244.687718,0
12066,244.689937,0
12067,243.686543,0
12068,244.686609,0
12069,244.689122,0
12070,244.699448,0
12071,244.695855,0
12072,244.564854,0
12073,243.191310,0
12074,243.322177,0
12075,243.190045,0
12076,263.168309,0
12077,243.321497,0
12078,244.568089,0
12079,243.185899,0
12080,244.555747,0
12081,243.186635,0
12082,243.186612,0
12083,263.298746,0
12084,263.164739,0
12085,243.185646,0
12086,250.028480,0
12087,254.490519,0
12088,254.490519,0
12089,250.360761,0
12090,250.282197,0
12091,250.262403,0
12092,250.005629,0
12093,250.247765,0
12094,250.346214,0
12095,250.263172,0
12096,250.024073,0
12097,250.024073,0
12098,250.336060,0
12099,250.333287,0
12100,250.337206,0
12101,250.267659,0
12102,250.273926,0
12103,250.398206,0
12104,250.273586,0
12105,250.326056,0
12106,250.267725,0
12107,250.267087,0
12108,300.820914,0
12109,283.708871,0
12110,549.109351,0
12111,300.861563,0
12112,283.694603,0
12113,283.701375,0
12114,283.686675,0
12115,283.686675,0
12116,379.525513,0
12117,283.691856,0
12118,300.863547,0
12119,283.692905,0
12120,379.635215,0
12121,283.708479,0
12122,379.601157,0
12123,307.319259,0
12124,307.315967,0
12125,300.834229,0
12126,300.880249,0
12127,283.699225,0
12128,300.833795,0
12129,613.275321,0
12130,566.775828,0
12131,621.181369,0
12132,621.181369,0
12133,621.188500,0
12134,621.217515,0
12135,814.713246,0
12136,734.879369,0
12137,621.201326,0
12138,567.031559,0
12139,454.115092,0
12140,458.454263,0
12141,457.848402,0
12142,7130.735534,1
12143,7365.842337,1
12144,426.771858,0
12145,600.131944,0
12146,427.745614,0
12147,402.823656,0
12148,604.472497,0
12149,427.922381,0
12150,427.748535,0
12151,533.559704,0
12152,401.432782,0
12153,422.664824,0
12154,459.439322,0
12155,404.729143,0
12156,459.440723,0
12157,404.587673,0
12158,403.138775,0
12159,403.138805,0
12160,403.142277,0
12161,404.591357,0
12162,404.730840,0
12163,402.149579,0
12164,403.283794,0
12165,404.731748,0
12166,459.446465,0
12167,401.998705,0
12168,404.731124,0
12169,404.589536,0
12170,404.052363,0
12171,403.212024,0
12172,403.212024,0
12173,403.285316,0
12174,404.587060,0
12175,403.139458,0
12176,404.588999,0
12177,423.361937,0
12178,423.220727,0
12179,403.288216,0
12180,403.281284,0
12181,404.729987,0
12182,404.729536,0
12183,404.728089,0
12184,404.732199,0
12185,404.732199,0
12186,404.588579,0
12187,404.588532,0
12188,402.001153,0
12189,404.588176,0
12190,404.586458,0
12191,404.587608,0
12192,423.359380,0
12193,423.215153,0
12194,423.214570,0
12195,422.246880,0
12196,413.191697,0
12197,413.450687,0
12198,419.499658,0
12199,413.671547,0
12200,413.660193,0
12201,413.670012,0
12202,413.658594,0
12203,413.661605,0
12204,413.677456,0
12205,413.569805,0
12206,472.129767,0
12207,472.129767,0
12208,466.020380,0
12209,465.576699,0
12210,465.878764,0
12211,471.952146,0
12212,471.853241,0
12213,730.805272,0
12214,785.246165,0
12215,730.686935,0
12216,615.390289,0
12217,620.353085,0
12218,1371.575460,1
12219,1371.792680,1
12220,1372.457353,1
12221,1199.474610,1
12222,1181.000583,1
12223,1180.778449,1
12224,1179.893650,1
12225,1180.473529,1
12226,1181.652710,1
12227,1235.535723,1
12228,1183.870151,1
12229,1183.870151,1
12230,1233.557645,1
12231,1233.556962,1
12232,1240.233684,1
12233,1216.614587,1
12234,1216.607034,1
12235,1233.607297,1
12236,1233.213295,1
12237,1233.076479,1
12238,1216.615606,1
12239,1233.016534,1
12240,1233.042587,1
12241,1233.083469,1
12242,1840.040048,1
12243,798.084767,0
12244,798.084510,0
12245,820.613600,0
12246,822.541141,0
12247,798.775911,0
12248,822.534721,0
12249,822.534018,0
12250,926.788391,0
12251,926.788391,0
12252,821.161667,0
12253,855.972364,0
12254,855.972312,0
12255,855.972312,0
12256,821.161269,0
12257,801.222123,0
12258,821.161480,0
12259,821.162328,0
12260,821.162172,0
12261,820.050459,0
12262,808.523003,0
12263,808.523360,0
12264,808.513755,0
12265,808.537110,0
12266,808.516287,0
12267,808.516287,0
12268,859.394430,0
12269,859.679203,0
12270,866.075109,0
12271,842.445727,0
12272,1179.209381,1
12273,1480.287629,1
12274,1542.270819,1
12275,1714.031638,1
12276,1588.080054,1
12277,1253.617562,1
12278,1312.251673,1
12279,1587.133242,1
12280,721.796559,0
12281,721.796559,0
12282,721.796559,0
12283,721.466331,0
12284,720.179668,0
12285,721.466319,0
12286,728.935202,0
12287,719.774427,0
12288,720.112078,0
12289,836.089175,0
12290,834.154265,0
12291,724.195932,0
12292,720.775903,0
12293,721.295355,0
12294,721.622111,0
12295,721.295352,0
12296,724.198081,0
12297,725.641856,0
12298,721.203215,0
12299,721.622944,0
12300,724.207092,0
12301,722.734195,0
12302,722.734195,0
12303,722.801452,0
12304,722.805674,0
12305,719.959173,0
12306,741.313222,0
12307,720.252323,0
12308,721.418341,0
12309,722.840673,0
12310,719.933482,0
12311,719.932224,0
12312,720.402943,0
12313,734.130775,0
12314,734.688698,0
12315,734.193169,0
12316,734.181690,0
12317,770.083209,0
12318,787.503277,0
12319,1388.154211,1
12320,6669.792235,1
12321,114.810845,0
12322,115.799820,0
12323,138.787631,0
12324,138.787631,0
12325,114.809651,0
12326,139.033480,0
12327,138.787332,0
12328,244.309437,0
12329,115.274616,0
12330,115.273943,0
12331,114.809960,0
12332,115.191575,0
12333,115.176973,0
12334,115.175041,0
12335,115.177035,0
12336,115.070367,0
12337,114.809971,0
12338,124.059197,0
12339,139.033582,0
12340,123.231220,0
12341,123.231314,0
12342,115.380436,0
12343,124.060018,0
12344,245.593126,0
12345,115.193488,0
12346,114.599250,0
12347,115.272779,0
12348,115.272740,0
12349,115.397768,0
12350,115.274598,0
12351,115.175139,0
12352,115.273910,0
12353,115.274606,0
12354,115.274601,0
12355,138.592104,0
12356,138.636632,0
12357,115.070372,0
12358,115.273916,0
12359,138.787413,0
12360,138.787413,0
12361,138.787413,0
12362,124.059935,0
12363,114.599438,0
12364,115.573809,0
12365,115.571933,0
12366,244.536141,0
12367,115.397845,0
12368,116.074469,0
12369,116.074469,0
12370,115.571927,0
12371,115.572829,0
12372,114.599432,0
12373,114.330525,0
12374,139.033515,0
12375,114.599329,0
12376,114.604736,0
12377,114.600855,0
12378,114.601969,0
12379,138.592273,0
12380,138.592273,0
12381,139.676372,0
12382,244.308862,0
12383,116.152884,0
12384,116.074224,0
12385,124.060238,0
12386,116.774379,0
12387,116.774270,0
12388,115.272968,0
12389,115.274208,0
12390,123.792783,0
12391,138.788777,0
12392,124.060619,0
12393,115.276343,0
12394,139.033030,0
12395,124.062051,0
12396,124.062001,0
12397,124.060815,0
12398,124.062391,0
12399,124.062020,0
12400,124.059469,0
12401,124.058921,0
12402,124.061946,0
12403,124.059076,0
12404,124.062373,0
12405,139.033857,0
12406,124.060558,0
12407,124.061667,0
12408,124.060248,0
12409,244.964386,0
12410,124.061504,0
12411,138.788273,0
12412,123.797196,0
12413,138.787182,0
12414,138.788818,0
12415,138.788946,0
12416,123.796920,0
12417,123.797184,0
12418,123.797184,0
12419,123.797184,0
12420,123.794168,0
12421,116.806686,0
12422,116.421349,0
12423,116.418101,0
12424,115.260218,0
12425,118.102020,0
12426,115.257456,0
12427,115.258339,0
12428,116.417403,0
12429,117.898695,0
12430,117.898695,0
12431,117.898695,0
12432,116.389219,0
12433,116.609677,0
12434,136.488663,0
12435,116.501071,0
12436,115.089780,0
12437,116.394294,0
12438,118.103928,0
12439,117.932222,0
12440,118.269537,0
12441,117.912467,0
12442,118.328277,0
12443,118.330692,0
12444,116.415922,0
12445,116.389733,0
12446,116.415558,0
12447,116.415173,0
12448,117.897849,0
12449,117.900285,0
12450,117.896836,0
12451,172.898993,0
12452,117.982080,0
12453,115.122805,0
12454,136.789202,0
12455,136.789202,0
12456,136.789202,0
12457,115.447184,0
12458,116.614804,0
12459,117.897687,0
12460,136.382953,0
12461,116.488005,0
12462,116.609801,0
12463,115.123337,0
12464,117.897796,0
12465,117.894918,0
12466,136.382800,0
12467,136.482512,0
12468,116.498982,0
12469,116.499284,0
12470,116.416690,0
12471,116.413117,0
12472,136.612783,0
12473,136.613358,0
12474,136.613105,0
12475,116.805311,0
12476,116.487631,0
12477,116.488122,0
12478,115.123543,0
12479,116.486373,0
12480,116.486265,0
12481,116.486860,0
12482,116.627927,0
12483,116.420549,0
12484,136.382277,0
12485,116.393221,0
12486,136.608494,0
12487,136.610216,0
12488,136.610678,0
12489,136.610626,0
12490,136.610626,0
12491,116.627960,0
12492,116.627960,0
12493,116.629256,0
12494,136.786622,0
12495,115.005321,0
12496,115.966684,0
12497,115.966684,0
12498,116.417643,0
12499,117.984369,0
12500,117.984421,0
12501,117.983547,0
12502,116.800372,0
12503,115.259431,0
12504,115.259475,0
12505,118.014174,0
12506,116.447965,0
12507,116.623394,0
12508,116.628661,0
12509,116.628221,0
12510,136.487311,0
12511,115.444189,0
12512,118.270737,0
12513,116.393690,0
12514,116.393690,0
12515,116.626105,0
12516,117.926926,0
12517,116.491377,0
12518,117.981637,0
12519,136.781895,0
12520,117.900711,0
12521,115.445099,0
12522,116.499699,0
12523,136.784266,0
12524,136.787631,0
12525,136.787631,0
12526,136.780329,0
12527,116.610678,0
12528,115.260855,0
12529,119.373581,0
12530,117.899597,0
12531,116.609932,0
12532,116.424660,0
12533,117.898285,0
12534,117.898436,0
12535,136.611045,0
12536,136.787262,0
12537,118.273159,0
12538,117.030940,0
12539,117.030940,0
12540,128.997149,0
12541,128.998860,0
12542,131.516599,0
12543,129.016431,0
12544,134.788140,0
12545,128.978531,0
12546,128.987764,0
12547,129.000167,0
12548,132.722732,0
12549,130.217493,0
12550,128.999154,0
12551,128.999154,0
12552,129.010084,0
12553,129.199620,0
12554,128.986838,0
12555,128.986838,0
12556,129.007634,0
12557,129.000707,0
12558,129.044283,0
12559,131.008987,0
12560,129.068062,0
12561,129.068062,0
12562,172.506574,0
12563,188.355230,0
12564,164.779374,0
12565,164.695202,0
12566,188.332454,0
12567,488.288498,0
12568,478.062488,0
12569,493.894562,0
12570,2150.703035,1
12571,1184.407285,1
12572,862.429052,0
12573,863.806278,0
12574,862.640591,0
12575,1767.406648,1
12576,862.774622,0
12577,1691.111232,1
12578,486.260346,0
12579,335.045452,0
12580,329.162569,0
12581,328.528013,0
12582,328.358932,0
12583,331.336966,0
12584,328.298316,0
12585,14924.826164,1
12586,7007.736359,1
12587,6062.469366,1
12588,9257.682900,1
12589,5207.869854,1
12590,567.803554,0
12591,567.803652,0
12592,567.803652,0
12593,567.803672,0
12594,567.803672,0
12595,567.803759,0
12596,567.800744,0
12597,567.795309,0
12598,567.803666,0
12599,567.803666,0
12600,567.803759,0
12601,567.803759,0
12602,567.803652,0
12603,567.803652,0
12604,567.803759,0
12605,567.803652,0
12606,567.803759,0
12607,567.803759,0
12608,567.803666,0
12609,567.803759,0
12610,567.803672,0
12611,567.803759,0
12612,567.803759,0
12613,567.803652,0
12614,567.802411,0
12615,567.803666,0
12616,567.803666,0
12617,567.803759,0
12618,567.803652,0
12619,567.803652,0
12620,567.803759,0
12621,567.803759,0
12622,567.803759,0
12623,567.803759,0
12624,567.803759,0
12625,567.803672,0
12626,567.800839,0
12627,567.803646,0
12628,567.803759,0
12629,567.803759,0
12630,567.803672,0
12631,567.803672,0
12632,567.803759,0
12633,567.803759,0
12634,567.803759,0
12635,567.803759,0
12636,567.803652,0
12637,567.803652,0
12638,567.803759,0
12639,567.803652,0
12640,567.803759,0
12641,567.792296,0
12642,142.517464,0
12643,165.816995,0
12644,164.977311,0
12645,164.980655,0
12646,269.900668,0
12647,142.514392,0
12648,164.977949,0
12649,269.900148,0
12650,165.645955,0
12651,142.545318,0
12652,165.817363,0
12653,165.661184,0
12654,164.429701,0
12655,165.642284,0
12656,141.906360,0
12657,141.298963,0
12658,141.296404,0
12659,143.242664,0
12660,140.061386,0
12661,161.231229,0
12662,196.865150,0
12663,161.230726,0
12664,161.230678,0
12665,161.230678,0
12666,196.742757,0
12667,161.912417,0
12668,197.297996,0
12669,161.230568,0
12670,161.231261,0
12671,161.241717,0
12672,161.511780,0
12673,161.231181,0
12674,140.559024,0
12675,161.230021,0
12676,160.614166,0
12677,140.787395,0
12678,161.914478,0
12679,141.726680,0
12680,141.728232,0
12681,161.230107,0
12682,161.916368,0
12683,161.912163,0
12684,161.231192,0
12685,161.230254,0
12686,160.822368,0
12687,160.615166,0
12688,161.232634,0
12689,161.232634,0
12690,161.232982,0
12691,161.772604,0
12692,161.231592,0
12693,160.821963,0
12694,160.822269,0
12695,161.231278,0
12696,161.231587,0
12697,161.231027,0
12698,161.915673,0
12699,161.233991,0
12700,140.662169,0
12701,140.662169,0
12702,140.662169,0
12703,161.232233,0
12704,161.772254,0
12705,160.822049,0
12706,160.822049,0
12707,140.585499,0
12708,161.231549,0
12709,161.231353,0
12710,161.234154,0
12711,161.234154,0
12712,161.773385,0
12713,142.045446,0
12714,160.615054,0
12715,161.513573,0
12716,160.821869,0
12717,160.821698,0
12718,140.586331,0
12719,160.822604,0
12720,160.822604,0
12721,161.231457,0
12722,161.234821,0
12723,161.916504,0
12724,161.230871,0
12725,160.824216,0
12726,197.091305,0
12727,161.773092,0
12728,161.771668,0
12729,161.773889,0
12730,160.822393,0
12731,160.822393,0
12732,160.822675,0
12733,140.660178,0
12734,161.917211,0
12735,161.916504,0
12736,161.773145,0
12737,161.770706,0
12738,160.694155,0
12739,161.233735,0
12740,161.233735,0
12741,161.230520,0
12742,161.231113,0
12743,161.231113,0
12744,161.231276,0
12745,161.000840,0
12746,161.000725,0
12747,161.916550,0
12748,160.586591,0
12749,161.233533,0
12750,161.231741,0
12751,161.230245,0
12752,139.632591,0
12753,336.853957,0
12754,140.764863,0
12755,140.765253,0
12756,161.912231,0
12757,140.618785,0
12758,139.632810,0
12759,139.380295,0
12760,160.608989,0
12761,161.771420,0
12762,142.627821,0
12763,140.788568,0
12764,161.913885,0
12765,140.662105,0
12766,196.745452,0
12767,161.913323,0
12768,161.513811,0
12769,161.513811,0
12770,161.233175,0
12771,161.233175,0
12772,140.965184,0
12773,161.002107,0
12774,141.732261,0
12775,161.776013,0
12776,151.219727,0
12777,150.860667,0
12778,150.853854,0
12779,150.990254,0
12780,150.948125,0
12781,150.856013,0
12782,150.856013,0
12783,150.864025,0
12784,151.141061,0
12785,150.752353,0
12786,150.862801,0
12787,151.141891,0
12788,151.002366,0
12789,151.229532,0
12790,150.870884,0
12791,150.754915,0
12792,151.137814,0
12793,157.976722,0
12794,150.874022,0
12795,150.999080,0
12796,150.996558,0
12797,151.220915,0
12798,151.133162,0
12799,150.872260,0
12800,151.219727,0
12801,151.221074,0
12802,159.807563,0
12803,151.208155,0
12804,150.978658,0
12805,151.219465,0
12806,151.141712,0
12807,151.141712,0
12808,4520.328422,1
12809,7043.455711,1
12810,211.322554,0
12811,209.142779,0
12812,209.318164,0
12813,202.898135,0
12814,209.134691,0
12815,202.618136,0
12816,202.668809,0
12817,202.992289,0
12818,202.896321,0
12819,202.627936,0
12820,209.314019,0
12821,202.982331,0
12822,202.747612,0
12823,209.189350,0
12824,203.000498,0
12825,207.820298,0
12826,209.321234,0
12827,202.679883,0
12828,202.679883,0
12829,185.417329,0
12830,185.491089,0
12831,209.109214,0
12832,209.483739,0
12833,185.369156,0
12834,209.482601,0
12835,185.697665,0
12836,185.388131,0
12837,209.191151,0
12838,209.321638,0
12839,208.986558,0
12840,185.469341,0
12841,3459.565403,1
12842,636.409157,0
12843,467.936840,0
12844,468.029659,0
12845,715.780756,0
12846,468.132878,0
12847,468.185874,0
12848,468.174754,0
12849,886.007195,0
12850,821.988446,0
12851,351.561782,0
12852,1056.762027,0
12853,2496.443462,1
12854,1056.035954,0
12855,1451.015859,1
12856,1451.361271,1
12857,823.910716,0
12858,824.376110,0
12859,824.347909,0
12860,929.883327,0
12861,1422.803788,1
12862,1422.931506,1
12863,1422.926052,1
12864,1422.931295,1
12865,1421.928022,1
12866,1422.931684,1
12867,1407.874224,1
12868,1407.810006,1
12869,1407.881644,1
12870,1407.890132,1
12871,1407.868484,1
12872,1407.555465,1
12873,1407.877337,1
12874,1440.465887,1
12875,1536.674943,1
12876,1458.077503,1
12877,1464.570937,1
12878,1723.938398,1
12879,1609.785330,1
12880,2316.055203,1
12881,2784.625308,1
12882,401.783158,0
12883,273.640311,0
12884,297.471339,0
12885,274.935319,0
12886,297.467835,0
12887,401.625795,0
12888,296.645277,0
12889,296.645277,0
12890,296.645277,0
12891,401.948199,0
12892,273.073579,0
12893,295.839907,0
12894,403.672577,0
12895,295.783936,0
12896,273.997722,0
12897,331.591023,0
12898,331.591023,0
12899,295.011519,0
12900,295.011254,0
12901,295.676557,0
12902,295.678953,0
12903,330.956732,0
12904,330.439944,0
12905,295.537752,0
12906,275.585642,0
12907,295.535932,0
12908,295.536757,0
12909,294.619509,0
12910,295.677566,0
12911,295.676524,0
12912,330.605171,0
12913,330.609141,0
12914,294.620085,0
12915,274.907716,0
12916,295.012649,0
12917,273.584500,0
12918,273.997974,0
12919,330.960888,0
12920,273.453928,0
12921,273.374148,0
12922,277.033853,0
12923,277.033853,0
12924,274.682385,0
12925,294.619164,0
12926,277.033630,0
12927,276.229062,0
12928,282.402123,0
12929,282.146064,0
12930,282.141237,0
12931,282.466797,0
12932,282.461266,0
12933,282.150138,0
12934,282.162720,0
12935,282.153011,0
12936,282.410398,0
12937,282.083399,0
12938,282.478972,0
12939,282.148117,0
12940,282.141953,0
12941,282.153749,0
12942,333.401964,0
12943,339.708348,0
12944,316.070238,0
12945,339.710062,0
12946,339.776623,0
12947,339.511071,0
12948,333.085324,0
12949,339.512824,0
12950,333.342253,0
12951,339.505741,0
12952,339.518975,0
12953,339.516703,0
12954,333.423054,0
12955,412.547815,0
12956,333.395086,0
12957,658.681271,0
12958,598.705374,0
12959,766.976413,0
12960,846.387556,0
12961,846.387556,0
12962,598.852143,0
12963,846.417628,0
12964,766.717353,0
12965,653.321398,0
12966,846.618084,0
12967,854.136755,0
12968,854.136755,0
12969,29652.873667,1
12970,901.351283,0
12971,483.295910,0
12972,489.783660,0
12973,489.674222,0
12974,489.693437,0
12975,1189.531347,1
12976,1187.808183,1
12977,1187.392944,1
12978,1582.289892,1
12979,1187.339154,1
12980,954.817383,0
12981,720.083432,0
12982,1061.914851,0
12983,1061.914851,0
12984,720.091050,0
12985,1061.551499,0
12986,733.433591,0
12987,721.337808,0
12988,726.941602,0
12989,723.717766,0
12990,721.552491,0
12991,1066.869792,1
12992,1038.835789,0
12993,868.171592,0
12994,844.474166,0
12995,847.459350,0
12996,846.832923,0
12997,845.004217,0
12998,845.972616,0
12999,865.888127,0
13000,866.020154,0
13001,901.823799,0
13002,851.020959,0
13003,851.014809,0
13004,850.953233,0
13005,851.024340,0
13006,850.710053,0
13007,1138.604454,1
13008,907.088965,0
13009,883.506298,0
13010,907.088618,0
13011,900.771413,0
13012,900.540548,0
13013,978.706481,0
13014,978.706462,0
13015,1210.366048,1
13016,1217.780034,1
13017,1221.671911,1
13018,1221.899744,1
13019,1217.653450,1
13020,1210.446635,1
13021,1059.038729,0
13022,1052.723699,0
13023,10559.792489,1
13024,1757.286292,1
13025,1290.393391,1
13026,1289.707605,1
13027,872.328499,0
13028,872.328415,0
13029,872.461762,0
13030,925.918433,0
13031,871.569332,0
13032,926.811412,0
13033,925.914692,0
13034,871.210592,0
13035,875.029979,0
13036,875.025792,0
13037,875.034745,0
13038,875.032577,0
13039,874.692529,0
13040,883.734992,0
13041,906.845256,0
13042,923.499937,0
13043,1161.567516,1
13044,906.852616,0
13045,906.842312,0
13046,923.264916,0
13047,906.845372,0
13048,924.170232,0
13049,906.844377,0
13050,3598.299816,1
13051,2908.512166,1
13052,6821.758855,1
13053,6826.052056,1
13054,1190.975240,1
13055,1245.623037,1
13056,1548.843619,1
13057,1083.174185,1
13058,1076.768997,1
13059,11657.322075,1
13060,11657.322075,1
13061,604.453258,0
13062,604.739039,0
13063,605.655596,0
13064,605.226182,0
13065,605.227010,0
13066,605.544304,0
13067,604.956258,0
13068,605.224984,0
13069,606.333906,0
13070,628.725281,0
13071,629.649307,0
13072,604.717672,0
13073,628.728337,0
13074,604.958054,0
13075,604.502181,0
13076,605.185661,0
13077,605.257319,0
13078,625.350711,0
13079,625.350711,0
13080,625.191248,0
13081,604.019249,0
13082,606.005697,0
13083,604.823684,0
13084,604.513496,0
13085,625.191430,0
13086,606.321330,0
13087,605.743905,0
13088,602.506363,0
13089,605.109506,0
13090,603.986843,0
13091,604.503865,0
13092,602.914871,0
13093,603.194931,0
13094,605.267006,0
13095,603.855730,0
13096,602.506818,0
13097,602.506181,0
13098,603.853290,0
13099,602.507660,0
13100,602.507438,0
13101,606.005444,0
13102,603.987932,0
13103,603.987932,0
13104,603.987900,0
13105,617.374430,0
13106,617.373433,0
13107,617.601927,0
13108,617.552219,0
13109,653.592312,0
13110,656.851524,0
13111,679.177618,0
13112,657.809768,0
13113,658.279872,0
13114,659.233643,0
13115,658.629019,0
13116,714.796389,0
13117,659.555898,0
13118,660.016845,0
13119,659.555898,0
13120,659.555898,0
13121,663.629603,0
13122,663.742931,0
13123,663.622344,0
13124,663.415238,0
13125,663.687403,0
13126,663.393308,0
13127,663.393308,0
13128,663.401933,0
13129,663.690928,0
13130,663.609262,0
13131,663.403415,0
13132,663.429538,0
13133,663.516604,0
13134,663.429538,0
13135,696.229277,0
13136,696.230411,0
13137,715.145913,0
13138,715.145913,0
13139,719.839915,0
13140,719.851987,0
13141,719.847809,0
13142,713.262126,0
13143,719.847097,0
13144,719.847809,0
13145,719.842668,0
13146,719.854292,0
13147,719.847809,0
13148,3995.446958,1
13149,1227.612842,1
13150,1227.614285,1
13151,1569.424470,1
13152,1964.392371,1
13153,6679.278907,1
13154,1103.528190,1
13155,5859.317934,1
13156,5859.317934,1
13157,5859.317934,1
13158,5872.503088,1
13159,5932.594713,1
13160,225.508744,0
13161,223.411587,0
13162,226.211268,0
13163,593.049632,0
13164,227.143096,0
13165,227.143441,0
13166,231.444355,0
13167,231.342793,0
13168,225.290318,0
13169,592.771588,0
13170,594.773026,0
13171,223.411274,0
13172,223.412394,0
13173,593.049955,0
13174,593.049413,0
13175,247.331209,0
13176,246.622086,0
13177,246.622086,0
13178,246.622290,0
13179,231.528584,0
13180,246.496979,0
13181,222.901840,0
13182,223.316199,0
13183,231.999421,0
13184,223.414132,0
13185,233.829987,0
13186,232.624473,0
13187,226.100618,0
13188,222.902388,0
13189,223.417441,0
13190,232.284963,0
13191,232.285011,0
13192,241.951040,0
13193,242.122236,0
13194,225.888346,0
13195,226.027440,0
13196,226.027440,0
13197,226.027440,0
13198,224.002018,0
13199,223.636344,0
13200,220.503870,0
13201,225.443340,0
13202,225.447420,0
13203,225.439711,0
13204,225.031939,0
13205,224.626062,0
13206,220.877930,0
13207,223.897088,0
13208,223.989967,0
13209,242.747390,0
13210,223.444089,0
13211,220.877957,0
13212,224.112005,0
13213,224.112005,0
13214,222.292189,0
13215,225.894817,0
13216,220.359809,0
13217,242.280322,0
13218,242.279336,0
13219,224.124879,0
13220,225.740162,0
13221,224.241539,0
13222,224.117656,0
13223,222.985415,0
13224,225.512162,0
13225,225.513764,0
13226,224.117137,0
13227,224.116647,0
13228,242.279530,0
13229,223.996255,0
13230,223.996255,0
13231,242.279493,0
13232,242.280087,0
13233,223.875532,0
13234,223.875532,0
13235,223.641286,0
13236,220.401551,0
13237,220.401551,0
13238,224.590208,0
13239,220.522225,0
13240,224.425348,0
13241,220.878786,0
13242,242.016106,0
13243,242.015765,0
13244,242.014874,0
13245,241.951111,0
13246,241.950967,0
13247,241.949174,0
13248,223.899567,0
13249,220.883159,0
13250,220.883159,0
13251,223.897022,0
13252,220.879713,0
13253,220.879713,0
13254,220.877838,0
13255,224.118601,0
13256,221.132714,0
13257,224.370805,0
13258,224.371980,0
13259,223.415831,0
13260,223.527922,0
13261,224.751988,0
13262,223.570902,0
13263,224.116552,0
13264,223.571643,0
13265,223.897560,0
13266,225.895462,0
13267,224.111122,0
13268,224.118063,0
13269,224.115713,0
13270,224.120354,0
13271,224.120177,0
13272,224.123047,0
13273,224.121543,0
13274,224.121543,0
13275,224.116399,0
13276,224.492216,0
13277,224.501021,0
13278,224.498950,0
13279,224.488813,0
13280,224.497884,0
13281,224.498925,0
13282,224.489821,0
13283,224.489821,0
13284,224.369280,0
13285,223.998715,0
13286,224.001119,0
13287,238.509191,0
13288,238.039677,0
13289,238.086564,0
13290,238.174653,0
13291,238.166261,0
13292,275.180264,0
13293,436.528327,0
13294,678.740099,0
13295,228.015879,0
13296,97.649308,0
13297,97.649308,0
13298,97.649458,0
13299,97.649459,0
13300,97.151306,0
13301,226.411380,0
13302,226.468651,0
13303,107.530927,0
13304,97.649814,0
13305,97.649638,0
13306,97.666446,0
13307,105.608110,0
13308,97.650614,0
13309,96.800550,0
13310,97.149654,0
13311,106.217570,0
13312,97.683933,0
13313,97.683600,0
13314,97.683906,0
13315,97.683394,0
13316,120.910839,0
13317,97.902815,0
13318,98.087645,0
13319,97.767727,0
13320,98.087570,0
13321,98.324839,0
13322,226.760453,0
13323,97.683142,0
13324,97.151387,0
13325,98.323441,0
13326,98.322187,0
13327,97.665450,0
13328,120.582493,0
13329,98.017725,0
13330,98.322518,0
13331,99.770839,0
13332,105.608513,0
13333,99.519191,0
13334,101.486757,0
13335,101.487088,0
13336,97.922076,0
13337,97.848105,0
13338,98.085958,0
13339,98.034647,0
13340,118.023463,0
13341,97.863839,0
13342,97.863895,0
13343,99.377538,0
13344,97.104516,0
13345,97.105413,0
13346,97.105316,0
13347,100.471167,0
13348,99.404207,0
13349,99.519531,0
13350,96.908771,0
13351,96.908684,0
13352,98.034535,0
13353,98.034510,0
13354,97.946568,0
13355,97.948638,0
13356,97.106614,0
13357,97.351432,0
13358,98.080449,0
13359,97.922622,0
13360,97.350889,0
13361,99.050957,0
13362,99.519912,0
13363,97.351034,0
13364,154.076103,0
13365,154.096044,0
13366,97.948007,0
13367,97.946840,0
13368,154.194320,0
13369,154.197045,0
13370,99.520786,0
13371,100.473495,0
13372,97.351392,0
13373,154.041415,0
13374,98.034204,0
13375,97.351457,0
13376,97.351278,0
13377,97.863449,0
13378,96.762873,0
13379,96.762873,0
13380,96.762873,0
13381,96.762873,0
13382,96.762873,0
13383,96.762873,0
13384,96.762873,0
13385,96.762873,0
13386,154.193829,0
13387,97.351594,0
13388,98.035329,0
13389,97.863895,0
13390,96.908241,0
13391,98.842262,0
13392,98.842262,0
13393,99.929220,0
13394,97.946794,0
13395,97.946599,0
13396,120.982953,0
13397,99.305391,0
13398,99.518970,0
13399,97.406804,0
13400,97.946680,0
13401,96.653827,0
13402,97.921673,0
13403,99.895840,0
13404,99.282779,0
13405,100.171187,0
13406,97.848415,0
13407,98.242946,0
13408,98.242946,0
13409,97.830713,0
13410,98.421416,0
13411,98.421864,0
13412,98.203456,0
13413,97.863490,0
13414,99.519120,0
13415,99.519091,0
13416,96.762905,0
13417,99.304721,0
13418,96.666884,0
13419,97.863554,0
13420,96.762384,0
13421,99.390506,0
13422,98.034406,0
13423,118.023299,0
13424,99.311462,0
13425,99.389903,0
13426,99.390131,0
13427,99.311887,0
13428,99.311858,0
13429,99.311220,0
13430,97.848269,0
13431,154.195578,0
13432,97.863714,0
13433,99.389960,0
13434,98.034656,0
13435,99.282775,0
13436,97.849056,0
13437,97.590679,0
13438,97.916352,0
13439,100.469370,0
13440,102.250470,0
13441,99.283035,0
13442,96.910307,0
13443,97.848864,0
13444,96.908251,0
13445,96.666867,0
13446,97.863375,0
13447,154.542200,0
13448,97.946995,0
13449,97.947758,0
13450,97.946563,0
13451,98.080636,0
13452,99.377235,0
13453,99.311407,0
13454,99.311407,0
13455,154.610655,0
13456,99.311294,0
13457,97.864032,0
13458,99.518954,0
13459,97.830766,0
13460,97.830766,0
13461,97.916286,0
13462,98.499440,0
13463,99.519338,0
13464,99.519443,0
13465,99.521711,0
13466,97.863402,0
13467,97.863402,0
13468,99.311222,0
13469,99.305146,0
13470,100.540636,0
13471,100.960275,0
13472,99.390975,0
13473,98.202648,0
13474,99.304884,0
13475,107.835582,0
13476,107.785028,0
13477,109.707694,0
13478,108.139036,0
13479,108.547813,0
13480,108.123869,0
13481,107.756626,0
13482,108.924985,0
13483,108.115296,0
13484,108.115403,0
13485,108.915820,0
13486,107.845264,0
13487,108.126892,0
13488,107.750184,0
13489,107.888582,0
13490,107.881286,0
13491,109.703046,0
13492,107.837994,0
13493,110.805841,0
13494,107.772891,0
13495,109.285563,0
13496,107.842922,0
13497,109.711840,0
13498,107.779317,0
13499,107.948027,0
13500,110.699614,0
13501,107.955681,0
13502,108.923360,0
13503,108.923360,0
13504,109.217756,0
13505,109.285804,0
13506,107.836252,0
13507,107.842818,0
13508,107.783886,0
13509,112.016775,0
13510,109.715036,0
13511,107.763390,0
13512,107.792097,0
13513,107.844314,0
13514,107.945233,0
13515,109.295014,0
13516,107.779382,0
13517,108.612421,0
13518,107.780388,0
13519,108.721563,0
13520,107.844524,0
13521,168.525134,0
13522,165.995381,0
13523,398.499422,0
13524,169.594446,0
13525,165.981146,0
13526,159.618050,0
13527,163.965647,0
13528,161.497650,0
13529,161.478880,0
13530,168.380870,0
13531,169.554052,0
13532,248.475957,0
13533,159.871803,0
13534,160.092244,0
13535,142.403959,0
13536,142.480074,0
13537,160.024201,0
13538,160.902978,0
13539,159.832820,0
13540,159.832820,0
13541,166.069568,0
13542,166.081520,0
13543,166.061919,0
13544,160.740273,0
13545,165.997347,0
13546,171.724864,0
13547,166.189838,0
13548,145.551862,0
13549,166.218770,0
13550,166.191706,0
13551,145.782544,0
13552,166.190764,0
13553,166.043723,0
13554,238.509829,0
13555,142.480906,0
13556,142.481025,0
13557,239.546494,0
13558,238.829068,0
13559,142.647143,0
13560,163.307549,0
13561,163.307549,0
13562,160.051278,0
13563,142.653534,0
13564,142.648118,0
13565,166.284735,0
13566,166.285275,0
13567,166.281994,0
13568,166.591414,0
13569,493.903932,0
13570,479.413111,0
13571,424.959491,0
13572,425.819633,0
13573,425.819633,0
13574,479.322751,0
13575,592.919227,0
13576,592.957434,0
13577,672.689568,0
13578,479.497163,0
13579,845.366222,0
13580,722.874177,0
13581,842.985882,0
13582,308.750611,0
13583,308.750611,0
13584,466.208864,0
13585,311.681195,0
13586,315.474948,0
13587,308.813841,0
13588,466.233196,0
13589,466.320448,0
13590,466.227203,0
13591,315.013383,0
13592,315.063890,0
13593,309.591182,0
13594,309.024698,0
13595,309.660120,0
13596,1013.052554,0
13597,1012.785739,0
13598,1012.792935,0
13599,1407.775548,1
13600,762.337885,0
13601,764.986061,0
13602,887.587145,0
13603,892.645130,0
13604,546.362881,0
13605,887.703088,0
13606,548.064611,0
13607,888.155751,0
13608,2362.523032,1
13609,2362.518471,1
13610,2362.520077,1
13611,2362.520106,1
13612,2362.520138,1
13613,2362.523914,1
13614,2362.523914,1
13615,2362.520138,1
13616,2362.520167,1
13617,546.194989,0
13618,10923.532790,1
13619,79.594155,0
13620,71.247072,0
13621,79.598094,0
13622,71.528534,0
13623,71.528534,0
13624,79.594155,0
13625,79.580794,0
13626,159.607591,0
13627,71.246980,0
13628,79.594184,0
13629,71.471114,0
13630,159.607610,0
13631,159.607610,0
13632,70.799838,0
13633,70.798241,0
13634,71.249671,0
13635,71.468682,0
13636,79.594075,0
13637,159.692026,0
13638,159.607932,0
13639,159.607931,0
13640,159.607931,0
13641,159.624836,0
13642,159.641417,0
13643,79.581428,0
13644,70.677720,0
13645,70.678419,0
13646,70.678057,0
13647,70.833726,0
13648,70.838759,0
13649,70.718533,0
13650,70.832628,0
13651,159.640824,0
13652,71.015078,0
13653,79.937130,0
13654,79.772901,0
13655,79.773641,0
13656,159.609461,0
13657,79.594852,0
13658,79.658213,0
13659,79.658283,0
13660,79.658231,0
13661,79.618423,0
13662,70.590011,0
13663,79.581774,0
13664,159.641128,0
13665,159.609220,0
13666,79.595400,0
13667,79.658862,0
13668,73.254150,0
13669,185.849196,0
13670,159.700615,0
13671,70.806232,0
13672,79.657833,0
13673,79.658034,0
13674,72.413025,0
13675,70.719909,0
13676,70.719909,0
13677,71.514212,0
13678,71.514212,0
13679,71.610231,0
13680,71.610166,0
13681,71.245851,0
13682,72.199204,0
13683,72.200051,0
13684,72.200151,0
13685,71.952970,0
13686,71.953028,0
13687,159.607525,0
13688,71.756521,0
13689,71.756190,0
13690,72.497425,0
13691,72.497504,0
13692,71.953057,0
13693,71.953040,0
13694,79.581506,0
13695,70.610950,0
13696,70.702342,0
13697,72.248990,0
13698,72.248990,0
13699,201.054229,0
13700,70.707450,0
13701,187.374040,0
13702,79.937192,0
13703,80.295548,0
13704,70.591517,0
13705,71.756203,0
13706,71.756551,0
13707,71.609891,0
13708,71.953106,0
13709,71.953024,0
13710,71.952811,0
13711,71.610149,0
13712,71.953306,0
13713,71.953097,0
13714,71.953090,0
13715,71.953271,0
13716,159.640804,0
13717,71.610237,0
13718,71.610248,0
13719,72.200435,0
13720,159.608094,0
13721,70.831442,0
13722,71.246250,0
13723,71.245481,0
13724,70.588597,0
13725,71.016079,0
13726,79.658853,0
13727,159.641358,0
13728,79.579529,0
13729,70.730774,0
13730,159.609203,0
13731,184.884322,0
13732,71.468504,0
13733,71.528036,0
13734,71.528036,0
13735,159.640808,0
13736,79.581179,0
13737,79.582218,0
13738,82.135843,0
13739,159.607734,0
13740,70.589065,0
13741,70.595150,0
13742,71.529007,0
13743,71.023467,0
13744,71.023484,0
13745,70.707681,0
13746,71.531979,0
13747,71.526195,0
13748,72.000194,0
13749,159.612468,0
13750,71.468517,0
13751,70.801057,0
13752,71.535095,0
13753,201.261740,0
13754,71.015569,0
13755,71.536559,0
13756,185.409068,0
13757,71.250784,0
13758,71.247393,0
13759,71.247281,0
13760,79.582242,0
13761,79.657846,0
13762,79.659716,0
13763,79.658289,0
13764,79.772254,0
13765,185.297413,0
13766,159.624507,0
13767,71.475364,0
13768,80.558482,0
13769,70.701575,0
13770,72.840779,0
13771,71.531029,0
13772,71.541571,0
13773,71.014375,0
13774,71.018850,0
13775,184.356241,0
13776,71.018189,0
13777,71.015520,0
13778,73.909667,0
13779,71.539004,0
13780,79.705949,0
13781,70.703906,0
13782,71.027816,0
13783,159.641050,0
13784,73.066492,0
13785,72.257888,0
13786,72.251450,0
13787,71.019694,0
13788,71.018850,0
13789,71.016589,0
13790,70.837914,0
13791,70.840518,0
13792,70.702663,0
13793,70.704845,0
13794,94.948370,0
13795,79.772106,0
13796,74.768926,0
13797,79.658596,0
13798,79.594127,0
13799,71.466561,0
13800,71.526448,0
13801,71.471255,0
13802,71.471255,0
13803,71.527734,0
13804,71.513694,0
13805,71.513905,0
13806,71.513704,0
13807,71.535047,0
13808,71.467016,0
13809,71.526315,0
13810,71.527278,0
13811,71.526821,0
13812,71.468738,0
13813,71.528903,0
13814,71.953307,0
13815,71.953307,0
13816,71.952474,0
13817,71.755478,0
13818,71.471496,0
13819,79.580797,0
13820,70.702700,0
13821,71.466566,0
13822,79.594143,0
13823,79.594722,0
13824,71.468812,0
13825,71.470896,0
13826,70.607449,0
13827,159.609433,0
13828,71.527052,0
13829,70.588654,0
13830,71.246035,0
13831,159.608045,0
13832,71.529142,0
13833,71.529192,0
13834,71.529192,0
13835,71.755057,0
13836,70.700874,0
13837,70.700831,0
13838,159.724776,0
13839,70.701283,0
13840,70.701283,0
13841,71.471956,0
13842,71.528777,0
13843,71.529522,0
13844,71.471424,0
13845,71.247218,0
13846,71.467602,0
13847,70.608187,0
13848,79.594149,0
13849,159.641020,0
13850,159.607597,0
13851,70.832417,0
13852,70.833878,0
13853,71.756004,0
13854,79.584158,0
13855,159.607599,0
13856,70.589875,0
13857,79.580798,0
13858,70.592447,0
13859,70.699921,0
13860,79.580804,0
13861,79.580804,0
13862,79.580794,0
13863,70.700393,0
13864,70.700810,0
13865,159.641119,0
13866,70.833318,0
13867,70.590364,0
13868,159.609193,0
13869,71.514256,0
13870,71.467165,0
13871,71.473402,0
13872,71.473402,0
13873,71.467165,0
13874,71.024507,0
13875,79.658048,0
13876,70.701010,0
13877,70.621673,0
13878,159.607572,0
13879,79.657931,0
13880,79.657892,0
13881,79.657892,0
13882,79.580801,0
13883,70.832977,0
13884,70.701283,0
13885,70.701283,0
13886,71.609829,0
13887,71.610230,0
13888,71.610230,0
13889,71.489969,0
13890,79.658698,0
13891,79.594141,0
13892,79.594146,0
13893,159.607852,0
13894,70.608006,0
13895,70.588707,0
13896,159.641170,0
13897,159.772689,0
13898,159.641035,0
13899,159.641022,0
13900,159.645082,0
13901,70.617986,0
13902,184.358797,0
13903,184.381667,0
13904,79.585522,0
13905,79.581514,0
13906,79.581369,0
13907,184.375756,0
13908,79.595363,0
13909,184.358248,0
13910,79.661311,0
13911,79.596434,0
13912,79.595640,0
13913,79.580793,0
13914,79.581483,0
13915,79.580793,0
13916,79.581821,0
13917,79.582249,0
13918,71.632312,0
13919,79.659024,0
13920,70.681033,0
13921,75.251056,0
13922,77.916892,0
13923,74.849962,0
13924,74.849962,0
13925,75.279700,0
13926,75.728858,0
13927,75.728704,0
13928,75.729442,0
13929,75.729407,0
13930,75.729536,0
13931,75.729494,0
13932,75.728955,0
13933,77.142702,0
13934,76.075096,0
13935,76.076908,0
13936,75.728497,0
13937,75.729479,0
13938,75.730754,0
13939,74.995036,0
13940,74.994975,0
13941,75.434219,0
13942,75.434317,0
13943,76.494591,0
13944,76.495075,0
13945,76.494594,0
13946,76.654838,0
13947,77.775466,0
13948,77.646163,0
13949,77.918908,0
13950,77.654132,0
13951,76.494626,0
13952,78.108906,0
13953,77.777295,0
13954,76.343617,0
13955,77.916443,0
13956,76.396989,0
13957,77.653409,0
13958,77.713727,0
13959,78.112636,0
13960,78.943357,0
13961,77.775844,0
13962,74.889474,0
13963,77.775346,0
13964,76.341504,0
13965,80.046097,0
13966,77.987455,0
13967,78.112858,0
13968,76.342294,0
13969,77.775089,0
13970,77.775045,0
13971,77.775098,0
13972,74.756268,0
13973,75.052276,0
13974,78.653482,0
13975,78.653482,0
13976,83.228397,0
13977,132.577298,0
13978,74.998155,0
13979,77.775107,0
13980,76.179068,0
13981,80.043932,0
13982,77.775112,0
13983,74.889520,0
13984,74.889668,0
13985,78.406337,0
13986,132.590296,0
13987,76.962327,0
13988,78.443849,0
13989,77.643691,0
13990,77.643691,0
13991,76.339286,0
13992,76.964732,0
13993,78.108075,0
13994,75.251912,0
13995,77.825319,0
13996,74.850191,0
13997,75.251076,0
13998,75.251050,0
13999,75.042690,0
14000,78.641627,0
14001,76.237826,0
14002,76.235571,0
14003,77.713701,0
14004,77.713802,0
14005,77.684164,0
14006,78.108119,0
14007,77.916393,0
14008,76.175159,0
14009,76.340875,0
14010,76.234731,0
14011,76.234731,0
14012,78.305430,0
14013,77.714228,0
14014,96.827018,0
14015,96.572993,0
14016,96.572993,0
14017,75.187528,0
14018,75.435172,0
14019,75.433425,0
14020,75.433482,0
14021,75.189889,0
14022,75.189889,0
14023,77.654143,0
14024,80.964012,0
14025,74.848141,0
14026,75.189454,0
14027,89.687404,0
14028,89.687421,0
14029,89.695576,0
14030,89.695576,0
14031,89.707379,0
14032,89.696699,0
14033,87.996272,0
14034,88.373729,0
14035,87.866763,0
14036,90.154089,0
14037,92.471908,0
14038,92.471908,0
14039,89.296413,0
14040,89.292825,0
14041,87.886034,0
14042,88.020769,0
14043,88.368487,0
14044,126.997836,0
14045,5359.798764,1
14046,5364.084518,1
14047,820.672372,0
14048,1647.537601,1
14049,707.837940,0
14050,286.703528,0
14051,294.214330,0
14052,9216.744513,1
14053,11656.274981,1
14054,2549.677056,1
14055,1462.547049,1
14056,693.033187,0
14057,692.224679,0
14058,692.774008,0
14059,683.864018,0
14060,684.153709,0
14061,684.089748,0
14062,684.089748,0
14063,686.115581,0
14064,687.430638,0
14065,685.404745,0
14066,684.139759,0
14067,686.012855,0
14068,684.591893,0
14069,684.593131,0
14070,683.264110,0
14071,683.629768,0
14072,692.233596,0
14073,692.405174,0
14074,683.631077,0
14075,684.489542,0
14076,692.240061,0
14077,683.457112,0
14078,683.932720,0
14079,683.874421,0
14080,683.462775,0
14081,684.177586,0
14082,772.234085,0
14083,684.711482,0
14084,683.326389,0
14085,692.233153,0
14086,683.187100,0
14087,683.443849,0
14088,772.278080,0
14089,683.637671,0
14090,684.153111,0
14091,683.633853,0
14092,683.211238,0
14093,692.266851,0
14094,691.218548,0
14095,693.524607,0
14096,689.724600,0
14097,692.987097,0
14098,736.741956,0
14099,529.971020,0
14100,440.986968,0
14101,440.986968,0
14102,441.072858,0
14103,441.364677,0
14104,441.374838,0
14105,441.364877,0
14106,441.364877,0
14107,441.592713,0
14108,441.873110,0
14109,449.972114,0
14110,441.371620,0
14111,441.197884,0
14112,440.960008,0
14113,450.054372,0
14114,450.223198,0
14115,441.189035,0
14116,441.061424,0
14117,449.944059,0
14118,450.025738,0
14119,441.061371,0
14120,450.143608,0
14121,441.064162,0
14122,450.025905,0
14123,450.373442,0
14124,441.594399,0
14125,441.389381,0
14126,441.389381,0
14127,441.190242,0
14128,441.876915,0
14129,441.883386,0
14130,441.196892,0
14131,450.381917,0
14132,441.377039,0
14133,442.611599,0
14134,441.369855,0
14135,445.324564,0
14136,449.943587,0
14137,441.379353,0
14138,441.365926,0
14139,441.200454,0
14140,441.060865,0
14141,441.060684,0
14142,444.750971,0
14143,445.716401,0
14144,444.553838,0
14145,447.636081,0
14146,448.161171,0
14147,444.778534,0
14148,444.776086,0
14149,445.716403,0
14150,446.049508,0
14151,447.788137,0
14152,447.791768,0
14153,447.314493,0
14154,445.708981,0
14155,447.310117,0
14156,447.641245,0
14157,445.776017,0
14158,447.451873,0
14159,447.314455,0
14160,445.715929,0
14161,447.453691,0
14162,445.708869,0
14163,461.448009,0
14164,2885.946032,1
14165,517.367114,0
14166,202.158876,0
14167,202.144461,0
14168,202.144427,0
14169,202.144519,0
14170,193.116888,0
14171,282.173772,0
14172,282.173348,0
14173,282.270037,0
14174,193.536449,0
14175,193.578559,0
14176,193.536449,0
14177,194.049196,0
14178,194.049216,0
14179,193.536427,0
14180,194.049565,0
14181,193.767411,0
14182,193.767273,0
14183,193.224879,0
14184,193.767767,0
14185,193.767767,0
14186,193.767767,0
14187,193.768405,0
14188,193.767650,0
14189,193.535568,0
14190,193.535949,0
14191,193.354891,0
14192,193.767684,0
14193,193.766846,0
14194,193.766211,0
14195,193.766211,0
14196,194.048719,0
14197,193.355723,0
14198,194.048477,0
14199,194.049620,0
14200,193.138050,0
14201,282.173822,0
14202,193.225604,0
14203,194.071638,0
14204,282.155975,0
14205,194.167254,0
14206,282.155976,0
14207,202.146556,0
14208,202.148192,0
14209,202.144686,0
14210,202.159123,0
14211,202.403231,0
14212,202.181281,0
14213,202.186313,0
14214,202.164258,0
14215,193.118060,0
14216,193.141245,0
14217,195.114445,0
14218,202.146592,0
14219,194.071805,0
14220,194.071805,0
14221,202.161933,0
14222,310.190477,0
14223,194.026759,0
14224,202.144647,0
14225,193.130977,0
14226,202.144542,0
14227,282.156321,0
14228,282.156321,0
14229,202.144444,0
14230,193.117629,0
14231,202.144444,0
14232,323.516749,0
14233,282.155933,0
14234,193.226570,0
14235,282.188821,0
14236,202.180418,0
14237,202.180923,0
14238,202.184539,0
14239,202.184539,0
14240,202.180474,0
14241,282.187920,0
14242,202.180366,0
14243,193.226865,0
14244,202.180541,0
14245,193.356066,0
14246,217.637326,0
14247,193.146630,0
14248,193.146630,0
14249,194.027352,0
14250,202.160453,0
14251,202.144238,0
14252,202.143997,0
14253,282.175132,0
14254,202.180374,0
14255,193.728057,0
14256,202.144524,0
14257,193.224861,0
14258,282.188134,0
14259,193.225273,0
14260,202.184277,0
14261,194.196676,0
14262,194.195693,0
14263,193.768103,0
14264,193.357697,0
14265,193.357054,0
14266,202.144534,0
14267,193.766194,0
14268,193.766194,0
14269,193.226422,0
14270,193.537427,0
14271,193.535721,0
14272,194.025737,0
14273,202.588928,0
14274,194.051263,0
14275,194.049407,0
14276,193.535943,0
14277,193.535943,0
14278,193.542767,0
14279,193.535960,0
14280,193.535960,0
14281,193.767957,0
14282,193.767117,0
14283,193.767340,0
14284,194.057189,0
14285,193.356706,0
14286,193.357054,0
14287,196.222568,0
14288,198.540626,0
14289,201.497153,0
14290,219.825940,0
14291,202.278718,0
14292,201.464273,0
14293,201.887126,0
14294,201.693481,0
14295,201.464204,0
14296,199.982343,0
14297,199.982308,0
14298,256.386473,0
14299,198.677575,0
14300,200.045288,0
14301,219.879284,0
14302,200.518437,0
14303,201.463869,0
14304,201.694178,0
14305,200.045344,0
14306,198.540924,0
14307,201.693619,0
14308,201.693619,0
14309,201.693434,0
14310,201.883673,0
14311,212.063527,0
14312,212.054108,0
14313,212.054108,0
14314,212.066324,0
14315,247.968890,0
14316,824.642145,0
14317,409.871167,0
14318,409.600535,0
14319,3621.390655,1
14320,763.835673,0
14321,754.676327,0
14322,754.675810,0
14323,754.674360,0
14324,763.725058,0
14325,754.676162,0
14326,763.723082,0
14327,756.477938,0
14328,754.753030,0
14329,755.443137,0
14330,755.440179,0
14331,755.649359,0
14332,754.674935,0
14333,754.984411,0
14334,755.440430,0
14335,763.834338,0
14336,763.639291,0
14337,764.007081,0
14338,756.136179,0
14339,755.445783,0
14340,754.791244,0
14341,754.794407,0
14342,754.674593,0
14343,754.671349,0
14344,755.172419,0
14345,764.800508,0
14346,761.914872,0
14347,761.921121,0
14348,759.142300,0
14349,761.536119,0
14350,760.307455,0
14351,760.668370,0
14352,761.912350,0
14353,761.737283,0
14354,772.651896,0
14355,775.668186,0
14356,772.659904,0
14357,773.131723,0
14358,832.544570,0
14359,927.244844,0
14360,917.522281,0
14361,927.133088,0
14362,926.602142,0
14363,918.761326,0
14364,918.042188,0
14365,918.044858,0
14366,917.756296,0
14367,927.473922,0
14368,926.843047,0
14369,927.865094,0
14370,918.040396,0
14371,927.133928,0
14372,926.841923,0
14373,926.842500,0
14374,927.139004,0
14375,926.602412,0
14376,917.529456,0
14377,927.132816,0
14378,926.843294,0
14379,927.134001,0
14380,927.133143,0
14381,917.204220,0
14382,926.843157,0
14383,917.529146,0
14384,926.413388,0
14385,927.137964,0
14386,926.602828,0
14387,918.383339,0
14388,917.219402,0
14389,924.338121,0
14390,927.480733,0
14391,212.675551,0
14392,212.674569,0
14393,212.673718,0
14394,212.330573,0
14395,212.329391,0
14396,220.701660,0
14397,211.761460,0
14398,211.761460,0
14399,211.761090,0
14400,211.760407,0
14401,211.760407,0
14402,300.716958,0
14403,212.672024,0
14404,212.672315,0
14405,212.570022,0
14406,212.569474,0
14407,212.569474,0
14408,212.568692,0
14409,220.663025,0
14410,220.702050,0
14411,220.702454,0
14412,211.761510,0
14413,300.676270,0
14414,212.828109,0
14415,212.828109,0
14416,220.701706,0
14417,220.941688,0
14418,220.942349,0
14419,220.942349,0
14420,220.942272,0
14421,212.826804,0
14422,212.826817,0
14423,212.826893,0
14424,212.826804,0
14425,211.762342,0
14426,211.761601,0
14427,220.942627,0
14428,212.570168,0
14429,212.673798,0
14430,212.673798,0
14431,211.760323,0
14432,211.760323,0
14433,220.702952,0
14434,212.827263,0
14435,212.828282,0
14436,212.826862,0
14437,212.091756,0
14438,211.901984,0
14439,211.901984,0
14440,213.032499,0
14441,212.564619,0
14442,211.761642,0
14443,211.761225,0
14444,211.761225,0
14445,211.703164,0
14446,212.559180,0
14447,212.620929,0
14448,220.702082,0
14449,220.798795,0
14450,220.798795,0
14451,220.702210,0
14452,212.559651,0
14453,212.089841,0
14454,220.701790,0
14455,220.657193,0
14456,220.657198,0
14457,220.657198,0
14458,212.661392,0
14459,212.661392,0
14460,212.661250,0
14461,212.661250,0
14462,212.515204,0
14463,211.901295,0
14464,220.701990,0
14465,220.701812,0
14466,220.702258,0
14467,211.761443,0
14468,220.701901,0
14469,220.701879,0
14470,220.701819,0
14471,220.701966,0
14472,220.701912,0
14473,220.701880,0
14474,220.701617,0
14475,220.701617,0
14476,220.701651,0
14477,220.656922,0
14478,220.656922,0
14479,220.657079,0
14480,212.517876,0
14481,212.517876,0
14482,211.707335,0
14483,220.701592,0
14484,220.701977,0
14485,220.701794,0
14486,220.704383,0
14487,220.701711,0
14488,220.701812,0
14489,220.701912,0
14490,220.701912,0
14491,220.701959,0
14492,220.701553,0
14493,220.701553,0
14494,211.633952,0
14495,211.637397,0
14496,220.658740,0
14497,220.702035,0
14498,220.702007,0
14499,220.701998,0
14500,211.633689,0
14501,220.702112,0
14502,220.701868,0
14503,220.701879,0
14504,220.701879,0
14505,220.701868,0
14506,220.657196,0
14507,220.701885,0
14508,220.701916,0
14509,220.701632,0
14510,220.701632,0
14511,220.702096,0
14512,220.657174,0
14513,220.514286,0
14514,220.514276,0
14515,220.660928,0
14516,220.660928,0
14517,220.660928,0
14518,220.660928,0
14519,220.660928,0
14520,220.660928,0
14521,220.662128,0
14522,217.708934,0
14523,220.660980,0
14524,220.516289,0
14525,219.116039,0
14526,220.515203,0
14527,221.008781,0
14528,220.516455,0
14529,220.516489,0
14530,428.883007,0
14531,127.996470,0
14532,131.241862,0
14533,128.418291,0
14534,130.977406,0
14535,129.983961,0
14536,128.321506,0
14537,128.322104,0
14538,128.320273,0
14539,127.561959,0
14540,136.486027,0
14541,152.220051,0
14542,152.216500,0
14543,152.215824,0
14544,216.665024,0
14545,128.345085,0
14546,152.218316,0
14547,128.343715,0
14548,128.343715,0
14549,128.261588,0
14550,128.261673,0
14551,137.231996,0
14552,137.928052,0
14553,151.968438,0
14554,136.962686,0
14555,137.232345,0
14556,136.403649,0
14557,137.232479,0
14558,128.322151,0
14559,151.768045,0
14560,136.370790,0
14561,152.216037,0
14562,136.486118,0
14563,128.542399,0
14564,257.519845,0
14565,127.787109,0
14566,128.420056,0
14567,128.420056,0
14568,128.419384,0
14569,128.321519,0
14570,136.746667,0
14571,136.402588,0
14572,136.802007,0
14573,128.347996,0
14574,128.419734,0
14575,128.322076,0
14576,138.566644,0
14577,129.725121,0
14578,127.509944,0
14579,127.434731,0
14580,216.425654,0
14581,128.258968,0
14582,128.320109,0
14583,127.785619,0
14584,128.950291,0
14585,258.792776,0
14586,128.937955,0
14587,128.937149,0
14588,128.267700,0
14589,257.741796,0
14590,131.461258,0
14591,128.936792,0
14592,153.624169,0
14593,136.389231,0
14594,136.389231,0
14595,136.388375,0
14596,136.390617,0
14597,151.991531,0
14598,136.486131,0
14599,152.216086,0
14600,152.215925,0
14601,129.719350,0
14602,152.220996,0
14603,128.258725,0
14604,152.870640,0
14605,152.224942,0
14606,152.868065,0
14607,136.488689,0
14608,136.486285,0
14609,257.493704,0
14610,136.391389,0
14611,136.391350,0
14612,136.391318,0
14613,128.321598,0
14614,128.419340,0
14615,128.419262,0
14616,128.543744,0
14617,257.627950,0
14618,136.743823,0
14619,133.549710,0
14620,133.684647,0
14621,133.288780,0
14622,133.288780,0
14623,130.901788,0
14624,131.598254,0
14625,130.797155,0
14626,128.217897,0
14627,127.893869,0
14628,128.217884,0
14629,129.395942,0
14630,129.395512,0
14631,131.080523,0
14632,133.287352,0
14633,128.218752,0
14634,130.084860,0
14635,127.889538,0
14636,133.289872,0
14637,132.107536,0
14638,131.579858,0
14639,128.218752,0
14640,128.218837,0
14641,128.218837,0
14642,128.218766,0
14643,128.029804,0
14644,129.266409,0
14645,128.218848,0
14646,128.219217,0
14647,133.286168,0
14648,130.716057,0
14649,132.670678,0
14650,132.670297,0
14651,132.672447,0
14652,130.068820,0
14653,128.217830,0
14654,128.218573,0
14655,128.218443,0
14656,128.218413,0
14657,131.979372,0
14658,127.766572,0
14659,133.289108,0
14660,129.567088,0
14661,127.890582,0
14662,129.566509,0
14663,128.218154,0
14664,128.218154,0
14665,127.890997,0
14666,127.890997,0
14667,127.890985,0
14668,129.270388,0
14669,128.747869,0
14670,128.747130,0
14671,128.747296,0
14672,128.747296,0
14673,128.747296,0
14674,129.392571,0
14675,128.218752,0
14676,128.218753,0
14677,129.574208,0
14678,129.574208,0
14679,129.574208,0
14680,129.574213,0
14681,130.779779,0
14682,131.569479,0
14683,128.028688,0
14684,128.747739,0
14685,128.747739,0
14686,133.292160,0
14687,128.217647,0
14688,128.029371,0
14689,128.747393,0
14690,128.747214,0
14691,128.747108,0
14692,128.747144,0
14693,130.073227,0
14694,128.466985,0
14695,128.466985,0
14696,130.909278,0
14697,128.218755,0
14698,132.788853,0
14699,149.410415,0
14700,128.458200,0
14701,131.074485,0
14702,128.218752,0
14703,128.218815,0
14704,128.220095,0
14705,128.218778,0
14706,128.747861,0
14707,131.074010,0
14708,128.029730,0
14709,133.291412,0
14710,149.282329,0
14711,128.747876,0
14712,150.729110,0
14713,150.729110,0
14714,129.396440,0
14715,129.568383,0
14716,130.761076,0
14717,129.568714,0
14718,185.949693,0
14719,150.730455,0
14720,128.218763,0
14721,149.589739,0
14722,149.589739,0
14723,128.217582,0
14724,128.217582,0
14725,127.839028,0
14726,128.748948,0
14727,130.715932,0
14728,130.716567,0
14729,129.568350,0
14730,131.107774,0
14731,130.902938,0
14732,130.401893,0
14733,131.879835,0
14734,129.396974,0
14735,146.370636,0
14736,143.878465,0
14737,143.496016,0
14738,143.521444,0
14739,142.305785,0
14740,146.523283,0
14741,148.368861,0
14742,148.376989,0
14743,142.387638,0
14744,142.393259,0
14745,142.435804,0
14746,146.125698,0
14747,149.517472,0
14748,149.009043,0
14749,143.581621,0
14750,146.131175,0
14751,142.396407,0
14752,178.373082,0
14753,202.056866,0
14754,202.045148,0
14755,178.275759,0
14756,202.055528,0
14757,459.926782,0
14758,811.597712,0
14759,348.299520,0
14760,341.499706,0
14761,499.463210,0
14762,341.543202,0
14763,1441.630018,1
14764,3552.908537,1
14765,796.752204,0
14766,584.003434,0
14767,920.589980,0
14768,920.589980,0
14769,14943.002808,1
14770,4108.804024,1
14771,113.301707,0
14772,114.146286,0
14773,113.611761,0
14774,112.119066,0
14775,113.616454,0
14776,112.117543,0
14777,112.117543,0
14778,112.337245,0
14779,111.954914,0
14780,112.333327,0
14781,4288.923395,1
14782,112.128420,0
14783,112.128420,0
14784,122.152524,0
14785,113.292349,0
14786,112.338387,0
14787,114.869442,0
14788,113.531477,0
14789,113.122392,0
14790,113.265941,0
14791,112.973310,0
14792,112.334508,0
14793,121.412314,0
14794,112.902433,0
14795,122.382495,0
14796,112.902336,0
14797,112.334694,0
14798,136.098219,0
14799,136.098219,0
14800,112.602880,0
14801,112.603462,0
14802,112.598608,0
14803,112.916163,0
14804,137.332111,0
14805,136.651563,0
14806,121.418550,0
14807,112.333534,0
14808,112.916781,0
14809,112.604988,0
14810,112.415357,0
14811,113.943765,0
14812,112.850741,0
14813,112.141018,0
14814,114.867378,0
14815,112.847652,0
14816,113.980177,0
14817,113.567921,0
14818,113.566995,0
14819,114.885411,0
14820,169.463195,0
14821,170.545232,0
14822,113.974475,0
14823,118.504376,0
14824,112.848029,0
14825,113.360192,0
14826,113.360192,0
14827,112.415044,0
14828,115.697796,0
14829,114.792027,0
14830,112.415721,0
14831,113.359984,0
14832,114.793234,0
14833,112.183854,0
14834,114.796058,0
14835,133.919037,0
14836,112.418100,0
14837,112.605784,0
14838,112.605784,0
14839,112.277097,0
14840,112.273020,0
14841,112.605883,0
14842,112.605432,0
14843,112.607842,0
14844,118.081053,0
14845,113.569688,0
14846,114.991659,0
14847,114.991659,0
14848,118.363982,0
14849,112.415974,0
14850,114.991289,0
14851,113.746188,0
14852,113.332390,0
14853,169.459099,0
14854,112.415482,0
14855,112.415482,0
14856,112.415171,0
14857,112.273889,0
14858,112.273889,0
14859,112.273798,0
14860,112.273650,0
14861,113.568334,0
14862,169.462777,0
14863,112.140622,0
14864,112.140622,0
14865,112.608468,0
14866,113.330438,0
14867,114.866859,0
14868,112.416546,0
14869,113.143532,0
14870,118.363673,0
14871,112.850112,0
14872,114.867370,0
14873,114.994340,0
14874,113.440713,0
14875,114.869072,0
14876,113.412651,0
14877,170.560008,0
14878,114.869138,0
14879,112.272419,0
14880,112.413545,0
14881,114.793114,0
14882,114.793719,0
14883,112.186377,0
14884,114.771165,0
14885,117.808472,0
14886,170.027090,0
14887,114.937148,0
14888,114.991929,0
14889,112.413365,0
14890,112.412651,0
14891,115.002428,0
14892,113.567661,0
14893,113.567661,0
14894,114.991546,0
14895,112.847693,0
14896,112.416353,0
14897,112.272097,0
14898,113.567744,0
14899,114.997734,0
14900,114.991657,0
14901,170.024152,0
14902,114.872703,0
14903,112.413252,0
14904,112.413252,0
14905,115.392975,0
14906,133.566658,0
14907,114.993882,0
14908,115.394581,0
14909,114.993103,0
14910,115.168107,0
14911,118.506249,0
14912,114.994043,0
14913,113.359930,0
14914,115.926456,0
14915,114.793319,0
14916,113.944327,0
14917,113.427564,0
14918,112.181080,0
14919,112.182170,0
14920,115.393479,0
14921,112.413744,0
14922,116.016079,0
14923,114.793124,0
14924,112.182124,0
14925,112.414544,0
14926,113.567768,0
14927,122.891209,0
14928,124.652599,0
14929,122.762940,0
14930,126.078401,0
14931,123.619113,0
14932,122.739578,0
14933,123.014756,0
14934,122.761044,0
14935,122.884262,0
14936,122.861735,0
14937,122.862049,0
14938,129.289519,0
14939,122.752116,0
14940,122.764649,0
14941,130.093580,0
14942,130.093580,0
14943,130.093580,0
14944,130.100600,0
14945,129.956545,0
14946,129.767094,0
14947,129.261110,0
14948,124.927617,0
14949,124.319039,0
14950,122.870144,0
14951,122.790249,0
14952,129.749347,0
14953,122.792713,0
14954,122.801646,0
14955,124.323307,0
14956,122.848514,0
14957,122.771027,0
14958,122.763165,0
14959,125.221181,0
14960,125.211319,0
14961,131.367758,0
14962,131.364500,0
14963,123.151405,0
14964,122.795179,0
14965,122.754259,0
14966,122.747121,0
14967,127.472140,0
14968,122.786292,0
14969,125.120777,0
14970,131.349092,0
14971,122.755602,0
14972,122.747682,0
14973,122.742044,0
14974,131.548295,0
14975,124.323042,0
14976,129.431951,0
14977,122.746201,0
14978,124.745635,0
14979,129.757669,0
14980,122.993407,0
14981,122.751833,0
14982,124.329639,0
14983,122.877759,0
14984,122.877759,0
14985,127.471956,0
14986,122.759872,0
14987,122.848516,0
14988,122.791902,0
14989,122.870745,0
14990,122.798556,0
14991,124.737081,0
14992,124.737081,0
14993,122.790906,0
14994,122.765920,0
14995,129.769636,0
14996,129.769636,0
14997,174.776902,0
14998,422.372287,0
14999,157.447754,0
15000,157.441684,0
15001,157.557514,0
15002,157.480484,0
15003,181.116066,0
15004,165.477407,0
15005,157.496684,0
15006,174.813957,0
15007,263.793702,0
15008,157.486330,0
15009,181.114659,0
15010,157.486002,0
15011,157.489135,0
15012,181.126397,0
15013,157.480784,0
15014,181.118598,0
15015,185.078723,0
15016,157.478244,0
15017,157.435701,0
15018,157.480015,0
15019,159.869368,0
15020,162.652871,0
15021,180.833090,0
15022,180.841508,0
15023,186.032054,0
15024,163.108974,0
15025,167.003089,0
15026,167.003089,0
15027,158.247577,0
15028,174.851545,0
15029,186.767711,0
15030,182.929009,0
15031,181.119017,0
15032,167.416046,0
15033,262.420554,0
15034,181.115148,0
15035,507.994426,0
15036,439.856611,0
15037,607.944294,0
15038,494.394744,0
15039,439.942515,0
15040,439.987473,0
15041,439.987473,0
15042,494.506795,0
15043,448.971969,0
15044,330.115218,0
15045,330.118662,0
15046,324.822042,0
15047,323.632398,0
15048,464.620307,0
15049,351.327728,0
15050,464.580305,0
15051,465.638332,0
15052,465.675384,0
15053,359.857316,0
15054,351.867211,0
15055,351.325904,0
15056,465.622544,0
15057,465.061613,0
15058,465.082561,0
15059,465.068323,0
15060,351.328348,0
15061,351.325705,0
15062,360.378073,0
15063,464.824755,0
15064,350.846138,0
15065,360.162536,0
15066,360.162536,0
15067,465.623344,0
15068,351.864976,0
15069,351.015748,0
15070,352.228474,0
15071,351.325601,0
15072,351.324223,0
15073,465.318099,0
15074,350.909920,0
15075,351.906616,0
15076,465.265030,0
15077,352.155377,0
15078,350.923882,0
15079,351.329331,0
15080,439.884208,0
15081,465.210565,0
15082,464.856027,0
15083,467.362455,0
15084,350.910136,0
15085,359.908209,0
15086,351.324219,0
15087,354.011801,0
15088,439.886923,0
15089,351.129108,0
15090,350.985875,0
15091,360.011138,0
15092,350.986025,0
15093,350.984950,0
15094,351.569449,0
15095,359.858955,0
15096,359.858955,0
15097,359.860724,0
15098,359.862115,0
15099,351.382418,0
15100,350.909442,0
15101,359.861295,0
15102,351.750182,0
15103,351.742461,0
15104,352.180664,0
15105,352.180664,0
15106,351.985728,0
15107,352.180832,0
15108,352.180832,0
15109,352.177229,0
15110,351.985745,0
15111,352.179134,0
15112,439.888117,0
15113,439.884750,0
15114,439.884750,0
15115,439.883615,0
15116,354.852412,0
15117,359.911348,0
15118,464.540698,0
15119,439.884239,0
15120,359.859588,0
15121,360.440019,0
15122,357.060801,0
15123,362.179286,0
15124,356.976352,0
15125,357.378177,0
15126,359.956686,0
15127,362.300705,0
15128,359.955834,0
15129,371.022915,0
15130,5635.781075,1
15131,1689.749427,1
15132,173.512010,0
15133,173.849946,0
15134,173.851868,0
15135,182.468872,0
15136,173.825400,0
15137,182.469186,0
15138,182.468929,0
15139,197.264543,0
15140,197.264543,0
15141,182.469144,0
15142,182.468363,0
15143,197.007719,0
15144,173.823030,0
15145,174.236119,0
15146,174.234225,0
15147,173.926634,0
15148,173.929072,0
15149,181.987582,0
15150,174.057373,0
15151,174.057461,0
15152,174.056298,0
15153,174.057580,0
15154,174.057580,0
15155,174.464124,0
15156,174.464021,0
15157,174.464021,0
15158,173.510824,0
15159,173.510824,0
15160,174.235387,0
15161,174.235676,0
15162,173.823778,0
15163,173.510972,0
15164,286.967824,0
15165,173.511058,0
15166,174.045487,0
15167,173.511037,0
15168,174.463568,0
15169,173.930208,0
15170,173.511284,0
15171,173.510905,0
15172,287.464533,0
15173,172.946582,0
15174,173.510940,0
15175,173.510940,0
15176,173.510966,0
15177,173.510966,0
15178,181.905069,0
15179,173.298258,0
15180,173.510847,0
15181,173.776447,0
15182,173.512649,0
15183,173.775100,0
15184,173.775100,0
15185,173.775149,0
15186,174.454763,0
15187,198.349545,0
15188,175.451450,0
15189,173.298233,0
15190,178.191527,0
15191,173.260146,0
15192,173.264405,0
15193,173.261294,0
15194,176.321943,0
15195,176.197913,0
15196,173.535037,0
15197,176.105621,0
15198,173.261687,0
15199,178.824262,0
15200,173.262058,0
15201,174.806701,0
15202,176.323632,0
15203,180.381639,0
15204,194.595857,0
15205,175.200969,0
15206,173.373974,0
15207,173.642342,0
15208,173.649021,0
15209,173.315382,0
15210,174.681004,0
15211,174.681004,0
15212,176.107444,0
15213,174.175731,0
15214,176.201072,0
15215,176.323431,0
15216,176.201570,0
15217,176.201570,0
15218,176.901028,0
15219,176.129747,0
15220,176.497155,0
15221,175.490943,0
15222,175.490661,0
15223,175.490661,0
15224,174.809427,0
15225,178.820878,0
15226,174.606264,0
15227,174.605340,0
15228,174.605340,0
15229,176.718420,0
15230,173.888737,0
15231,175.879977,0
15232,176.323209,0
15233,176.323290,0
15234,176.323353,0
15235,176.323434,0
15236,174.608918,0
15237,174.608139,0
15238,174.609412,0
15239,176.324176,0
15240,176.323107,0
15241,179.088390,0
15242,178.649778,0
15243,174.672951,0
15244,174.806316,0
15245,176.323779,0
15246,194.668363,0
15247,176.320739,0
15248,173.373971,0
15249,173.458704,0
15250,174.676771,0
15251,173.452700,0
15252,173.539725,0
15253,176.322056,0
15254,176.319715,0
15255,173.235292,0
15256,176.992993,0
15257,174.986126,0
15258,173.648123,0
15259,175.878865,0
15260,177.535509,0
15261,174.176301,0
15262,174.684649,0
15263,177.612323,0
15264,178.955968,0
15265,174.177391,0
15266,174.177391,0
15267,176.105964,0
15268,176.783610,0
15269,173.322461,0
15270,173.320847,0
15271,176.198773,0
15272,178.956758,0
15273,174.684310,0
15274,193.663016,0
15275,193.662888,0
15276,187.283277,0
15277,187.266568,0
15278,187.266960,0
15279,188.397120,0
15280,187.498588,0
15281,187.255944,0
15282,187.364626,0
15283,187.507244,0
15284,187.344833,0
15285,187.299519,0
15286,187.502284,0
15287,187.303922,0
15288,187.282940,0
15289,191.471037,0
15290,250.480660,0
15291,223.103342,0
15292,246.856539,0
15293,246.903276,0
15294,248.735328,0
15295,223.100942,0
15296,672.872037,0
15297,672.873349,0
15298,559.517816,0
15299,393.492351,0
15300,386.535585,0
15301,29608.796015,1
15302,1427.132355,1
15303,1427.132355,1
15304,1091.651197,1
15305,858.470418,0
15306,626.172616,0
15307,128.051611,0
15308,127.716199,0
15309,126.783496,0
15310,256.858466,0
15311,128.541877,0
15312,127.191957,0
15313,127.428393,0
15314,127.427722,0
15315,127.427166,0
15316,127.428090,0
15317,127.428090,0
15318,128.542857,0
15319,127.429755,0
15320,127.190797,0
15321,127.429022,0
15322,256.771701,0
15323,127.838416,0
15324,127.004803,0
15325,127.427562,0
15326,127.006006,0
15327,135.804147,0
15328,127.788389,0
15329,127.788111,0
15330,127.787859,0
15331,127.837823,0
15332,135.763465,0
15333,127.787175,0
15334,135.804495,0
15335,127.837814,0
15336,135.804317,0
15337,135.804317,0
15338,135.804321,0
15339,128.290712,0
15340,127.939297,0
15341,128.052055,0
15342,127.837701,0
15343,127.837926,0
15344,127.938456,0
15345,127.839249,0
15346,127.839205,0
15347,127.839205,0
15348,128.290317,0
15349,127.788879,0
15350,127.006825,0
15351,127.006825,0
15352,127.190343,0
15353,127.839209,0
15354,127.787992,0
15355,127.787971,0
15356,127.787971,0
15357,127.787208,0
15358,127.427797,0
15359,127.005174,0
15360,127.190616,0
15361,127.427257,0
15362,150.709078,0
15363,127.788155,0
15364,127.787699,0
15365,128.089267,0
15366,129.255333,0
15367,128.022448,0
15368,128.499795,0
15369,131.987525,0
15370,130.704092,0
15371,131.145813,0
15372,131.145696,0
15373,130.703741,0
15374,131.146796,0
15375,130.009180,0
15376,130.558979,0
15377,129.255175,0
15378,128.021357,0
15379,129.007030,0
15380,130.703830,0
15381,191.136289,0
15382,129.112539,0
15383,130.703862,0
15384,129.264575,0
15385,131.145759,0
15386,128.023229,0
15387,128.957686,0
15388,185.185694,0
15389,131.146224,0
15390,128.497256,0
15391,129.097483,0
15392,129.097485,0
15393,129.097995,0
15394,129.256092,0
15395,128.023723,0
15396,130.560003,0
15397,130.900745,0
15398,129.468134,0
15399,127.860430,0
15400,127.748534,0
15401,185.604466,0
15402,127.748526,0
15403,130.419590,0
15404,130.419584,0
15405,130.704468,0
15406,130.588199,0
15407,129.719416,0
15408,129.114161,0
15409,129.012897,0
15410,129.115880,0
15411,130.481602,0
15412,128.022537,0
15413,130.482322,0
15414,130.480940,0
15415,134.858857,0
15416,128.961389,0
15417,130.424986,0
15418,129.011356,0
15419,129.014084,0
15420,131.224401,0
15421,128.235300,0
15422,127.861700,0
15423,129.256294,0
15424,128.022558,0
15425,128.023005,0
15426,128.021742,0
15427,128.022189,0
15428,128.022567,0
15429,129.097955,0
15430,128.498188,0
15431,128.497895,0
15432,127.861282,0
15433,129.005976,0
15434,127.861308,0
15435,127.860479,0
15436,130.704600,0
15437,128.236996,0
15438,185.175611,0
15439,127.676178,0
15440,129.097902,0
15441,130.463901,0
15442,127.688722,0
15443,131.147376,0
15444,129.706175,0
15445,128.234673,0
15446,128.023695,0
15447,186.392167,0
15448,129.098785,0
15449,129.006510,0
15450,128.498747,0
15451,129.256580,0
15452,128.497803,0
15453,130.427461,0
15454,130.704497,0
15455,129.255721,0
15456,128.022662,0
15457,130.479914,0
15458,141.747885,0
15459,140.898657,0
15460,142.797313,0
15461,139.498602,0
15462,142.248521,0
15463,140.890147,0
15464,139.500515,0
15465,139.537778,0
15466,142.359694,0
15467,141.297924,0
15468,142.252136,0
15469,139.955938,0
15470,139.790762,0
15471,139.791714,0
15472,140.239990,0
15473,139.829061,0
15474,139.651052,0
15475,139.649849,0
15476,139.649849,0
15477,140.537177,0
15478,140.537177,0
15479,141.745258,0
15480,140.893798,0
15481,145.834028,0
15482,139.995450,0
15483,140.240698,0
15484,139.957982,0
15485,146.316651,0
15486,139.500307,0
15487,141.210198,0
15488,141.211567,0
15489,139.553533,0
15490,145.661052,0
15491,139.652180,0
15492,142.250150,0
15493,143.533547,0
15494,139.500198,0
15495,139.489812,0
15496,141.294153,0
15497,144.343659,0
15498,146.323556,0
15499,142.262185,0
15500,140.898618,0
15501,141.295911,0
15502,146.320425,0
15503,143.398219,0
15504,143.400179,0
15505,139.805933,0
15506,139.648574,0
15507,141.747418,0
15508,139.989705,0
15509,139.986745,0
15510,140.246052,0
15511,140.541872,0
15512,141.306413,0
15513,182.418433,0
15514,191.605803,0
15515,193.877315,0
15516,270.480196,0
15517,199.594292,0
15518,191.785466,0
15519,198.183585,0
15520,191.826932,0
15521,191.706218,0
15522,271.015501,0
15523,179.781219,0
15524,183.162170,0
15525,183.160836,0
15526,503.872941,0
15527,493.790488,0
15528,490.323808,0
15529,870.421052,0
15530,1361.782870,1
15531,456.954492,0
15532,511.403523,0
15533,1700.939209,1
15534,346.336063,0
15535,497.577684,0
15536,500.643577,0
15537,500.642378,0
15538,346.494803,0
15539,341.256118,0
15540,794.995632,0
15541,794.535092,0
15542,811.745696,0
15543,576.767390,0
15544,577.999380,0
15545,577.540070,0
15546,7019.115047,1
15547,36665.997594,1
15548,11709.070885,1
15549,135.308718,0
15550,135.307876,0
15551,135.270569,0
15552,134.806389,0
15553,134.831397,0
15554,248.278763,0
15555,134.822316,0
15556,265.162953,0
15557,135.270482,0
15558,135.270482,0
15559,135.270910,0
15560,143.713966,0
15561,135.263923,0
15562,265.157161,0
15563,143.659476,0
15564,134.768230,0
15565,143.642790,0
15566,134.794899,0
15567,134.482776,0
15568,135.003908,0
15569,143.413742,0
15570,134.713738,0
15571,134.578353,0
15572,143.584384,0
15573,139.715040,0
15574,134.631433,0
15575,138.261744,0
15576,159.264765,0
15577,223.419701,0
15578,143.584610,0
15579,135.432839,0
15580,135.431504,0
15581,504.719211,0
15582,504.719211,0
15583,504.719413,0
15584,504.719413,0
15585,135.062593,0
15586,134.789047,0
15587,134.790510,0
15588,135.941642,0
15589,136.728984,0
15590,135.940952,0
15591,135.580078,0
15592,159.218628,0
15593,159.218628,0
15594,248.721170,0
15595,137.757721,0
15596,135.739522,0
15597,135.739522,0
15598,135.739488,0
15599,143.382555,0
15600,135.010231,0
15601,135.013207,0
15602,143.383177,0
15603,223.688813,0
15604,134.571080,0
15605,135.279015,0
15606,143.500818,0
15607,135.273731,0
15608,135.011101,0
15609,135.010980,0
15610,223.772554,0
15611,137.756694,0
15612,134.807812,0
15613,143.830425,0
15614,143.385051,0
15615,135.387512,0
15616,134.629181,0
15617,135.268395,0
15618,144.244206,0
15619,144.244206,0
15620,135.268667,0
15621,504.233391,0
15622,135.270821,0
15623,134.790400,0
15624,137.830302,0
15625,134.816070,0
15626,136.623429,0
15627,135.007605,0
15628,138.914291,0
15629,137.946350,0
15630,138.123512,0
15631,138.123512,0
15632,136.316221,0
15633,136.316221,0
15634,192.715439,0
15635,138.913612,0
15636,138.183872,0
15637,140.471636,0
15638,138.066075,0
15639,134.893002,0
15640,134.892697,0
15641,137.946139,0
15642,137.947045,0
15643,137.947045,0
15644,140.088141,0
15645,137.734373,0
15646,140.608098,0
15647,137.842134,0
15648,138.180733,0
15649,135.004565,0
15650,137.834320,0
15651,135.650474,0
15652,134.829716,0
15653,135.170498,0
15654,138.912222,0
15655,139.039230,0
15656,137.825700,0
15657,138.536211,0
15658,138.613663,0
15659,138.613663,0
15660,135.005395,0
15661,139.051599,0
15662,138.942844,0
15663,137.824758,0
15664,138.612946,0
15665,137.948863,0
15666,138.119527,0
15667,138.379879,0
15668,138.379879,0
15669,135.170968,0
15670,134.819396,0
15671,135.167956,0
15672,137.824741,0
15673,136.216693,0
15674,139.324166,0
15675,138.122888,0
15676,135.650472,0
15677,135.645214,0
15678,140.609244,0
15679,140.608209,0
15680,140.608209,0
15681,138.152551,0
15682,135.168289,0
15683,138.241876,0
15684,137.014594,0
15685,134.891245,0
15686,156.314937,0
15687,135.004614,0
15688,134.831669,0
15689,135.384952,0
15690,134.891731,0
15691,138.910003,0
15692,138.119384,0
15693,138.621020,0
15694,139.178204,0
15695,135.167546,0
15696,135.170975,0
15697,135.169413,0
15698,135.172897,0
15699,134.817653,0
15700,138.177795,0
15701,135.168309,0
15702,135.383634,0
15703,135.381690,0
15704,139.730658,0
15705,138.537852,0
15706,138.121613,0
15707,134.941704,0
15708,137.824711,0
15709,137.824711,0
15710,135.168831,0
15711,137.824838,0
15712,138.794615,0
15713,138.791435,0
15714,138.791435,0
15715,138.667216,0
15716,140.745693,0
15717,157.139593,0
15718,157.139593,0
15719,157.139710,0
15720,157.139710,0
15721,157.139710,0
15722,157.139710,0
15723,140.474880,0
15724,138.537344,0
15725,138.788142,0
15726,138.788142,0
15727,138.788142,0
15728,138.788142,0
15729,138.792529,0
15730,134.923195,0
15731,134.923604,0
15732,155.744187,0
15733,155.587414,0
15734,155.757089,0
15735,155.586393,0
15736,155.427314,0
15737,155.427314,0
15738,155.752071,0
15739,149.493175,0
15740,149.280807,0
15741,149.816557,0
15742,155.588097,0
15743,155.588097,0
15744,149.989252,0
15745,149.472455,0
15746,155.740214,0
15747,155.591292,0
15748,155.587721,0
15749,155.593114,0
15750,155.751038,0
15751,155.751038,0
15752,155.425812,0
15753,155.431370,0
15754,155.431370,0
15755,155.426172,0
15756,155.583092,0
15757,155.583413,0
15758,155.583413,0
15759,155.276751,0
15760,155.276751,0
15761,155.263555,0
15762,208.920536,0
15763,208.921390,0
15764,203.673474,0
15765,185.344740,0
15766,348.447413,0
15767,348.422164,0
15768,2631.883509,1
15769,1055.385405,0
15770,1055.385405,0
15771,803.534142,0
15772,825.458569,0
15773,585.482278,0
15774,7027.520921,1
15775,7027.988601,1
15776,359.481235,0
15777,279.491293,0
15778,270.389150,0
15779,359.437348,0
15780,270.389191,0
15781,359.437393,0
15782,279.436235,0
15783,270.378680,0
15784,270.377926,0
15785,359.438005,0
15786,359.437953,0
15787,359.437953,0
15788,270.381182,0
15789,359.437352,0
15790,359.437362,0
15791,359.437382,0
15792,270.383269,0
15793,279.432056,0
15794,359.479970,0
15795,359.479921,0
15796,359.437371,0
15797,270.378815,0
15798,359.437722,0
15799,359.438549,0
15800,279.432065,0
15801,279.432051,0
15802,270.379156,0
15803,359.437371,0
15804,279.433097,0
15805,279.432781,0
15806,279.432009,0
15807,359.437364,0
15808,270.378752,0
15809,359.437352,0
15810,270.379139,0
15811,359.437858,0
15812,359.437781,0
15813,359.480900,0
15814,270.378414,0
15815,270.384564,0
15816,359.437570,0
15817,359.438535,0
15818,359.437383,0
15819,359.437379,0
15820,271.371664,0
15821,359.437348,0
15822,359.437350,0
15823,279.432029,0
15824,359.437363,0
15825,359.437364,0
15826,359.437391,0
15827,359.437363,0
15828,359.437363,0
15829,273.823862,0
15830,359.479910,0
15831,359.480024,0
15832,359.479981,0
15833,270.841746,0
15834,279.491215,0
15835,279.432015,0
15836,279.574765,0
15837,359.437360,0
15838,270.448968,0
15839,279.490833,0
15840,279.436273,0
15841,359.445182,0
15842,359.437367,0
15843,359.445123,0
15844,294.924208,0
15845,270.377938,0
15846,271.325870,0
15847,271.325870,0
15848,271.325870,0
15849,295.049158,0
15850,359.504076,0
15851,359.480481,0
15852,270.418584,0
15853,359.445210,0
15854,359.446118,0
15855,360.153192,0
15856,294.921513,0
15857,359.445224,0
15858,270.846662,0
15859,359.445408,0
15860,279.436224,0
15861,279.436222,0
15862,270.449119,0
15863,271.326540,0
15864,271.326540,0
15865,271.325306,0
15866,271.080889,0
15867,271.081933,0
15868,271.326540,0
15869,270.649587,0
15870,271.081022,0
15871,279.721524,0
15872,359.445110,0
15873,270.509872,0
15874,271.097523,0
15875,270.841420,0
15876,359.445210,0
15877,271.085391,0
15878,271.086038,0
15879,270.418927,0
15880,299.665177,0
15881,280.640512,0
15882,290.889763,0
15883,5565.767915,1
15884,487.870535,0
15885,41.733892,0
15886,41.355628,0
15887,49.767933,0
15888,49.744367,0
15889,41.356921,0
15890,129.790711,0
15891,41.360034,0
15892,41.780913,0
15893,49.766792,0
15894,50.633762,0
15895,49.744662,0
15896,156.805347,0
15897,42.330667,0
15898,41.975277,0
15899,41.975277,0
15900,50.995888,0
15901,40.772209,0
15902,64.963523,0
15903,49.767136,0
15904,40.851471,0
15905,40.851616,0
15906,41.148971,0
15907,42.105015,0
15908,41.136571,0
15909,49.841175,0
15910,40.772499,0
15911,40.772487,0
15912,41.357675,0
15913,41.358027,0
15914,41.954093,0
15915,41.134138,0
15916,154.543852,0
15917,49.751749,0
15918,49.744393,0
15919,40.839201,0
15920,129.986408,0
15921,49.744446,0
15922,40.744470,0
15923,45.042303,0
15924,43.199106,0
15925,41.360985,0
15926,40.762348,0
15927,49.744474,0
15928,49.744445,0
15929,49.744555,0
15930,49.744236,0
15931,49.744236,0
15932,49.745683,0
15933,49.766779,0
15934,49.766864,0
15935,49.766864,0
15936,49.772144,0
15937,41.361868,0
15938,41.143819,0
15939,49.747863,0
15940,129.762489,0
15941,49.745050,0
15942,49.744393,0
15943,40.853398,0
15944,49.744244,0
15945,49.744275,0
15946,49.744318,0
15947,41.366538,0
15948,40.973504,0
15949,41.364457,0
15950,40.839173,0
15951,49.744263,0
15952,40.851509,0
15953,49.841092,0
15954,49.766737,0
15955,129.787462,0
15956,41.694893,0
15957,41.694798,0
15958,41.694290,0
15959,41.358114,0
15960,41.360554,0
15961,41.134561,0
15962,40.962904,0
15963,40.963410,0
15964,43.149288,0
15965,41.142920,0
15966,40.766457,0
15967,40.744032,0
15968,129.763427,0
15969,49.766800,0
15970,40.960927,0
15971,49.839601,0
15972,42.104925,0
15973,42.104856,0
15974,41.781398,0
15975,41.656453,0
15976,41.657835,0
15977,40.838563,0
15978,40.838563,0
15979,41.918009,0
15980,41.134132,0
15981,41.135346,0
15982,41.134670,0
15983,41.632271,0
15984,41.918145,0
15985,40.839566,0
15986,40.962216,0
15987,42.105609,0
15988,42.105578,0
15989,41.917427,0
15990,129.881974,0
15991,41.360726,0
15992,41.359043,0
15993,41.358238,0
15994,41.357351,0
15995,41.357286,0
15996,49.768218,0
15997,155.404333,0
15998,155.404333,0
15999,42.332226,0
16000,40.969157,0
16001,40.961331,0
16002,42.350007,0
16003,42.335231,0
16004,42.327336,0
16005,41.628788,0
16006,173.179934,0
16007,41.737296,0
16008,41.735876,0
16009,41.631658,0
16010,42.326242,0
16011,41.629823,0
16012,41.848069,0
16013,41.357553,0
16014,41.850089,0
16015,129.762254,0
16016,129.762186,0
16017,41.136312,0
16018,40.838380,0
16019,41.917374,0
16020,41.917348,0
16021,41.133885,0
16022,41.670979,0
16023,41.638574,0
16024,42.327354,0
16025,49.981116,0
16026,49.766898,0
16027,171.269188,0
16028,41.634614,0
16029,41.631403,0
16030,129.762182,0
16031,41.657189,0
16032,41.656075,0
16033,41.132357,0
16034,41.782193,0
16035,40.851672,0
16036,50.666685,0
16037,41.358578,0
16038,49.744391,0
16039,41.670358,0
16040,41.670358,0
16041,41.670358,0
16042,41.137710,0
16043,65.027505,0
16044,41.143984,0
16045,41.366018,0
16046,41.364285,0
16047,41.140940,0
16048,41.160893,0
16049,41.365532,0
16050,41.357500,0
16051,40.961420,0
16052,40.838518,0
16053,40.966154,0
16054,40.968961,0
16055,41.632349,0
16056,41.631050,0
16057,40.963933,0
16058,40.839804,0
16059,49.748401,0
16060,40.744705,0
16061,41.364280,0
16062,41.140679,0
16063,41.355832,0
16064,129.762447,0
16065,41.365427,0
16066,42.332228,0
16067,41.636872,0
16068,65.293444,0
16069,41.141884,0
16070,41.141985,0
16071,41.367087,0
16072,41.365389,0
16073,40.968183,0
16074,40.961548,0
16075,40.965711,0
16076,154.707747,0
16077,40.960966,0
16078,41.355772,0
16079,41.693741,0
16080,41.780695,0
16081,41.781321,0
16082,41.781268,0
16083,41.781575,0
16084,41.781190,0
16085,41.781575,0
16086,41.781575,0
16087,41.354940,0
16088,41.357299,0
16089,41.697082,0
16090,41.669863,0
16091,129.762373,0
16092,41.132767,0
16093,41.780144,0
16094,41.920649,0
16095,129.868928,0
16096,41.133518,0
16097,41.694662,0
16098,49.744255,0
16099,49.774162,0
16100,42.329209,0
16101,40.838667,0
16102,41.629543,0
16103,41.135334,0
16104,41.848759,0
16105,41.135865,0
16106,42.328160,0
16107,42.328090,0
16108,41.631893,0
16109,41.632626,0
16110,41.132941,0
16111,42.760118,0
16112,42.760118,0
16113,41.655892,0
16114,41.358898,0
16115,42.779375,0
16116,41.631899,0
16117,49.766905,0
16118,41.132460,0
16119,40.837361,0
16120,41.357688,0
16121,41.358408,0
16122,41.357803,0
16123,41.358474,0
16124,40.961388,0
16125,40.845395,0
16126,49.840072,0
16127,41.134899,0
16128,41.141812,0
16129,41.635224,0
16130,41.391695,0
16131,41.141814,0
16132,41.140945,0
16133,41.139786,0
16134,41.134015,0
16135,41.355623,0
16136,41.132483,0
16137,41.917811,0
16138,41.358093,0
16139,41.693121,0
16140,42.327149,0
16141,42.327149,0
16142,42.330075,0
16143,41.629014,0
16144,41.951480,0
16145,41.357876,0
16146,51.806571,0
16147,41.916864,0
16148,40.960752,0
16149,40.959801,0
16150,40.960683,0
16151,41.132591,0
16152,41.132591,0
16153,41.133603,0
16154,41.134297,0
16155,41.141062,0
16156,49.744260,0
16157,41.361329,0
16158,49.962602,0
16159,41.357572,0
16160,41.134370,0
16161,49.745168,0
16162,42.329268,0
16163,42.105744,0
16164,171.511902,0
16165,50.136007,0
16166,41.958525,0
16167,49.772285,0
16168,43.295408,0
16169,41.359683,0
16170,41.359683,0
16171,41.632728,0
16172,41.390813,0
16173,41.136787,0
16174,40.838244,0
16175,40.960155,0
16176,49.767357,0
16177,41.132753,0
16178,41.132801,0
16179,40.743999,0
16180,40.961200,0
16181,40.839382,0
16182,129.786339,0
16183,129.786339,0
16184,41.629452,0
16185,49.745613,0
16186,41.780800,0
16187,41.780725,0
16188,49.766885,0
16189,49.772368,0
16190,49.766885,0
16191,49.744382,0
16192,40.982848,0
16193,49.839794,0
16194,42.074137,0
16195,41.918145,0
16196,40.772798,0
16197,40.962786,0
16198,129.786925,0
16199,40.772980,0
16200,129.788554,0
16201,40.773284,0
16202,40.772980,0
16203,129.788554,0
16204,129.788554,0
16205,129.788554,0
16206,40.773037,0
16207,129.789239,0
16208,49.772332,0
16209,49.744432,0
16210,129.861389,0
16211,40.773431,0
16212,41.630019,0
16213,40.838351,0
16214,129.762391,0
16215,129.762391,0
16216,129.762412,0
16217,129.762391,0
16218,40.744635,0
16219,40.838351,0
16220,154.571511,0
16221,129.776594,0
16222,49.744411,0
16223,40.746154,0
16224,49.744411,0
16225,40.745649,0
16226,49.744411,0
16227,49.744411,0
16228,129.762389,0
16229,40.755416,0
16230,49.744393,0
16231,41.132782,0
16232,129.786801,0
16233,129.786810,0
16234,41.738291,0
16235,41.735269,0
16236,40.744507,0
16237,40.838537,0
16238,41.657814,0
16239,40.767224,0
16240,49.772366,0
16241,40.839489,0
16242,49.850561,0
16243,40.842961,0
16244,49.744749,0
16245,129.788540,0
16246,49.850561,0
16247,41.657229,0
16248,40.772865,0
16249,40.772911,0
16250,40.746444,0
16251,40.839271,0
16252,40.839311,0
16253,129.786712,0
16254,40.766875,0
16255,129.786722,0
16256,40.837475,0
16257,41.779475,0
16258,41.779617,0
16259,41.655458,0
16260,129.766053,0
16261,40.745440,0
16262,49.850189,0
16263,129.762407,0
16264,129.762464,0
16265,41.781284,0
16266,41.781460,0
16267,41.779827,0
16268,41.781284,0
16269,41.671518,0
16270,129.762385,0
16271,41.779645,0
16272,41.656184,0
16273,129.786753,0
16274,129.786712,0
16275,40.744923,0
16276,129.762415,0
16277,129.864724,0
16278,129.864724,0
16279,129.787407,0
16280,129.787493,0
16281,129.786807,0
16282,129.786725,0
16283,40.780160,0
16284,129.786468,0
16285,129.786741,0
16286,129.786712,0
16287,41.735127,0
16288,129.787411,0
16289,129.762665,0
16290,129.786715,0
16291,129.786828,0
16292,41.734733,0
16293,41.734693,0
16294,40.837424,0
16295,40.837424,0
16296,40.837696,0
16297,40.745329,0
16298,40.772480,0
16299,40.772525,0
16300,41.658246,0
16301,41.657622,0
16302,40.838150,0
16303,40.962698,0
16304,40.838480,0
16305,41.694758,0
16306,41.356264,0
16307,49.852508,0
16308,129.786409,0
16309,41.780711,0
16310,41.656257,0
16311,41.917037,0
16312,40.838531,0
16313,41.355874,0
16314,41.132938,0
16315,41.780575,0
16316,40.838893,0
16317,41.692782,0
16318,41.918145,0
16319,41.918153,0
16320,171.049331,0
16321,129.861467,0
16322,41.692785,0
16323,40.960513,0
16324,41.780429,0
16325,41.781684,0
16326,41.780591,0
16327,41.780623,0
16328,41.657588,0
16329,41.657601,0
16330,41.657601,0
16331,129.786723,0
16332,41.657601,0
16333,129.786713,0
16334,170.998993,0
16335,170.998993,0
16336,41.671456,0
16337,41.671456,0
16338,41.735685,0
16339,41.694511,0
16340,41.657591,0
16341,41.657591,0
16342,41.656731,0
16343,41.657591,0
16344,41.657591,0
16345,41.655574,0
16346,41.656118,0
16347,42.015800,0
16348,41.734046,0
16349,41.733943,0
16350,129.763036,0
16351,129.762384,0
16352,49.744225,0
16353,41.132562,0
16354,41.355308,0
16355,41.355308,0
16356,41.355308,0
16357,41.733495,0
16358,40.837467,0
16359,41.355626,0
16360,49.744232,0
16361,41.132168,0
16362,41.132168,0
16363,41.132600,0
16364,129.762180,0
16365,129.763562,0
16366,41.655712,0
16367,40.776035,0
16368,40.745834,0
16369,40.772835,0
16370,129.788063,0
16371,129.787177,0
16372,46.135557,0
16373,44.924471,0
16374,44.921431,0
16375,49.598630,0
16376,46.208226,0
16377,46.423004,0
16378,44.940052,0
16379,44.735293,0
16380,44.737357,0
16381,47.907452,0
16382,44.736359,0
16383,47.517466,0
16384,44.572221,0
16385,45.861892,0
16386,47.341535,0
16387,45.858454,0
16388,47.423361,0
16389,44.722677,0
16390,45.846956,0
16391,47.425523,0
16392,44.481034,0
16393,47.423373,0
16394,45.880189,0
16395,46.043806,0
16396,47.341627,0
16397,47.740871,0
16398,46.139096,0
16399,46.139418,0
16400,45.471084,0
16401,47.423356,0
16402,44.723652,0
16403,46.424694,0
16404,45.925436,0
16405,44.426712,0
16406,47.739205,0
16407,44.922429,0
16408,44.920974,0
16409,44.920974,0
16410,44.922474,0
16411,44.922094,0
16412,46.208541,0
16413,103.068685,0
16414,45.927301,0
16415,45.926133,0
16416,45.925688,0
16417,44.723229,0
16418,102.169438,0
16419,102.169207,0
16420,45.927864,0
16421,47.371403,0
16422,48.163541,0
16423,48.255135,0
16424,47.662538,0
16425,48.253982,0
16426,46.040711,0
16427,47.425345,0
16428,47.424823,0
16429,45.848297,0
16430,44.723770,0
16431,47.521687,0
16432,65.929503,0
16433,65.929679,0
16434,46.208760,0
16435,44.722510,0
16436,48.268695,0
16437,47.008514,0
16438,48.164907,0
16439,48.165562,0
16440,44.573723,0
16441,48.779982,0
16442,44.573046,0
16443,47.975783,0
16444,46.038444,0
16445,47.738026,0
16446,45.171724,0
16447,48.392699,0
16448,48.392699,0
16449,46.289793,0
16450,47.737832,0
16451,47.424357,0
16452,46.203350,0
16453,45.923390,0
16454,49.001468,0
16455,48.889696,0
16456,47.423525,0
16457,44.575075,0
16458,47.423505,0
16459,46.202684,0
16460,44.473252,0
16461,47.311877,0
16462,46.149931,0
16463,46.202727,0
16464,46.202888,0
16465,47.423690,0
16466,47.757994,0
16467,44.722626,0
16468,44.722626,0
16469,66.307144,0
16470,45.859673,0
16471,46.039441,0
16472,46.040670,0
16473,45.925248,0
16474,45.923847,0
16475,46.210696,0
16476,47.341840,0
16477,47.344579,0
16478,48.254620,0
16479,49.897259,0
16480,47.423403,0
16481,45.925649,0
16482,47.310164,0
16483,47.330687,0
16484,49.834593,0
16485,47.431977,0
16486,48.010102,0
16487,48.160645,0
16488,47.739702,0
16489,44.741952,0
16490,46.424417,0
16491,48.771789,0
16492,47.425838,0
16493,45.198439,0
16494,44.572437,0
16495,44.474275,0
16496,46.421342,0
16497,47.739548,0
16498,47.738268,0
16499,47.739230,0
16500,50.096130,0
16501,49.837135,0
16502,48.254482,0
16503,47.423609,0
16504,46.204821,0
16505,45.844053,0
16506,49.038818,0
16507,44.720975,0
16508,46.687589,0
16509,51.350299,0
16510,51.352340,0
16511,44.572256,0
16512,48.253724,0
16513,45.470205,0
16514,44.921431,0
16515,44.721179,0
16516,44.584475,0
16517,102.531175,0
16518,48.253513,0
16519,106.312185,0
16520,106.312902,0
16521,51.502727,0
16522,44.721238,0
16523,45.844815,0
16524,47.555570,0
16525,47.341877,0
16526,44.573733,0
16527,47.666843,0
16528,45.925966,0
16529,65.814189,0
16530,44.920332,0
16531,47.518977,0
16532,44.572190,0
16533,66.086894,0
16534,47.328948,0
16535,47.310066,0
16536,46.209695,0
16537,47.398248,0
16538,46.685602,0
16539,47.332143,0
16540,47.690155,0
16541,47.399639,0
16542,47.311938,0
16543,47.328744,0
16544,50.098320,0
16545,47.402231,0
16546,47.909262,0
16547,46.202820,0
16548,47.687708,0
16549,46.203289,0
16550,49.596592,0
16551,47.738466,0
16552,45.926570,0
16553,45.881100,0
16554,47.738338,0
16555,46.039089,0
16556,49.229240,0
16557,47.312870,0
16558,50.219710,0
16559,65.814575,0
16560,47.423612,0
16561,47.423612,0
16562,47.310371,0
16563,45.926264,0
16564,47.397895,0
16565,47.397854,0
16566,106.707662,0
16567,49.903211,0
16568,45.922393,0
16569,47.402005,0
16570,46.041474,0
16571,46.041474,0
16572,47.424365,0
16573,45.863917,0
16574,47.424531,0
16575,65.778421,0
16576,65.778253,0
16577,48.164548,0
16578,47.398268,0
16579,60.999236,0
16580,57.194870,0
16581,58.670785,0
16582,58.673370,0
16583,57.261128,0
16584,62.776940,0
16585,59.085459,0
16586,58.015909,0
16587,59.860713,0
16588,60.074675,0
16589,59.104981,0
16590,57.732138,0
16591,57.207340,0
16592,58.676440,0
16593,57.204785,0
16594,62.369248,0
16595,58.687670,0
16596,57.724083,0
16597,63.722401,0
16598,61.250365,0
16599,59.099216,0
16600,57.771513,0
16601,58.007288,0
16602,60.991771,0
16603,60.991928,0
16604,59.094384,0
16605,57.747241,0
16606,58.681953,0
16607,60.082092,0
16608,63.887651,0
16609,62.653580,0
16610,60.087281,0
16611,57.715424,0
16612,57.715424,0
16613,57.998322,0
16614,63.729133,0
16615,57.263330,0
16616,58.689290,0
16617,59.083409,0
16618,62.641104,0
16619,60.132466,0
16620,359.196751,0
16621,92.559150,0
16622,114.301541,0
16623,112.621196,0
16624,95.741302,0
16625,195.345501,0
16626,350.340672,0
16627,112.807498,0
16628,93.561340,0
16629,119.205152,0
16630,93.610539,0
16631,93.610539,0
16632,93.610539,0
16633,96.332175,0
16634,800.848722,0
16635,808.981712,0
16636,408.932458,0
16637,411.117284,0
16638,2099.781446,1
16639,798.711986,0
16640,1271.101491,1
16641,381.229781,0
16642,548.881176,0
16643,429.171492,0
16644,542.620302,0
16645,790.284291,0
16646,1617.177362,1
16647,675.678591,0
16648,675.727387,0
16649,671.341183,0
16650,726.270442,0
16651,1617.143291,1
16652,416.935520,0
16653,414.265796,0
16654,256.439188,0
16655,265.640589,0
16656,4976.833911,1
16657,414.248529,0
16658,414.325262,0
16659,263.091031,0
16660,264.338645,0
16661,417.063908,0
16662,256.265766,0
16663,2537.579090,1
16664,263.201881,0
16665,4976.669215,1
16666,256.468721,0
16667,263.278035,0
16668,256.963265,0
16669,256.571328,0
16670,256.264615,0
16671,256.542340,0
16672,261.620365,0
16673,498.136504,0
16674,711.713662,0
16675,496.297039,0
16676,4020.409785,1
16677,9188.945547,1
16678,2517.387830,1
16679,1434.310606,1
16680,1426.794011,1
16681,5137.086625,1
16682,121.961371,0
16683,106.332209,0
16684,98.222033,0
16685,98.230325,0
16686,98.266973,0
16687,98.289967,0
16688,98.221830,0
16689,98.266831,0
16690,98.229827,0
16691,98.230948,0
16692,98.223592,0
16693,97.417230,0
16694,98.359129,0
16695,98.222353,0
16696,98.223666,0
16697,98.223666,0
16698,98.223666,0
16699,98.223666,0
16700,98.267366,0
16701,98.222356,0
16702,106.367771,0
16703,106.367771,0
16704,98.222147,0
16705,98.223143,0
16706,98.222427,0
16707,98.222181,0
16708,98.224153,0
16709,106.349703,0
16710,106.332661,0
16711,227.707957,0
16712,106.366396,0
16713,106.555349,0
16714,106.531811,0
16715,98.361630,0
16716,98.360287,0
16717,98.360149,0
16718,98.360018,0
16719,98.360018,0
16720,98.360664,0
16721,98.360160,0
16722,106.451030,0
16723,106.450805,0
16724,97.323390,0
16725,97.429487,0
16726,98.502899,0
16727,98.502359,0
16728,97.359596,0
16729,98.266864,0
16730,98.266790,0
16731,98.359351,0
16732,98.266361,0
16733,98.266790,0
16734,98.267498,0
16735,97.440102,0
16736,97.436200,0
16737,98.359358,0
16738,98.359025,0
16739,98.359241,0
16740,98.359241,0
16741,106.366396,0
16742,98.358665,0
16743,98.359663,0
16744,98.363126,0
16745,98.359820,0
16746,98.266450,0
16747,98.359663,0
16748,98.224003,0
16749,98.359555,0
16750,98.359494,0
16751,98.223592,0
16752,98.267052,0
16753,98.266560,0
16754,106.332008,0
16755,98.224403,0
16756,98.266361,0
16757,98.223592,0
16758,98.231681,0
16759,98.231826,0
16760,98.266361,0
16761,98.266361,0
16762,98.266361,0
16763,98.266361,0
16764,98.266361,0
16765,98.223666,0
16766,98.266497,0
16767,97.735809,0
16768,98.226075,0
16769,98.226075,0
16770,97.966108,0
16771,106.365699,0
16772,98.231158,0
16773,98.246043,0
16774,98.229821,0
16775,98.224352,0
16776,98.224266,0
16777,98.225006,0
16778,98.224975,0
16779,98.223592,0
16780,98.289148,0
16781,98.287802,0
16782,98.224266,0
16783,98.223413,0
16784,97.965451,0
16785,97.736422,0
16786,97.735650,0
16787,98.287750,0
16788,97.735238,0
16789,186.382763,0
16790,97.735902,0
16791,106.366375,0
16792,106.366375,0
16793,97.738449,0
16794,98.221998,0
16795,97.324940,0
16796,98.223213,0
16797,106.474020,0
16798,97.353491,0
16799,97.433771,0
16800,97.346670,0
16801,97.345305,0
16802,106.348999,0
16803,186.370151,0
16804,106.414917,0
16805,106.414910,0
16806,106.337667,0
16807,106.332077,0
16808,106.332045,0
16809,213.531503,0
16810,97.322997,0
16811,106.366465,0
16812,106.366451,0
16813,106.332738,0
16814,106.333262,0
16815,106.332948,0
16816,106.332070,0
16817,106.332870,0
16818,98.231776,0
16819,98.360101,0
16820,98.360694,0
16821,98.395469,0
16822,97.966068,0
16823,106.414814,0
16824,106.414863,0
16825,106.414863,0
16826,106.415669,0
16827,106.415669,0
16828,106.333928,0
16829,106.331695,0
16830,106.332471,0
16831,106.334018,0
16832,106.332367,0
16833,98.223782,0
16834,98.224266,0
16835,98.224540,0
16836,98.224266,0
16837,98.224266,0
16838,98.224498,0
16839,97.737456,0
16840,97.969462,0
16841,106.416392,0
16842,106.348514,0
16843,106.348816,0
16844,97.346968,0
16845,106.348271,0
16846,98.360286,0
16847,98.360286,0
16848,98.359494,0
16849,98.358759,0
16850,98.359479,0
16851,98.359872,0
16852,98.359872,0
16853,98.359468,0
16854,98.359503,0
16855,106.332098,0
16856,97.432059,0
16857,106.419339,0
16858,101.023213,0
16859,98.229937,0
16860,97.735301,0
16861,97.735301,0
16862,106.532202,0
16863,106.350034,0
16864,106.414787,0
16865,106.531711,0
16866,106.531711,0
16867,98.222789,0
16868,98.360591,0
16869,98.222678,0
16870,98.266589,0
16871,98.359715,0
16872,98.359521,0
16873,97.323710,0
16874,97.327538,0
16875,98.246762,0
16876,97.561147,0
16877,98.502918,0
16878,98.289422,0
16879,98.223867,0
16880,98.223867,0
16881,98.223621,0
16882,98.223867,0
16883,98.223867,0
16884,97.345699,0
16885,186.350336,0
16886,97.324029,0
16887,186.349954,0
16888,97.429467,0
16889,97.352995,0
16890,186.380680,0
16891,97.737303,0
16892,97.428770,0
16893,97.349016,0
16894,186.369903,0
16895,97.323555,0
16896,97.323471,0
16897,186.350312,0
16898,97.323358,0
16899,186.381167,0
16900,97.431697,0
16901,104.767304,0
16902,105.015867,0
16903,104.767558,0
16904,103.303751,0
16905,103.363970,0
16906,104.830371,0
16907,103.294667,0
16908,103.292978,0
16909,104.767413,0
16910,104.754003,0
16911,103.842299,0
16912,103.364631,0
16913,103.294731,0
16914,104.944160,0
16915,102.595687,0
16916,123.332333,0
16917,159.607433,0
16918,123.224943,0
16919,105.016261,0
16920,105.732328,0
16921,105.016069,0
16922,105.016069,0
16923,102.171030,0
16924,103.334907,0
16925,104.791796,0
16926,104.830820,0
16927,107.206461,0
16928,101.900335,0
16929,104.878627,0
16930,104.878023,0
16931,104.789937,0
16932,104.877875,0
16933,110.082370,0
16934,104.764973,0
16935,105.645234,0
16936,104.877700,0
16937,105.015692,0
16938,105.205702,0
16939,105.206080,0
16940,102.376472,0
16941,104.765022,0
16942,101.995984,0
16943,103.837596,0
16944,104.877999,0
16945,105.029646,0
16946,104.944715,0
16947,103.767902,0
16948,107.082095,0
16949,103.292884,0
16950,104.776699,0
16951,123.175829,0
16952,104.828565,0
16953,104.877757,0
16954,104.879702,0
16955,104.878292,0
16956,107.329048,0
16957,107.329048,0
16958,103.570236,0
16959,104.790026,0
16960,104.790026,0
16961,103.293610,0
16962,103.361953,0
16963,103.398487,0
16964,103.470262,0
16965,103.470251,0
16966,115.909088,0
16967,116.304064,0
16968,116.310084,0
16969,116.299512,0
16970,115.535951,0
16971,120.743715,0
16972,115.527285,0
16973,115.526637,0
16974,118.582839,0
16975,120.569309,0
16976,115.222769,0
16977,114.767467,0
16978,116.304260,0
16979,122.257370,0
16980,122.246132,0
16981,122.246132,0
16982,150.247610,0
16983,150.925554,0
16984,149.997571,0
16985,178.438512,0
16986,149.919699,0
16987,5392.618188,1
16988,486.448585,0
16989,474.682479,0
16990,316.838368,0
16991,2574.817338,1
16992,2574.817338,1
16993,1484.140593,1
16994,173.137093,0
16995,173.135686,0
16996,173.292102,0
16997,173.287098,0
16998,173.189790,0
16999,173.134758,0
17000,172.258639,0
17001,173.281678,0
17002,172.371501,0
17003,173.288171,0
17004,173.286483,0
17005,172.368161,0
17006,286.222692,0
17007,286.224379,0
17008,286.781629,0
17009,286.222507,0
17010,173.126386,0
17011,173.136073,0
17012,173.285378,0
17013,286.077903,0
17014,286.077903,0
17015,286.071838,0
17016,286.966082,0
17017,172.504722,0
17018,303.018745,0
17019,286.076999,0
17020,286.217840,0
17021,172.928485,0
17022,287.311303,0
17023,286.965158,0
17024,173.768607,0
17025,303.101899,0
17026,303.018673,0
17027,172.929098,0
17028,173.185443,0
17029,173.185217,0
17030,173.944058,0
17031,173.284761,0
17032,173.220205,0
17033,173.287557,0
17034,173.287244,0
17035,173.289205,0
17036,173.288485,0
17037,173.289483,0
17038,173.641273,0
17039,173.641273,0
17040,173.189061,0
17041,173.189061,0
17042,173.189061,0
17043,173.184121,0
17044,173.289434,0
17045,173.289434,0
17046,173.289434,0
17047,172.930948,0
17048,172.931907,0
17049,173.220013,0
17050,173.438314,0
17051,173.438273,0
17052,173.188087,0
17053,173.186849,0
17054,173.186849,0
17055,173.189277,0
17056,173.284220,0
17057,173.635661,0
17058,172.693885,0
17059,172.695210,0
17060,172.691999,0
17061,172.696342,0
17062,172.696331,0
17063,172.696337,0
17064,172.696337,0
17065,172.696047,0
17066,172.696388,0
17067,172.696388,0
17068,172.696047,0
17069,173.218902,0
17070,286.078829,0
17071,172.369142,0
17072,286.080197,0
17073,286.079511,0
17074,286.664255,0
17075,172.694122,0
17076,172.697036,0
17077,172.696243,0
17078,172.697862,0
17079,286.080555,0
17080,173.219205,0
17081,173.219698,0
17082,173.219698,0
17083,173.218928,0
17084,172.692034,0
17085,286.422011,0
17086,286.421930,0
17087,173.629043,0
17088,286.964099,0
17089,173.641445,0
17090,172.931565,0
17091,173.219409,0
17092,173.219265,0
17093,173.219472,0
17094,172.932574,0
17095,172.505505,0
17096,286.966929,0
17097,172.505229,0
17098,286.077681,0
17099,286.665611,0
17100,173.892066,0
17101,172.929606,0
17102,172.928353,0
17103,173.889290,0
17104,173.439199,0
17105,173.641112,0
17106,173.633551,0
17107,173.555884,0
17108,173.438724,0
17109,286.225627,0
17110,286.223864,0
17111,286.223864,0
17112,286.228085,0
17113,173.442972,0
17114,173.889178,0
17115,173.884593,0
17116,286.962716,0
17117,286.419879,0
17118,286.416812,0
17119,286.962639,0
17120,286.963489,0
17121,173.881682,0
17122,286.963532,0
17123,174.191721,0
17124,174.191454,0
17125,173.640359,0
17126,286.224150,0
17127,287.711432,0
17128,287.710635,0
17129,304.184288,0
17130,180.463779,0
17131,180.367717,0
17132,180.373784,0
17133,180.331736,0
17134,180.331736,0
17135,180.333931,0
17136,178.916123,0
17137,178.867334,0
17138,179.173892,0
17139,178.867512,0
17140,236.925786,0
17141,179.629602,0
17142,180.465289,0
17143,178.865382,0
17144,178.910357,0
17145,178.867043,0
17146,180.329171,0
17147,178.862047,0
17148,180.335360,0
17149,180.607431,0
17150,180.607431,0
17151,199.020606,0
17152,180.359893,0
17153,180.369643,0
17154,198.764217,0
17155,198.765464,0
17156,192.048913,0
17157,192.029142,0
17158,226.462863,0
17159,1280.260043,1
17160,1280.260043,1
17161,1451.310132,1
17162,923.391872,0
17163,1830.002780,1
17164,548.377256,0
17165,546.940067,0
17166,388.891932,0
17167,382.140702,0
17168,382.180990,0
17169,373.184035,0
17170,373.236606,0
17171,373.373979,0
17172,382.140477,0
17173,382.136985,0
17174,373.237175,0
17175,382.180784,0
17176,382.137119,0
17177,382.136976,0
17178,382.137803,0
17179,373.236101,0
17180,373.999532,0
17181,373.999532,0
17182,373.997810,0
17183,373.997810,0
17184,373.240025,0
17185,373.375783,0
17186,382.180977,0
17187,382.181057,0
17188,373.374720,0
17189,373.377269,0
17190,373.236256,0
17191,373.239303,0
17192,373.240174,0
17193,382.180785,0
17194,382.180785,0
17195,373.149493,0
17196,374.052386,0
17197,374.052556,0
17198,374.038038,0
17199,374.052532,0
17200,373.374795,0
17201,373.375265,0
17202,373.375044,0
17203,373.376645,0
17204,382.180686,0
17205,373.374807,0
17206,373.374267,0
17207,382.419600,0
17208,373.123822,0
17209,373.237099,0
17210,373.217136,0
17211,373.375747,0
17212,373.375265,0
17213,382.143761,0
17214,382.204763,0
17215,382.137112,0
17216,373.999853,0
17217,373.999830,0
17218,373.238249,0
17219,373.236217,0
17220,373.111121,0
17221,382.136967,0
17222,462.153156,0
17223,382.137035,0
17224,382.275642,0
17225,382.182426,0
17226,373.237908,0
17227,373.152238,0
17228,373.236806,0
17229,382.180931,0
17230,373.237666,0
17231,382.143811,0
17232,373.123365,0
17233,373.123942,0
17234,382.143405,0
17235,436.895023,0
17236,400.425369,0
17237,380.754651,0
17238,380.754814,0
17239,380.754895,0
17240,380.754824,0
17241,380.754852,0
17242,380.654243,0
17243,380.654795,0
17244,1123.861222,1
17245,593.049475,0
17246,707.041417,0
17247,707.116274,0
17248,706.672116,0
17249,706.675947,0
17250,706.697842,0
17251,706.713235,0
17252,706.713202,0
17253,706.713202,0
17254,698.679275,0
17255,698.668437,0
17256,698.676352,0
17257,698.676352,0
17258,698.676352,0
17259,698.676352,0
17260,698.676352,0
17261,698.676352,0
17262,697.878206,0
17263,698.894739,0
17264,698.894739,0
17265,698.894739,0
17266,706.784975,0
17267,706.786323,0
17268,706.778849,0
17269,706.784323,0
17270,706.847742,0
17271,786.819192,0
17272,706.777400,0
17273,706.762402,0
17274,706.779207,0
17275,706.749358,0
17276,706.766033,0
17277,706.762032,0
17278,707.163050,0
17279,706.734609,0
17280,706.836530,0
17281,705.411022,0
17282,705.378712,0
17283,705.392601,0
17284,705.358917,0
17285,720.059894,0
17286,12653.330239,1
17287,2353.395987,1
17288,144.934782,0
17289,145.704084,0
17290,144.680308,0
17291,168.455735,0
17292,168.229109,0
17293,168.229109,0
17294,168.229044,0
17295,168.455261,0
17296,168.455261,0
17297,168.644578,0
17298,168.644578,0
17299,145.595559,0
17300,144.478199,0
17301,144.478199,0
17302,154.618970,0
17303,145.592623,0
17304,233.689915,0
17305,258.141988,0
17306,274.375125,0
17307,145.239151,0
17308,168.885356,0
17309,145.239888,0
17310,168.883128,0
17311,168.883499,0
17312,168.882841,0
17313,144.934794,0
17314,144.935166,0
17315,144.936536,0
17316,145.117250,0
17317,168.456520,0
17318,144.934894,0
17319,145.971279,0
17320,145.971279,0
17321,153.477268,0
17322,146.662442,0
17323,144.936658,0
17324,144.683396,0
17325,144.680798,0
17326,144.681251,0
17327,168.645889,0
17328,168.645889,0
17329,168.456611,0
17330,168.456611,0
17331,168.456611,0
17332,169.513793,0
17333,144.934238,0
17334,144.934305,0
17335,144.934653,0
17336,145.200712,0
17337,145.200712,0
17338,153.945797,0
17339,169.512681,0
17340,169.512681,0
17341,144.636600,0
17342,145.592898,0
17343,144.934213,0
17344,145.133801,0
17345,145.133784,0
17346,145.133698,0
17347,168.644915,0
17348,144.478688,0
17349,144.936126,0
17350,145.705032,0
17351,145.206155,0
17352,145.203611,0
17353,153.211619,0
17354,144.936011,0
17355,144.933045,0
17356,144.481667,0
17357,144.938747,0
17358,153.950075,0
17359,145.318214,0
17360,144.480896,0
17361,145.486592,0
17362,145.486441,0
17363,144.477876,0
17364,144.681567,0
17365,144.681942,0
17366,144.681881,0
17367,144.682828,0
17368,144.682876,0
17369,145.200982,0
17370,153.152384,0
17371,144.680080,0
17372,144.681089,0
17373,145.972751,0
17374,147.287543,0
17375,203.300464,0
17376,147.287543,0
17377,203.558606,0
17378,148.273028,0
17379,148.749052,0
17380,202.788565,0
17381,147.019775,0
17382,146.635545,0
17383,147.897565,0
17384,148.485634,0
17385,145.183501,0
17386,145.490066,0
17387,145.491386,0
17388,145.491571,0
17389,146.454348,0
17390,146.804487,0
17391,148.110610,0
17392,147.998935,0
17393,147.998935,0
17394,148.110883,0
17395,148.110883,0
17396,145.310360,0
17397,145.310360,0
17398,145.310360,0
17399,145.182613,0
17400,202.823220,0
17401,146.519379,0
17402,146.519325,0
17403,148.115982,0
17404,145.311291,0
17405,145.311114,0
17406,145.182218,0
17407,146.438527,0
17408,147.287534,0
17409,147.290331,0
17410,145.182278,0
17411,146.000542,0
17412,147.287588,0
17413,147.287588,0
17414,147.895066,0
17415,145.489934,0
17416,145.489436,0
17417,203.099105,0
17418,146.801957,0
17419,148.752697,0
17420,148.052711,0
17421,145.719958,0
17422,145.998930,0
17423,145.489645,0
17424,145.998905,0
17425,145.104341,0
17426,148.110664,0
17427,203.555084,0
17428,203.555084,0
17429,147.287298,0
17430,145.999575,0
17431,145.998561,0
17432,147.895697,0
17433,146.630578,0
17434,145.999246,0
17435,145.999246,0
17436,145.182494,0
17437,148.111051,0
17438,148.273075,0
17439,145.490094,0
17440,147.999305,0
17441,147.999303,0
17442,147.287278,0
17443,146.805002,0
17444,146.518278,0
17445,148.110831,0
17446,148.273173,0
17447,148.272837,0
17448,147.287322,0
17449,202.941574,0
17450,146.330111,0
17451,148.273065,0
17452,145.490132,0
17453,145.182519,0
17454,145.182519,0
17455,145.181742,0
17456,147.964907,0
17457,147.998944,0
17458,147.998984,0
17459,147.999252,0
17460,146.519471,0
17461,145.181900,0
17462,145.181900,0
17463,145.181900,0
17464,202.941005,0
17465,145.689563,0
17466,146.471078,0
17467,203.549022,0
17468,203.549828,0
17469,147.964871,0
17470,158.491787,0
17471,158.511588,0
17472,160.167083,0
17473,159.773183,0
17474,158.494450,0
17475,158.503490,0
17476,158.527921,0
17477,159.432663,0
17478,163.799529,0
17479,158.523089,0
17480,158.523089,0
17481,158.735716,0
17482,194.112460,0
17483,217.878775,0
17484,217.780006,0
17485,194.209766,0
17486,194.211951,0
17487,194.209558,0
17488,194.209684,0
17489,194.210461,0
17490,217.878728,0
17491,194.211951,0
17492,194.182706,0
17493,644.086253,0
17494,531.052816,0
17495,358.045104,0
17496,364.793631,0
17497,936.530335,0
17498,595.240072,0
17499,728.827908,0
17500,720.388016,0
17501,723.436683,0
17502,1089.305433,1
17503,720.383158,0
17504,720.383158,0
17505,720.383158,0
17506,720.800874,0
17507,720.800874,0
17508,743.822236,0
17509,743.821928,0
17510,720.801437,0
17511,720.704327,0
17512,723.276226,0
17513,723.537700,0
17514,723.268102,0
17515,723.269671,0
17516,723.273874,0
17517,724.867424,0
17518,723.028542,0
17519,721.132264,0
17520,722.656789,0
17521,723.164855,0
17522,744.999140,0
17523,719.748278,0
17524,719.748771,0
17525,741.692755,0
17526,719.749572,0
17527,723.021544,0
17528,719.748533,0
17529,719.746885,0
17530,722.898434,0
17531,722.903024,0
17532,722.329317,0
17533,722.660650,0
17534,740.518997,0
17535,734.815449,0
17536,771.124322,0
17537,933.774126,0
17538,933.649317,0
17539,941.015897,0
17540,774.487414,0
17541,774.488375,0
17542,774.483911,0
17543,774.483952,0
17544,774.483994,0
17545,774.484780,0
17546,774.722854,0
17547,774.722554,0
17548,774.722659,0
17549,774.722760,0
17550,782.678628,0
17551,773.538801,0
17552,774.483679,0
17553,782.551808,0
17554,773.625526,0
17555,782.628699,0
17556,782.678499,0
17557,773.966693,0
17558,774.920396,0
17559,774.920092,0
17560,862.690126,0
17561,774.575002,0
17562,775.064384,0
17563,774.920947,0
17564,775.169679,0
17565,773.787263,0
17566,773.790501,0
17567,774.722915,0
17568,774.722725,0
17569,773.789367,0
17570,781.965491,0
17571,781.565412,0
17572,780.105540,0
17573,781.965757,0
17574,781.539588,0
17575,781.498113,0
17576,781.539049,0
17577,1523.670960,1
17578,125.007621,0
17579,99.097427,0
17580,99.100676,0
17581,99.429304,0
17582,100.073300,0
17583,100.397241,0
17584,99.372730,0
17585,99.372621,0
17586,99.372621,0
17587,123.301289,0
17588,123.301324,0
17589,123.301324,0
17590,99.098818,0
17591,99.098156,0
17592,99.099198,0
17593,99.097675,0
17594,99.099132,0
17595,99.099132,0
17596,99.699063,0
17597,229.323920,0
17598,99.098524,0
17599,99.372840,0
17600,107.512372,0
17601,107.512372,0
17602,99.452046,0
17603,99.452046,0
17604,99.679273,0
17605,107.750101,0
17606,107.541240,0
17607,107.541240,0
17608,107.541167,0
17609,107.541167,0
17610,107.541167,0
17611,107.619055,0
17612,107.619055,0
17613,107.619281,0
17614,99.539797,0
17615,107.541185,0
17616,107.541144,0
17617,99.416189,0
17618,99.539775,0
17619,99.540072,0
17620,99.539775,0
17621,99.540072,0
17622,99.540670,0
17623,99.540670,0
17624,99.540342,0
17625,107.511529,0
17626,99.539874,0
17627,99.540342,0
17628,99.540670,0
17629,99.098500,0
17630,99.122846,0
17631,99.101927,0
17632,99.101383,0
17633,99.099102,0
17634,99.099102,0
17635,99.098273,0
17636,99.099337,0
17637,99.509032,0
17638,99.211136,0
17639,99.211136,0
17640,99.105685,0
17641,99.099229,0
17642,99.101628,0
17643,98.896282,0
17644,229.121137,0
17645,100.505008,0
17646,99.372221,0
17647,98.874236,0
17648,99.097497,0
17649,99.098679,0
17650,99.097511,0
17651,98.482328,0
17652,99.097662,0
17653,99.097662,0
17654,99.371978,0
17655,99.371978,0
17656,99.373182,0
17657,99.372037,0
17658,99.098896,0
17659,99.098896,0
17660,99.098183,0
17661,99.097565,0
17662,99.097565,0
17663,100.107184,0
17664,99.096896,0
17665,99.372023,0
17666,99.096857,0
17667,99.099523,0
17668,99.098249,0
17669,99.541444,0
17670,99.097511,0
17671,99.097278,0
17672,99.096962,0
17673,99.096962,0
17674,99.096962,0
17675,98.874310,0
17676,229.087484,0
17677,98.700088,0
17678,98.699662,0
17679,99.097382,0
17680,99.097382,0
17681,99.097278,0
17682,99.097278,0
17683,99.097278,0
17684,98.874776,0
17685,98.874776,0
17686,98.873268,0
17687,98.578498,0
17688,98.578498,0
17689,98.578601,0
17690,99.103474,0
17691,99.100438,0
17692,98.877079,0
17693,99.101417,0
17694,99.679328,0
17695,99.098849,0
17696,99.097594,0
17697,99.097227,0
17698,98.699310,0
17699,98.699856,0
17700,98.699765,0
17701,98.699140,0
17702,99.098239,0
17703,99.098239,0
17704,98.879780,0
17705,99.103468,0
17706,98.891931,0
17707,98.578512,0
17708,98.875788,0
17709,98.875788,0
17710,99.099375,0
17711,99.101277,0
17712,98.702836,0
17713,107.512516,0
17714,99.539990,0
17715,99.541087,0
17716,99.454681,0
17717,107.620446,0
17718,228.968429,0
17719,99.375352,0
17720,99.385325,0
17721,99.385325,0
17722,99.099017,0
17723,99.099017,0
17724,187.546431,0
17725,99.101652,0
17726,99.376470,0
17727,98.876936,0
17728,98.879915,0
17729,98.879915,0
17730,98.578003,0
17731,98.703611,0
17732,98.703611,0
17733,98.873573,0
17734,98.873471,0
17735,187.523169,0
17736,99.118155,0
17737,98.875270,0
17738,99.374165,0
17739,213.208002,0
17740,111.850953,0
17741,98.874321,0
17742,99.102348,0
17743,99.110013,0
17744,98.703226,0
17745,98.882623,0
17746,98.882258,0
17747,99.101919,0
17748,99.101093,0
17749,99.098032,0
17750,99.098032,0
17751,98.876916,0
17752,98.877430,0
17753,98.872496,0
17754,99.098665,0
17755,98.874773,0
17756,99.376304,0
17757,99.101681,0
17758,99.101681,0
17759,98.590297,0
17760,98.878996,0
17761,98.878996,0
17762,99.102023,0
17763,99.099754,0
17764,98.876075,0
17765,99.102827,0
17766,99.100977,0
17767,99.099683,0
17768,99.100803,0
17769,98.580738,0
17770,98.580751,0
17771,99.103078,0
17772,99.103078,0
17773,98.704858,0
17774,98.704858,0
17775,99.100413,0
17776,98.703478,0
17777,98.703898,0
17778,98.702134,0
17779,98.702134,0
17780,98.702027,0
17781,98.702027,0
17782,228.868619,0
17783,98.701447,0
17784,99.100108,0
17785,99.100579,0
17786,99.377183,0
17787,99.375342,0
17788,99.374096,0
17789,187.548065,0
17790,187.548065,0
17791,99.098736,0
17792,98.877791,0
17793,99.100499,0
17794,99.100499,0
17795,98.875781,0
17796,99.540894,0
17797,99.541552,0
17798,98.875746,0
17799,99.416281,0
17800,99.416281,0
17801,98.875674,0
17802,99.375132,0
17803,99.104785,0
17804,99.375554,0
17805,99.384228,0
17806,103.617872,0
17807,105.036642,0
17808,106.424397,0
17809,103.817602,0
17810,106.424582,0
17811,106.424288,0
17812,106.424409,0
17813,106.263613,0
17814,104.368791,0
17815,106.263309,0
17816,106.607683,0
17817,106.608451,0
17818,106.291340,0
17819,103.817084,0
17820,106.196038,0
17821,105.093167,0
17822,104.812896,0
17823,110.371105,0
17824,106.427742,0
17825,106.841870,0
17826,106.425966,0
17827,103.816880,0
17828,105.305827,0
17829,103.817583,0
17830,103.817583,0
17831,161.054269,0
17832,106.607561,0
17833,106.607561,0
17834,104.814865,0
17835,161.055178,0
17836,106.424289,0
17837,106.424657,0
17838,106.424257,0
17839,106.424244,0
17840,106.291496,0
17841,103.467317,0
17842,103.467317,0
17843,106.291633,0
17844,106.195024,0
17845,106.291811,0
17846,106.608453,0
17847,105.197257,0
17848,106.424493,0
17849,106.425914,0
17850,106.425914,0
17851,107.765772,0
17852,124.601086,0
17853,124.601086,0
17854,103.468067,0
17855,107.267350,0
17856,106.424849,0
17857,124.591969,0
17858,106.425554,0
17859,103.367483,0
17860,103.370855,0
17861,106.194976,0
17862,106.424531,0
17863,124.666835,0
17864,106.608503,0
17865,115.526826,0
17866,115.393043,0
17867,121.585126,0
17868,121.579903,0
17869,116.490379,0
17870,115.376158,0
17871,115.373326,0
17872,115.366244,0
17873,115.366244,0
17874,173.441198,0
17875,3369.048859,1
17876,150.706254,0
17877,432.630710,0
17878,848.734945,0
17879,322.570537,0
17880,472.485187,0
17881,315.109883,0
17882,786.829848,0
17883,786.521948,0
17884,893.200085,0
17885,926.217107,0
17886,1047.142031,0
17887,1047.013829,0
17888,1047.013068,0
17889,1047.013680,0
17890,1047.013680,0
17891,1056.065858,0
17892,1047.020886,0
17893,1047.007283,0
17894,1056.066582,0
17895,1047.016962,0
17896,1056.122302,0
17897,1056.068472,0
17898,1056.068345,0
17899,1136.134127,1
17900,1047.157806,0
17901,1047.143607,0
17902,1047.145884,0
17903,1056.114634,0
17904,1056.070410,0
17905,1047.145210,0
17906,1047.145210,0
17907,1056.116319,0
17908,1047.152739,0
17909,1047.009347,0
17910,1047.019307,0
17911,1047.014672,0
17912,1047.008504,0
17913,1050.904846,0
17914,661.712795,0
17915,652.751090,0
17916,652.751493,0
17917,652.751087,0
17918,652.750895,0
17919,652.755836,0
17920,653.080235,0
17921,653.177716,0
17922,652.810348,0
17923,652.891860,0
17924,677.081336,0
17925,741.719556,0
17926,661.673560,0
17927,653.090238,0
17928,654.718568,0
17929,654.720322,0
17930,661.724003,0
17931,661.732732,0
17932,653.625049,0
17933,652.764824,0
17934,655.518342,0
17935,661.730966,0
17936,653.363861,0
17937,652.699209,0
17938,653.325068,0
17939,661.714389,0
17940,661.728930,0
17941,653.623660,0
17942,662.197530,0
17943,661.758262,0
17944,652.891633,0
17945,652.632269,0
17946,677.062587,0
17947,661.705493,0
17948,661.744388,0
17949,661.674198,0
17950,661.673203,0
17951,653.959613,0
17952,652.972011,0
17953,652.750946,0
17954,661.730379,0
17955,659.532228,0
17956,663.151403,0
17957,1019.730558,0
17958,5357.688968,1
17959,150.033784,0
17960,150.065235,0
17961,150.065085,0
17962,150.064571,0
17963,150.064571,0
17964,150.064571,0
17965,150.064571,0
17966,150.177126,0
17967,150.033661,0
17968,141.093339,0
17969,150.005192,0
17970,149.992461,0
17971,149.996344,0
17972,144.533895,0
17973,271.481796,0
17974,150.033731,0
17975,150.033661,0
17976,150.033661,0
17977,149.992497,0
17978,149.993061,0
17979,141.007077,0
17980,149.994012,0
17981,149.993568,0
17982,149.994237,0
17983,150.176310,0
17984,141.014354,0
17985,149.994132,0
17986,141.009443,0
17987,150.004892,0
17988,149.993980,0
17989,149.994053,0
17990,141.109285,0
17991,230.023725,0
17992,141.442482,0
17993,141.008249,0
17994,141.210556,0
17995,141.211698,0
17996,141.210914,0
17997,150.066806,0
17998,149.993980,0
17999,150.065366,0
18000,150.065366,0
18001,150.065366,0
18002,141.093462,0
18003,3798.364009,1
18004,150.064674,0
18005,150.176469,0
18006,141.211094,0
18007,150.550488,0
18008,141.092493,0
18009,150.176671,0
18010,150.176671,0
18011,150.065520,0
18012,150.065666,0
18013,141.211047,0
18014,150.004493,0
18015,150.004493,0
18016,150.004493,0
18017,150.065425,0
18018,141.210358,0
18019,141.210439,0
18020,150.077363,0
18021,141.210431,0
18022,141.210857,0
18023,141.093204,0
18024,150.069967,0
18025,143.543270,0
18026,141.210629,0
18027,141.009866,0
18028,141.009181,0
18029,149.993686,0
18030,150.103818,0
18031,150.177367,0
18032,255.234272,0
18033,150.176573,0
18034,141.381014,0
18035,141.381014,0
18036,141.378581,0
18037,141.378581,0
18038,141.010635,0
18039,141.008990,0
18040,141.210594,0
18041,141.009325,0
18042,141.377689,0
18043,150.340760,0
18044,150.338378,0
18045,150.453887,0
18046,141.963175,0
18047,165.497932,0
18048,141.441941,0
18049,150.694838,0
18050,141.679185,0
18051,141.676337,0
18052,141.678994,0
18053,141.442125,0
18054,165.890082,0
18055,141.445510,0
18056,166.182912,0
18057,166.182912,0
18058,149.993467,0
18059,141.444592,0
18060,150.064720,0
18061,150.032744,0
18062,230.024094,0
18063,150.032064,0
18064,230.024769,0
18065,150.064910,0
18066,150.016925,0
18067,141.966157,0
18068,150.032115,0
18069,149.993018,0
18070,149.992482,0
18071,149.995962,0
18072,141.092207,0
18073,141.129710,0
18074,141.007709,0
18075,141.257765,0
18076,150.008527,0
18077,150.262155,0
18078,141.678949,0
18079,141.961300,0
18080,141.961318,0
18081,142.682323,0
18082,141.446985,0
18083,141.006969,0
18084,150.984244,0
18085,150.454038,0
18086,141.960042,0
18087,141.442880,0
18088,141.675804,0
18089,150.984154,0
18090,150.984540,0
18091,141.676555,0
18092,141.961442,0
18093,150.983523,0
18094,150.983523,0
18095,141.443185,0
18096,141.442724,0
18097,150.453012,0
18098,150.452597,0
18099,141.445188,0
18100,150.452806,0
18101,150.984024,0
18102,141.961211,0
18103,150.693027,0
18104,150.451650,0
18105,150.985155,0
18106,150.985155,0
18107,150.983846,0
18108,150.454607,0
18109,145.325576,0
18110,145.326356,0
18111,145.324084,0
18112,145.326278,0
18113,145.327086,0
18114,145.327086,0
18115,145.327450,0
18116,167.169163,0
18117,145.325011,0
18118,145.325060,0
18119,145.518481,0
18120,145.518481,0
18121,145.325060,0
18122,145.324993,0
18123,148.748491,0
18124,148.752470,0
18125,145.183498,0
18126,145.183370,0
18127,145.185406,0
18128,145.185354,0
18129,149.656390,0
18130,149.434761,0
18131,148.334216,0
18132,148.137988,0
18133,148.138545,0
18134,145.518829,0
18135,145.092231,0
18136,145.092231,0
18137,145.092174,0
18138,145.099007,0
18139,148.476332,0
18140,146.524455,0
18141,145.325266,0
18142,148.002647,0
18143,145.183764,0
18144,148.475755,0
18145,145.324544,0
18146,148.066471,0
18147,145.601851,0
18148,148.476332,0
18149,148.138029,0
18150,148.066856,0
18151,145.325476,0
18152,148.541558,0
18153,151.409783,0
18154,150.752309,0
18155,148.618626,0
18156,148.623245,0
18157,148.623419,0
18158,148.993626,0
18159,150.491792,0
18160,149.247559,0
18161,145.235251,0
18162,148.878392,0
18163,159.540232,0
18164,160.741616,0
18165,160.741616,0
18166,163.910091,0
18167,158.746899,0
18168,160.293078,0
18169,158.450129,0
18170,197.572487,0
18171,1718.063405,1
18172,138.127324,0
18173,129.680349,0
18174,152.651354,0
18175,129.142751,0
18176,129.139682,0
18177,137.575858,0
18178,129.595659,0
18179,130.823040,0
18180,129.681290,0
18181,129.681290,0
18182,129.559520,0
18183,129.139312,0
18184,129.648499,0
18185,129.583461,0
18186,129.651216,0
18187,129.651216,0
18188,137.578311,0
18189,129.563230,0
18190,129.566530,0
18191,129.596284,0
18192,129.681231,0
18193,129.679622,0
18194,129.683220,0
18195,129.564173,0
18196,129.564173,0
18197,129.565069,0
18198,129.565069,0
18199,129.565069,0
18200,129.564327,0
18201,130.424356,0
18202,129.582647,0
18203,129.582698,0
18204,129.931345,0
18205,129.650680,0
18206,129.580908,0
18207,129.768321,0
18208,130.151066,0
18209,128.784425,0
18210,129.935903,0
18211,129.649886,0
18212,129.597985,0
18213,129.565091,0
18214,129.767625,0
18215,128.784632,0
18216,129.766059,0
18217,136.060958,0
18218,129.767447,0
18219,137.653869,0
18220,129.582965,0
18221,129.649292,0
18222,129.935727,0
18223,129.938247,0
18224,129.938127,0
18225,129.142163,0
18226,129.394338,0
18227,129.394338,0
18228,129.396584,0
18229,129.938448,0
18230,129.938448,0
18231,129.938448,0
18232,129.936366,0
18233,130.153712,0
18234,130.156567,0
18235,129.935067,0
18236,129.649552,0
18237,129.565454,0
18238,129.762584,0
18239,129.762584,0
18240,129.650098,0
18241,129.766424,0
18242,129.766115,0
18243,129.931359,0
18244,131.911810,0
18245,132.090471,0
18246,130.575584,0
18247,150.705275,0
18248,130.712338,0
18249,130.711764,0
18250,130.709946,0
18251,130.896943,0
18252,130.896943,0
18253,130.711789,0
18254,130.710626,0
18255,130.712100,0
18256,130.897010,0
18257,130.897010,0
18258,130.897010,0
18259,132.083260,0
18260,135.507425,0
18261,130.895040,0
18262,132.028888,0
18263,150.577748,0
18264,150.570889,0
18265,131.962584,0
18266,130.548920,0
18267,131.957436,0
18268,131.962584,0
18269,133.301212,0
18270,132.087136,0
18271,132.089916,0
18272,132.034642,0
18273,131.953397,0
18274,130.896943,0
18275,130.896943,0
18276,132.417101,0
18277,132.414787,0
18278,130.575032,0
18279,130.818430,0
18280,130.821954,0
18281,130.652052,0
18282,130.652052,0
18283,130.493649,0
18284,130.579541,0
18285,130.579326,0
18286,130.577041,0
18287,130.652308,0
18288,132.033145,0
18289,131.969614,0
18290,130.537935,0
18291,131.973962,0
18292,131.973103,0
18293,130.541103,0
18294,130.539807,0
18295,130.450679,0
18296,132.028999,0
18297,132.034436,0
18298,130.578221,0
18299,129.327415,0
18300,129.199089,0
18301,129.198855,0
18302,129.500633,0
18303,132.032261,0
18304,131.966551,0
18305,131.971421,0
18306,131.970837,0
18307,130.652753,0
18308,131.998115,0
18309,131.959921,0
18310,131.960008,0
18311,130.459600,0
18312,130.459600,0
18313,130.459600,0
18314,132.144905,0
18315,130.537754,0
18316,131.958314,0
18317,130.537693,0
18318,186.956209,0
18319,130.539318,0
18320,130.473448,0
18321,130.472835,0
18322,132.034907,0
18323,132.147496,0
18324,130.654438,0
18325,132.033149,0
18326,132.033149,0
18327,131.972301,0
18328,131.971361,0
18329,130.471014,0
18330,130.537966,0
18331,130.537810,0
18332,130.894224,0
18333,132.310139,0
18334,130.813240,0
18335,130.466540,0
18336,130.650947,0
18337,130.819964,0
18338,130.535306,0
18339,130.539080,0
18340,129.512103,0
18341,129.507175,0
18342,130.820919,0
18343,130.536755,0
18344,129.197987,0
18345,129.504688,0
18346,130.683173,0
18347,129.506502,0
18348,130.821092,0
18349,129.195558,0
18350,143.817913,0
18351,149.584266,0
18352,144.150802,0
18353,149.576955,0
18354,149.576955,0
18355,144.152742,0
18356,144.967134,0
18357,143.825742,0
18358,144.158392,0
18359,144.155447,0
18360,144.969748,0
18361,147.090817,0
18362,144.148548,0
18363,144.147792,0
18364,143.534733,0
18365,144.150952,0
18366,143.119021,0
18367,144.153180,0
18368,144.150976,0
18369,144.149333,0
18370,144.149333,0
18371,144.149333,0
18372,144.148583,0
18373,143.123496,0
18374,142.984802,0
18375,142.985355,0
18376,149.418509,0
18377,142.901531,0
18378,142.995823,0
18379,142.995823,0
18380,142.899597,0
18381,142.894021,0
18382,143.419853,0
18383,142.891052,0
18384,178.375029,0
18385,180.294810,0
18386,178.786367,0
18387,201.976508,0
18388,178.320709,0
18389,196.446943,0
18390,202.873229,0
18391,195.332829,0
18392,195.332829,0
18393,195.332829,0
18394,195.332829,0
18395,201.936137,0
18396,195.414835,0
18397,183.190826,0
18398,500.698221,0
18399,495.928518,0
18400,1350.410686,1
18401,1426.191517,1
18402,1419.029873,1
18403,1449.813423,1
18404,1502.617339,1
18405,461.281987,0
18406,813.187541,0
18407,500.316336,0
18408,342.345700,0
18409,352.115848,0
18410,282.700283,0
18411,284.003708,0
18412,282.949822,0
18413,282.947112,0
18414,282.951583,0
18415,282.951515,0
18416,282.952528,0
18417,282.955337,0
18418,282.950488,0
18419,283.247831,0
18420,282.944540,0
18421,284.320654,0
18422,284.321089,0
18423,284.321089,0
18424,282.948051,0
18425,282.947491,0
18426,284.009253,0
18427,282.360630,0
18428,282.705885,0
18429,283.378492,0
18430,339.829412,0
18431,339.830130,0
18432,283.824072,0
18433,285.319289,0
18434,285.160339,0
18435,282.385738,0
18436,282.196760,0
18437,284.301485,0
18438,284.301485,0
18439,284.301485,0
18440,340.420953,0
18441,282.539596,0
18442,285.005228,0
18443,289.292932,0
18444,289.293191,0
18445,289.293191,0
18446,289.293191,0
18447,282.546405,0
18448,282.546410,0
18449,285.319290,0
18450,285.312838,0
18451,283.043805,0
18452,284.041435,0
18453,285.766604,0
18454,285.306572,0
18455,282.545820,0
18456,282.545820,0
18457,282.264844,0
18458,282.387507,0
18459,285.320031,0
18460,285.308198,0
18461,285.309527,0
18462,285.308067,0
18463,285.321466,0
18464,284.999502,0
18465,285.166309,0
18466,282.558048,0
18467,282.541151,0
18468,282.554685,0
18469,344.610870,0
18470,282.558414,0
18471,282.562924,0
18472,285.011735,0
18473,282.196355,0
18474,283.556073,0
18475,283.549494,0
18476,295.401314,0
18477,295.668157,0
18478,295.668157,0
18479,295.395267,0
18480,295.395267,0
18481,302.244816,0
18482,302.938442,0
18483,303.460850,0
18484,302.244980,0
18485,295.440760,0
18486,302.410789,0
18487,347.632013,0
18488,356.684353,0
18489,595.885474,0
18490,338.340849,0
18491,654.934208,0
18492,657.833752,0
18493,612.666702,0
18494,612.566071,0
18495,965.300080,0
18496,653.059320,0
18497,653.043960,0
18498,653.043960,0
18499,501.952445,0
18500,10084.979854,1
18501,494.971326,0
18502,501.647227,0
18503,652.915618,0
18504,653.659522,0
18505,652.921981,0
18506,501.704095,0
18507,10307.129521,1
18508,10217.410403,1
18509,967.671495,0
18510,2542.228453,1
18511,734.092967,0
18512,732.613999,0
18513,11109.147384,1
18514,34460.987339,1
18515,9425.703677,1
18516,2255.400952,1
18517,2255.690066,1
18518,2255.690066,1
18519,2257.444031,1
18520,2266.526424,1
18521,2264.745059,1
18522,2264.745090,1
18523,2255.689422,1
18524,2263.754749,1
18525,2254.805751,1
18526,2263.830136,1
18527,2263.232317,1
18528,2263.232317,1
18529,401.598914,0
18530,392.537309,0
18531,401.736245,0
18532,392.659349,0
18533,392.652812,0
18534,392.846975,0
18535,392.683711,0
18536,392.653090,0
18537,392.663605,0
18538,401.739841,0
18539,401.739841,0
18540,401.473632,0
18541,401.473814,0
18542,401.518947,0
18543,392.405090,0
18544,392.666054,0
18545,392.532076,0
18546,401.495477,0
18547,392.553741,0
18548,392.522573,0
18549,401.739841,0
18550,392.529119,0
18551,392.525452,0
18552,392.842852,0
18553,392.525420,0
18554,392.526087,0
18555,506.327594,0
18556,506.325162,0
18557,392.552191,0
18558,392.423508,0
18559,401.481862,0
18560,393.096723,0
18561,392.839029,0
18562,392.520682,0
18563,392.521110,0
18564,392.852213,0
18565,392.850082,0
18566,392.522510,0
18567,392.523794,0
18568,392.523794,0
18569,392.530574,0
18570,393.141929,0
18571,506.506466,0
18572,393.075385,0
18573,401.931236,0
18574,392.524766,0
18575,392.500053,0
18576,392.434814,0
18577,392.683296,0
18578,392.402956,0
18579,392.519985,0
18580,401.602546,0
18581,401.602546,0
18582,401.484870,0
18583,392.835246,0
18584,401.509994,0
18585,392.465676,0
18586,392.858048,0
18587,392.858048,0
18588,392.520545,0
18589,392.413711,0
18590,392.658806,0
18591,392.519695,0
18592,506.317347,0
18593,401.515878,0
18594,392.520821,0
18595,401.511395,0
18596,401.507781,0
18597,401.510554,0
18598,402.509158,0
18599,402.648116,0
18600,416.626379,0
18601,416.622337,0
18602,416.468207,0
18603,609.861795,0
18604,520.419780,0
18605,520.419699,0
18606,519.516992,0
18607,519.517032,0
18608,648.974847,0
18609,519.726506,0
18610,518.949197,0
18611,519.166951,0
18612,518.784444,0
18613,519.445290,0
18614,519.437427,0
18615,522.715175,0
18616,522.715175,0
18617,518.952780,0
18618,519.907531,0
18619,518.952291,0
18620,519.170033,0
18621,519.434648,0
18622,519.165694,0
18623,520.117955,0
18624,518.785284,0
18625,519.167543,0
18626,518.785639,0
18627,518.783724,0
18628,518.784527,0
18629,527.642929,0
18630,518.949048,0
18631,523.362192,0
18632,523.363907,0
18633,523.187867,0
18634,523.363365,0
18635,523.063012,0
18636,523.062944,0
18637,522.990032,0
18638,523.062152,0
18639,522.988255,0
18640,520.522282,0
18641,520.188067,0
18642,523.066329,0
18643,523.064563,0
18644,523.065581,0
18645,523.362279,0
18646,523.063383,0
18647,521.056834,0
18648,521.683429,0
18649,520.520987,0
18650,523.870792,0
18651,521.879927,0
18652,520.055131,0
18653,522.351139,0
18654,523.752165,0
18655,536.003512,0
18656,534.083297,0
18657,536.012569,0
18658,535.584408,0
18659,740.054890,0
18660,733.365216,0
18661,683.532557,0
18662,683.534505,0
18663,681.816281,0
18664,682.526729,0
18665,682.521881,0
18666,682.523137,0
18667,681.804595,0
18668,568.317829,0
18669,681.804077,0
18670,681.803532,0
18671,681.802772,0
18672,681.806079,0
18673,567.769145,0
18674,568.079809,0
18675,568.026890,0
18676,567.759701,0
18677,567.760881,0
18678,568.021994,0
18679,698.134839,0
18680,567.750805,0
18681,567.750669,0
18682,568.038140,0
18683,568.021329,0
18684,568.021614,0
18685,568.183294,0
18686,568.344105,0
18687,567.528938,0
18688,567.528993,0
18689,567.528951,0
18690,567.529864,0
18691,567.529859,0
18692,571.003320,0
18693,629.526432,0
18694,593.006807,0
18695,593.006894,0
18696,593.006894,0
18697,593.006894,0
18698,593.006215,0
18699,593.010491,0
18700,572.384074,0
18701,573.655161,0
18702,573.835064,0
18703,575.734497,0
18704,574.065170,0
18705,573.682332,0
18706,574.526596,0
18707,572.228720,0
18708,588.460933,0
18709,585.807695,0
18710,584.549917,0
18711,645.432180,0
18712,783.100289,0
18713,138.847568,0
18714,138.845749,0
18715,138.848670,0
18716,138.848670,0
18717,138.847753,0
18718,138.846040,0
18719,129.851283,0
18720,138.847338,0
18721,218.873908,0
18722,138.819774,0
18723,138.809163,0
18724,138.809164,0
18725,138.809134,0
18726,138.810022,0
18727,129.851821,0
18728,130.243018,0
18729,130.061708,0
18730,138.846966,0
18731,138.846966,0
18732,138.809213,0
18733,130.475727,0
18734,139.069545,0
18735,130.242914,0
18736,130.242914,0
18737,138.809156,0
18738,138.809189,0
18739,129.820734,0
18740,138.809109,0
18741,130.985197,0
18742,130.985479,0
18743,130.985479,0
18744,130.985248,0
18745,131.181891,0
18746,131.181891,0
18747,131.181891,0
18748,131.181987,0
18749,130.244862,0
18750,130.244576,0
18751,138.845574,0
18752,138.845593,0
18753,138.846002,0
18754,138.845889,0
18755,139.039695,0
18756,138.846147,0
18757,138.809426,0
18758,138.809269,0
18759,129.938111,0
18760,138.846153,0
18761,130.475731,0
18762,139.070398,0
18763,139.258682,0
18764,130.760625,0
18765,132.919010,0
18766,130.759455,0
18767,138.809781,0
18768,138.809781,0
18769,130.758071,0
18770,130.985146,0
18771,130.984215,0
18772,130.984221,0
18773,130.985146,0
18774,130.985235,0
18775,130.985235,0
18776,129.932381,0
18777,129.931952,0
18778,139.070665,0
18779,139.070665,0
18780,138.933921,0
18781,138.933868,0
18782,138.933271,0
18783,138.933249,0
18784,138.809356,0
18785,130.064799,0
18786,130.760030,0
18787,134.002983,0
18788,130.757223,0
18789,139.302077,0
18790,129.932080,0
18791,129.931937,0
18792,138.813425,0
18793,130.248546,0
18794,130.478333,0
18795,130.474172,0
18796,130.476374,0
18797,138.823226,0
18798,130.496144,0
18799,138.811156,0
18800,130.243492,0
18801,129.936603,0
18802,129.930509,0
18803,130.476398,0
18804,139.257650,0
18805,131.092484,0
18806,129.936001,0
18807,131.485804,0
18808,130.247216,0
18809,138.809201,0
18810,130.243091,0
18811,138.809090,0
18812,139.257729,0
18813,138.847908,0
18814,130.699327,0
18815,130.699327,0
18816,130.742835,0
18817,130.744885,0
18818,130.063611,0
18819,130.984828,0
18820,130.242144,0
18821,130.242144,0
18822,138.810126,0
18823,138.846876,0
18824,130.481274,0
18825,129.932311,0
18826,129.851199,0
18827,138.933496,0
18828,138.933439,0
18829,138.809230,0
18830,130.247877,0
18831,130.795001,0
18832,131.471507,0
18833,130.479375,0
18834,129.933761,0
18835,129.932278,0
18836,132.303672,0
18837,139.085843,0
18838,130.247939,0
18839,130.252388,0
18840,130.245342,0
18841,129.931722,0
18842,130.243639,0
18843,130.243760,0
18844,130.243656,0
18845,129.930593,0
18846,130.477283,0
18847,130.243601,0
18848,130.243601,0
18849,130.243677,0
18850,130.243744,0
18851,138.810964,0
18852,130.256564,0
18853,129.933010,0
18854,130.758105,0
18855,130.247852,0
18856,129.932853,0
18857,129.931698,0
18858,130.243904,0
18859,130.244027,0
18860,130.243829,0
18861,130.475696,0
18862,130.064513,0
18863,130.985373,0
18864,130.986442,0
18865,130.986442,0
18866,130.243835,0
18867,130.243835,0
18868,130.243684,0
18869,130.243744,0
18870,130.838095,0
18871,130.838632,0
18872,138.845694,0
18873,130.985500,0
18874,130.985500,0
18875,130.985500,0
18876,139.070969,0
18877,129.930626,0
18878,130.244129,0
18879,136.833722,0
18880,135.235440,0
18881,136.773599,0
18882,137.166138,0
18883,137.166085,0
18884,136.745393,0
18885,136.470924,0
18886,137.169887,0
18887,134.245368,0
18888,137.178260,0
18889,137.178260,0
18890,135.789421,0
18891,137.049643,0
18892,137.187913,0
18893,138.352284,0
18894,138.352284,0
18895,138.352284,0
18896,135.520172,0
18897,136.843526,0
18898,136.837605,0
18899,137.166124,0
18900,137.269418,0
18901,133.809733,0
18902,137.166200,0
18903,134.047858,0
18904,139.103913,0
18905,138.172644,0
18906,134.562035,0
18907,136.835362,0
18908,133.772823,0
18909,137.748406,0
18910,136.835254,0
18911,135.236216,0
18912,135.237072,0
18913,135.237318,0
18914,137.494090,0
18915,136.838089,0
18916,137.747963,0
18917,137.168191,0
18918,133.810385,0
18919,136.837384,0
18920,136.773426,0
18921,134.303263,0
18922,137.497117,0
18923,136.834213,0
18924,136.833658,0
18925,136.833644,0
18926,136.833638,0
18927,136.703084,0
18928,137.165660,0
18929,136.833640,0
18930,136.833640,0
18931,136.833661,0
18932,136.833668,0
18933,136.974472,0
18934,136.974472,0
18935,136.974472,0
18936,137.618312,0
18937,136.744371,0
18938,136.744371,0
18939,137.165658,0
18940,136.833663,0
18941,136.833663,0
18942,147.213154,0
18943,148.363348,0
18944,200.378821,0
18945,333.036882,0
18946,309.468744,0
18947,309.468744,0
18948,309.468744,0
18949,309.468350,0
18950,309.468333,0
18951,309.468261,0
18952,309.218235,0
18953,308.868645,0
18954,308.868805,0
18955,309.468588,0
18956,308.785954,0
18957,309.468641,0
18958,316.861645,0
18959,316.861645,0
18960,308.082332,0
18961,316.861611,0
18962,308.680682,0
18963,308.265146,0
18964,307.837025,0
18965,396.879034,0
18966,396.878912,0
18967,396.879015,0
18968,309.232480,0
18969,396.880134,0
18970,309.231470,0
18971,308.623216,0
18972,307.852458,0
18973,316.926838,0
18974,308.265575,0
18975,317.853114,0
18976,311.112572,0
18977,317.843685,0
18978,307.833092,0
18979,307.827274,0
18980,425.438758,0
18981,308.523168,0
18982,316.931137,0
18983,421.623866,0
18984,316.850054,0
18985,421.570332,0
18986,421.564014,0
18987,316.849359,0
18988,421.624832,0
18989,421.571534,0
18990,316.850002,0
18991,308.314834,0
18992,421.625094,0
18993,308.303154,0
18994,310.160044,0
18995,309.468576,0
18996,309.468690,0
18997,308.526504,0
18998,309.236465,0
18999,317.312904,0
19000,396.901058,0
19001,316.859909,0
19002,438.255602,0
19003,441.210023,0
19004,316.849521,0
19005,307.829120,0
19006,421.624765,0
19007,316.924540,0
19008,316.924540,0
19009,316.854392,0
19010,316.861013,0
19011,316.859892,0
19012,316.859997,0
19013,316.859998,0
19014,316.871303,0
19015,421.572143,0
19016,421.572888,0
19017,307.911421,0
19018,316.849592,0
19019,316.849600,0
19020,307.827526,0
19021,317.078155,0
19022,313.693619,0
19023,371.308908,0
19024,313.698292,0
19025,316.822831,0
19026,314.425492,0
19027,316.660238,0
19028,316.340121,0
19029,319.770852,0
19030,318.146555,0
19031,320.204260,0
19032,318.711503,0
19033,327.877384,0
19034,327.861226,0
19035,327.861226,0
19036,363.984556,0
19037,1962.874007,1
19038,684.787458,0
19039,682.804329,0
19040,996.418884,0
19041,356.971871,0
19042,331.673600,0
19043,333.194913,0
19044,342.286090,0
19045,355.632288,0
19046,339.224420,0
19047,339.224417,0
19048,339.224409,0
19049,338.666539,0
19050,338.542517,0
19051,333.538063,0
19052,336.347992,0
19053,337.340897,0
19054,336.052517,0
19055,331.772884,0
19056,353.141494,0
19057,389.212511,0
19058,336.659172,0
19059,333.035964,0
19060,353.142760,0
19061,353.142760,0
19062,353.002823,0
19063,333.776469,0
19064,333.592912,0
19065,353.328827,0
19066,353.327712,0
19067,353.142152,0
19068,353.328233,0
19069,354.117335,0
19070,353.565619,0
19071,335.014800,0
19072,335.014175,0
19073,389.596909,0
19074,395.210127,0
19075,334.603549,0
19076,342.502723,0
19077,343.699440,0
19078,343.699440,0
19079,342.201031,0
19080,342.202340,0
19081,342.205719,0
19082,342.100240,0
19083,342.172667,0
19084,342.294348,0
19085,342.491364,0
19086,342.508939,0
19087,642.313272,0
19088,384.330176,0
19089,473.648301,0
19090,396.191810,0
19091,826.580288,0
19092,1901.491620,1
19093,953.824303,0
19094,953.824303,0
19095,953.824303,0
19096,954.120569,0
19097,953.715453,0
19098,543.987833,0
19099,5442.441801,1
19100,2427.210850,1
19101,2893.435160,1
19102,2427.977090,1
19103,1247.370863,1
19104,1247.269102,1
19105,1246.790114,1
19106,2431.032871,1
19107,2436.583443,1
19108,1642.375989,1
19109,997.410573,0
19110,997.166981,0
19111,998.832075,0
19112,1014.335752,0
19113,996.690519,0
19114,1973.986686,1
19115,996.603522,0
19116,997.535302,0
19117,997.535302,0
19118,997.535302,0
19119,1014.485917,0
19120,780.772609,0
19121,780.689332,0
19122,1120.585970,1
19123,1121.625625,1
19124,823.478457,0
19125,1121.513217,1
19126,779.347571,0
19127,778.961782,0
19128,1125.022654,1
19129,1120.429294,1
19130,1712.239226,1
19131,148.236920,0
19132,148.236920,0
19133,148.236920,0
19134,148.236707,0
19135,148.236707,0
19136,148.170364,0
19137,148.154471,0
19138,171.232274,0
19139,148.300018,0
19140,147.739425,0
19141,147.736751,0
19142,148.170436,0
19143,148.236654,0
19144,148.738954,0
19145,147.279522,0
19146,148.520801,0
19147,148.520801,0
19148,147.533434,0
19149,147.533539,0
19150,147.380850,0
19151,148.154168,0
19152,148.189255,0
19153,148.188814,0
19154,148.153472,0
19155,147.735973,0
19156,171.457865,0
19157,148.239512,0
19158,148.188137,0
19159,156.974935,0
19160,171.883731,0
19161,172.510587,0
19162,148.521095,0
19163,148.643539,0
19164,148.521048,0
19165,148.294274,0
19166,149.324862,0
19167,156.715636,0
19168,147.374292,0
19169,149.006396,0
19170,149.325225,0
19171,147.735221,0
19172,156.715349,0
19173,148.738384,0
19174,172.173083,0
19175,156.974710,0
19176,148.737454,0
19177,148.737454,0
19178,148.353699,0
19179,148.520516,0
19180,148.520516,0
19181,149.006195,0
19182,148.272262,0
19183,147.735951,0
19184,148.519774,0
19185,147.755250,0
19186,147.739023,0
19187,148.153755,0
19188,148.154068,0
19189,147.998452,0
19190,148.601945,0
19191,150.030972,0
19192,148.521423,0
19193,150.070428,0
19194,150.030743,0
19195,150.031058,0
19196,150.102749,0
19197,148.965125,0
19198,150.070423,0
19199,154.032193,0
19200,147.255440,0
19201,148.778641,0
19202,148.778587,0
19203,148.778587,0
19204,147.799809,0
19205,150.375314,0
19206,149.199824,0
19207,148.521334,0
19208,148.521334,0
19209,147.264115,0
19210,152.774142,0
19211,148.081479,0
19212,147.800038,0
19213,148.641355,0
19214,147.263548,0
19215,150.102082,0
19216,147.186065,0
19217,147.570718,0
19218,150.380580,0
19219,150.380580,0
19220,150.375488,0
19221,150.850498,0
19222,148.718487,0
19223,151.035166,0
19224,148.601853,0
19225,147.185187,0
19226,147.264770,0
19227,147.185156,0
19228,147.185156,0
19229,147.186025,0
19230,147.186025,0
19231,148.964722,0
19232,147.800406,0
19233,147.800406,0
19234,147.392421,0
19235,147.571667,0
19236,147.570631,0
19237,147.571306,0
19238,147.264799,0
19239,147.264799,0
19240,148.717509,0
19241,147.264221,0
19242,151.516865,0
19243,147.264770,0
19244,149.100398,0
19245,150.375385,0
19246,148.079104,0
19247,148.078689,0
19248,150.379174,0
19249,147.264407,0
19250,149.198886,0
19251,148.883680,0
19252,168.621188,0
19253,205.426777,0
19254,150.851352,0
19255,148.079207,0
19256,147.571116,0
19257,147.571116,0
19258,150.852159,0
19259,152.771389,0
19260,147.392615,0
19261,148.963738,0
19262,147.392074,0
19263,147.159774,0
19264,148.642503,0
19265,147.185359,0
19266,149.369238,0
19267,147.570865,0
19268,148.520517,0
19269,149.200404,0
19270,148.521022,0
19271,147.186625,0
19272,147.186625,0
19273,147.264179,0
19274,147.392563,0
19275,147.393128,0
19276,148.601127,0
19277,147.570826,0
19278,147.570982,0
19279,147.570982,0
19280,147.392418,0
19281,150.102234,0
19282,147.186376,0
19283,148.602060,0
19284,147.264753,0
19285,147.571444,0
19286,147.570415,0
19287,152.638519,0
19288,152.634379,0
19289,149.200571,0
19290,148.963825,0
19291,147.570685,0
19292,161.120309,0
19293,161.118330,0
19294,161.347660,0
19295,161.346401,0
19296,161.197611,0
19297,163.730700,0
19298,164.575750,0
19299,161.223258,0
19300,161.124906,0
19301,161.315202,0
19302,161.296211,0
19303,163.222336,0
19304,161.147977,0
19305,161.147977,0
19306,161.139163,0
19307,161.645016,0
19308,161.351065,0
19309,161.119978,0
19310,161.100815,0
19311,162.771236,0
19312,162.770878,0
19313,161.131695,0
19314,163.219731,0
19315,196.836598,0
19316,196.836105,0
19317,196.836105,0
19318,196.833848,0
19319,196.835593,0
19320,196.835760,0
19321,196.904537,0
19322,775.881246,0
19323,830.665751,0
19324,2641.189587,1
19325,360.633450,0
19326,1460.969800,1
19327,2245.980614,1
19328,2245.459199,1
19329,598.692877,0
19330,599.763400,0
19331,941.271725,0
19332,598.528207,0
19333,598.548613,0
19334,597.832849,0
19335,942.833013,0
19336,600.876222,0
19337,5241.160020,1
19338,117.520994,0
19339,117.941178,0
19340,126.484859,0
19341,117.503102,0
19342,117.620342,0
19343,117.620663,0
19344,118.173771,0
19345,118.173771,0
19346,118.174676,0
19347,117.501783,0
19348,117.501781,0
19349,118.099951,0
19350,118.459506,0
19351,116.802678,0
19352,117.619922,0
19353,117.619922,0
19354,117.536085,0
19355,117.520054,0
19356,116.628685,0
19357,117.520054,0
19358,117.520054,0
19359,117.520054,0
19360,117.520164,0
19361,117.520449,0
19362,117.503415,0
19363,117.619885,0
19364,117.536031,0
19365,141.082675,0
19366,117.461019,0
19367,117.620457,0
19368,127.186299,0
19369,117.642692,0
19370,117.621151,0
19371,117.503585,0
19372,117.588523,0
19373,116.970184,0
19374,141.290140,0
19375,117.536031,0
19376,117.536031,0
19377,117.619921,0
19378,117.620088,0
19379,117.619793,0
19380,117.620184,0
19381,117.619921,0
19382,117.619767,0
19383,117.502610,0
19384,117.502751,0
19385,117.536129,0
19386,117.536129,0
19387,117.536037,0
19388,117.619999,0
19389,117.619767,0
19390,117.619152,0
19391,117.620054,0
19392,117.619722,0
19393,117.619450,0
19394,117.618942,0
19395,117.619734,0
19396,117.585574,0
19397,117.619885,0
19398,117.505705,0
19399,117.619999,0
19400,117.619921,0
19401,117.619921,0
19402,117.619999,0
19403,117.619999,0
19404,117.619941,0
19405,117.619782,0
19406,117.619679,0
19407,117.619679,0
19408,117.754444,0
19409,117.754309,0
19410,116.971669,0
19411,117.754365,0
19412,117.619937,0
19413,125.582138,0
19414,125.605277,0
19415,117.502582,0
19416,117.502582,0
19417,117.502509,0
19418,117.620322,0
19419,117.517070,0
19420,125.580523,0
19421,117.938641,0
19422,117.620885,0
19423,116.973511,0
19424,117.938930,0
19425,117.938930,0
19426,116.972867,0
19427,116.972867,0
19428,117.536967,0
19429,117.537067,0
19430,117.938758,0
19431,117.938758,0
19432,117.939001,0
19433,117.619874,0
19434,117.619905,0
19435,117.619999,0
19436,117.619999,0
19437,117.755852,0
19438,116.805447,0
19439,117.939366,0
19440,117.619435,0
19441,117.621331,0
19442,117.754369,0
19443,117.754430,0
19444,117.619945,0
19445,117.619945,0
19446,117.754176,0
19447,117.754146,0
19448,117.754168,0
19449,125.805419,0
19450,117.502073,0
19451,118.162385,0
19452,117.618816,0
19453,117.192053,0
19454,117.192053,0
19455,117.619927,0
19456,117.619999,0
19457,117.754233,0
19458,117.536253,0
19459,117.502069,0
19460,118.152268,0
19461,118.459145,0
19462,117.196131,0
19463,117.460892,0
19464,118.173721,0
19465,118.459060,0
19466,117.190383,0
19467,118.574102,0
19468,117.780771,0
19469,118.950563,0
19470,118.154231,0
19471,119.180799,0
19472,117.460961,0
19473,117.519705,0
19474,140.824343,0
19475,117.620324,0
19476,117.520378,0
19477,116.970358,0
19478,117.460438,0
19479,141.547188,0
19480,125.981703,0
19481,247.081525,0
19482,117.618834,0
19483,117.618944,0
19484,121.258635,0
19485,121.258635,0
19486,119.415526,0
19487,120.911031,0
19488,121.030461,0
19489,120.942188,0
19490,119.474398,0
19491,120.912984,0
19492,119.897243,0
19493,122.412352,0
19494,120.913068,0
19495,121.200532,0
19496,121.200901,0
19497,121.199571,0
19498,123.172051,0
19499,122.411642,0
19500,124.025236,0
19501,122.540172,0
19502,177.362651,0
19503,121.200637,0
19504,121.202045,0
19505,121.200168,0
19506,121.199991,0
19507,121.198175,0
19508,121.199092,0
19509,121.200267,0
19510,123.050233,0
19511,120.912216,0
19512,120.912459,0
19513,121.030668,0
19514,122.305229,0
19515,122.333392,0
19516,122.411725,0
19517,122.326886,0
19518,120.826117,0
19519,120.825552,0
19520,122.332930,0
19521,122.411578,0
19522,120.912622,0
19523,122.333096,0
19524,120.857833,0
19525,120.844739,0
19526,119.896212,0
19527,122.539923,0
19528,122.539950,0
19529,120.440067,0
19530,119.700624,0
19531,119.700696,0
19532,119.553937,0
19533,121.420432,0
19534,122.418596,0
19535,119.897606,0
19536,119.700813,0
19537,125.656279,0
19538,122.410884,0
19539,121.115922,0
19540,123.228856,0
19541,123.228914,0
19542,121.491948,0
19543,119.896941,0
19544,119.896941,0
19545,119.896320,0
19546,119.895838,0
19547,122.378628,0
19548,119.897600,0
19549,119.897364,0
19550,119.555318,0
19551,121.032898,0
19552,120.910986,0
19553,121.420506,0
19554,122.719181,0
19555,122.719997,0
19556,120.861140,0
19557,120.859234,0
19558,120.941567,0
19559,120.941047,0
19560,119.555651,0
19561,119.555470,0
19562,119.700802,0
19563,122.413703,0
19564,122.304964,0
19565,122.304836,0
19566,134.525454,0
19567,133.729082,0
19568,136.322298,0
19569,134.518754,0
19570,134.526112,0
19571,134.100218,0
19572,134.100218,0
19573,132.645246,0
19574,133.414083,0
19575,133.409791,0
19576,134.122529,0
19577,135.502764,0
19578,134.105873,0
19579,134.105873,0
19580,133.738813,0
19581,133.731110,0
19582,132.818183,0
19583,138.849673,0
19584,132.597483,0
19585,132.580109,0
19586,132.603416,0
19587,132.589456,0
19588,132.646254,0
19589,196.835383,0
19590,189.214841,0
19591,168.261296,0
19592,1770.433948,1
19593,333.306904,0
19594,341.577012,0
19595,1039.933982,0
19596,2477.353539,1
19597,1037.287823,0
19598,9263.148494,1
19599,1341.396751,1
19600,1332.395225,1
19601,1703.183170,1
19602,1332.301523,1
19603,1332.266926,1
19604,1332.277696,1
19605,1342.367033,1
19606,1333.271793,1
19607,1333.265701,1
19608,1341.474475,1
19609,1341.333029,1
19610,1332.765393,1
19611,1341.816852,1
19612,1332.725143,1
19613,1333.468013,1
19614,1333.468013,1
19615,1421.342438,1
19616,1332.724905,1
19617,1332.746170,1
19618,1332.281708,1
19619,1332.400797,1
19620,1333.276599,1
19621,423.969044,0
19622,414.966810,0
19623,424.028763,0
19624,423.969248,0
19625,424.026445,0
19626,424.029927,0
19627,423.971721,0
19628,503.991048,0
19629,423.970185,0
19630,423.971783,0
19631,423.968419,0
19632,423.971707,0
19633,415.823982,0
19634,415.824060,0
19635,415.823958,0
19636,415.824014,0
19637,415.824238,0
19638,415.824253,0
19639,423.972578,0
19640,415.824036,0
19641,415.824036,0
19642,423.972083,0
19643,415.025597,0
19644,416.152994,0
19645,423.971897,0
19646,504.002578,0
19647,415.026935,0
19648,504.036076,0
19649,424.013844,0
19650,414.955556,0
19651,423.971910,0
19652,415.821713,0
19653,415.821444,0
19654,423.971923,0
19655,423.967829,0
19656,423.971905,0
19657,423.967691,0
19658,415.091609,0
19659,415.095470,0
19660,415.421846,0
19661,415.093955,0
19662,415.093875,0
19663,415.103615,0
19664,415.085470,0
19665,414.954956,0
19666,414.957398,0
19667,414.954855,0
19668,415.085979,0
19669,414.966297,0
19670,414.966668,0
19671,414.965270,0
19672,504.033522,0
19673,414.965478,0
19674,415.089305,0
19675,415.033854,0
19676,424.026470,0
19677,424.026470,0
19678,424.026470,0
19679,424.026470,0
19680,424.026470,0
19681,423.909176,0
19682,423.756410,0
19683,420.689316,0
19684,423.655051,0
19685,423.756560,0
19686,422.289617,0
19687,423.655045,0
19688,423.655537,0
19689,423.655062,0
19690,423.655201,0
19691,634.370896,0
19692,93.018075,0
19693,93.017845,0
19694,93.018665,0
19695,93.017841,0
19696,93.018076,0
19697,93.018382,0
19698,92.741454,0
19699,92.741454,0
19700,93.018129,0
19701,93.018129,0
19702,93.018143,0
19703,115.746844,0
19704,91.763742,0
19705,221.937558,0
19706,221.937589,0
19707,92.740945,0
19708,92.741644,0
19709,222.571799,0
19710,115.746653,0
19711,91.764511,0
19712,91.764511,0
19713,221.698072,0
19714,222.963487,0
19715,92.033683,0
19716,92.027875,0
19717,92.213341,0
19718,4270.489861,1
19719,93.018082,0
19720,93.114723,0
19721,115.995395,0
19722,92.026996,0
19723,91.340862,0
19724,91.391870,0
19725,115.994272,0
19726,115.749478,0
19727,91.552279,0
19728,91.552148,0
19729,91.552148,0
19730,91.552381,0
19731,91.552856,0
19732,221.365904,0
19733,92.212558,0
19734,92.741531,0
19735,91.763517,0
19736,91.763755,0
19737,91.764785,0
19738,92.025148,0
19739,91.764744,0
19740,91.763503,0
19741,91.763503,0
19742,91.391068,0
19743,91.392243,0
19744,91.390592,0
19745,91.762919,0
19746,91.762993,0
19747,92.025691,0
19748,91.765209,0
19749,92.741842,0
19750,91.552671,0
19751,91.552017,0
19752,91.552017,0
19753,91.552017,0
19754,91.552362,0
19755,92.026988,0
19756,92.026024,0
19757,92.026173,0
19758,93.679649,0
19759,221.478674,0
19760,115.754123,0
19761,91.763906,0
19762,91.553700,0
19763,91.552010,0
19764,92.025965,0
19765,91.552641,0
19766,92.117293,0
19767,92.035567,0
19768,92.705546,0
19769,92.212480,0
19770,92.212386,0
19771,92.212480,0
19772,92.212480,0
19773,92.212480,0
19774,92.212368,0
19775,92.212368,0
19776,93.478632,0
19777,100.242405,0
19778,100.242405,0
19779,100.242631,0
19780,92.339133,0
19781,100.525940,0
19782,100.525940,0
19783,92.025072,0
19784,92.024299,0
19785,92.025299,0
19786,93.018808,0
19787,92.025734,0
19788,92.212337,0
19789,92.212480,0
19790,92.212480,0
19791,92.212480,0
19792,92.337586,0
19793,92.338558,0
19794,92.338558,0
19795,92.338558,0
19796,100.158837,0
19797,91.281833,0
19798,91.551639,0
19799,91.552757,0
19800,92.027655,0
19801,92.027655,0
19802,92.027794,0
19803,91.764569,0
19804,91.764301,0
19805,91.763993,0
19806,91.763683,0
19807,91.767025,0
19808,91.763816,0
19809,91.764248,0
19810,91.552584,0
19811,91.553493,0
19812,91.764598,0
19813,92.111313,0
19814,100.241549,0
19815,100.241306,0
19816,100.742843,0
19817,91.391219,0
19818,91.391219,0
19819,221.694062,0
19820,91.763502,0
19821,92.212765,0
19822,92.212765,0
19823,92.026024,0
19824,93.485939,0
19825,91.552315,0
19826,92.026030,0
19827,92.137127,0
19828,91.764183,0
19829,91.764183,0
19830,91.764004,0
19831,95.087315,0
19832,95.087650,0
19833,95.088329,0
19834,95.088826,0
19835,95.088012,0
19836,92.247673,0
19837,93.297918,0
19838,94.097971,0
19839,92.485649,0
19840,92.484804,0
19841,94.916510,0
19842,94.096915,0
19843,94.112747,0
19844,96.038278,0
19845,95.581625,0
19846,92.773252,0
19847,92.483981,0
19848,114.738905,0
19849,114.738905,0
19850,94.108219,0
19851,92.246752,0
19852,113.606028,0
19853,92.773041,0
19854,92.773041,0
19855,93.608947,0
19856,94.916336,0
19857,93.426390,0
19858,93.429146,0
19859,93.198200,0
19860,94.797891,0
19861,93.197564,0
19862,91.798412,0
19863,93.596559,0
19864,95.087666,0
19865,95.087526,0
19866,92.059695,0
19867,92.247156,0
19868,92.061128,0
19869,92.061128,0
19870,93.596610,0
19871,92.248036,0
19872,149.956692,0
19873,94.427312,0
19874,94.917449,0
19875,92.247182,0
19876,94.916961,0
19877,96.196774,0
19878,94.097289,0
19879,97.336407,0
19880,91.922736,0
19881,92.772288,0
19882,92.772288,0
19883,92.246819,0
19884,95.581571,0
19885,95.581571,0
19886,92.772300,0
19887,92.484485,0
19888,149.794671,0
19889,96.195296,0
19890,92.248464,0
19891,92.488362,0
19892,97.337388,0
19893,92.247078,0
19894,114.110331,0
19895,114.110331,0
19896,113.605390,0
19897,93.199108,0
19898,92.248018,0
19899,92.247022,0
19900,93.596070,0
19901,94.726134,0
19902,113.300388,0
19903,94.706161,0
19904,113.300103,0
19905,93.221787,0
19906,96.203996,0
19907,91.921942,0
19908,93.303921,0
19909,91.922154,0
19910,92.154024,0
19911,92.165814,0
19912,92.154095,0
19913,92.154069,0
19914,94.707022,0
19915,91.993966,0
19916,92.247916,0
19917,93.297837,0
19918,93.603087,0
19919,94.797056,0
19920,94.796644,0
19921,94.797047,0
19922,94.796015,0
19923,94.796658,0
19924,93.602858,0
19925,94.916219,0
19926,94.797520,0
19927,94.726164,0
19928,94.726675,0
19929,94.726396,0
19930,91.922730,0
19931,91.923772,0
19932,94.796564,0
19933,94.795898,0
19934,95.087173,0
19935,93.608420,0
19936,92.246659,0
19937,149.955877,0
19938,149.667266,0
19939,95.087431,0
19940,95.087431,0
19941,92.060340,0
19942,94.736958,0
19943,114.113794,0
19944,92.246599,0
19945,92.484497,0
19946,94.916805,0
19947,93.596294,0
19948,149.955598,0
19949,93.605737,0
19950,91.877543,0
19951,92.154123,0
19952,94.707049,0
19953,94.706876,0
19954,94.796404,0
19955,94.707317,0
19956,94.439594,0
19957,95.087702,0
19958,95.087256,0
19959,95.581232,0
19960,94.707186,0
19961,92.155676,0
19962,94.795976,0
19963,92.370279,0
19964,92.376424,0
19965,92.370355,0
19966,93.830223,0
19967,92.369129,0
19968,94.726776,0
19969,92.372284,0
19970,92.158668,0
19971,93.604916,0
19972,92.372296,0
19973,94.916428,0
19974,94.916807,0
19975,92.059942,0
19976,92.059942,0
19977,92.059942,0
19978,94.916542,0
19979,94.916338,0
19980,94.727525,0
19981,94.795871,0
19982,94.916422,0
19983,92.248635,0
19984,92.248635,0
19985,94.738039,0
19986,94.917052,0
19987,94.916236,0
19988,91.924169,0
19989,95.308785,0
19990,94.917311,0
19991,94.916514,0
19992,94.916514,0
19993,94.916458,0
19994,92.246626,0
19995,93.224769,0
19996,106.333333,0
19997,108.128854,0
19998,106.215573,0
19999,106.329194,0
20000,106.329194,0
20001,106.246474,0
20002,112.047179,0
20003,112.047179,0
20004,109.954864,0
20005,106.168300,0
20006,106.156170,0
20007,112.362265,0
20008,107.700166,0
20009,112.679506,0
20010,106.150178,0
20011,113.183677,0
20012,107.697595,0
20013,108.955392,0
20014,106.107868,0
20015,106.095551,0
20016,106.122863,0
20017,106.122863,0
20018,108.134192,0
20019,141.970827,0
20020,142.118313,0
20021,238.672000,0
20022,169.197369,0
20023,169.196528,0
20024,161.592719,0
20025,1744.723170,1
20026,312.173477,0
20027,463.430809,0
20028,312.230056,0
20029,777.255961,0
20030,760.385206,0
20031,759.602083,0
20032,883.908954,0
20033,88.912125,0
20034,88.912873,0
20035,88.916291,0
20036,88.916291,0
20037,89.345056,0
20038,79.885787,0
20039,79.885787,0
20040,83.743100,0
20041,88.945236,0
20042,88.945236,0
20043,168.953766,0
20044,88.945449,0
20045,80.531428,0
20046,80.520702,0
20047,80.801842,0
20048,80.798174,0
20049,80.520961,0
20050,168.953690,0
20051,80.291921,0
20052,80.939047,0
20053,80.939047,0
20054,80.114811,0
20055,210.535424,0
20056,80.295808,0
20057,80.799113,0
20058,80.798662,0
20059,80.292555,0
20060,80.798724,0
20061,80.798160,0
20062,80.796118,0
20063,80.797463,0
20064,80.795817,0
20065,80.796357,0
20066,80.796357,0
20067,80.797214,0
20068,80.796411,0
20069,80.796231,0
20070,80.796190,0
20071,80.795765,0
20072,80.797335,0
20073,80.292301,0
20074,80.294602,0
20075,80.518132,0
20076,80.795463,0
20077,80.795463,0
20078,80.796570,0
20079,80.796974,0
20080,80.796586,0
20081,81.272284,0
20082,80.796812,0
20083,81.272164,0
20084,80.799363,0
20085,80.799245,0
20086,80.799990,0
20087,80.294399,0
20088,80.293165,0
20089,80.796087,0
20090,80.795879,0
20091,80.796355,0
20092,80.796520,0
20093,80.797475,0
20094,80.797677,0
20095,80.796687,0
20096,80.796687,0
20097,80.518695,0
20098,80.518695,0
20099,80.518672,0
20100,80.796697,0
20101,80.796649,0
20102,80.518339,0
20103,80.518560,0
20104,80.796618,0
20105,80.291094,0
20106,80.291167,0
20107,79.989763,0
20108,80.804639,0
20109,80.805217,0
20110,80.291951,0
20111,80.294174,0
20112,80.519688,0
20113,80.519673,0
20114,80.520544,0
20115,80.520544,0
20116,81.079676,0
20117,81.079835,0
20118,81.079835,0
20119,80.805926,0
20120,80.805926,0
20121,80.291422,0
20122,80.291089,0
20123,80.291089,0
20124,80.290510,0
20125,80.292039,0
20126,80.290955,0
20127,80.290955,0
20128,80.796462,0
20129,80.848446,0
20130,80.848106,0
20131,80.797358,0
20132,80.805018,0
20133,80.520109,0
20134,80.291484,0
20135,80.290979,0
20136,80.796865,0
20137,80.518656,0
20138,80.518821,0
20139,80.519676,0
20140,81.517129,0
20141,80.518849,0
20142,80.292091,0
20143,80.292362,0
20144,88.945365,0
20145,79.993016,0
20146,79.991374,0
20147,169.033005,0
20148,79.893495,0
20149,80.798389,0
20150,89.001314,0
20151,80.297800,0
20152,80.797599,0
20153,88.945813,0
20154,80.803152,0
20155,80.798877,0
20156,80.798877,0
20157,80.796687,0
20158,80.518541,0
20159,80.518541,0
20160,80.290548,0
20161,80.290548,0
20162,80.289634,0
20163,80.289634,0
20164,80.805979,0
20165,79.989062,0
20166,79.911546,0
20167,88.930859,0
20168,80.517679,0
20169,80.518825,0
20170,80.800811,0
20171,80.294583,0
20172,80.523885,0
20173,80.795582,0
20174,80.795996,0
20175,80.520908,0
20176,80.519406,0
20177,80.519406,0
20178,80.292825,0
20179,80.801100,0
20180,80.291037,0
20181,80.293342,0
20182,80.294475,0
20183,80.518861,0
20184,80.520340,0
20185,80.113844,0
20186,80.293086,0
20187,80.290605,0
20188,80.938553,0
20189,80.518873,0
20190,80.519351,0
20191,80.518089,0
20192,80.797963,0
20193,81.141940,0
20194,81.141940,0
20195,80.876028,0
20196,80.801906,0
20197,80.525588,0
20198,80.522437,0
20199,80.521700,0
20200,80.521700,0
20201,80.518694,0
20202,80.518218,0
20203,80.294276,0
20204,80.294276,0
20205,80.802329,0
20206,81.807705,0
20207,81.807705,0
20208,80.292626,0
20209,89.346857,0
20210,89.595217,0
20211,80.292001,0
20212,80.290076,0
20213,80.290284,0
20214,80.520833,0
20215,81.131381,0
20216,80.798016,0
20217,80.799319,0
20218,80.523417,0
20219,80.521510,0
20220,80.521510,0
20221,80.796508,0
20222,210.571858,0
20223,168.966413,0
20224,80.115939,0
20225,80.115358,0
20226,80.294213,0
20227,80.293576,0
20228,80.117164,0
20229,80.847037,0
20230,80.847025,0
20231,80.802463,0
20232,80.799186,0
20233,80.519861,0
20234,80.293098,0
20235,80.295318,0
20236,80.294465,0
20237,80.520540,0
20238,80.519459,0
20239,80.798004,0
20240,80.798429,0
20241,80.796541,0
20242,80.796709,0
20243,80.797648,0
20244,80.799061,0
20245,80.294297,0
20246,80.293352,0
20247,80.290089,0
20248,80.293165,0
20249,80.293165,0
20250,80.519759,0
20251,80.294999,0
20252,80.291911,0
20253,80.525368,0
20254,88.931183,0
20255,80.797689,0
20256,83.787323,0
20257,83.787653,0
20258,83.787653,0
20259,80.876758,0
20260,80.518513,0
20261,80.518513,0
20262,80.119383,0
20263,168.953634,0
20264,168.953604,0
20265,168.953604,0
20266,80.800669,0
20267,80.522260,0
20268,80.293097,0
20269,80.294742,0
20270,80.294742,0
20271,80.115712,0
20272,80.113584,0
20273,80.113584,0
20274,80.113636,0
20275,80.113636,0
20276,80.519397,0
20277,80.520009,0
20278,80.291397,0
20279,80.290918,0
20280,80.290918,0
20281,80.292846,0
20282,168.925046,0
20283,79.887790,0
20284,81.136796,0
20285,80.795362,0
20286,80.794834,0
20287,80.799985,0
20288,88.918639,0
20289,79.988571,0
20290,83.360379,0
20291,168.924633,0
20292,81.079141,0
20293,89.346707,0
20294,168.953457,0
20295,168.953457,0
20296,88.912389,0
20297,80.938824,0
20298,80.938824,0
20299,80.292423,0
20300,80.114144,0
20301,80.114144,0
20302,80.938156,0
20303,79.986626,0
20304,79.987473,0
20305,89.026698,0
20306,80.518408,0
20307,169.017364,0
20308,88.998437,0
20309,80.815910,0
20310,168.953287,0
20311,168.953535,0
20312,80.292413,0
20313,80.300571,0
20314,168.924721,0
20315,168.953886,0
20316,168.953860,0
20317,168.924872,0
20318,168.924695,0
20319,168.924851,0
20320,168.925111,0
20321,80.804562,0
20322,80.805908,0
20323,168.954001,0
20324,168.953864,0
20325,88.446613,0
20326,88.452887,0
20327,88.444584,0
20328,88.452314,0
20329,86.354295,0
20330,88.231369,0
20331,88.045801,0
20332,86.474379,0
20333,87.908575,0
20334,143.184797,0
20335,142.681773,0
20336,142.682465,0
20337,88.230909,0
20338,87.907919,0
20339,88.231152,0
20340,87.908106,0
20341,88.044366,0
20342,88.230986,0
20343,87.981020,0
20344,86.524906,0
20345,88.365150,0
20346,88.236215,0
20347,88.231784,0
20348,88.764345,0
20349,88.233681,0
20350,88.044756,0
20351,87.787466,0
20352,142.681147,0
20353,85.207889,0
20354,85.207889,0
20355,142.681479,0
20356,88.046762,0
20357,142.827599,0
20358,87.908305,0
20359,87.062125,0
20360,85.205079,0
20361,85.424829,0
20362,88.045874,0
20363,88.088317,0
20364,84.960210,0
20365,88.047612,0
20366,85.068499,0
20367,85.405296,0
20368,87.908323,0
20369,87.908069,0
20370,87.907731,0
20371,87.908068,0
20372,87.907873,0
20373,86.899243,0
20374,87.908230,0
20375,87.908059,0
20376,87.908235,0
20377,88.233085,0
20378,142.827914,0
20379,142.828842,0
20380,142.828842,0
20381,88.328726,0
20382,88.044810,0
20383,106.200663,0
20384,88.147042,0
20385,106.194151,0
20386,87.866469,0
20387,87.866469,0
20388,87.786853,0
20389,85.056478,0
20390,88.231644,0
20391,85.067870,0
20392,87.822693,0
20393,88.044138,0
20394,86.351811,0
20395,86.351811,0
20396,98.999974,0
20397,99.437028,0
20398,99.438012,0
20399,99.435180,0
20400,99.435180,0
20401,99.446138,0
20402,98.988025,0
20403,98.204266,0
20404,98.198300,0
20405,97.632750,0
20406,417.494237,0
20407,582.574578,0
20408,302.984530,0
20409,303.015461,0
20410,296.157157,0
20411,768.035101,0
20412,768.035101,0
20413,768.303735,0
20414,4780.970993,1
20415,281.400435,0
20416,281.491036,0
20417,280.870416,0
20418,281.096058,0
20419,281.096058,0
20420,281.096058,0
20421,281.094497,0
20422,281.397631,0
20423,281.095989,0
20424,281.399981,0
20425,281.540665,0
20426,281.735183,0
20427,281.778836,0
20428,281.778836,0
20429,281.778836,0
20430,305.092839,0
20431,281.817083,0
20432,281.492372,0
20433,280.791536,0
20434,280.611372,0
20435,280.567862,0
20436,280.567182,0
20437,289.554853,0
20438,280.568064,0
20439,280.568546,0
20440,280.531836,0
20441,394.331976,0
20442,281.542529,0
20443,281.541917,0
20444,289.442644,0
20445,289.462019,0
20446,281.363634,0
20447,289.448832,0
20448,281.516875,0
20449,281.517671,0
20450,289.447430,0
20451,281.778286,0
20452,281.779028,0
20453,281.381880,0
20454,281.605871,0
20455,280.911019,0
20456,281.738396,0
20457,281.738396,0
20458,281.738396,0
20459,281.738408,0
20460,281.738381,0
20461,281.738609,0
20462,281.374591,0
20463,281.373711,0
20464,281.487986,0
20465,281.819480,0
20466,281.818852,0
20467,281.400951,0
20468,281.402431,0
20469,281.491122,0
20470,281.491549,0
20471,281.625619,0
20472,281.403258,0
20473,281.487893,0
20474,281.401962,0
20475,286.577452,0
20476,286.714874,0
20477,286.714440,0
20478,284.975543,0
20479,285.430391,0
20480,286.558385,0
20481,284.970085,0
20482,285.307047,0
20483,284.972834,0
20484,285.043787,0
20485,286.562970,0
20486,288.571669,0
20487,288.697876,0
20488,288.697876,0
20489,288.697876,0
20490,288.697876,0
20491,288.697876,0
20492,286.456338,0
20493,286.543274,0
20494,286.605439,0
20495,285.330321,0
20496,286.477025,0
20497,286.481837,0
20498,286.502253,0
20499,341.332984,0
20500,286.498708,0
20501,285.125097,0
20502,286.464040,0
20503,284.986984,0
20504,284.995310,0
20505,300.698173,0
20506,302.488831,0
20507,296.895912,0
20508,297.094287,0
20509,297.167819,0
20510,296.941424,0
20511,300.122384,0
20512,298.804215,0
20513,298.385902,0
20514,356.202286,0
20515,1398.204729,1
20516,2046.819871,1
20517,965.838029,0
20518,10212.849045,1
20519,30627.956250,1
20520,7402.843156,1
20521,70.791573,0
20522,69.462132,0
20523,77.909758,0
20524,77.909758,0
20525,69.719011,0
20526,200.227372,0
20527,70.389414,0
20528,70.403735,0
20529,70.026100,0
20530,69.719138,0
20531,71.434654,0
20532,69.720977,0
20533,69.464625,0
20534,69.723625,0
20535,70.026391,0
20536,200.226216,0
20537,199.152561,0
20538,69.468325,0
20539,69.465946,0
20540,69.720384,0
20541,69.718799,0
20542,69.259332,0
20543,70.387233,0
20544,69.720026,0
20545,69.719517,0
20546,69.719342,0
20547,69.718634,0
20548,70.738654,0
20549,70.245964,0
20550,69.718556,0
20551,70.739919,0
20552,69.720266,0
20553,70.390186,0
20554,69.263379,0
20555,69.721771,0
20556,69.718959,0
20557,70.739193,0
20558,69.718507,0
20559,69.256861,0
20560,69.461769,0
20561,69.718612,0
20562,94.303523,0
20563,200.957150,0
20564,69.717602,0
20565,69.718917,0
20566,69.718823,0
20567,69.718823,0
20568,70.738046,0
20569,70.738689,0
20570,69.725298,0
20571,77.910431,0
20572,70.386751,0
20573,69.724275,0
20574,70.738583,0
20575,69.719602,0
20576,69.720184,0
20577,71.059633,0
20578,69.718543,0
20579,69.718723,0
20580,69.721235,0
20581,69.721287,0
20582,95.046817,0
20583,69.464983,0
20584,69.461245,0
20585,69.466167,0
20586,93.668311,0
20587,93.668159,0
20588,70.382732,0
20589,69.718545,0
20590,93.669090,0
20591,93.669090,0
20592,93.670185,0
20593,69.718512,0
20594,69.717768,0
20595,69.717548,0
20596,69.719853,0
20597,94.303542,0
20598,69.463061,0
20599,69.464566,0
20600,71.060606,0
20601,70.246085,0
20602,69.257029,0
20603,69.463580,0
20604,93.668923,0
20605,93.235201,0
20606,69.463096,0
20607,69.720010,0
20608,93.427504,0
20609,70.027563,0
20610,70.419628,0
20611,69.100577,0
20612,69.726623,0
20613,70.388153,0
20614,93.959847,0
20615,70.383115,0
20616,69.719329,0
20617,69.719489,0
20618,78.718101,0
20619,69.464788,0
20620,69.463459,0
20621,69.719826,0
20622,69.462271,0
20623,69.718481,0
20624,70.027129,0
20625,69.463936,0
20626,70.383020,0
20627,71.151233,0
20628,69.462022,0
20629,69.461649,0
20630,93.427023,0
20631,93.427023,0
20632,93.427023,0
20633,69.256238,0
20634,69.721237,0
20635,69.721237,0
20636,69.256160,0
20637,69.462263,0
20638,93.235781,0
20639,93.235900,0
20640,69.718904,0
20641,69.718904,0
20642,69.718975,0
20643,69.718569,0
20644,93.669709,0
20645,69.719189,0
20646,93.669621,0
20647,93.669621,0
20648,69.720026,0
20649,69.720026,0
20650,69.719617,0
20651,199.604287,0
20652,70.467807,0
20653,70.467807,0
20654,69.257194,0
20655,69.462922,0
20656,69.718453,0
20657,69.718488,0
20658,93.962777,0
20659,69.718135,0
20660,69.718913,0
20661,69.464285,0
20662,70.389557,0
20663,69.100230,0
20664,69.717222,0
20665,93.235771,0
20666,93.236017,0
20667,93.235768,0
20668,93.236050,0
20669,93.236114,0
20670,69.256908,0
20671,69.257378,0
20672,69.256760,0
20673,199.601533,0
20674,69.719603,0
20675,69.718828,0
20676,78.719010,0
20677,78.719010,0
20678,69.463548,0
20679,69.460388,0
20680,69.463284,0
20681,69.718173,0
20682,69.718378,0
20683,69.719354,0
20684,69.719174,0
20685,69.720350,0
20686,69.717754,0
20687,69.717754,0
20688,69.726876,0
20689,69.720010,0
20690,69.462222,0
20691,69.462222,0
20692,69.719714,0
20693,69.718054,0
20694,69.461363,0
20695,69.462035,0
20696,69.976492,0
20697,69.462500,0
20698,69.462015,0
20699,69.461726,0
20700,78.458540,0
20701,69.718698,0
20702,69.718436,0
20703,71.152773,0
20704,69.462146,0
20705,69.719625,0
20706,70.304225,0
20707,127.715399,0
20708,73.365520,0
20709,73.101309,0
20710,127.457779,0
20711,127.440413,0
20712,73.685073,0
20713,69.890211,0
20714,73.416055,0
20715,73.370958,0
20716,127.924935,0
20717,73.365435,0
20718,72.533021,0
20719,127.450091,0
20720,73.362755,0
20721,127.439722,0
20722,72.712913,0
20723,71.053247,0
20724,72.877650,0
20725,70.072441,0
20726,71.398467,0
20727,72.879343,0
20728,72.598037,0
20729,71.398688,0
20730,70.072997,0
20731,70.072045,0
20732,69.646750,0
20733,72.877735,0
20734,70.071887,0
20735,72.878845,0
20736,72.881226,0
20737,70.072289,0
20738,71.398054,0
20739,72.878317,0
20740,71.398247,0
20741,70.073376,0
20742,72.878050,0
20743,69.890203,0
20744,72.877553,0
20745,72.877553,0
20746,70.587637,0
20747,72.879019,0
20748,72.878230,0
20749,72.878230,0
20750,72.877491,0
20751,75.628009,0
20752,72.879906,0
20753,72.879535,0
20754,72.878262,0
20755,72.878262,0
20756,73.372626,0
20757,70.071854,0
20758,73.965962,0
20759,127.715523,0
20760,70.072701,0
20761,71.397946,0
20762,71.228411,0
20763,70.072497,0
20764,70.072320,0
20765,73.361900,0
20766,71.225657,0
20767,70.072579,0
20768,73.095050,0
20769,70.071558,0
20770,70.072315,0
20771,72.877994,0
20772,72.878746,0
20773,72.877895,0
20774,72.879951,0
20775,72.597840,0
20776,70.071388,0
20777,70.072419,0
20778,71.889149,0
20779,71.223222,0
20780,71.223784,0
20781,71.223493,0
20782,69.889105,0
20783,70.072299,0
20784,73.362887,0
20785,71.618474,0
20786,72.877468,0
20787,72.712934,0
20788,70.072395,0
20789,70.305433,0
20790,69.759756,0
20791,69.758262,0
20792,72.878302,0
20793,72.597181,0
20794,69.758175,0
20795,72.597852,0
20796,70.071780,0
20797,70.072025,0
20798,70.071678,0
20799,73.093385,0
20800,71.398363,0
20801,73.360829,0
20802,70.071720,0
20803,127.920024,0
20804,70.072237,0
20805,70.072237,0
20806,72.713238,0
20807,70.072601,0
20808,69.759568,0
20809,69.759568,0
20810,72.597625,0
20811,72.878294,0
20812,72.597425,0
20813,72.877961,0
20814,72.878846,0
20815,70.586604,0
20816,128.180204,0
20817,73.093922,0
20818,75.367270,0
20819,127.455416,0
20820,73.093594,0
20821,70.922010,0
20822,73.363894,0
20823,71.266539,0
20824,72.878506,0
20825,72.715052,0
20826,73.093306,0
20827,73.363138,0
20828,73.678915,0
20829,72.712630,0
20830,73.360394,0
20831,72.877927,0
20832,72.877697,0
20833,72.878475,0
20834,71.450203,0
20835,72.879109,0
20836,72.206862,0
20837,72.206855,0
20838,73.094435,0
20839,128.176972,0
20840,71.451185,0
20841,73.360934,0
20842,73.362445,0
20843,73.368256,0
20844,71.134550,0
20845,72.717342,0
20846,72.712359,0
20847,69.894543,0
20848,72.533840,0
20849,72.878011,0
20850,70.071683,0
20851,72.877548,0
20852,72.712616,0
20853,71.229062,0
20854,70.072596,0
20855,70.071796,0
20856,72.597291,0
20857,72.597875,0
20858,70.072803,0
20859,72.597378,0
20860,72.597909,0
20861,72.878050,0
20862,72.877668,0
20863,69.758413,0
20864,127.715694,0
20865,71.228599,0
20866,72.712178,0
20867,70.072103,0
20868,72.877563,0
20869,71.397821,0
20870,71.397858,0
20871,72.878302,0
20872,70.071807,0
20873,70.071938,0
20874,70.071938,0
20875,70.071938,0
20876,72.878877,0
20877,72.878324,0
20878,69.890516,0
20879,72.877508,0
20880,72.878311,0
20881,72.532732,0
20882,69.759127,0
20883,72.712398,0
20884,69.889575,0
20885,72.712298,0
20886,72.712359,0
20887,70.071600,0
20888,72.877733,0
20889,70.073119,0
20890,72.877531,0
20891,70.071922,0
20892,70.072601,0
20893,70.304719,0
20894,73.093873,0
20895,72.533041,0
20896,72.877524,0
20897,69.758233,0
20898,72.877987,0
20899,72.877750,0
20900,72.878921,0
20901,72.877735,0
20902,72.877760,0
20903,72.878038,0
20904,72.877583,0
20905,72.554904,0
20906,72.877983,0
20907,72.878169,0
20908,72.713021,0
20909,72.712454,0
20910,69.890239,0
20911,69.890239,0
20912,70.071986,0
20913,72.712265,0
20914,72.877858,0
20915,72.877858,0
20916,72.712454,0
20917,69.890692,0
20918,73.826443,0
20919,72.879955,0
20920,83.468715,0
20921,91.465796,0
20922,83.443048,0
20923,83.454316,0
20924,83.477797,0
20925,83.423151,0
20926,84.015379,0
20927,83.440265,0
20928,83.524912,0
20929,83.664349,0
20930,83.658101,0
20931,83.437069,0
20932,83.446250,0
20933,86.298915,0
20934,83.446069,0
20935,83.446069,0
20936,85.061027,0
20937,85.061027,0
20938,83.454691,0
20939,83.454691,0
20940,85.500839,0
20941,86.521463,0
20942,90.095298,0
20943,83.967288,0
20944,83.475344,0
20945,83.637033,0
20946,83.638753,0
20947,83.535532,0
20948,119.266467,0
20949,151.491784,0
20950,119.314769,0
20951,119.302089,0
20952,119.106070,0
20953,455.504392,0
20954,568.996059,0
20955,648.857846,0
20956,401.077940,0
20957,455.459613,0
20958,455.459613,0
20959,752.998781,0
20960,752.807194,0
20961,817.026329,0
20962,1643.834310,1
20963,1722.464695,1
20964,289.614557,0
20965,289.649673,0
20966,289.775119,0
20967,289.774747,0
20968,282.846429,0
20969,289.636086,0
20970,289.653411,0
20971,289.768872,0
20972,289.322952,0
20973,289.604557,0
20974,3371.503632,1
20975,440.814667,0
20976,3371.464479,1
20977,2167.205010,1
20978,2183.363457,1
20979,1382.989399,1
20980,2335.508518,1
20981,522.888547,0
20982,165.657267,0
20983,166.458416,0
20984,166.458416,0
20985,166.424793,0
20986,166.396265,0
20987,174.424172,0
20988,167.524283,0
20989,166.946756,0
20990,165.314593,0
20991,174.422890,0
20992,166.399701,0
20993,165.313669,0
20994,166.730229,0
20995,166.733641,0
20996,189.354389,0
20997,167.210596,0
20998,222.729105,0
20999,166.800836,0
21000,165.842786,0
21001,166.914930,0
21002,166.232269,0
21003,166.231833,0
21004,167.798782,0
21005,167.727668,0
21006,167.791749,0
21007,167.791749,0
21008,168.136577,0
21009,166.741761,0
21010,167.796778,0
21011,186.833282,0
21012,168.141709,0
21013,168.277753,0
21014,168.181047,0
21015,166.739671,0
21016,168.667749,0
21017,166.230799,0
21018,165.836288,0
21019,169.780968,0
21020,166.231365,0
21021,222.731039,0
21022,222.731053,0
21023,223.710558,0
21024,223.714424,0
21025,165.639410,0
21026,165.835771,0
21027,223.709210,0
21028,223.709210,0
21029,222.737595,0
21030,166.801339,0
21031,166.913032,0
21032,166.008323,0
21033,167.797954,0
21034,167.798634,0
21035,169.170013,0
21036,167.284764,0
21037,167.290325,0
21038,166.801897,0
21039,167.286239,0
21040,167.283026,0
21041,167.286916,0
21042,166.914408,0
21043,166.802491,0
21044,222.729924,0
21045,167.074761,0
21046,166.231517,0
21047,166.230925,0
21048,168.306047,0
21049,167.284699,0
21050,166.912562,0
21051,167.003256,0
21052,168.147748,0
21053,166.771304,0
21054,166.912480,0
21055,166.912000,0
21056,167.435910,0
21057,166.006959,0
21058,167.553600,0
21059,167.284472,0
21060,167.291090,0
21061,223.707670,0
21062,165.714392,0
21063,165.710517,0
21064,165.710553,0
21065,165.639035,0
21066,165.711945,0
21067,166.806338,0
21068,222.728365,0
21069,168.198966,0
21070,167.286061,0
21071,165.834986,0
21072,167.290710,0
21073,167.291082,0
21074,166.804611,0
21075,165.712294,0
21076,167.077507,0
21077,168.197639,0
21078,182.067229,0
21079,174.840673,0
21080,174.895213,0
21081,174.895213,0
21082,174.846214,0
21083,175.086703,0
21084,175.084720,0
21085,175.090323,0
21086,175.092595,0
21087,174.848934,0
21088,174.847380,0
21089,174.786031,0
21090,174.786267,0
21091,174.786267,0
21092,175.087887,0
21093,174.845726,0
21094,174.845726,0
21095,174.769777,0
21096,208.626937,0
21097,208.607192,0
21098,208.566423,0
21099,208.567180,0
21100,208.567469,0
21101,208.548926,0
21102,232.168532,0
21103,208.886787,0
21104,208.884365,0
21105,208.885335,0
21106,208.885335,0
21107,208.885335,0
21108,208.890393,0
21109,232.512009,0
21110,232.512009,0
21111,232.511246,0
21112,232.511211,0
21113,232.512009,0
21114,232.512009,0
21115,232.509986,0
21116,232.509986,0
21117,232.228355,0
21118,232.518211,0
21119,232.510876,0
21120,232.518149,0
21121,232.518285,0
21122,232.521649,0
21123,232.518166,0
21124,232.518166,0
21125,226.106918,0
21126,226.126354,0
21127,226.105201,0
21128,232.518149,0
21129,232.518639,0
21130,232.518073,0
21131,232.517973,0
21132,208.885335,0
21133,208.885335,0
21134,208.886626,0
21135,232.518149,0
21136,232.518149,0
21137,226.071327,0
21138,232.513630,0
21139,208.887722,0
21140,232.519624,0
21141,232.518211,0
21142,232.518149,0
21143,232.535020,0
21144,232.512810,0
21145,232.187034,0
21146,232.510094,0
21147,232.520324,0
21148,232.519340,0
21149,232.552997,0
21150,208.924498,0
21151,232.559052,0
21152,232.550983,0
21153,491.847971,0
21154,546.294556,0
21155,491.915071,0
21156,659.937524,0
21157,659.821587,0
21158,659.913677,0
21159,382.664794,0
21160,382.667857,0
21161,2520.893487,1
21162,829.952942,0
21163,847.750310,0
21164,954.631871,0
21165,5254.740591,1
21166,1320.374352,1
21167,954.426804,0
21168,954.427420,0
21169,951.188627,0
21170,950.266014,0
21171,975.308416,0
21172,955.626598,0
21173,952.551493,0
21174,952.775346,0
21175,955.044090,0
21176,955.044216,0
21177,954.556535,0
21178,954.790233,0
21179,952.019400,0
21180,951.742628,0
21181,952.263169,0
21182,951.616018,0
21183,965.785907,0
21184,967.562390,0
21185,961.312068,0
21186,961.278703,0
21187,961.279226,0
21188,1012.684507,0
21189,1091.699838,1
21190,1260.674444,1
21191,4197.278256,1
21192,4197.278256,1
21193,4197.278256,1
21194,4197.260866,1
21195,1320.168973,1
21196,1162.125858,1
21197,115.117111,0
21198,115.299588,0
21199,107.122565,0
21200,115.101648,0
21201,115.117259,0
21202,115.183197,0
21203,115.230765,0
21204,107.122941,0
21205,115.101726,0
21206,115.101618,0
21207,115.101617,0
21208,115.543323,0
21209,115.543323,0
21210,115.117203,0
21211,115.117203,0
21212,115.543128,0
21213,106.429854,0
21214,115.136840,0
21215,115.542934,0
21216,115.543215,0
21217,115.101652,0
21218,115.117055,0
21219,115.357372,0
21220,106.214738,0
21221,115.117380,0
21222,115.117141,0
21223,115.779581,0
21224,115.101690,0
21225,115.136488,0
21226,115.117139,0
21227,107.731256,0
21228,115.101953,0
21229,115.101953,0
21230,115.183025,0
21231,115.543604,0
21232,115.543604,0
21233,115.357261,0
21234,115.357016,0
21235,115.357082,0
21236,107.118944,0
21237,107.180771,0
21238,107.180771,0
21239,107.181147,0
21240,107.181147,0
21241,106.409106,0
21242,107.075787,0
21243,115.117211,0
21244,115.117079,0
21245,115.543125,0
21246,106.609415,0
21247,107.119779,0
21248,115.101642,0
21249,107.074161,0
21250,115.546333,0
21251,106.846425,0
21252,115.544654,0
21253,115.357194,0
21254,115.183022,0
21255,115.117091,0
21256,107.148269,0
21257,107.148176,0
21258,107.147437,0
21259,106.193903,0
21260,115.103429,0
21261,106.841258,0
21262,106.840639,0
21263,107.120084,0
21264,106.840259,0
21265,106.610046,0
21266,115.136547,0
21267,106.838581,0
21268,106.429474,0
21269,106.429769,0
21270,106.300461,0
21271,109.964017,0
21272,109.964017,0
21273,115.136530,0
21274,109.204924,0
21275,236.884095,0
21276,107.336304,0
21277,115.183120,0
21278,115.183185,0
21279,107.337352,0
21280,115.137722,0
21281,108.027421,0
21282,107.137322,0
21283,115.117060,0
21284,115.117100,0
21285,115.117196,0
21286,106.613869,0
21287,109.092379,0
21288,109.750247,0
21289,115.117084,0
21290,115.119262,0
21291,115.136588,0
21292,115.136588,0
21293,106.286371,0
21294,106.408905,0
21295,106.408905,0
21296,106.408905,0
21297,107.071376,0
21298,115.465702,0
21299,107.073932,0
21300,115.104934,0
21301,115.104934,0
21302,106.286677,0
21303,115.101624,0
21304,115.101624,0
21305,115.117100,0
21306,107.073409,0
21307,107.016281,0
21308,115.117159,0
21309,115.183069,0
21310,115.101965,0
21311,115.101965,0
21312,113.780584,0
21313,107.009201,0
21314,108.975285,0
21315,110.069217,0
21316,115.117622,0
21317,115.117622,0
21318,107.180308,0
21319,107.180367,0
21320,115.221740,0
21321,109.313089,0
21322,106.839647,0
21323,115.136516,0
21324,115.117142,0
21325,115.117142,0
21326,115.103212,0
21327,115.117163,0
21328,115.120282,0
21329,115.779863,0
21330,109.916657,0
21331,110.358443,0
21332,110.358443,0
21333,110.167974,0
21334,110.030917,0
21335,110.030881,0
21336,109.816839,0
21337,107.172902,0
21338,107.172902,0
21339,107.371913,0
21340,107.371346,0
21341,111.324560,0
21342,113.195632,0
21343,109.975313,0
21344,109.975313,0
21345,109.975371,0
21346,107.028254,0
21347,109.940987,0
21348,107.208505,0
21349,107.208505,0
21350,107.177378,0
21351,110.088033,0
21352,109.976424,0
21353,110.168438,0
21354,109.941030,0
21355,109.913514,0
21356,110.088109,0
21357,110.358188,0
21358,109.975486,0
21359,107.177159,0
21360,109.827229,0
21361,108.923118,0
21362,109.978033,0
21363,109.978033,0
21364,110.167793,0
21365,110.167793,0
21366,109.717264,0
21367,109.975127,0
21368,110.887749,0
21369,110.638606,0
21370,107.207544,0
21371,109.976703,0
21372,110.168181,0
21373,110.168835,0
21374,110.168181,0
21375,110.168181,0
21376,110.029227,0
21377,110.167797,0
21378,107.208490,0
21379,110.028681,0
21380,110.028736,0
21381,110.028736,0
21382,109.977012,0
21383,110.357282,0
21384,110.357485,0
21385,110.078769,0
21386,109.902451,0
21387,111.015287,0
21388,109.914479,0
21389,107.615624,0
21390,107.026985,0
21391,111.960294,0
21392,111.021320,0
21393,110.358532,0
21394,110.169027,0
21395,110.172066,0
21396,110.168913,0
21397,107.035957,0
21398,110.388873,0
21399,110.039536,0
21400,109.977822,0
21401,110.147377,0
21402,110.893914,0
21403,107.172453,0
21404,107.172922,0
21405,107.173511,0
21406,107.618363,0
21407,107.178124,0
21408,112.254710,0
21409,107.208258,0
21410,110.467962,0
21411,109.015541,0
21412,108.258518,0
21413,112.136266,0
21414,107.179072,0
21415,107.179072,0
21416,107.178191,0
21417,107.176185,0
21418,109.901332,0
21419,107.368444,0
21420,107.620415,0
21421,106.935559,0
21422,107.178524,0
21423,107.178524,0
21424,107.175676,0
21425,107.174331,0
21426,107.370080,0
21427,107.370842,0
21428,109.975624,0
21429,110.167795,0
21430,110.391587,0
21431,107.172883,0
21432,109.721640,0
21433,109.721640,0
21434,109.721640,0
21435,107.173260,0
21436,107.176091,0
21437,107.170994,0
21438,107.618231,0
21439,107.621184,0
21440,110.028794,0
21441,107.172420,0
21442,111.010321,0
21443,108.839871,0
21444,107.173684,0
21445,107.173684,0
21446,109.109893,0
21447,109.109893,0
21448,110.089022,0
21449,110.088068,0
21450,110.087950,0
21451,110.252886,0
21452,107.176364,0
21453,107.176364,0
21454,112.654442,0
21455,107.173257,0
21456,106.930752,0
21457,106.930752,0
21458,110.028803,0
21459,108.832865,0
21460,110.028817,0
21461,111.010497,0
21462,107.029187,0
21463,106.932739,0
21464,106.936984,0
21465,110.087853,0
21466,109.976507,0
21467,109.975311,0
21468,109.976780,0
21469,109.976233,0
21470,107.173155,0
21471,109.975200,0
21472,109.975321,0
21473,123.984159,0
21474,123.994592,0
21475,122.521718,0
21476,122.521391,0
21477,124.755935,0
21478,126.032490,0
21479,123.335430,0
21480,123.617758,0
21481,123.002864,0
21482,321.390703,0
21483,328.292225,0
21484,328.183261,0
21485,328.702963,0
21486,67.497402,0
21487,66.594460,0
21488,67.450488,0
21489,68.466190,0
21490,68.466190,0
21491,67.499482,0
21492,68.171626,0
21493,68.171609,0
21494,68.171609,0
21495,68.171937,0
21496,68.171937,0
21497,67.926598,0
21498,67.926598,0
21499,67.926598,0
21500,67.219136,0
21501,67.217300,0
21502,67.217300,0
21503,67.217300,0
21504,66.987304,0
21505,66.988098,0
21506,76.518744,0
21507,67.827922,0
21508,67.828586,0
21509,67.827922,0
21510,67.827922,0
21511,67.827922,0
21512,67.218294,0
21513,66.593885,0
21514,66.988449,0
21515,66.987530,0
21516,67.497945,0
21517,67.499658,0
21518,67.497864,0
21519,66.987684,0
21520,66.987738,0
21521,66.987738,0
21522,67.498139,0
21523,67.498139,0
21524,66.601335,0
21525,67.450064,0
21526,67.500304,0
21527,66.989359,0
21528,67.498626,0
21529,66.808940,0
21530,67.218438,0
21531,67.498230,0
21532,67.498822,0
21533,66.989309,0
21534,66.989257,0
21535,75.995620,0
21536,66.988498,0
21537,66.988703,0
21538,66.988159,0
21539,66.987940,0
21540,67.497319,0
21541,67.497319,0
21542,67.500913,0
21543,67.497569,0
21544,67.217197,0
21545,67.217534,0
21546,68.172411,0
21547,67.927077,0
21548,66.988202,0
21549,67.449920,0
21550,66.989257,0
21551,66.988879,0
21552,66.988879,0
21553,66.990348,0
21554,67.218561,0
21555,67.731830,0
21556,197.199540,0
21557,67.926370,0
21558,67.926370,0
21559,67.926290,0
21560,67.926370,0
21561,67.217487,0
21562,67.217487,0
21563,67.217487,0
21564,67.217487,0
21565,67.217754,0
21566,67.217264,0
21567,67.217300,0
21568,67.827843,0
21569,67.827843,0
21570,76.855276,0
21571,69.020998,0
21572,67.827782,0
21573,67.456522,0
21574,67.498455,0
21575,67.501449,0
21576,67.501449,0
21577,67.497719,0
21578,67.218849,0
21579,67.589152,0
21580,67.513576,0
21581,67.513576,0
21582,67.217384,0
21583,155.699222,0
21584,67.217300,0
21585,67.220456,0
21586,67.497207,0
21587,68.862121,0
21588,67.219205,0
21589,67.219205,0
21590,91.660788,0
21591,67.498379,0
21592,68.466190,0
21593,68.170775,0
21594,67.500495,0
21595,67.497230,0
21596,67.497390,0
21597,67.497390,0
21598,66.988463,0
21599,155.586356,0
21600,67.515373,0
21601,67.233073,0
21602,67.223138,0
21603,66.990382,0
21604,67.497738,0
21605,66.666739,0
21606,66.679266,0
21607,155.605605,0
21608,155.605605,0
21609,67.492987,0
21610,155.618826,0
21611,66.997743,0
21612,155.586388,0
21613,67.218231,0
21614,66.573537,0
21615,155.618206,0
21616,67.217430,0
21617,67.217430,0
21618,67.220154,0
21619,197.198719,0
21620,67.217602,0
21621,67.217141,0
21622,67.217501,0
21623,66.989275,0
21624,66.987814,0
21625,66.987872,0
21626,67.497812,0
21627,67.497245,0
21628,67.497482,0
21629,67.497323,0
21630,67.497323,0
21631,67.497169,0
21632,67.497137,0
21633,67.497499,0
21634,67.498163,0
21635,67.217519,0
21636,67.217863,0
21637,155.586411,0
21638,76.234664,0
21639,66.666613,0
21640,67.497683,0
21641,67.497599,0
21642,90.988639,0
21643,67.458553,0
21644,66.987789,0
21645,66.987789,0
21646,67.497562,0
21647,67.498877,0
21648,67.499575,0
21649,67.450509,0
21650,67.450509,0
21651,67.450509,0
21652,67.219249,0
21653,66.572689,0
21654,67.450954,0
21655,67.219095,0
21656,67.219095,0
21657,67.500266,0
21658,67.497764,0
21659,67.497764,0
21660,66.808967,0
21661,90.940932,0
21662,67.219625,0
21663,67.498554,0
21664,67.499565,0
21665,67.497402,0
21666,67.497402,0
21667,67.497402,0
21668,67.217566,0
21669,67.217539,0
21670,67.217300,0
21671,67.217300,0
21672,67.217300,0
21673,67.217300,0
21674,66.574692,0
21675,67.217895,0
21676,67.217895,0
21677,67.217655,0
21678,67.217300,0
21679,67.498442,0
21680,67.498442,0
21681,66.572243,0
21682,91.654804,0
21683,91.654955,0
21684,91.654672,0
21685,91.654663,0
21686,91.654663,0
21687,67.219260,0
21688,91.174008,0
21689,91.174008,0
21690,91.174008,0
21691,91.174008,0
21692,91.174008,0
21693,91.174008,0
21694,91.389401,0
21695,91.389401,0
21696,91.389401,0
21697,91.389337,0
21698,91.389337,0
21699,91.970878,0
21700,91.970696,0
21701,66.987864,0
21702,66.987864,0
21703,66.988274,0
21704,66.988274,0
21705,66.988274,0
21706,76.232545,0
21707,76.232545,0
21708,75.920554,0
21709,77.246436,0
21710,77.244842,0
21711,77.244842,0
21712,75.674968,0
21713,66.998756,0
21714,67.497404,0
21715,67.497402,0
21716,67.497323,0
21717,66.790311,0
21718,66.790311,0
21719,75.555194,0
21720,66.990250,0
21721,75.571324,0
21722,75.591371,0
21723,67.497897,0
21724,67.497158,0
21725,75.996674,0
21726,75.996674,0
21727,75.556125,0
21728,75.636776,0
21729,75.636703,0
21730,67.217951,0
21731,66.808833,0
21732,66.809551,0
21733,66.808635,0
21734,66.679608,0
21735,66.809332,0
21736,69.367312,0
21737,70.189683,0
21738,75.995912,0
21739,66.990060,0
21740,75.589649,0
21741,66.988285,0
21742,66.988034,0
21743,66.988034,0
21744,66.988552,0
21745,67.218593,0
21746,67.218593,0
21747,67.218318,0
21748,67.218317,0
21749,67.221186,0
21750,67.219148,0
21751,67.494393,0
21752,67.494393,0
21753,67.732089,0
21754,67.218330,0
21755,67.218317,0
21756,67.218317,0
21757,67.218317,0
21758,67.732529,0
21759,67.451061,0
21760,75.995373,0
21761,75.571227,0
21762,67.501416,0
21763,66.816984,0
21764,75.810062,0
21765,66.988202,0
21766,67.493948,0
21767,67.493948,0
21768,66.988312,0
21769,67.449875,0
21770,67.449327,0
21771,66.989689,0
21772,66.988273,0
21773,66.988273,0
21774,66.988171,0
21775,66.988197,0
21776,66.988197,0
21777,91.657183,0
21778,76.518235,0
21779,76.518235,0
21780,76.518131,0
21781,76.518131,0
21782,76.518131,0
21783,76.518180,0
21784,76.518914,0
21785,67.493592,0
21786,76.518250,0
21787,66.989049,0
21788,66.989049,0
21789,67.220536,0
21790,76.231588,0
21791,67.589969,0
21792,67.587431,0
21793,67.587099,0
21794,155.617724,0
21795,198.537555,0
21796,69.696353,0
21797,66.989619,0
21798,75.555735,0
21799,66.810736,0
21800,66.810736,0
21801,66.990377,0
21802,76.233191,0
21803,73.356693,0
21804,73.026868,0
21805,73.026868,0
21806,73.470173,0
21807,73.470173,0
21808,70.127524,0
21809,73.280652,0
21810,74.724349,0
21811,75.820552,0
21812,73.141438,0
21813,70.221777,0
21814,70.221607,0
21815,70.221057,0
21816,73.588422,0
21817,70.221672,0
21818,70.522299,0
21819,73.280569,0
21820,73.709409,0
21821,73.709409,0
21822,73.470062,0
21823,70.089759,0
21824,70.081468,0
21825,70.368271,0
21826,73.053961,0
21827,73.143204,0
21828,73.142758,0
21829,73.017102,0
21830,73.142113,0
21831,73.142113,0
21832,73.142760,0
21833,70.125622,0
21834,73.280637,0
21835,73.280652,0
21836,73.280288,0
21837,73.280718,0
21838,70.084300,0
21839,73.280524,0
21840,73.469542,0
21841,73.280335,0
21842,73.029228,0
21843,73.367095,0
21844,70.373433,0
21845,73.280309,0
21846,73.469915,0
21847,73.469915,0
21848,73.469725,0
21849,73.280839,0
21850,128.128032,0
21851,70.368388,0
21852,73.280891,0
21853,72.908057,0
21854,127.998450,0
21855,73.280340,0
21856,70.372261,0
21857,70.224017,0
21858,70.224017,0
21859,73.026934,0
21860,73.364687,0
21861,73.477092,0
21862,73.477092,0
21863,72.207862,0
21864,72.207862,0
21865,70.813144,0
21866,70.812119,0
21867,70.812119,0
21868,73.026625,0
21869,74.083548,0
21870,73.053288,0
21871,73.469363,0
21872,73.026655,0
21873,128.127935,0
21874,70.609320,0
21875,73.957733,0
21876,73.142040,0
21877,73.281921,0
21878,73.202560,0
21879,70.607443,0
21880,70.374299,0
21881,73.280723,0
21882,73.469795,0
21883,127.998302,0
21884,73.281404,0
21885,70.813908,0
21886,70.368513,0
21887,70.368670,0
21888,73.283206,0
21889,73.127118,0
21890,70.244646,0
21891,70.368255,0
21892,70.368255,0
21893,74.076409,0
21894,73.469907,0
21895,73.469907,0
21896,73.471534,0
21897,127.999429,0
21898,127.978329,0
21899,73.469369,0
21900,73.469369,0
21901,73.469369,0
21902,73.469369,0
21903,73.142028,0
21904,73.280803,0
21905,73.281239,0
21906,70.565180,0
21907,70.611999,0
21908,76.602542,0
21909,73.145535,0
21910,73.052836,0
21911,73.284877,0
21912,72.211773,0
21913,73.280099,0
21914,75.454012,0
21915,73.141594,0
21916,70.221879,0
21917,70.221879,0
21918,70.221879,0
21919,73.090763,0
21920,73.281071,0
21921,70.565433,0
21922,70.565433,0
21923,72.704261,0
21924,73.469295,0
21925,70.126691,0
21926,127.978741,0
21927,73.026717,0
21928,73.141363,0
21929,73.142032,0
21930,73.141420,0
21931,73.280310,0
21932,73.054296,0
21933,73.280121,0
21934,73.469582,0
21935,73.141493,0
21936,73.029099,0
21937,73.141781,0
21938,130.681978,0
21939,72.811146,0
21940,72.811146,0
21941,70.128542,0
21942,70.080906,0
21943,75.504496,0
21944,83.704905,0
21945,90.191968,0
21946,119.707847,0
21947,401.073361,0
21948,445.241280,0
21949,289.309639,0
21950,282.447566,0
21951,282.448864,0
21952,544.009891,0
21953,84.507476,0
21954,84.760496,0
21955,84.065587,0
21956,84.066056,0
21957,85.028021,0
21958,85.028190,0
21959,84.066097,0
21960,85.028190,0
21961,83.794344,0
21962,83.794332,0
21963,84.067030,0
21964,84.386310,0
21965,84.387558,0
21966,84.065152,0
21967,84.064567,0
21968,84.064567,0
21969,84.064105,0
21970,84.064105,0
21971,84.756117,0
21972,84.066405,0
21973,85.555497,0
21974,214.068057,0
21975,84.435391,0
21976,85.364108,0
21977,84.385728,0
21978,84.757542,0
21979,84.758104,0
21980,84.760064,0
21981,84.758088,0
21982,84.755564,0
21983,83.793549,0
21984,85.027894,0
21985,83.794748,0
21986,83.793090,0
21987,83.793090,0
21988,84.065337,0
21989,84.064428,0
21990,83.794046,0
21991,83.794351,0
21992,83.792673,0
21993,83.401313,0
21994,83.792698,0
21995,83.793565,0
21996,83.792670,0
21997,84.064113,0
21998,83.794410,0
21999,83.794626,0
22000,84.064857,0
22001,84.063846,0
22002,84.064612,0
22003,84.065026,0
22004,84.065745,0
22005,83.791931,0
22006,84.064412,0
22007,84.064412,0
22008,83.795346,0
22009,84.064355,0
22010,83.572148,0
22011,83.572102,0
22012,83.573268,0
22013,83.401549,0
22014,83.401269,0
22015,83.405255,0
22016,83.793421,0
22017,83.793421,0
22018,83.793448,0
22019,84.761351,0
22020,84.075858,0
22021,84.075858,0
22022,92.238409,0
22023,84.066070,0
22024,83.793341,0
22025,107.372972,0
22026,107.373410,0
22027,107.373410,0
22028,83.795846,0
22029,83.794449,0
22030,83.281867,0
22031,83.281867,0
22032,84.064430,0
22033,84.063816,0
22034,84.063816,0
22035,84.064607,0
22036,84.065109,0
22037,84.063559,0
22038,84.063559,0
22039,84.063600,0
22040,84.063459,0
22041,84.063819,0
22042,84.063819,0
22043,84.063471,0
22044,83.792473,0
22045,83.572534,0
22046,83.571447,0
22047,84.063957,0
22048,83.575551,0
22049,83.575551,0
22050,84.066639,0
22051,83.795249,0
22052,84.065983,0
22053,84.065854,0
22054,84.081900,0
22055,84.080602,0
22056,84.080610,0
22057,84.065166,0
22058,84.065814,0
22059,87.134099,0
22060,84.148346,0
22061,84.184802,0
22062,84.184802,0
22063,84.065299,0
22064,84.063890,0
22065,84.507024,0
22066,83.571478,0
22067,83.572098,0
22068,83.572860,0
22069,83.572860,0
22070,87.013072,0
22071,84.185384,0
22072,84.064738,0
22073,83.573124,0
22074,92.238291,0
22075,83.796435,0
22076,83.793409,0
22077,83.795075,0
22078,83.795872,0
22079,84.099920,0
22080,84.184642,0
22081,84.741802,0
22082,84.741802,0
22083,84.741802,0
22084,84.506438,0
22085,84.185384,0
22086,83.572482,0
22087,83.792722,0
22088,83.793286,0
22089,83.793340,0
22090,83.793340,0
22091,83.793340,0
22092,83.573420,0
22093,84.147090,0
22094,84.147090,0
22095,84.146692,0
22096,84.756753,0
22097,84.756753,0
22098,84.064596,0
22099,93.371899,0
22100,83.793396,0
22101,83.797164,0
22102,84.387829,0
22103,84.064079,0
22104,85.975266,0
22105,92.139219,0
22106,92.139219,0
22107,83.793200,0
22108,83.793293,0
22109,83.793293,0
22110,85.768330,0
22111,83.793900,0
22112,84.386881,0
22113,83.793338,0
22114,92.240256,0
22115,92.240272,0
22116,84.184917,0
22117,84.184917,0
22118,92.240345,0
22119,83.794156,0
22120,83.794156,0
22121,83.794156,0
22122,107.634755,0
22123,84.066973,0
22124,83.793501,0
22125,83.793396,0
22126,83.793396,0
22127,83.793396,0
22128,83.793863,0
22129,83.793091,0
22130,83.793657,0
22131,84.184926,0
22132,84.184926,0
22133,92.139340,0
22134,84.065534,0
22135,87.828117,0
22136,85.845970,0
22137,88.085707,0
22138,90.446380,0
22139,85.498147,0
22140,85.497913,0
22141,85.497913,0
22142,106.327830,0
22143,85.997515,0
22144,86.336717,0
22145,84.786515,0
22146,84.786515,0
22147,87.828123,0
22148,87.830087,0
22149,88.058674,0
22150,88.061279,0
22151,88.332678,0
22152,88.338328,0
22153,88.587275,0
22154,85.200279,0
22155,88.456665,0
22156,87.828253,0
22157,84.953403,0
22158,84.756701,0
22159,88.059942,0
22160,85.497023,0
22161,89.669769,0
22162,85.497463,0
22163,106.850120,0
22164,90.179242,0
22165,88.208426,0
22166,143.980963,0
22167,87.082361,0
22168,91.875449,0
22169,86.976082,0
22170,88.339388,0
22171,84.633460,0
22172,84.633460,0
22173,84.633460,0
22174,86.877319,0
22175,89.798815,0
22176,88.470421,0
22177,86.159809,0
22178,142.714499,0
22179,88.339855,0
22180,88.973268,0
22181,88.973140,0
22182,87.650621,0
22183,88.333842,0
22184,84.756697,0
22185,87.648314,0
22186,87.827907,0
22187,86.160278,0
22188,86.160210,0
22189,86.271493,0
22190,87.649012,0
22191,87.518778,0
22192,87.827872,0
22193,87.828656,0
22194,88.329730,0
22195,88.329730,0
22196,142.375607,0
22197,87.828837,0
22198,88.331610,0
22199,86.585196,0
22200,87.648290,0
22201,86.856938,0
22202,86.856938,0
22203,88.583828,0
22204,84.525126,0
22205,84.952030,0
22206,90.870816,0
22207,87.735144,0
22208,87.827954,0
22209,87.828613,0
22210,85.933526,0
22211,85.933526,0
22212,85.933526,0
22213,146.148666,0
22214,90.635116,0
22215,87.518292,0
22216,87.828195,0
22217,87.828195,0
22218,87.828496,0
22219,88.584467,0
22220,88.579212,0
22221,84.954289,0
22222,86.335638,0
22223,86.335586,0
22224,86.335586,0
22225,87.829053,0
22226,87.829636,0
22227,87.828465,0
22228,87.828465,0
22229,84.954766,0
22230,84.952815,0
22231,89.397562,0
22232,88.059246,0
22233,87.283858,0
22234,87.520131,0
22235,86.017181,0
22236,86.017181,0
22237,86.017181,0
22238,86.017181,0
22239,86.017181,0
22240,86.017181,0
22241,84.610175,0
22242,88.084520,0
22243,88.084520,0
22244,88.210564,0
22245,89.796970,0
22246,86.016329,0
22247,86.017181,0
22248,85.250208,0
22249,87.517945,0
22250,87.519486,0
22251,87.518361,0
22252,84.786684,0
22253,87.828030,0
22254,84.586355,0
22255,87.518284,0
22256,87.518830,0
22257,84.631039,0
22258,84.609199,0
22259,84.631272,0
22260,87.648313,0
22261,87.648713,0
22262,87.648402,0
22263,90.314892,0
22264,87.648429,0
22265,87.648297,0
22266,87.430632,0
22267,87.502652,0
22268,87.502535,0
22269,87.519520,0
22270,87.518415,0
22271,87.518369,0
22272,87.518444,0
22273,87.411129,0
22274,87.518505,0
22275,87.518084,0
22276,87.828418,0
22277,87.828204,0
22278,88.459520,0
22279,84.954286,0
22280,88.853354,0
22281,88.459643,0
22282,90.312036,0
22283,84.951910,0
22284,87.652607,0
22285,84.991797,0
22286,87.505069,0
22287,87.505069,0
22288,87.505069,0
22289,87.828389,0
22290,88.341095,0
22291,88.058210,0
22292,88.058274,0
22293,88.326818,0
22294,84.526894,0
22295,87.518250,0
22296,88.085171,0
22297,88.085171,0
22298,87.648002,0
22299,87.647859,0
22300,87.851757,0
22301,87.647917,0
22302,87.410652,0
22303,87.283955,0
22304,98.996570,0
22305,99.027914,0
22306,99.027914,0
22307,105.431435,0
22308,99.025895,0
22309,99.656219,0
22310,105.271692,0
22311,99.011899,0
22312,99.013266,0
22313,98.997293,0
22314,99.020306,0
22315,99.023281,0
22316,99.060143,0
22317,99.001493,0
22318,400.705648,0
22319,664.631862,0
22320,471.276732,0
22321,416.682914,0
22322,1068.610485,1
22323,304.847150,0
22324,298.974895,0
22325,304.873409,0
22326,2345.660162,1
22327,81.299060,0
22328,81.693946,0
22329,81.693946,0
22330,81.965898,0
22331,81.969523,0
22332,81.967756,0
22333,81.967501,0
22334,81.967901,0
22335,81.471882,0
22336,81.471512,0
22337,81.471512,0
22338,81.967145,0
22339,81.968905,0
22340,81.967523,0
22341,81.965452,0
22342,81.471127,0
22343,81.693982,0
22344,81.470877,0
22345,81.470877,0
22346,90.053622,0
22347,81.968878,0
22348,81.695053,0
22349,81.693179,0
22350,81.693114,0
22351,81.693062,0
22352,81.473725,0
22353,81.967509,0
22354,81.469575,0
22355,81.470931,0
22356,81.473792,0
22357,81.470705,0
22358,81.967392,0
22359,81.966829,0
22360,81.967228,0
22361,81.967696,0
22362,81.968573,0
22363,81.968573,0
22364,90.053055,0
22365,81.694733,0
22366,81.110883,0
22367,81.693859,0
22368,81.696333,0
22369,90.943530,0
22370,81.176007,0
22371,81.470986,0
22372,81.470715,0
22373,81.693260,0
22374,81.693260,0
22375,81.983842,0
22376,81.694027,0
22377,81.694027,0
22378,81.469553,0
22379,81.470273,0
22380,81.470273,0
22381,81.693237,0
22382,81.693237,0
22383,170.485419,0
22384,81.693094,0
22385,90.974527,0
22386,81.298243,0
22387,81.694144,0
22388,81.471117,0
22389,81.693301,0
22390,81.298280,0
22391,81.472233,0
22392,81.298280,0
22393,81.470795,0
22394,81.470216,0
22395,81.470807,0
22396,82.419780,0
22397,81.967501,0
22398,81.189146,0
22399,82.048979,0
22400,81.967519,0
22401,81.966135,0
22402,106.059824,0
22403,81.966674,0
22404,81.694690,0
22405,81.695527,0
22406,81.695527,0
22407,81.694922,0
22408,81.470858,0
22409,81.965747,0
22410,81.965747,0
22411,105.594499,0
22412,105.594499,0
22413,81.693751,0
22414,81.693751,0
22415,81.693531,0
22416,81.966788,0
22417,81.470346,0
22418,81.693322,0
22419,81.693004,0
22420,81.692657,0
22421,81.695528,0
22422,81.692248,0
22423,81.471669,0
22424,81.471221,0
22425,81.469708,0
22426,81.175592,0
22427,81.693181,0
22428,81.694349,0
22429,81.174993,0
22430,81.692531,0
22431,81.692531,0
22432,81.966108,0
22433,81.693892,0
22434,83.088190,0
22435,81.969235,0
22436,81.693136,0
22437,81.693601,0
22438,81.694128,0
22439,81.694128,0
22440,81.695362,0
22441,82.418118,0
22442,81.472302,0
22443,81.470858,0
22444,81.694145,0
22445,81.694286,0
22446,81.695232,0
22447,81.695232,0
22448,81.968679,0
22449,81.967098,0
22450,81.299906,0
22451,81.693810,0
22452,170.711414,0
22453,81.693128,0
22454,170.487985,0
22455,170.485800,0
22456,170.486569,0
22457,81.470766,0
22458,81.470803,0
22459,81.470986,0
22460,81.471212,0
22461,81.471111,0
22462,81.970573,0
22463,81.967197,0
22464,81.469660,0
22465,81.970008,0
22466,81.966249,0
22467,82.093641,0
22468,81.965611,0
22469,81.966791,0
22470,81.970037,0
22471,81.965747,0
22472,81.966015,0
22473,81.966844,0
22474,81.969941,0
22475,81.471610,0
22476,82.047370,0
22477,106.072274,0
22478,83.435979,0
22479,170.112006,0
22480,90.697177,0
22481,170.112068,0
22482,90.467170,0
22483,90.148755,0
22484,90.974744,0
22485,81.694205,0
22486,81.694205,0
22487,81.692531,0
22488,81.966326,0
22489,81.694184,0
22490,81.693392,0
22491,81.693392,0
22492,81.180506,0
22493,81.180506,0
22494,81.692504,0
22495,81.692408,0
22496,81.692408,0
22497,81.470897,0
22498,81.471045,0
22499,81.298223,0
22500,81.471426,0
22501,81.471722,0
22502,81.471722,0
22503,82.231620,0
22504,81.965876,0
22505,81.965876,0
22506,81.965722,0
22507,82.231620,0
22508,81.694475,0
22509,81.692510,0
22510,81.692492,0
22511,81.692492,0
22512,81.692492,0
22513,81.692492,0
22514,81.692492,0
22515,81.297753,0
22516,81.297753,0
22517,81.297753,0
22518,81.297753,0
22519,81.693749,0
22520,81.694101,0
22521,81.471661,0
22522,81.469976,0
22523,170.114681,0
22524,90.467168,0
22525,170.093428,0
22526,81.970550,0
22527,81.970234,0
22528,81.696790,0
22529,170.087888,0
22530,170.087888,0
22531,81.089761,0
22532,170.087843,0
22533,81.695797,0
22534,83.463658,0
22535,82.007082,0
22536,82.006527,0
22537,82.006709,0
22538,85.575295,0
22539,81.175209,0
22540,90.053751,0
22541,90.163999,0
22542,197.522234,0
22543,90.054409,0
22544,90.055018,0
22545,90.467476,0
22546,90.053629,0
22547,170.087940,0
22548,170.089900,0
22549,83.567955,0
22550,83.567955,0
22551,83.566563,0
22552,86.868677,0
22553,86.686767,0
22554,86.868535,0
22555,83.666637,0
22556,86.555723,0
22557,86.553792,0
22558,86.554609,0
22559,86.556089,0
22560,86.868179,0
22561,86.554059,0
22562,86.443369,0
22563,141.721178,0
22564,86.554038,0
22565,86.686043,0
22566,86.554210,0
22567,86.554225,0
22568,86.554225,0
22569,86.554225,0
22570,84.013836,0
22571,141.547955,0
22572,84.013984,0
22573,84.013984,0
22574,86.686001,0
22575,86.868679,0
22576,86.868520,0
22577,86.686169,0
22578,86.685944,0
22579,86.685896,0
22580,88.942555,0
22581,83.667527,0
22582,83.572476,0
22583,86.869154,0
22584,86.473213,0
22585,86.472689,0
22586,83.577520,0
22587,86.441835,0
22588,86.554134,0
22589,84.013655,0
22590,86.441143,0
22591,86.441786,0
22592,86.868723,0
22593,86.554265,0
22594,86.554265,0
22595,86.554265,0
22596,86.554195,0
22597,86.554195,0
22598,86.441123,0
22599,86.685859,0
22600,86.686057,0
22601,86.554265,0
22602,86.554350,0
22603,86.555296,0
22604,86.553959,0
22605,83.677991,0
22606,86.685887,0
22607,86.554671,0
22608,89.200643,0
22609,83.573132,0
22610,86.553887,0
22611,86.553887,0
22612,86.553887,0
22613,86.554705,0
22614,84.987613,0
22615,86.649015,0
22616,86.554749,0
22617,86.868748,0
22618,86.869933,0
22619,87.101855,0
22620,87.734566,0
22621,87.101768,0
22622,86.869062,0
22623,86.868120,0
22624,86.686355,0
22625,141.426272,0
22626,83.813345,0
22627,83.573245,0
22628,83.573245,0
22629,86.868296,0
22630,83.573523,0
22631,86.686172,0
22632,86.686323,0
22633,86.554221,0
22634,86.868809,0
22635,86.686186,0
22636,86.686137,0
22637,86.686039,0
22638,86.686039,0
22639,141.364183,0
22640,86.553813,0
22641,86.648919,0
22642,89.067324,0
22643,87.102242,0
22644,84.261953,0
22645,88.696758,0
22646,86.102565,0
22647,86.868744,0
22648,86.869768,0
22649,86.553920,0
22650,83.677573,0
22651,86.686475,0
22652,86.686475,0
22653,86.868128,0
22654,86.868128,0
22655,86.868757,0
22656,84.012733,0
22657,86.868436,0
22658,86.868757,0
22659,86.868357,0
22660,86.868624,0
22661,86.554867,0
22662,83.520377,0
22663,89.200643,0
22664,85.030931,0
22665,86.477422,0
22666,86.868281,0
22667,83.675145,0
22668,83.675635,0
22669,83.520377,0
22670,84.032165,0
22671,86.459930,0
22672,84.965340,0
22673,83.572423,0
22674,86.651804,0
22675,83.572482,0
22676,83.573043,0
22677,86.445791,0
22678,83.828822,0
22679,86.440898,0
22680,86.529332,0
22681,85.030108,0
22682,85.030108,0
22683,83.572258,0
22684,83.572689,0
22685,106.523073,0
22686,87.482903,0
22687,89.066870,0
22688,84.014585,0
22689,86.688392,0
22690,86.529191,0
22691,86.529342,0
22692,97.397330,0
22693,97.398454,0
22694,97.382617,0
22695,98.498666,0
22696,98.855491,0
22697,97.376589,0
22698,97.426185,0
22699,97.552311,0
22700,133.173417,0
22701,469.534122,0
22702,768.129566,0
22703,768.129561,0
22704,297.210443,0
22705,301.151557,0
22706,303.235668,0
22707,296.355947,0
22708,458.832274,0
22709,75.884814,0
22710,85.196838,0
22711,76.219651,0
22712,76.641402,0
22713,76.643223,0
22714,85.197336,0
22715,84.784731,0
22716,85.726173,0
22717,164.792497,0
22718,164.809822,0
22719,76.038063,0
22720,84.751772,0
22721,76.453854,0
22722,75.796143,0
22723,76.219564,0
22724,76.452147,0
22725,76.038410,0
22726,77.452183,0
22727,76.688411,0
22728,76.688620,0
22729,76.688411,0
22730,76.686735,0
22731,77.042662,0
22732,76.930870,0
22733,76.930870,0
22734,76.930870,0
22735,76.930616,0
22736,76.930616,0
22737,76.930870,0
22738,76.931114,0
22739,76.641586,0
22740,76.641373,0
22741,75.799539,0
22742,76.643619,0
22743,84.760930,0
22744,76.735747,0
22745,76.735194,0
22746,76.930842,0
22747,76.930842,0
22748,76.930842,0
22749,76.785033,0
22750,76.930870,0
22751,76.930870,0
22752,76.930870,0
22753,76.688377,0
22754,76.641534,0
22755,76.734793,0
22756,85.729901,0
22757,85.724129,0
22758,85.724172,0
22759,85.724172,0
22760,85.724370,0
22761,85.724237,0
22762,84.825303,0
22763,84.825303,0
22764,76.452366,0
22765,75.814671,0
22766,76.220947,0
22767,76.454159,0
22768,76.454159,0
22769,76.646350,0
22770,76.220643,0
22771,76.220643,0
22772,76.220643,0
22773,76.221552,0
22774,76.221552,0
22775,76.221218,0
22776,76.221493,0
22777,76.221493,0
22778,85.435810,0
22779,76.642809,0
22780,75.907569,0
22781,164.821058,0
22782,84.761991,0
22783,76.735091,0
22784,76.739297,0
22785,76.735180,0
22786,76.738428,0
22787,76.220116,0
22788,164.792383,0
22789,76.037977,0
22790,76.397226,0
22791,164.825880,0
22792,84.748688,0
22793,164.825786,0
22794,164.792554,0
22795,75.907686,0
22796,75.907686,0
22797,76.040286,0
22798,76.736959,0
22799,85.197563,0
22800,76.041112,0
22801,85.009662,0
22802,84.784440,0
22803,84.747794,0
22804,76.234598,0
22805,85.197706,0
22806,76.735035,0
22807,76.735035,0
22808,75.884760,0
22809,84.873027,0
22810,76.451748,0
22811,76.451748,0
22812,85.010063,0
22813,85.010063,0
22814,76.735208,0
22815,84.747940,0
22816,76.455171,0
22817,76.452144,0
22818,76.452026,0
22819,76.226112,0
22820,76.739176,0
22821,76.452267,0
22822,76.452440,0
22823,75.885087,0
22824,85.435485,0
22825,85.009775,0
22826,76.641771,0
22827,85.009120,0
22828,76.641597,0
22829,76.641597,0
22830,76.735596,0
22831,76.452506,0
22832,76.645278,0
22833,75.817317,0
22834,76.642355,0
22835,76.642355,0
22836,76.452793,0
22837,76.452642,0
22838,76.220444,0
22839,76.038540,0
22840,76.221160,0
22841,76.038770,0
22842,76.220444,0
22843,76.220444,0
22844,76.220902,0
22845,76.220902,0
22846,76.221149,0
22847,76.221122,0
22848,76.220693,0
22849,76.220040,0
22850,76.220040,0
22851,76.221151,0
22852,76.221417,0
22853,77.067626,0
22854,76.040004,0
22855,76.456933,0
22856,76.221558,0
22857,75.795379,0
22858,84.747471,0
22859,84.824764,0
22860,76.454605,0
22861,84.751706,0
22862,84.751706,0
22863,76.643637,0
22864,76.643637,0
22865,76.643637,0
22866,76.806704,0
22867,76.736531,0
22868,85.725315,0
22869,76.451882,0
22870,76.451882,0
22871,84.784555,0
22872,84.784555,0
22873,84.796801,0
22874,76.231142,0
22875,206.357640,0
22876,76.220995,0
22877,76.221541,0
22878,75.916747,0
22879,84.785392,0
22880,76.453899,0
22881,76.221354,0
22882,84.825419,0
22883,76.220512,0
22884,76.735627,0
22885,76.453030,0
22886,79.470579,0
22887,79.464089,0
22888,79.572555,0
22889,76.008483,0
22890,76.453706,0
22891,76.736314,0
22892,76.736314,0
22893,76.736246,0
22894,77.134117,0
22895,76.734147,0
22896,76.734147,0
22897,75.906868,0
22898,76.734020,0
22899,76.733974,0
22900,76.701807,0
22901,76.734161,0
22902,76.734161,0
22903,85.103106,0
22904,76.224829,0
22905,76.643370,0
22906,76.642451,0
22907,84.824841,0
22908,76.040841,0
22909,76.040841,0
22910,76.040841,0
22911,84.748938,0
22912,84.748938,0
22913,84.761014,0
22914,76.452539,0
22915,76.452539,0
22916,84.784613,0
22917,84.784596,0
22918,84.747654,0
22919,84.784571,0
22920,84.871982,0
22921,84.059635,0
22922,84.747619,0
22923,85.434831,0
22924,76.040219,0
22925,76.040219,0
22926,76.040219,0
22927,76.737053,0
22928,76.219821,0
22929,76.219371,0
22930,76.219723,0
22931,76.220648,0
22932,76.453073,0
22933,76.219967,0
22934,84.784577,0
22935,84.747611,0
22936,84.749430,0
22937,84.749167,0
22938,75.833191,0
22939,76.734870,0
22940,85.435945,0
22941,84.872722,0
22942,84.748113,0
22943,84.747616,0
22944,79.912674,0
22945,85.009242,0
22946,85.010884,0
22947,85.197115,0
22948,76.734598,0
22949,76.734677,0
22950,76.734677,0
22951,76.734677,0
22952,76.734677,0
22953,76.734677,0
22954,84.785515,0
22955,79.862698,0
22956,82.848368,0
22957,81.311054,0
22958,81.432925,0
22959,81.312339,0
22960,82.169140,0
22961,87.038363,0
22962,81.371083,0
22963,81.301420,0
22964,81.311605,0
22965,81.311382,0
22966,78.367146,0
22967,81.481818,0
22968,81.482785,0
22969,81.540337,0
22970,83.520726,0
22971,81.840130,0
22972,81.662548,0
22973,78.803724,0
22974,78.803724,0
22975,78.804079,0
22976,78.604026,0
22977,78.608951,0
22978,78.802659,0
22979,81.342565,0
22980,81.342565,0
22981,81.693097,0
22982,81.311019,0
22983,78.802609,0
22984,81.392419,0
22985,81.392419,0
22986,81.344152,0
22987,81.344152,0
22988,81.344152,0
22989,81.485774,0
22990,81.485774,0
22991,81.303999,0
22992,78.653759,0
22993,79.846428,0
22994,136.316964,0
22995,136.255328,0
22996,81.344146,0
22997,81.344146,0
22998,82.304334,0
22999,82.308175,0
23000,81.765623,0
23001,81.808237,0
23002,80.826883,0
23003,78.653889,0
23004,81.575270,0
23005,82.301996,0
23006,80.718592,0
23007,78.461359,0
23008,81.573921,0
23009,139.543834,0
23010,79.797779,0
23011,81.311445,0
23012,81.765219,0
23013,81.765832,0
23014,81.373379,0
23015,81.373379,0
23016,81.765434,0
23017,81.688439,0
23018,81.805573,0
23019,82.427782,0
23020,81.607358,0
23021,81.433040,0
23022,82.303695,0
23023,81.311838,0
23024,81.341836,0
23025,81.435219,0
23026,81.433002,0
23027,81.432907,0
23028,81.371630,0
23029,78.369036,0
23030,81.765384,0
23031,81.301766,0
23032,78.325381,0
23033,79.865336,0
23034,78.369776,0
23035,78.369776,0
23036,78.757836,0
23037,79.967360,0
23038,79.942007,0
23039,79.943835,0
23040,81.438105,0
23041,81.432681,0
23042,81.432903,0
23043,81.371825,0
23044,78.861592,0
23045,79.842555,0
23046,81.938912,0
23047,78.611554,0
23048,78.611466,0
23049,81.432809,0
23050,81.765674,0
23051,78.861877,0
23052,81.433236,0
23053,83.793191,0
23054,81.574332,0
23055,81.374985,0
23056,79.860780,0
23057,79.859195,0
23058,79.861723,0
23059,79.859460,0
23060,79.862093,0
23061,82.058733,0
23062,82.177473,0
23063,82.177473,0
23064,82.169866,0
23065,78.604812,0
23066,78.608642,0
23067,78.608642,0
23068,81.432944,0
23069,81.242394,0
23070,81.432656,0
23071,81.432843,0
23072,81.433333,0
23073,82.305915,0
23074,81.301376,0
23075,80.254087,0
23076,81.573920,0
23077,78.367440,0
23078,78.330697,0
23079,78.471570,0
23080,83.800755,0
23081,78.367568,0
23082,80.259105,0
23083,81.575467,0
23084,80.821457,0
23085,81.311302,0
23086,84.594404,0
23087,82.303577,0
23088,78.348014,0
23089,81.575381,0
23090,81.575381,0
23091,81.462248,0
23092,81.459541,0
23093,80.894277,0
23094,78.608576,0
23095,80.082703,0
23096,81.574857,0
23097,82.177777,0
23098,82.177777,0
23099,81.371803,0
23100,81.320413,0
23101,83.658176,0
23102,83.658894,0
23103,82.007078,0
23104,82.007857,0
23105,82.007857,0
23106,92.739310,0
23107,128.877917,0
23108,763.443540,0
23109,762.129905,0
23110,710.593875,0
23111,707.052389,0
23112,764.040730,0
23113,3503.069675,1
23114,529.454069,0
23115,530.288140,0
23116,529.760209,0
23117,4776.116079,1
23118,71.947473,0
23119,71.947840,0
23120,71.947840,0
23121,71.876721,0
23122,71.876721,0
23123,71.876721,0
23124,71.384035,0
23125,71.916416,0
23126,95.234196,0
23127,71.614064,0
23128,71.206941,0
23129,71.945453,0
23130,71.888511,0
23131,71.888559,0
23132,72.341453,0
23133,71.383958,0
23134,95.572751,0
23135,71.209816,0
23136,71.211702,0
23137,80.183753,0
23138,71.623246,0
23139,71.004145,0
23140,160.024640,0
23141,79.975890,0
23142,70.986969,0
23143,71.209855,0
23144,75.227296,0
23145,80.409341,0
23146,71.082534,0
23147,71.885245,0
23148,71.945081,0
23149,71.945081,0
23150,71.945081,0
23151,71.945081,0
23152,71.397103,0
23153,71.405148,0
23154,72.609969,0
23155,71.385588,0
23156,71.622330,0
23157,71.892317,0
23158,71.612112,0
23159,71.614927,0
23160,71.387488,0
23161,71.210850,0
23162,71.210850,0
23163,71.208252,0
23164,71.889833,0
23165,71.892516,0
23166,71.083387,0
23167,71.083387,0
23168,80.007905,0
23169,80.405941,0
23170,80.407337,0
23171,80.407337,0
23172,80.406430,0
23173,71.392541,0
23174,71.388038,0
23175,80.008111,0
23176,71.625808,0
23177,71.625808,0
23178,96.060674,0
23179,96.060674,0
23180,80.007297,0
23181,71.385302,0
23182,71.384856,0
23183,71.384402,0
23184,71.384402,0
23185,80.406699,0
23186,71.388078,0
23187,71.388078,0
23188,71.385790,0
23189,71.909874,0
23190,73.593927,0
23191,71.221786,0
23192,71.394162,0
23193,71.903877,0
23194,71.916097,0
23195,71.891393,0
23196,71.893070,0
23197,71.891364,0
23198,71.390791,0
23199,71.386046,0
23200,71.386046,0
23201,71.384605,0
23202,201.596457,0
23203,71.388228,0
23204,71.387800,0
23205,71.388304,0
23206,71.388304,0
23207,71.388049,0
23208,71.890019,0
23209,71.612205,0
23210,71.612760,0
23211,71.889625,0
23212,71.384686,0
23213,71.387942,0
23214,71.080307,0
23215,71.091078,0
23216,71.616704,0
23217,71.616021,0
23218,71.893883,0
23219,71.890952,0
23220,71.611474,0
23221,71.611474,0
23222,72.006965,0
23223,72.007756,0
23224,72.007408,0
23225,71.876721,0
23226,72.007816,0
23227,71.917240,0
23228,71.889728,0
23229,71.612005,0
23230,71.080797,0
23231,71.384902,0
23232,71.385513,0
23233,71.385748,0
23234,71.384491,0
23235,71.384095,0
23236,71.384529,0
23237,71.385523,0
23238,71.612366,0
23239,71.612366,0
23240,72.149255,0
23241,72.148882,0
23242,72.149123,0
23243,72.149383,0
23244,71.890501,0
23245,71.886140,0
23246,71.888921,0
23247,71.890051,0
23248,71.384352,0
23249,71.384352,0
23250,71.385668,0
23251,71.611416,0
23252,71.612237,0
23253,71.416428,0
23254,72.149117,0
23255,71.207888,0
23256,72.149342,0
23257,72.149117,0
23258,71.081270,0
23259,71.081312,0
23260,80.089871,0
23261,71.876721,0
23262,71.209051,0
23263,71.890222,0
23264,71.890222,0
23265,71.890222,0
23266,71.611532,0
23267,71.610700,0
23268,71.383351,0
23269,71.384497,0
23270,71.383700,0
23271,71.383351,0
23272,71.888242,0
23273,71.917594,0
23274,71.917594,0
23275,71.890138,0
23276,71.875316,0
23277,71.875316,0
23278,71.916400,0
23279,72.149638,0
23280,72.149037,0
23281,72.149185,0
23282,71.916847,0
23283,71.916847,0
23284,71.916847,0
23285,71.916847,0
23286,71.916847,0
23287,71.886116,0
23288,71.886116,0
23289,71.916847,0
23290,80.008614,0
23291,71.916847,0
23292,71.916847,0
23293,71.916847,0
23294,71.877729,0
23295,72.007940,0
23296,72.007691,0
23297,71.210978,0
23298,71.612496,0
23299,80.008468,0
23300,71.384023,0
23301,71.383236,0
23302,71.384327,0
23303,71.612748,0
23304,71.612627,0
23305,71.613580,0
23306,71.614193,0
23307,71.383672,0
23308,71.385249,0
23309,71.612366,0
23310,71.611179,0
23311,71.888981,0
23312,71.888981,0
23313,71.888981,0
23314,71.384241,0
23315,71.384241,0
23316,71.384318,0
23317,71.384318,0
23318,79.975718,0
23319,71.876299,0
23320,71.875374,0
23321,79.976038,0
23322,79.976038,0
23323,71.916847,0
23324,71.916847,0
23325,71.917569,0
23326,72.007350,0
23327,72.007350,0
23328,72.007417,0
23329,80.007790,0
23330,80.007790,0
23331,80.007803,0
23332,71.875488,0
23333,71.385458,0
23334,71.892127,0
23335,71.903459,0
23336,71.903459,0
23337,71.903459,0
23338,71.889560,0
23339,71.891720,0
23340,71.611273,0
23341,71.612111,0
23342,71.611335,0
23343,80.089420,0
23344,71.889291,0
23345,72.217662,0
23346,71.210682,0
23347,71.210682,0
23348,71.210682,0
23349,71.088533,0
23350,71.088561,0
23351,71.611282,0
23352,160.000591,0
23353,71.892957,0
23354,71.892957,0
23355,71.917540,0
23356,72.340984,0
23357,72.340892,0
23358,72.340892,0
23359,201.559114,0
23360,70.979533,0
23361,79.993896,0
23362,72.008178,0
23363,72.008178,0
23364,72.008178,0
23365,71.613460,0
23366,71.612260,0
23367,71.612260,0
23368,71.208648,0
23369,71.384235,0
23370,71.081573,0
23371,71.081585,0
23372,71.613146,0
23373,71.611664,0
23374,80.920468,0
23375,71.612255,0
23376,71.610912,0
23377,71.612850,0
23378,71.212271,0
23379,71.384127,0
23380,71.209217,0
23381,71.383655,0
23382,71.383855,0
23383,71.384686,0
23384,79.977897,0
23385,71.611449,0
23386,71.917968,0
23387,71.610339,0
23388,71.610488,0
23389,71.945321,0
23390,71.386608,0
23391,71.614145,0
23392,71.609998,0
23393,71.610518,0
23394,71.887768,0
23395,72.874848,0
23396,72.007377,0
23397,72.582292,0
23398,72.582452,0
23399,72.582327,0
23400,72.340493,0
23401,72.340493,0
23402,72.340826,0
23403,71.386326,0
23404,71.615229,0
23405,71.384095,0
23406,71.384095,0
23407,71.613512,0
23408,79.977058,0
23409,71.384943,0
23410,80.007655,0
23411,79.975904,0
23412,77.728046,0
23413,77.682629,0
23414,77.682629,0
23415,77.843164,0
23416,77.727562,0
23417,77.728932,0
23418,132.587331,0
23419,80.152872,0
23420,77.768004,0
23421,77.910587,0
23422,77.905227,0
23423,78.090299,0
23424,77.774279,0
23425,77.903869,0
23426,78.090181,0
23427,77.932791,0
23428,132.513481,0
23429,96.542751,0
23430,77.685120,0
23431,76.638509,0
23432,78.090183,0
23433,78.090327,0
23434,78.090237,0
23435,74.738318,0
23436,77.904899,0
23437,77.648219,0
23438,76.447829,0
23439,77.903972,0
23440,77.768029,0
23441,77.768201,0
23442,77.768201,0
23443,77.768061,0
23444,77.768061,0
23445,78.090450,0
23446,77.650773,0
23447,132.909523,0
23448,78.090180,0
23449,76.998828,0
23450,77.903772,0
23451,77.903772,0
23452,77.904296,0
23453,77.682605,0
23454,78.090389,0
23455,77.682503,0
23456,77.682503,0
23457,77.820529,0
23458,77.664475,0
23459,78.090321,0
23460,78.090321,0
23461,78.090321,0
23462,76.638340,0
23463,77.727760,0
23464,77.663794,0
23465,77.663794,0
23466,76.250449,0
23467,77.663391,0
23468,76.190584,0
23469,76.190245,0
23470,77.768007,0
23471,77.904540,0
23472,77.904540,0
23473,74.740025,0
23474,77.682682,0
23475,77.768439,0
23476,77.903995,0
23477,77.767966,0
23478,77.727528,0
23479,76.188685,0
23480,77.647670,0
23481,77.904231,0
23482,78.090423,0
23483,78.090423,0
23484,78.090409,0
23485,77.905738,0
23486,78.091664,0
23487,77.728977,0
23488,77.728977,0
23489,132.908673,0
23490,78.090626,0
23491,77.903905,0
23492,75.047941,0
23493,77.903907,0
23494,133.411864,0
23495,78.090047,0
23496,76.252232,0
23497,77.682732,0
23498,74.787922,0
23499,74.787922,0
23500,77.905013,0
23501,78.648981,0
23502,77.662217,0
23503,77.767873,0
23504,77.904337,0
23505,77.904337,0
23506,77.770174,0
23507,75.808528,0
23508,77.682969,0
23509,77.682969,0
23510,78.285517,0
23511,75.048090,0
23512,77.904268,0
23513,78.527612,0
23514,77.728566,0
23515,75.047953,0
23516,75.047953,0
23517,77.904169,0
23518,78.782012,0
23519,75.048091,0
23520,81.525294,0
23521,77.647078,0
23522,74.889213,0
23523,74.787267,0
23524,77.768443,0
23525,78.090705,0
23526,74.894567,0
23527,77.768344,0
23528,74.895270,0
23529,78.778613,0
23530,76.249038,0
23531,75.047454,0
23532,75.235524,0
23533,87.892317,0
23534,94.013492,0
23535,91.639049,0
23536,91.761811,0
23537,123.560256,0
23538,124.434433,0
23539,459.913091,0
23540,405.274762,0
23541,821.377374,0
23542,444.812375,0
23543,444.810085,0
23544,293.870858,0
23545,293.868495,0
23546,286.817498,0
23547,286.942753,0
23548,293.868681,0
23549,286.864684,0
23550,286.957164,0
23551,286.808482,0
23552,759.302015,0
23553,524.576820,0
23554,283.361140,0
23555,283.107493,0
23556,283.107388,0
23557,282.647865,0
23558,282.869185,0
23559,411.721787,0
23560,282.904538,0
23561,282.596321,0
23562,282.596206,0
23563,282.647361,0
23564,282.595233,0
23565,282.595173,0
23566,282.647567,0
23567,282.592567,0
23568,282.647476,0
23569,284.884770,0
23570,284.936200,0
23571,285.190184,0
23572,284.889371,0
23573,285.036413,0
23574,285.037663,0
23575,285.039313,0
23576,285.037178,0
23577,284.934845,0
23578,341.062079,0
23579,285.154791,0
23580,284.920892,0
23581,341.150325,0
23582,284.884711,0
23583,284.883249,0
23584,284.935153,0
23585,284.935153,0
23586,284.932798,0
23587,284.883470,0
23588,286.489717,0
23589,284.936645,0
23590,284.936926,0
23591,284.935718,0
23592,284.935718,0
23593,286.330843,0
23594,284.883956,0
23595,284.884032,0
23596,286.376390,0
23597,294.535470,0
23598,294.543481,0
23599,294.544109,0
23600,294.552247,0
23601,295.279259,0
23602,294.588911,0
23603,295.272825,0
23604,294.560854,0
23605,295.929014,0
23606,295.270991,0
23607,425.170226,0
23608,348.739675,0
23609,346.463035,0
23610,329.241712,0
23611,352.871252,0
23612,329.324683,0
23613,346.380657,0
23614,352.962819,0
23615,352.962819,0
23616,352.962819,0
23617,352.962819,0
23618,429.468994,0
23619,352.770212,0
23620,352.903424,0
23621,352.873689,0
23622,652.744541,0
23623,1046.496627,0
23624,612.662605,0
23625,494.771208,0
23626,5192.225352,1
23627,2639.739418,1
23628,2379.562498,1
23629,966.450268,0
23630,949.816093,0
23631,146.028809,0
23632,146.026778,0
23633,146.284864,0
23634,146.024957,0
23635,146.025544,0
23636,146.129336,0
23637,261.454395,0
23638,154.276230,0
23639,154.290532,0
23640,146.062864,0
23641,154.087899,0
23642,145.552187,0
23643,154.131548,0
23644,145.567321,0
23645,145.414439,0
23646,154.099809,0
23647,154.104740,0
23648,145.223198,0
23649,145.141583,0
23650,154.125887,0
23651,145.140311,0
23652,145.107435,0
23653,145.108251,0
23654,145.125384,0
23655,145.126754,0
23656,145.126510,0
23657,154.127452,0
23658,234.155557,0
23659,234.157140,0
23660,145.969818,0
23661,154.086992,0
23662,145.478982,0
23663,145.773684,0
23664,154.435525,0
23665,261.427897,0
23666,147.260230,0
23667,154.215920,0
23668,155.088832,0
23669,154.126362,0
23670,154.099782,0
23671,145.356961,0
23672,145.356542,0
23673,146.056221,0
23674,147.356189,0
23675,147.450929,0
23676,154.435710,0
23677,258.923069,0
23678,146.433935,0
23679,146.403125,0
23680,145.117312,0
23681,258.797929,0
23682,234.135378,0
23683,234.135404,0
23684,154.086953,0
23685,147.630694,0
23686,147.866115,0
23687,147.856438,0
23688,234.248918,0
23689,145.221427,0
23690,169.969504,0
23691,154.086825,0
23692,148.409008,0
23693,145.142894,0
23694,146.018771,0
23695,146.019200,0
23696,146.019200,0
23697,146.019200,0
23698,146.116039,0
23699,146.115932,0
23700,154.558495,0
23701,145.969034,0
23702,145.969051,0
23703,154.160983,0
23704,145.773826,0
23705,145.222705,0
23706,145.355872,0
23707,145.355251,0
23708,145.221367,0
23709,145.539141,0
23710,145.539581,0
23711,146.462634,0
23712,154.087605,0
23713,145.223457,0
23714,146.118717,0
23715,145.539603,0
23716,145.542315,0
23717,147.011338,0
23718,147.011789,0
23719,145.775542,0
23720,145.540144,0
23721,145.539396,0
23722,145.539396,0
23723,148.294753,0
23724,145.773645,0
23725,145.356412,0
23726,145.354981,0
23727,146.263694,0
23728,146.263918,0
23729,146.115463,0
23730,145.222563,0
23731,146.711951,0
23732,145.539167,0
23733,146.059423,0
23734,145.539602,0
23735,145.775995,0
23736,145.539330,0
23737,145.972048,0
23738,170.259596,0
23739,146.056444,0
23740,146.057756,0
23741,145.124679,0
23742,154.783948,0
23743,145.969932,0
23744,145.970090,0
23745,234.801439,0
23746,154.086954,0
23747,145.222110,0
23748,146.056280,0
23749,146.058677,0
23750,154.100951,0
23751,145.311802,0
23752,145.538638,0
23753,146.116547,0
23754,146.115960,0
23755,154.088713,0
23756,147.962403,0
23757,145.152568,0
23758,145.193101,0
23759,145.108021,0
23760,154.098497,0
23761,154.160357,0
23762,154.086961,0
23763,145.222867,0
23764,154.087024,0
23765,154.087024,0
23766,234.200962,0
23767,234.120235,0
23768,145.113338,0
23769,234.120235,0
23770,234.120244,0
23771,145.106609,0
23772,152.577236,0
23773,150.258743,0
23774,150.257867,0
23775,149.617906,0
23776,148.909809,0
23777,149.443664,0
23778,152.577697,0
23779,152.140413,0
23780,170.324385,0
23781,151.905336,0
23782,154.747842,0
23783,148.950572,0
23784,152.991128,0
23785,154.747330,0
23786,152.335640,0
23787,151.418041,0
23788,151.904743,0
23789,151.863306,0
23790,150.699496,0
23791,150.715359,0
23792,150.527243,0
23793,154.226991,0
23794,154.226991,0
23795,149.086336,0
23796,154.079838,0
23797,154.079838,0
23798,151.999772,0
23799,148.908311,0
23800,152.875277,0
23801,151.997774,0
23802,170.330663,0
23803,150.698210,0
23804,150.698584,0
23805,149.184240,0
23806,152.783865,0
23807,152.140025,0
23808,149.042188,0
23809,152.728875,0
23810,154.067959,0
23811,154.073873,0
23812,153.935526,0
23813,149.044741,0
23814,151.928141,0
23815,152.852135,0
23816,150.524813,0
23817,149.185932,0
23818,149.186086,0
23819,150.386596,0
23820,150.546166,0
23821,152.979437,0
23822,152.978982,0
23823,150.440292,0
23824,151.821898,0
23825,152.195753,0
23826,150.438562,0
23827,151.929987,0
23828,151.818968,0
23829,164.316992,0
23830,164.291052,0
23831,164.297650,0
23832,163.878865,0
23833,163.529772,0
23834,199.138948,0
23835,361.415702,0
23836,1066.815323,1
23837,833.162283,0
23838,108.231611,0
23839,108.727785,0
23840,108.059328,0
23841,237.981385,0
23842,108.060516,0
23843,108.369864,0
23844,108.752123,0
23845,107.593969,0
23846,108.059682,0
23847,108.059770,0
23848,108.726257,0
23849,108.416142,0
23850,108.726161,0
23851,108.739880,0
23852,107.329775,0
23853,109.085743,0
23854,108.060417,0
23855,108.735256,0
23856,108.061760,0
23857,108.068373,0
23858,108.068373,0
23859,110.577543,0
23860,237.524100,0
23861,221.301041,0
23862,108.063434,0
23863,237.524975,0
23864,109.081638,0
23865,107.598895,0
23866,107.802483,0
23867,237.740763,0
23868,109.778836,0
23869,108.058968,0
23870,108.059160,0
23871,108.059168,0
23872,108.728657,0
23873,108.726895,0
23874,108.726898,0
23875,108.726898,0
23876,108.728469,0
23877,108.725032,0
23878,109.777283,0
23879,109.404749,0
23880,109.405091,0
23881,132.037954,0
23882,108.060125,0
23883,133.422797,0
23884,109.499836,0
23885,133.418945,0
23886,108.059450,0
23887,108.059953,0
23888,108.059370,0
23889,108.414225,0
23890,132.330153,0
23891,110.577457,0
23892,109.081264,0
23893,108.060976,0
23894,109.081743,0
23895,109.081743,0
23896,108.061554,0
23897,108.061749,0
23898,109.405043,0
23899,108.058773,0
23900,108.061199,0
23901,108.061199,0
23902,108.061199,0
23903,108.061677,0
23904,133.421724,0
23905,108.061797,0
23906,107.595411,0
23907,109.530742,0
23908,109.509538,0
23909,132.034306,0
23910,132.034357,0
23911,132.034357,0
23912,108.059777,0
23913,132.034537,0
23914,132.035436,0
23915,131.791166,0
23916,131.791166,0
23917,131.791166,0
23918,107.802018,0
23919,109.404991,0
23920,107.408598,0
23921,107.408598,0
23922,108.059530,0
23923,109.081731,0
23924,109.081908,0
23925,108.586686,0
23926,108.586686,0
23927,108.586690,0
23928,108.586672,0
23929,116.592579,0
23930,132.033924,0
23931,132.035123,0
23932,132.035123,0
23933,132.035123,0
23934,108.727820,0
23935,108.368684,0
23936,108.370447,0
23937,108.367465,0
23938,109.778523,0
23939,108.366498,0
23940,109.081834,0
23941,108.058852,0
23942,108.058852,0
23943,108.059394,0
23944,108.059394,0
23945,108.063174,0
23946,109.778413,0
23947,108.062133,0
23948,132.034154,0
23949,109.081490,0
23950,108.059691,0
23951,108.059603,0
23952,132.035618,0
23953,108.059603,0
23954,108.059291,0
23955,132.034718,0
23956,108.059827,0
23957,108.059603,0
23958,108.060132,0
23959,109.081868,0
23960,109.082013,0
23961,109.081894,0
23962,109.081871,0
23963,108.059327,0
23964,108.059327,0
23965,107.803134,0
23966,108.059933,0
23967,107.605668,0
23968,109.952454,0
23969,109.951935,0
23970,109.952667,0
23971,108.577994,0
23972,109.952913,0
23973,110.135124,0
23974,111.565961,0
23975,111.565922,0
23976,166.870977,0
23977,112.050095,0
23978,108.760755,0
23979,108.760815,0
23980,110.585352,0
23981,108.445424,0
23982,166.305102,0
23983,110.092399,0
23984,108.577541,0
23985,111.201079,0
23986,111.567804,0
23987,111.588526,0
23988,110.585252,0
23989,110.585252,0
23990,109.279032,0
23991,110.313682,0
23992,110.092696,0
23993,112.061333,0
23994,108.994438,0
23995,112.055745,0
23996,109.279932,0
23997,111.568534,0
23998,110.093800,0
23999,111.566625,0
24000,109.614585,0
24001,109.279439,0
24002,111.399308,0
24003,111.360696,0
24004,108.761595,0
24005,111.566531,0
24006,110.081702,0
24007,108.761439,0
24008,111.205249,0
24009,111.205346,0
24010,109.278889,0
24011,109.278889,0
24012,109.278912,0
24013,112.049885,0
24014,111.565440,0
24015,108.760942,0
24016,108.760605,0
24017,112.049665,0
24018,110.585258,0
24019,109.917547,0
24020,108.760262,0
24021,111.200740,0
24022,108.761270,0
24023,111.566498,0
24024,112.050489,0
24025,112.050031,0
24026,109.279249,0
24027,109.916722,0
24028,109.916972,0
24029,112.658145,0
24030,112.659348,0
24031,111.565504,0
24032,108.760371,0
24033,111.200945,0
24034,111.201404,0
24035,109.278284,0
24036,108.761074,0
24037,111.201607,0
24038,111.201785,0
24039,108.761667,0
24040,111.566481,0
24041,108.995410,0
24042,109.708687,0
24043,111.284196,0
24044,166.126011,0
24045,166.141485,0
24046,109.920144,0
24047,112.661206,0
24048,112.661206,0
24049,109.916375,0
24050,112.663597,0
24051,108.444555,0
24052,111.565923,0
24053,108.760775,0
24054,108.760801,0
24055,108.761070,0
24056,109.920376,0
24057,108.761199,0
24058,111.566079,0
24059,108.760734,0
24060,108.444634,0
24061,111.283495,0
24062,130.087157,0
24063,166.403393,0
24064,108.760885,0
24065,108.760719,0
24066,130.083842,0
24067,108.760719,0
24068,109.279232,0
24069,130.582192,0
24070,110.585714,0
24071,110.313352,0
24072,110.313259,0
24073,111.784484,0
24074,110.586134,0
24075,112.052187,0
24076,111.565562,0
24077,111.565854,0
24078,114.030867,0
24079,112.360543,0
24080,111.568633,0
24081,111.200655,0
24082,111.565963,0
24083,108.761985,0
24084,108.762036,0
24085,111.566495,0
24086,111.566560,0
24087,108.993644,0
24088,109.279339,0
24089,110.584930,0
24090,112.055858,0
24091,109.279838,0
24092,110.584431,0
24093,112.618815,0
24094,108.760805,0
24095,111.286965,0
24096,112.659813,0
24097,122.249357,0
24098,122.071815,0
24099,122.255409,0
24100,122.069927,0
24101,122.076553,0
24102,122.076553,0
24103,122.061218,0
24104,122.032711,0
24105,122.040321,0
24106,122.580893,0
24107,122.661852,0
24108,122.095518,0
24109,122.577033,0
24110,122.613008,0
24111,123.643236,0
24112,122.230159,0
24113,122.039773,0
24114,122.578567,0
24115,122.039963,0
24116,122.065510,0
24117,175.085245,0
24118,157.656325,0
24119,176.138450,0
24120,157.848714,0
24121,157.844501,0
24122,439.542766,0
24123,607.665232,0
24124,328.773503,0
24125,328.849907,0
24126,328.871559,0
24127,328.871796,0
24128,328.943896,0
24129,328.871510,0
24130,328.872261,0
24131,328.129466,0
24132,328.871448,0
24133,329.094666,0
24134,328.872004,0
24135,329.094551,0
24136,329.096040,0
24137,327.831098,0
24138,331.590777,0
24139,329.488061,0
24140,329.488061,0
24141,330.067931,0
24142,331.177190,0
24143,330.954574,0
24144,330.955179,0
24145,329.503001,0
24146,330.965052,0
24147,329.522772,0
24148,328.319659,0
24149,350.171056,0
24150,328.763977,0
24151,334.286039,0
24152,329.524183,0
24153,329.522573,0
24154,329.587214,0
24155,385.843067,0
24156,329.587217,0
24157,328.565516,0
24158,329.607811,0
24159,329.013417,0
24160,328.565519,0
24161,328.565519,0
24162,385.643555,0
24163,328.566113,0
24164,385.644282,0
24165,328.319770,0
24166,329.522981,0
24167,329.523095,0
24168,329.685477,0
24169,329.683781,0
24170,329.687157,0
24171,329.687454,0
24172,328.418178,0
24173,328.418240,0
24174,341.478486,0
24175,341.212742,0
24176,339.693540,0
24177,339.267430,0
24178,340.415660,0
24179,339.277269,0
24180,339.333672,0
24181,347.388113,0
24182,340.420081,0
24183,339.268686,0
24184,339.274567,0
24185,339.274567,0
24186,339.274567,0
24187,339.621336,0
24188,339.307851,0
24189,339.342895,0
24190,340.105239,0
24191,348.139535,0
24192,348.148263,0
24193,345.528280,0
24194,341.670249,0
24195,403.092747,0
24196,397.605435,0
24197,391.067859,0
24198,403.557083,0
24199,397.411039,0
24200,397.641765,0
24201,382.493199,0
24202,374.035586,0
24203,381.935828,0
24204,377.271320,0
24205,1111.759308,1
24206,701.790839,0
24207,3080.049807,1
24208,697.782065,0
24209,539.990117,0
24210,697.733871,0
24211,539.968002,0
24212,1640.338753,1
24213,1011.618960,0
24214,777.114243,0
24215,776.960761,0
24216,271.508819,0
24217,273.307628,0
24218,271.509126,0
24219,271.508897,0
24220,271.507973,0
24221,273.102960,0
24222,273.306993,0
24223,278.765835,0
24224,269.869542,0
24225,272.093007,0
24226,272.995603,0
24227,272.999894,0
24228,272.999894,0
24229,272.999894,0
24230,273.001841,0
24231,273.001841,0
24232,272.996637,0
24233,272.896142,0
24234,272.996781,0
24235,272.996781,0
24236,272.996996,0
24237,279.153697,0
24238,271.511994,0
24239,278.671558,0
24240,269.862263,0
24241,278.947246,0
24242,278.767103,0
24243,278.767103,0
24244,270.910461,0
24245,278.631120,0
24246,269.862017,0
24247,270.909596,0
24248,270.909666,0
24249,278.686242,0
24250,278.690574,0
24251,270.014298,0
24252,270.014298,0
24253,269.875951,0
24254,384.318958,0
24255,387.115778,0
24256,271.503557,0
24257,279.652273,0
24258,270.847845,0
24259,279.108777,0
24260,279.108760,0
24261,270.014327,0
24262,270.014359,0
24263,278.774184,0
24264,278.766926,0
24265,278.947480,0
24266,270.216857,0
24267,270.793978,0
24268,270.773524,0
24269,271.989155,0
24270,270.710305,0
24271,270.552085,0
24272,270.218073,0
24273,270.220157,0
24274,280.482044,0
24275,270.014390,0
24276,274.223844,0
24277,274.223844,0
24278,278.791382,0
24279,271.856881,0
24280,270.007221,0
24281,279.162738,0
24282,271.796475,0
24283,270.469968,0
24284,270.908392,0
24285,295.222941,0
24286,277.679595,0
24287,276.391772,0
24288,298.219702,0
24289,277.276880,0
24290,274.719103,0
24291,273.156000,0
24292,277.690017,0
24293,297.852066,0
24294,297.852066,0
24295,273.657829,0
24296,275.477481,0
24297,277.839575,0
24298,277.535754,0
24299,274.987654,0
24300,297.385078,0
24301,273.986713,0
24302,273.983562,0
24303,273.157616,0
24304,276.031003,0
24305,274.787830,0
24306,276.260737,0
24307,273.657835,0
24308,277.831720,0
24309,273.660114,0
24310,277.596843,0
24311,273.379772,0
24312,273.847631,0
24313,275.280175,0
24314,274.360231,0
24315,274.365526,0
24316,274.607707,0
24317,275.706284,0
24318,273.983042,0
24319,277.705427,0
24320,277.827793,0
24321,277.685786,0
24322,277.685947,0
24323,32794.784631,1
24324,486.182460,0
24325,486.457643,0
24326,134.797190,0
24327,134.718892,0
24328,135.257662,0
24329,135.257662,0
24330,133.898801,0
24331,135.068222,0
24332,135.167201,0
24333,135.167201,0
24334,134.627663,0
24335,134.805543,0
24336,134.798385,0
24337,135.658444,0
24338,141.247153,0
24339,136.099477,0
24340,136.096802,0
24341,136.098455,0
24342,136.099505,0
24343,136.092937,0
24344,136.099505,0
24345,134.640150,0
24346,134.640150,0
24347,134.639372,0
24348,134.640150,0
24349,134.987935,0
24350,134.987935,0
24351,134.987935,0
24352,134.987935,0
24353,134.987195,0
24354,134.987935,0
24355,135.079917,0
24356,135.079917,0
24357,135.079917,0
24358,135.367178,0
24359,135.367090,0
24360,135.367178,0
24361,135.370121,0
24362,135.367953,0
24363,134.640150,0
24364,134.640150,0
24365,134.640150,0
24366,134.642130,0
24367,134.640150,0
24368,134.640150,0
24369,134.640150,0
24370,134.640150,0
24371,134.639445,0
24372,134.639445,0
24373,134.640150,0
24374,134.640150,0
24375,134.640150,0
24376,134.640150,0
24377,134.640150,0
24378,134.640150,0
24379,134.640150,0
24380,134.897236,0
24381,134.897967,0
24382,134.897157,0
24383,134.897967,0
24384,134.987935,0
24385,134.987195,0
24386,134.897967,0
24387,134.639372,0
24388,134.640150,0
24389,134.640150,0
24390,134.642130,0
24391,134.639372,0
24392,134.640150,0
24393,134.900017,0
24394,135.173915,0
24395,135.173158,0
24396,135.173915,0
24397,135.173915,0
24398,134.639445,0
24399,134.640150,0
24400,134.639372,0
24401,134.640150,0
24402,134.640150,0
24403,134.642130,0
24404,134.640150,0
24405,134.640150,0
24406,134.244636,0
24407,134.244731,0
24408,134.104878,0
24409,134.104878,0
24410,134.174540,0
24411,134.174468,0
24412,134.174913,0
24413,134.388657,0
24414,134.394263,0
24415,134.396025,0
24416,134.396025,0
24417,502.317473,0
24418,132.397676,0
24419,134.885185,0
24420,134.885185,0
24421,141.136643,0
24422,133.256477,0
24423,133.259088,0
24424,133.259088,0
24425,133.257764,0
24426,133.261269,0
24427,133.335715,0
24428,133.330865,0
24429,133.332840,0
24430,133.335715,0
24431,133.333847,0
24432,133.333847,0
24433,133.338783,0
24434,133.338567,0
24435,133.338623,0
24436,133.157425,0
24437,133.155103,0
24438,133.160807,0
24439,133.160840,0
24440,133.155091,0
24441,133.158744,0
24442,133.160236,0
24443,133.161228,0
24444,133.161228,0
24445,133.155091,0
24446,133.161228,0
24447,133.335982,0
24448,133.335961,0
24449,133.335776,0
24450,133.336381,0
24451,133.328729,0
24452,133.291990,0
24453,133.154900,0
24454,133.158570,0
24455,133.155965,0
24456,133.966333,0
24457,133.967934,0
24458,133.967934,0
24459,132.628009,0
24460,133.968429,0
24461,133.970997,0
24462,133.970997,0
24463,133.334036,0
24464,133.333239,0
24465,133.779731,0
24466,133.564268,0
24467,133.786139,0
24468,133.564857,0
24469,133.565183,0
24470,133.335667,0
24471,133.332182,0
24472,132.627179,0
24473,133.560006,0
24474,133.567159,0
24475,133.567159,0
24476,132.871047,0
24477,132.869644,0
24478,141.806474,0
24479,141.806654,0
24480,141.807600,0
24481,141.805694,0
24482,141.805694,0
24483,133.160117,0
24484,134.552085,0
24485,134.552085,0
24486,158.076183,0
24487,158.076183,0
24488,134.172333,0
24489,134.178137,0
24490,134.309930,0
24491,133.975257,0
24492,133.975257,0
24493,133.969004,0
24494,133.969004,0
24495,133.970487,0
24496,133.975257,0
24497,133.970962,0
24498,133.910905,0
24499,133.974691,0
24500,157.854642,0
24501,157.855057,0
24502,157.853409,0
24503,157.852234,0
24504,157.850514,0
24505,134.106735,0
24506,134.172161,0
24507,134.174575,0
24508,134.174575,0
24509,134.100475,0
24510,134.886750,0
24511,134.887333,0
24512,134.105944,0
24513,134.031410,0
24514,157.924601,0
24515,157.924756,0
24516,157.924756,0
24517,157.923482,0
24518,139.558749,0
24519,162.935664,0
24520,162.584449,0
24521,162.586203,0
24522,162.474383,0
24523,139.483888,0
24524,140.077310,0
24525,140.077310,0
24526,140.991260,0
24527,142.829343,0
24528,160.327289,0
24529,160.652349,0
24530,160.653969,0
24531,160.882329,0
24532,160.880503,0
24533,160.880213,0
24534,160.880172,0
24535,160.881430,0
24536,160.881670,0
24537,139.203700,0
24538,139.203700,0
24539,160.659876,0
24540,160.658551,0
24541,160.658110,0
24542,160.659942,0
24543,160.659942,0
24544,139.206465,0
24545,160.658625,0
24546,139.413790,0
24547,160.661959,0
24548,162.042985,0
24549,162.362272,0
24550,883.729131,0
24551,1339.192584,1
24552,1226.051165,1
24553,1226.051628,1
24554,1226.051555,1
24555,1226.815971,1
24556,1228.094081,1
24557,1227.371889,1
24558,1227.371889,1
24559,1225.703812,1
24560,1223.400583,1
24561,1228.093461,1
24562,1225.336656,1
24563,1232.399281,1
24564,5400.613789,1
24565,1228.088158,1
24566,1226.261948,1
24567,1229.267410,1
24568,1251.700942,1
24569,1229.516321,1
24570,1228.838274,1
24571,1228.133417,1
24572,1227.648038,1
24573,1241.116510,1
24574,1614.686904,1
24575,2096.453880,1
24576,2094.337788,1
24577,2096.446386,1
24578,2097.378982,1
24579,2095.206263,1
24580,2098.088612,1
24581,2096.039794,1
24582,2095.597993,1
24583,2095.600016,1
24584,2095.235864,1
24585,2094.883395,1
24586,2102.969515,1
24587,2102.179648,1
24588,2310.722084,1
24589,162.910943,0
24590,138.360912,0
24591,140.906126,0
24592,141.449091,0
24593,139.729951,0
24594,138.362696,0
24595,162.692430,0
24596,138.360492,0
24597,163.065880,0
24598,164.287158,0
24599,140.519164,0
24600,140.517988,0
24601,146.966301,0
24602,140.680714,0
24603,146.974588,0
24604,139.068166,0
24605,162.910817,0
24606,147.101380,0
24607,142.453969,0
24608,142.447933,0
24609,142.458906,0
24610,142.458906,0
24611,142.457806,0
24612,142.571437,0
24613,142.580681,0
24614,142.580700,0
24615,142.580738,0
24616,142.571578,0
24617,142.571627,0
24618,142.580833,0
24619,142.580846,0
24620,142.580865,0
24621,142.571909,0
24622,142.581646,0
24623,142.581659,0
24624,142.581665,0
24625,142.581678,0
24626,142.579002,0
24627,142.580536,0
24628,142.580536,0
24629,162.525635,0
24630,147.101680,0
24631,146.966686,0
24632,142.003676,0
24633,141.342570,0
24634,147.020945,0
24635,139.784757,0
24636,139.784757,0
24637,139.784757,0
24638,139.782272,0
24639,163.570950,0
24640,163.572187,0
24641,163.570809,0
24642,162.910296,0
24643,162.910158,0
24644,162.911315,0
24645,139.546765,0
24646,139.547080,0
24647,139.546500,0
24648,163.642817,0
24649,163.644108,0
24650,163.643128,0
24651,140.690520,0
24652,162.408405,0
24653,162.408316,0
24654,162.408436,0
24655,162.913269,0
24656,139.256874,0
24657,162.693167,0
24658,162.693539,0
24659,162.693434,0
24660,163.065837,0
24661,138.813665,0
24662,138.814960,0
24663,139.066059,0
24664,162.911537,0
24665,140.435380,0
24666,140.435380,0
24667,139.173012,0
24668,139.064927,0
24669,139.067787,0
24670,140.857092,0
24671,140.857092,0
24672,140.195453,0
24673,139.985355,0
24674,139.987216,0
24675,139.983535,0
24676,139.977637,0
24677,139.985024,0
24678,140.355070,0
24679,139.982702,0
24680,139.985825,0
24681,139.982773,0
24682,139.983630,0
24683,139.984495,0
24684,139.984495,0
24685,139.984495,0
24686,139.985365,0
24687,139.983630,0
24688,139.978736,0
24689,139.978736,0
24690,139.984495,0
24691,140.356087,0
24692,139.448764,0
24693,140.053286,0
24694,140.516115,0
24695,140.518741,0
24696,140.602411,0
24697,138.105154,0
24698,138.198002,0
24699,139.391170,0
24700,141.443969,0
24701,162.408354,0
24702,162.408354,0
24703,139.986503,0
24704,139.492440,0
24705,139.492903,0
24706,139.493095,0
24707,139.490091,0
24708,138.565039,0
24709,138.361963,0
24710,140.588886,0
24711,139.254184,0
24712,139.064282,0
24713,141.243655,0
24714,141.243655,0
24715,141.243655,0
24716,139.253816,0
24717,139.254452,0
24718,140.512408,0
24719,139.099025,0
24720,138.361001,0
24721,141.238122,0
24722,141.264950,0
24723,141.868988,0
24724,141.265533,0
24725,143.854393,0
24726,144.277799,0
24727,142.240720,0
24728,163.428132,0
24729,163.429556,0
24730,141.555502,0
24731,141.267953,0
24732,141.267800,0
24733,141.268895,0
24734,141.267800,0
24735,163.426417,0
24736,163.090539,0
24737,163.293563,0
24738,141.266197,0
24739,141.266197,0
24740,141.878090,0
24741,141.541937,0
24742,141.040458,0
24743,141.267897,0
24744,141.270266,0
24745,141.267327,0
24746,145.583629,0
24747,145.590443,0
24748,145.599830,0
24749,145.600434,0
24750,145.591108,0
24751,145.590239,0
24752,145.592417,0
24753,162.377201,0
24754,162.798454,0
24755,162.800550,0
24756,142.098004,0
24757,163.656644,0
24758,163.028200,0
24759,162.801131,0
24760,142.100344,0
24761,142.175901,0
24762,141.878901,0
24763,141.879024,0
24764,142.174786,0
24765,163.089890,0
24766,141.874029,0
24767,141.553607,0
24768,141.553607,0
24769,141.879797,0
24770,141.552475,0
24771,141.268972,0
24772,141.268972,0
24773,141.268972,0
24774,141.549028,0
24775,140.638554,0
24776,163.360691,0
24777,163.360925,0
24778,141.884059,0
24779,163.426789,0
24780,163.432269,0
24781,141.266196,0
24782,141.039175,0
24783,141.038968,0
24784,141.035648,0
24785,141.038968,0
24786,141.040190,0
24787,141.267172,0
24788,141.267324,0
24789,141.267324,0
24790,141.267011,0
24791,145.725892,0
24792,163.091128,0
24793,143.660020,0
24794,145.725892,0
24795,165.402532,0
24796,141.267198,0
24797,141.267099,0
24798,141.267375,0
24799,141.267375,0
24800,141.267316,0
24801,141.266313,0
24802,141.267117,0
24803,158.322776,0
24804,888.373479,0
24805,359.029573,0
24806,355.674411,0
24807,299.497781,0
24808,307.828706,0
24809,307.996733,0
24810,387.855294,0
24811,298.831119,0
24812,307.822978,0
24813,299.496483,0
24814,299.078572,0
24815,387.843367,0
24816,299.788375,0
24817,301.100566,0
24818,300.122750,0
24819,300.510229,0
24820,389.170962,0
24821,429.578591,0
24822,300.444944,0
24823,301.587964,0
24824,301.553128,0
24825,298.897307,0
24826,301.103694,0
24827,307.957239,0
24828,307.830122,0
24829,301.564552,0
24830,299.785640,0
24831,299.785507,0
24832,299.496390,0
24833,387.857711,0
24834,298.939115,0
24835,387.886954,0
24836,307.828629,0
24837,299.690924,0
24838,299.842210,0
24839,299.841128,0
24840,387.883739,0
24841,299.262347,0
24842,303.075000,0
24843,301.176387,0
24844,307.970707,0
24845,387.843266,0
24846,299.500145,0
24847,307.820099,0
24848,387.843337,0
24849,298.833476,0
24850,307.833366,0
24851,299.784251,0
24852,299.783720,0
24853,299.783796,0
24854,308.289351,0
24855,300.124066,0
24856,299.496782,0
24857,301.416429,0
24858,301.502739,0
24859,301.416504,0
24860,301.417119,0
24861,301.418150,0
24862,299.787453,0
24863,299.503900,0
24864,299.497004,0
24865,299.744383,0
24866,299.742395,0
24867,299.078390,0
24868,299.077532,0
24869,307.893829,0
24870,299.261268,0
24871,308.828874,0
24872,303.741074,0
24873,303.740966,0
24874,387.846201,0
24875,303.063674,0
24876,299.503170,0
24877,302.780188,0
24878,298.823990,0
24879,307.821507,0
24880,307.831433,0
24881,307.822785,0
24882,303.980982,0
24883,305.349326,0
24884,305.297708,0
24885,306.948802,0
24886,307.607037,0
24887,304.235428,0
24888,304.085561,0
24889,303.949259,0
24890,306.756841,0
24891,305.600595,0
24892,303.820942,0
24893,308.248979,0
24894,325.146941,0
24895,307.786777,0
24896,306.839172,0
24897,307.044491,0
24898,307.044491,0
24899,326.192100,0
24900,984.989692,0
24901,985.024936,0
24902,515.851208,0
24903,515.307912,0
24904,515.529364,0
24905,515.618831,0
24906,408.985476,0
24907,412.208180,0
24908,408.865473,0
24909,433.640129,0
24910,526.455266,0
24911,412.208309,0
24912,417.838883,0
24913,522.518465,0
24914,410.920042,0
24915,410.927204,0
24916,410.933793,0
24917,410.338579,0
24918,410.419560,0
24919,417.893882,0
24920,409.585044,0
24921,409.670060,0
24922,409.333171,0
24923,417.840564,0
24924,539.526741,0
24925,411.221373,0
24926,409.335300,0
24927,409.335290,0
24928,418.025986,0
24929,418.154690,0
24930,409.133892,0
24931,409.134439,0
24932,409.137013,0
24933,408.994749,0
24934,408.841233,0
24935,417.867736,0
24936,417.999647,0
24937,408.887438,0
24938,526.455999,0
24939,526.336697,0
24940,526.456923,0
24941,526.457069,0
24942,497.866396,0
24943,409.134565,0
24944,408.839677,0
24945,434.513434,0
24946,434.513434,0
24947,417.864641,0
24948,411.217000,0
24949,408.908015,0
24950,417.979203,0
24951,417.897654,0
24952,409.886361,0
24953,410.634822,0
24954,420.544803,0
24955,409.883493,0
24956,413.569501,0
24957,413.571591,0
24958,413.575328,0
24959,409.883898,0
24960,409.585326,0
24961,417.837003,0
24962,410.713460,0
24963,410.713460,0
24964,410.715098,0
24965,417.834407,0
24966,417.835116,0
24967,409.707493,0
24968,408.867754,0
24969,416.507246,0
24970,416.510048,0
24971,415.343406,0
24972,418.730603,0
24973,440.036940,0
24974,416.590462,0
24975,416.514406,0
24976,1639.632355,1
24977,1160.546756,1
24978,376.324011,0
24979,374.261773,0
24980,382.439881,0
24981,382.440971,0
24982,376.218413,0
24983,376.223962,0
24984,376.223962,0
24985,376.219626,0
24986,376.219979,0
24987,373.904923,0
24988,373.904923,0
24989,377.552451,0
24990,376.600516,0
24991,382.439463,0
24992,374.288668,0
24993,374.288088,0
24994,377.620501,0
24995,377.491179,0
24996,376.905206,0
24997,376.905206,0
24998,376.905963,0
24999,374.146660,0
25000,374.147047,0
25001,375.176014,0
25002,375.176014,0
25003,503.916081,0
25004,374.442129,0
25005,376.899029,0
25006,376.906020,0
25007,376.207426,0
25008,382.484823,0
25009,373.904611,0
25010,375.178558,0
25011,743.997303,0
25012,376.414146,0
25013,399.238500,0
25014,375.386957,0
25015,375.383368,0
25016,375.450807,0
25017,375.452288,0
25018,375.452288,0
25019,398.705863,0
25020,375.452667,0
25021,375.451672,0
25022,376.056612,0
25023,375.983300,0
25024,376.148980,0
25025,376.904932,0
25026,376.903382,0
25027,376.906847,0
25028,376.906428,0
25029,376.906369,0
25030,399.241040,0
25031,376.412517,0
25032,399.092055,0
25033,375.627707,0
25034,399.162534,0
25035,399.019527,0
25036,376.797522,0
25037,374.146685,0
25038,382.438055,0
25039,377.489575,0
25040,381.652329,0
25041,380.564980,0
25042,379.354978,0
25043,379.863981,0
25044,382.407772,0
25045,382.407887,0
25046,380.228754,0
25047,403.749961,0
25048,383.593046,0
25049,383.596915,0
25050,378.889208,0
25051,380.232652,0
25052,382.414743,0
25053,427.353767,0
25054,1124.182125,1
25055,2870.198360,1
25056,829.570629,0
25057,1627.833337,1
25058,1630.600742,1
25059,1629.301499,1
25060,1629.379371,1
25061,1629.379515,1
25062,1629.382250,1
25063,1629.381264,1
25064,1629.383302,1
25065,1629.454669,1
25066,1629.610792,1
25067,1629.612338,1
25068,1629.608441,1
25069,1629.611001,1
25070,1629.857882,1
25071,1630.215000,1
25072,1630.216170,1
25073,1630.216170,1
25074,1630.211774,1
25075,528.620951,0
25076,536.031949,0
25077,536.031193,0
25078,536.033461,0
25079,643.458473,0
25080,527.115009,0
25081,552.070735,0
25082,530.390598,0
25083,527.897439,0
25084,529.145672,0
25085,529.144062,0
25086,531.155546,0
25087,531.157922,0
25088,535.863965,0
25089,529.373794,0
25090,535.863965,0
25091,526.934227,0
25092,528.856732,0
25093,527.883984,0
25094,530.287873,0
25095,529.527332,0
25096,531.401293,0
25097,528.036949,0
25098,528.849630,0
25099,529.626474,0
25100,536.791073,0
25101,531.154336,0
25102,535.856264,0
25103,529.147039,0
25104,535.903208,0
25105,528.989903,0
25106,527.020226,0
25107,531.410487,0
25108,529.859555,0
25109,532.707131,0
25110,531.436177,0
25111,553.807262,0
25112,534.667826,0
25113,529.407901,0
25114,531.655291,0
25115,553.921154,0
25116,529.673557,0
25117,529.672995,0
25118,532.711108,0
25119,531.966415,0
25120,534.657735,0
25121,534.657735,0
25122,532.564155,0
25123,531.037386,0
25124,532.753626,0
25125,532.588520,0
25126,532.564411,0
25127,544.236046,0
25128,544.171917,0
25129,1109.865961,1
25130,743.187460,0
25131,743.736167,0
25132,735.610315,0
25133,734.994347,0
25134,743.917185,0
25135,734.907259,0
25136,743.736280,0
25137,743.939201,0
25138,735.115466,0
25139,734.900640,0
25140,744.404261,0
25141,734.789360,0
25142,734.894892,0
25143,735.620397,0
25144,743.727199,0
25145,850.628064,0
25146,734.780094,0
25147,734.780094,0
25148,743.803165,0
25149,735.145545,0
25150,849.145149,0
25151,735.342308,0
25152,735.342308,0
25153,849.660265,0
25154,849.668803,0
25155,735.906931,0
25156,735.087392,0
25157,735.107291,0
25158,734.710217,0
25159,734.737424,0
25160,734.679972,0
25161,743.738160,0
25162,850.348851,0
25163,740.925804,0
25164,740.925804,0
25165,744.500096,0
25166,742.414029,0
25167,752.357775,0
25168,753.330519,0
25169,787.451346,0
25170,2312.412612,1
25171,5859.212833,1
25172,5859.211677,1
25173,5859.089140,1
25174,5858.542247,1
25175,5887.584561,1
25176,132.374128,0
25177,123.423495,0
25178,132.374290,0
25179,132.469860,0
25180,132.470040,0
25181,132.615848,0
25182,123.676070,0
25183,123.676068,0
25184,132.812290,0
25185,132.812290,0
25186,132.374322,0
25187,132.333396,0
25188,253.860198,0
25189,132.332687,0
25190,132.334608,0
25191,132.330714,0
25192,123.374282,0
25193,132.331126,0
25194,132.331059,0
25195,132.330827,0
25196,132.330869,0
25197,132.331059,0
25198,126.208173,0
25199,126.368609,0
25200,132.328899,0
25201,132.469286,0
25202,123.524636,0
25203,123.524636,0
25204,132.469696,0
25205,132.469696,0
25206,132.469747,0
25207,123.384389,0
25208,132.374215,0
25209,132.376048,0
25210,132.470126,0
25211,132.469346,0
25212,123.372152,0
25213,132.328831,0
25214,132.328891,0
25215,132.328891,0
25216,133.291167,0
25217,132.368372,0
25218,132.406128,0
25219,132.655578,0
25220,123.883206,0
25221,123.437490,0
25222,132.349296,0
25223,132.345838,0
25224,124.606837,0
25225,124.606837,0
25226,124.607470,0
25227,124.607722,0
25228,125.017149,0
25229,124.609442,0
25230,124.609268,0
25231,125.010482,0
25232,124.608733,0
25233,126.896511,0
25234,132.634442,0
25235,123.435415,0
25236,124.419098,0
25237,124.419018,0
25238,124.419349,0
25239,125.473293,0
25240,125.619780,0
25241,123.671354,0
25242,132.329614,0
25243,132.615091,0
25244,132.469379,0
25245,123.878405,0
25246,132.339483,0
25247,132.904156,0
25248,132.470061,0
25249,132.469280,0
25250,132.469950,0
25251,123.524109,0
25252,132.470173,0
25253,132.470173,0
25254,125.860621,0
25255,123.524028,0
25256,125.708881,0
25257,125.708166,0
25258,128.041535,0
25259,128.037405,0
25260,125.268907,0
25261,125.270133,0
25262,125.335790,0
25263,125.340490,0
25264,125.339245,0
25265,125.339245,0
25266,125.342153,0
25267,127.107962,0
25268,125.625537,0
25269,124.281824,0
25270,124.195797,0
25271,124.282680,0
25272,124.417417,0
25273,124.526229,0
25274,125.627156,0
25275,124.567655,0
25276,124.606357,0
25277,124.418788,0
25278,125.644707,0
25279,127.309338,0
25280,132.481101,0
25281,123.536476,0
25282,132.904146,0
25283,124.281712,0
25284,125.466368,0
25285,125.399892,0
25286,125.394711,0
25287,124.121208,0
25288,125.553635,0
25289,148.469293,0
25290,149.351483,0
25291,149.352723,0
25292,124.651281,0
25293,133.004359,0
25294,125.941489,0
25295,124.741475,0
25296,132.904164,0
25297,125.409879,0
25298,125.408921,0
25299,125.406498,0
25300,124.603910,0
25301,126.398455,0
25302,124.603910,0
25303,125.780535,0
25304,124.418033,0
25305,125.857182,0
25306,125.778071,0
25307,124.606115,0
25308,148.581487,0
25309,124.844548,0
25310,148.581459,0
25311,148.582133,0
25312,148.582133,0
25313,148.582050,0
25314,124.845083,0
25315,124.844342,0
25316,124.744169,0
25317,124.025492,0
25318,124.131105,0
25319,124.434318,0
25320,123.879903,0
25321,123.878675,0
25322,123.878808,0
25323,124.607659,0
25324,124.607860,0
25325,148.581870,0
25326,124.133464,0
25327,124.844478,0
25328,148.582078,0
25329,124.844328,0
25330,148.582804,0
25331,147.814609,0
25332,123.878398,0
25333,123.878524,0
25334,124.131746,0
25335,124.843693,0
25336,149.116698,0
25337,148.221997,0
25338,148.267715,0
25339,148.267353,0
25340,148.266847,0
25341,148.415679,0
25342,124.695273,0
25343,148.415679,0
25344,148.098275,0
25345,148.524436,0
25346,123.878665,0
25347,123.878665,0
25348,132.812558,0
25349,148.525348,0
25350,148.524589,0
25351,132.615937,0
25352,123.833890,0
25353,123.694053,0
25354,123.669698,0
25355,132.390101,0
25356,132.329110,0
25357,123.676365,0
25358,133.430323,0
25359,132.469858,0
25360,132.811541,0
25361,125.629278,0
25362,125.699805,0
25363,152.674830,0
25364,152.674830,0
25365,130.947387,0
25366,131.390743,0
25367,131.387813,0
25368,131.747282,0
25369,132.938741,0
25370,130.622763,0
25371,128.905546,0
25372,128.904809,0
25373,128.905948,0
25374,128.905948,0
25375,128.905431,0
25376,128.403721,0
25377,128.402332,0
25378,150.080321,0
25379,131.215949,0
25380,128.905376,0
25381,130.721730,0
25382,129.771400,0
25383,128.627249,0
25384,128.628655,0
25385,128.628997,0
25386,129.028199,0
25387,129.030952,0
25388,129.030952,0
25389,128.906698,0
25390,128.402281,0
25391,128.402865,0
25392,128.403295,0
25393,128.402295,0
25394,151.177821,0
25395,152.906971,0
25396,150.703424,0
25397,132.381079,0
25398,150.700742,0
25399,129.236847,0
25400,129.874005,0
25401,129.237135,0
25402,129.236074,0
25403,150.560481,0
25404,150.562024,0
25405,130.321311,0
25406,130.332269,0
25407,128.906766,0
25408,132.936779,0
25409,128.906778,0
25410,128.929301,0
25411,130.860252,0
25412,132.386420,0
25413,129.530081,0
25414,134.775507,0
25415,134.775507,0
25416,134.775507,0
25417,152.914047,0
25418,178.255168,0
25419,2443.952073,1
25420,2451.805576,1
25421,2451.784980,1
25422,2451.823547,1
25423,2451.824187,1
25424,2451.729122,1
25425,2451.861540,1
25426,2452.000703,1
25427,2557.359301,1
25428,2447.799675,1
25429,2447.804360,1
25430,2447.523387,1
25431,14642.192976,1
25432,15315.390411,1
25433,548.222141,0
25434,434.138055,0
25435,434.132585,0
25436,442.763467,0
25437,435.538961,0
25438,434.657757,0
25439,436.820875,0
25440,435.979485,0
25441,435.979485,0
25442,434.595377,0
25443,442.763356,0
25444,437.218480,0
25445,442.808737,0
25446,434.657968,0
25447,434.657745,0
25448,434.895283,0
25449,442.764581,0
25450,442.763490,0
25451,442.763148,0
25452,442.801714,0
25453,442.816179,0
25454,434.753174,0
25455,442.767415,0
25456,434.656945,0
25457,442.766514,0
25458,442.816640,0
25459,442.816640,0
25460,442.815897,0
25461,442.817677,0
25462,437.112320,0
25463,433.802993,0
25464,442.763212,0
25465,433.798753,0
25466,434.258656,0
25467,442.919036,0
25468,443.076281,0
25469,433.797480,0
25470,436.375981,0
25471,434.895389,0
25472,442.919895,0
25473,442.810988,0
25474,433.858395,0
25475,442.762154,0
25476,435.183463,0
25477,436.546429,0
25478,435.907501,0
25479,437.016326,0
25480,437.016326,0
25481,433.788334,0
25482,463.193670,0
25483,438.301356,0
25484,439.741351,0
25485,442.185302,0
25486,462.716923,0
25487,442.320150,0
25488,441.095782,0
25489,441.689328,0
25490,461.581456,0
25491,438.300552,0
25492,441.246346,0
25493,441.551667,0
25494,441.248963,0
25495,441.398546,0
25496,441.242205,0
25497,438.469250,0
25498,1122.265615,1
25499,813.473668,0
25500,650.388878,0
25501,547.883912,0
25502,633.945673,0
25503,661.393270,0
25504,553.901683,0
25505,553.904454,0
25506,554.053574,0
25507,553.750659,0
25508,545.766396,0
25509,553.749897,0
25510,547.908622,0
25511,547.597873,0
25512,545.222810,0
25513,553.753486,0
25514,569.217108,0
25515,569.217108,0
25516,553.750761,0
25517,549.545400,0
25518,549.541361,0
25519,549.541131,0
25520,547.250458,0
25521,553.899558,0
25522,548.073272,0
25523,548.067934,0
25524,548.073528,0
25525,546.797072,0
25526,569.216892,0
25527,569.216892,0
25528,569.216892,0
25529,548.890511,0
25530,570.551749,0
25531,547.690212,0
25532,547.688798,0
25533,554.255225,0
25534,569.217372,0
25535,546.874409,0
25536,546.873310,0
25537,553.750750,0
25538,553.751126,0
25539,548.175083,0
25540,545.818946,0
25541,553.749450,0
25542,546.134566,0
25543,554.176490,0
25544,554.053698,0
25545,553.703676,0
25546,550.667068,0
25547,550.845899,0
25548,552.324880,0
25549,553.524168,0
25550,551.359936,0
25551,551.088921,0
25552,599.067411,0
25553,1231.494102,1
25554,762.753101,0
25555,88.772024,0
25556,88.772024,0
25557,64.998724,0
25558,64.999341,0
25559,64.999341,0
25560,64.999341,0
25561,64.999341,0
25562,64.999475,0
25563,64.998859,0
25564,64.998859,0
25565,66.282754,0
25566,66.381542,0
25567,66.289561,0
25568,64.990919,0
25569,64.989778,0
25570,64.989461,0
25571,64.990267,0
25572,64.989645,0
25573,65.350116,0
25574,64.986581,0
25575,64.995134,0
25576,64.990302,0
25577,88.765673,0
25578,64.995527,0
25579,65.132820,0
25580,65.130967,0
25581,65.131839,0
25582,65.203373,0
25583,65.133572,0
25584,65.133582,0
25585,65.133572,0
25586,65.749439,0
25587,65.749439,0
25588,65.749439,0
25589,64.805637,0
25590,64.805637,0
25591,72.749406,0
25592,72.854127,0
25593,72.854127,0
25594,64.868456,0
25595,64.866178,0
25596,64.869004,0
25597,64.995059,0
25598,63.921124,0
25599,64.931030,0
25600,64.639548,0
25601,64.751828,0
25602,64.751828,0
25603,64.642681,0
25604,88.378655,0
25605,72.606029,0
25606,72.606029,0
25607,72.264046,0
25608,72.264046,0
25609,63.313826,0
25610,63.313583,0
25611,66.798436,0
25612,64.987974,0
25613,65.911808,0
25614,64.211529,0
25615,72.264007,0
25616,66.002512,0
25617,72.749622,0
25618,64.692095,0
25619,63.920702,0
25620,64.692015,0
25621,65.344441,0
25622,63.175982,0
25623,72.129739,0
25624,72.124430,0
25625,64.936248,0
25626,64.936248,0
25627,72.129628,0
25628,63.310813,0
25629,72.914465,0
25630,72.169602,0
25631,65.572865,0
25632,65.572797,0
25633,65.910979,0
25634,72.172751,0
25635,72.168564,0
25636,65.571702,0
25637,65.938148,0
25638,72.129750,0
25639,72.171785,0
25640,72.264566,0
25641,64.987174,0
25642,65.339833,0
25643,65.338013,0
25644,65.271951,0
25645,65.201335,0
25646,65.917978,0
25647,65.830099,0
25648,65.573283,0
25649,65.576851,0
25650,64.213719,0
25651,64.400802,0
25652,64.073614,0
25653,64.077579,0
25654,64.077514,0
25655,64.076541,0
25656,64.076470,0
25657,64.076470,0
25658,72.299528,0
25659,64.401739,0
25660,64.401086,0
25661,64.213477,0
25662,64.213717,0
25663,64.076518,0
25664,72.168837,0
25665,63.212208,0
25666,64.074074,0
25667,64.966591,0
25668,63.666895,0
25669,63.227309,0
25670,63.227648,0
25671,63.988900,0
25672,65.268069,0
25673,65.267949,0
25674,65.267949,0
25675,64.075025,0
25676,72.169128,0
25677,63.937047,0
25678,66.030414,0
25679,75.141064,0
25680,72.228559,0
25681,64.397831,0
25682,72.606479,0
25683,63.658929,0
25684,65.434506,0
25685,64.429437,0
25686,65.195886,0
25687,64.400174,0
25688,72.264592,0
25689,72.264592,0
25690,63.319417,0
25691,66.483641,0
25692,64.210600,0
25693,64.804664,0
25694,65.271283,0
25695,66.187702,0
25696,63.160038,0
25697,72.290460,0
25698,63.214101,0
25699,63.214101,0
25700,63.214101,0
25701,65.344402,0
25702,72.169818,0
25703,63.160383,0
25704,63.160383,0
25705,72.652994,0
25706,72.129046,0
25707,66.905130,0
25708,66.188125,0
25709,63.226240,0
25710,72.126269,0
25711,72.128862,0
25712,63.159269,0
25713,64.075253,0
25714,64.073477,0
25715,64.075253,0
25716,64.075253,0
25717,66.580218,0
25718,65.533842,0
25719,72.168928,0
25720,72.124275,0
25721,72.168963,0
25722,72.168878,0
25723,72.168878,0
25724,72.133044,0
25725,64.076405,0
25726,67.098507,0
25727,67.098507,0
25728,65.056879,0
25729,63.227455,0
25730,63.660067,0
25731,72.448476,0
25732,152.482396,0
25733,72.909435,0
25734,72.128687,0
25735,63.314544,0
25736,63.658894,0
25737,64.400070,0
25738,64.812839,0
25739,64.211176,0
25740,72.129086,0
25741,72.410096,0
25742,72.177090,0
25743,72.411596,0
25744,72.289299,0
25745,72.169148,0
25746,72.128864,0
25747,72.130754,0
25748,72.447112,0
25749,63.161363,0
25750,72.305642,0
25751,63.164267,0
25752,72.128940,0
25753,66.047055,0
25754,63.210853,0
25755,72.168912,0
25756,64.212788,0
25757,65.264477,0
25758,65.730988,0
25759,63.989348,0
25760,72.657636,0
25761,72.657636,0
25762,72.293658,0
25763,73.225291,0
25764,434.045594,0
25765,63.458778,0
25766,434.046637,0
25767,64.077864,0
25768,72.187350,0
25769,63.910375,0
25770,64.074921,0
25771,63.209771,0
25772,72.652762,0
25773,64.562533,0
25774,72.125248,0
25775,63.989318,0
25776,63.989318,0
25777,65.656752,0
25778,63.212813,0
25779,72.171800,0
25780,63.162131,0
25781,65.822049,0
25782,63.160999,0
25783,72.123856,0
25784,72.123832,0
25785,63.309490,0
25786,63.988582,0
25787,72.273592,0
25788,72.202287,0
25789,433.744797,0
25790,63.911709,0
25791,66.580626,0
25792,66.585319,0
25793,66.580670,0
25794,72.652595,0
25795,433.143870,0
25796,63.159496,0
25797,63.159496,0
25798,72.446243,0
25799,152.220139,0
25800,64.531978,0
25801,63.987149,0
25802,63.659718,0
25803,65.273164,0
25804,72.653232,0
25805,64.323168,0
25806,176.817988,0
25807,433.293971,0
25808,63.465695,0
25809,64.213529,0
25810,64.213653,0
25811,64.213653,0
25812,64.213653,0
25813,64.213653,0
25814,64.401013,0
25815,64.399947,0
25816,64.401170,0
25817,64.401893,0
25818,64.639909,0
25819,64.639909,0
25820,64.639236,0
25821,64.639236,0
25822,64.639236,0
25823,64.639236,0
25824,65.058156,0
25825,433.494207,0
25826,64.993239,0
25827,65.128285,0
25828,72.264483,0
25829,72.264483,0
25830,72.265340,0
25831,64.218789,0
25832,65.051882,0
25833,67.097643,0
25834,67.097773,0
25835,64.538073,0
25836,88.213472,0
25837,88.213472,0
25838,88.213470,0
25839,88.162002,0
25840,88.162002,0
25841,88.162026,0
25842,88.162012,0
25843,65.265608,0
25844,65.346666,0
25845,88.213767,0
25846,65.265637,0
25847,65.265637,0
25848,63.168145,0
25849,65.411709,0
25850,65.273452,0
25851,65.419420,0
25852,65.415366,0
25853,65.129326,0
25854,87.894618,0
25855,87.729331,0
25856,87.728404,0
25857,63.314659,0
25858,88.111401,0
25859,72.415517,0
25860,72.607028,0
25861,64.400885,0
25862,65.270218,0
25863,64.490622,0
25864,64.490252,0
25865,65.125447,0
25866,64.402484,0
25867,64.401668,0
25868,64.402381,0
25869,64.927511,0
25870,64.400599,0
25871,72.346020,0
25872,63.313763,0
25873,72.265116,0
25874,63.212084,0
25875,64.212148,0
25876,64.212161,0
25877,63.465576,0
25878,63.465487,0
25879,87.894532,0
25880,87.895395,0
25881,88.112937,0
25882,88.112937,0
25883,65.197463,0
25884,65.197463,0
25885,63.460870,0
25886,87.895375,0
25887,72.411296,0
25888,65.413651,0
25889,87.895312,0
25890,63.667822,0
25891,63.465594,0
25892,63.465594,0
25893,63.465450,0
25894,65.344200,0
25895,72.409552,0
25896,87.894741,0
25897,64.980260,0
25898,87.895433,0
25899,87.895265,0
25900,63.328030,0
25901,87.895314,0
25902,87.895203,0
25903,66.096497,0
25904,65.913445,0
25905,65.913445,0
25906,66.284340,0
25907,66.280957,0
25908,64.401374,0
25909,64.214070,0
25910,64.212706,0
25911,64.211858,0
25912,63.212874,0
25913,65.274389,0
25914,64.215814,0
25915,63.661374,0
25916,72.125297,0
25917,64.319787,0
25918,64.319787,0
25919,72.852437,0
25920,72.606175,0
25921,65.938456,0
25922,72.410030,0
25923,72.409733,0
25924,63.465938,0
25925,63.667987,0
25926,66.094517,0
25927,64.639647,0
25928,65.825246,0
25929,66.187920,0
25930,66.186764,0
25931,91.178788,0
25932,69.698554,0
25933,69.698554,0
25934,91.082897,0
25935,90.844175,0
25936,69.602558,0
25937,69.377374,0
25938,69.377374,0
25939,71.488743,0
25940,69.228671,0
25941,91.002632,0
25942,91.002632,0
25943,91.002632,0
25944,91.002632,0
25945,91.080477,0
25946,92.895871,0
25947,68.398659,0
25948,92.328353,0
25949,92.222675,0
25950,91.910815,0
25951,91.912941,0
25952,92.116766,0
25953,92.117718,0
25954,91.915007,0
25955,68.398150,0
25956,70.718037,0
25957,68.624548,0
25958,90.234695,0
25959,93.017928,0
25960,70.036766,0
25961,71.385138,0
25962,70.220987,0
25963,68.628609,0
25964,68.100954,0
25965,73.070659,0
25966,91.002742,0
25967,91.162616,0
25968,91.168522,0
25969,68.224219,0
25970,68.398722,0
25971,71.739990,0
25972,68.224664,0
25973,93.138680,0
25974,93.138680,0
25975,69.792842,0
25976,68.025406,0
25977,68.223698,0
25978,71.628787,0
25979,72.926085,0
25980,91.614978,0
25981,69.686423,0
25982,71.155161,0
25983,73.071204,0
25984,73.071204,0
25985,68.227574,0
25986,71.297495,0
25987,71.383502,0
25988,93.263252,0
25989,93.262840,0
25990,71.022702,0
25991,91.341630,0
25992,91.252614,0
25993,92.558535,0
25994,68.626451,0
25995,68.625411,0
25996,92.662227,0
25997,92.217328,0
25998,93.019589,0
25999,92.661169,0
26000,69.028202,0
26001,69.028202,0
26002,91.703557,0
26003,91.902595,0
26004,93.382484,0
26005,68.397614,0
26006,68.912039,0
26007,68.398126,0
26008,90.066582,0
26009,90.070822,0
26010,68.623643,0
26011,68.627014,0
26012,68.402577,0
26013,68.627841,0
26014,68.627841,0
26015,90.358216,0
26016,68.903717,0
26017,71.389593,0
26018,68.626585,0
26019,70.722235,0
26020,72.931559,0
26021,70.719359,0
26022,68.629875,0
26023,70.618008,0
26024,68.626956,0
26025,69.607026,0
26026,69.605947,0
26027,69.528082,0
26028,70.224264,0
26029,70.936421,0
26030,68.904617,0
26031,70.220350,0
26032,70.220350,0
26033,68.627051,0
26034,82.023071,0
26035,1719.111138,1
26036,291.660850,0
26037,439.079787,0
26038,287.232298,0
26039,737.102067,0
26040,701.906432,0
26041,701.904583,0
26042,701.904389,0
26043,701.175070,0
26044,701.904919,0
26045,701.907013,0
26046,709.918526,0
26047,709.968427,0
26048,704.355265,0
26049,702.775127,0
26050,701.904668,0
26051,709.968099,0
26052,701.296043,0
26053,710.072391,0
26054,702.913083,0
26055,702.239852,0
26056,701.956269,0
26057,702.238291,0
26058,710.419064,0
26059,701.538526,0
26060,704.662180,0
26061,701.068456,0
26062,701.068456,0
26063,710.218163,0
26064,701.331337,0
26065,703.614092,0
26066,703.838726,0
26067,703.841390,0
26068,703.613466,0
26069,703.611378,0
26070,703.432049,0
26071,703.432049,0
26072,725.678783,0
26073,703.613993,0
26074,704.605165,0
26075,703.842966,0
26076,703.845555,0
26077,704.123893,0
26078,704.126469,0
26079,703.315253,0
26080,703.842585,0
26081,703.432444,0
26082,757.261598,0
26083,763.233161,0
26084,754.644380,0
26085,754.644380,0
26086,756.664529,0
26087,754.989948,0
26088,763.239940,0
26089,755.542051,0
26090,763.169151,0
26091,869.361574,0
26092,763.645868,0
26093,758.124587,0
26094,758.121859,0
26095,754.541146,0
26096,754.871749,0
26097,869.053948,0
26098,763.525709,0
26099,754.974018,0
26100,755.203020,0
26101,755.542564,0
26102,763.647508,0
26103,763.317190,0
26104,763.159539,0
26105,754.364791,0
26106,763.263167,0
26107,754.333520,0
26108,763.170392,0
26109,758.397797,0
26110,758.395068,0
26111,782.715608,0
26112,782.953899,0
26113,782.953899,0
26114,782.940339,0
26115,782.949751,0
26116,782.949836,0
26117,782.950007,0
26118,782.950092,0
26119,758.983308,0
26120,761.126944,0
26121,338.889619,0
26122,337.775089,0
26123,337.187237,0
26124,345.804454,0
26125,336.680809,0
26126,336.706693,0
26127,337.174660,0
26128,336.561270,0
26129,337.240567,0
26130,338.068612,0
26131,337.004198,0
26132,339.414527,0
26133,453.824326,0
26134,451.181183,0
26135,337.475285,0
26136,336.393389,0
26137,336.394240,0
26138,453.957163,0
26139,336.879899,0
26140,345.359464,0
26141,336.552168,0
26142,345.612129,0
26143,345.605384,0
26144,336.706845,0
26145,336.879159,0
26146,339.092708,0
26147,339.092708,0
26148,338.891439,0
26149,345.760164,0
26150,345.849535,0
26151,345.760415,0
26152,345.604704,0
26153,345.605128,0
26154,345.604669,0
26155,345.605181,0
26156,345.946924,0
26157,345.604846,0
26158,345.456806,0
26159,345.458130,0
26160,345.462032,0
26161,336.393777,0
26162,345.359657,0
26163,425.530462,0
26164,345.861650,0
26165,345.819352,0
26166,338.028895,0
26167,336.562117,0
26168,338.151984,0
26169,338.151984,0
26170,338.151868,0
26171,338.029343,0
26172,345.358955,0
26173,345.718738,0
26174,345.400026,0
26175,345.400026,0
26176,340.035324,0
26177,343.039334,0
26178,340.343829,0
26179,340.866593,0
26180,340.866593,0
26181,344.059146,0
26182,340.960907,0
26183,343.090328,0
26184,343.927981,0
26185,339.646899,0
26186,339.875235,0
26187,340.864805,0
26188,397.405014,0
26189,339.345040,0
26190,340.155647,0
26191,340.155647,0
26192,341.233489,0
26193,344.349145,0
26194,339.874359,0
26195,339.874900,0
26196,342.770607,0
26197,342.891387,0
26198,343.258872,0
26199,340.482610,0
26200,340.486408,0
26201,340.158766,0
26202,340.704360,0
26203,343.917900,0
26204,340.863970,0
26205,340.864335,0
26206,340.784437,0
26207,2894.249225,1
26208,1994.586497,1
26209,1279.397733,1
26210,1279.413465,1
26211,1277.868680,1
26212,1277.365496,1
26213,1285.940571,1
26214,1285.940653,1
26215,1285.959723,1
26216,1277.364405,1
26217,1285.959181,1
26218,1277.618747,1
26219,1277.867814,1
26220,1277.189724,1
26221,1277.190212,1
26222,1278.313090,1
26223,1280.622818,1
26224,1282.027848,1
26225,1282.027848,1
26226,1280.154552,1
26227,1284.277462,1
26228,1283.542506,1
26229,1285.523567,1
26230,1294.373482,1
26231,6563.644850,1
26232,311.863791,0
26233,311.562646,0
26234,312.884173,0
26235,311.562963,0
26236,311.816675,0
26237,320.153996,0
26238,320.153981,0
26239,320.011144,0
26240,320.057803,0
26241,320.057593,0
26242,320.057813,0
26243,320.059396,0
26244,311.991937,0
26245,320.301138,0
26246,336.880843,0
26247,320.057437,0
26248,335.778281,0
26249,311.562074,0
26250,311.359021,0
26251,320.498725,0
26252,320.498377,0
26253,311.260561,0
26254,311.560481,0
26255,320.010961,0
26256,311.204862,0
26257,320.155405,0
26258,320.015585,0
26259,320.015464,0
26260,320.156660,0
26261,320.011082,0
26262,312.295056,0
26263,311.048086,0
26264,311.056018,0
26265,312.090256,0
26266,311.339907,0
26267,311.794088,0
26268,313.032951,0
26269,315.130071,0
26270,311.049004,0
26271,311.541273,0
26272,313.103350,0
26273,400.061672,0
26274,314.288609,0
26275,314.095318,0
26276,320.010942,0
26277,320.011195,0
26278,400.058552,0
26279,320.011195,0
26280,320.012693,0
26281,320.015743,0
26282,313.168403,0
26283,313.027500,0
26284,314.286693,0
26285,313.021627,0
26286,335.778789,0
26287,336.801229,0
26288,314.488670,0
26289,313.240869,0
26290,311.047361,0
26291,311.357024,0
26292,313.246069,0
26293,313.245912,0
26294,311.356726,0
26295,311.356229,0
26296,335.779234,0
26297,313.557470,0
26298,313.558413,0
26299,315.136563,0
26300,315.749620,0
26301,313.552592,0
26302,320.010957,0
26303,313.172044,0
26304,320.162927,0
26305,311.356758,0
26306,337.433225,0
26307,340.927818,0
26308,316.690253,0
26309,338.146717,0
26310,318.838729,0
26311,316.409170,0
26312,316.409242,0
26313,321.214288,0
26314,319.664652,0
26315,319.189255,0
26316,318.000524,0
26317,316.411299,0
26318,337.857763,0
26319,318.932624,0
26320,319.420865,0
26321,319.079520,0
26322,319.078497,0
26323,318.003183,0
26324,317.999582,0
26325,318.796865,0
26326,316.011039,0
26327,186.933563,0
26328,178.417467,0
26329,202.857525,0
26330,178.946328,0
26331,181.244078,0
26332,179.285090,0
26333,180.198940,0
26334,180.196814,0
26335,178.417400,0
26336,180.710293,0
26337,186.930183,0
26338,178.417867,0
26339,178.404797,0
26340,203.869846,0
26341,180.686393,0
26342,180.684184,0
26343,178.044826,0
26344,178.044717,0
26345,180.199923,0
26346,178.323815,0
26347,182.189759,0
26348,186.934096,0
26349,178.417829,0
26350,178.049397,0
26351,180.347482,0
26352,186.933725,0
26353,181.341653,0
26354,181.344430,0
26355,181.344430,0
26356,186.934229,0
26357,180.052629,0
26358,180.046978,0
26359,180.046978,0
26360,179.285672,0
26361,179.285052,0
26362,179.285052,0
26363,181.562760,0
26364,179.284782,0
26365,179.284782,0
26366,180.052584,0
26367,180.352255,0
26368,180.195704,0
26369,181.043131,0
26370,180.200708,0
26371,181.048353,0
26372,179.726240,0
26373,180.728505,0
26374,180.728505,0
26375,178.254650,0
26376,202.685159,0
26377,178.656508,0
26378,186.973529,0
26379,202.465340,0
26380,179.541520,0
26381,180.517667,0
26382,182.189856,0
26383,182.189840,0
26384,180.880656,0
26385,202.472462,0
26386,186.929584,0
26387,181.933903,0
26388,178.947403,0
26389,180.951771,0
26390,180.355115,0
26391,186.928395,0
26392,179.292715,0
26393,181.246224,0
26394,181.147693,0
26395,181.700282,0
26396,181.145768,0
26397,181.141768,0
26398,180.771503,0
26399,180.735551,0
26400,180.709772,0
26401,186.934414,0
26402,180.717850,0
26403,187.652149,0
26404,180.952213,0
26405,178.418908,0
26406,181.047216,0
26407,181.049903,0
26408,181.046504,0
26409,181.653136,0
26410,181.441859,0
26411,179.286767,0
26412,180.745088,0
26413,180.046621,0
26414,179.706228,0
26415,180.665454,0
26416,180.127322,0
26417,180.126248,0
26418,180.126259,0
26419,180.126114,0
26420,180.126114,0
26421,180.126248,0
26422,181.147489,0
26423,178.945910,0
26424,179.286128,0
26425,186.972928,0
26426,181.146659,0
26427,181.145771,0
26428,178.962233,0
26429,181.445403,0
26430,180.199657,0
26431,181.439568,0
26432,178.944082,0
26433,178.947324,0
26434,179.842175,0
26435,180.275062,0
26436,186.990529,0
26437,182.302974,0
26438,206.632088,0
26439,206.391059,0
26440,206.391059,0
26441,186.272688,0
26442,182.035713,0
26443,181.656230,0
26444,182.983331,0
26445,182.304381,0
26446,183.488199,0
26447,181.822853,0
26448,205.604188,0
26449,185.116386,0
26450,184.993987,0
26451,185.110812,0
26452,184.960337,0
26453,184.960337,0
26454,184.991468,0
26455,184.561820,0
26456,182.302062,0
26457,182.054485,0
26458,182.617463,0
26459,184.026043,0
26460,186.329701,0
26461,182.035021,0
26462,186.330410,0
26463,186.330410,0
26464,241.158331,0
26465,204.821924,0
26466,239.379349,0
26467,186.332081,0
26468,181.820673,0
26469,184.653047,0
26470,205.004582,0
26471,206.638146,0
26472,206.638146,0
26473,185.852571,0
26474,185.852571,0
26475,241.156973,0
26476,184.992900,0
26477,184.992900,0
26478,181.821535,0
26479,183.354095,0
26480,184.947827,0
26481,184.754687,0
26482,184.763725,0
26483,206.627923,0
26484,182.616341,0
26485,182.302100,0
26486,195.558129,0
26487,2626.298476,1
26488,394.180132,0
26489,398.082856,0
26490,555.217026,0
26491,1169.832276,1
26492,2279.243445,1
26493,631.363697,0
26494,15341.621953,1
26495,161.286601,0
26496,162.104112,0
26497,162.104112,0
26498,162.104112,0
26499,162.104112,0
26500,162.104112,0
26501,162.104112,0
26502,162.104112,0
26503,162.104112,0
26504,528.395067,0
26505,528.395067,0
26506,159.508021,0
26507,528.744437,0
26508,159.950978,0
26509,158.444640,0
26510,158.444640,0
26511,158.444640,0
26512,158.444640,0
26513,182.633757,0
26514,182.633757,0
26515,182.633757,0
26516,182.662745,0
26517,182.662745,0
26518,182.639073,0
26519,158.911115,0
26520,182.090979,0
26521,182.090979,0
26522,182.090979,0
26523,159.012557,0
26524,160.384978,0
26525,160.571149,0
26526,160.571060,0
26527,158.356664,0
26528,162.100500,0
26529,162.101250,0
26530,162.101250,0
26531,162.101250,0
26532,158.583567,0
26533,528.096608,0
26534,528.096608,0
26535,160.765331,0
26536,158.773599,0
26537,158.773599,0
26538,182.478546,0
26539,158.582004,0
26540,160.383707,0
26541,160.764147,0
26542,160.968219,0
26543,527.403581,0
26544,158.583233,0
26545,158.583233,0
26546,160.205853,0
26547,160.205950,0
26548,158.244263,0
26549,166.537335,0
26550,160.969486,0
26551,159.013043,0
26552,159.305490,0
26553,159.305490,0
26554,159.300474,0
26555,158.960096,0
26556,160.864834,0
26557,160.764602,0
26558,160.764602,0
26559,182.807718,0
26560,182.478041,0
26561,159.013548,0
26562,182.747274,0
26563,182.747274,0
26564,158.245175,0
26565,527.358623,0
26566,161.623882,0
26567,160.666698,0
26568,160.670546,0
26569,183.000410,0
26570,160.202776,0
26571,160.476722,0
26572,157.993958,0
26573,166.544632,0
26574,167.568435,0
26575,528.395465,0
26576,528.395465,0
26577,528.394765,0
26578,528.095821,0
26579,528.095732,0
26580,166.546114,0
26581,162.228641,0
26582,166.806189,0
26583,527.403746,0
26584,158.542890,0
26585,162.097273,0
26586,166.534635,0
26587,160.476345,0
26588,160.567493,0
26589,167.171601,0
26590,182.689048,0
26591,166.979871,0
26592,182.004269,0
26593,528.394571,0
26594,527.847574,0
26595,160.666946,0
26596,528.096345,0
26597,160.385695,0
26598,160.475966,0
26599,166.490919,0
26600,166.488933,0
26601,160.867035,0
26602,528.096770,0
26603,159.721972,0
26604,527.648600,0
26605,166.544383,0
26606,160.768852,0
26607,160.386974,0
26608,160.865265,0
26609,160.385531,0
26610,159.574288,0
26611,530.204201,0
26612,166.807710,0
26613,161.742612,0
26614,161.742612,0
26615,159.502279,0
26616,157.796703,0
26617,527.649196,0
26618,527.649037,0
26619,161.065750,0
26620,528.394720,0
26621,159.723059,0
26622,166.490689,0
26623,159.575036,0
26624,157.552042,0
26625,160.766715,0
26626,161.067879,0
26627,160.770387,0
26628,528.095804,0
26629,158.054939,0
26630,160.478028,0
26631,159.898122,0
26632,527.848679,0
26633,527.848716,0
26634,528.573754,0
26635,159.643265,0
26636,527.847900,0
26637,160.478169,0
26638,160.572011,0
26639,289.519959,0
26640,160.668557,0
26641,166.807409,0
26642,160.866372,0
26643,158.246414,0
26644,167.006964,0
26645,527.649023,0
26646,158.243146,0
26647,158.243021,0
26648,166.639252,0
26649,165.248210,0
26650,163.140828,0
26651,165.953305,0
26652,163.324560,0
26653,164.165708,0
26654,163.829287,0
26655,165.451246,0
26656,187.446213,0
26657,167.871795,0
26658,163.553940,0
26659,188.044620,0
26660,163.553421,0
26661,163.551831,0
26662,187.228489,0
26663,166.190859,0
26664,164.166238,0
26665,163.554153,0
26666,164.544498,0
26667,187.449061,0
26668,186.518678,0
26669,184.272700,0
26670,163.541582,0
26671,186.240604,0
26672,163.107408,0
26673,164.876845,0
26674,186.422035,0
26675,163.107397,0
26676,164.890188,0
26677,164.160334,0
26678,164.891709,0
26679,176.332708,0
26680,7067.191848,1
26681,212.159449,0
26682,1813.232833,1
26683,847.192695,0
26684,234.476076,0
26685,234.476076,0
26686,255.238573,0
26687,231.546468,0
26688,230.961347,0
26689,231.283003,0
26690,231.283003,0
26691,231.542290,0
26692,231.283693,0
26693,231.086990,0
26694,231.083280,0
26695,231.054338,0
26696,235.380838,0
26697,234.476146,0
26698,232.629111,0
26699,231.839651,0
26700,232.956598,0
26701,231.084148,0
26702,259.438261,0
26703,231.534883,0
26704,231.534373,0
26705,233.248578,0
26706,231.282573,0
26707,231.288027,0
26708,231.288856,0
26709,232.185977,0
26710,232.189313,0
26711,231.537173,0
26712,234.471814,0
26713,239.763033,0
26714,231.087505,0
26715,231.089399,0
26716,236.273803,0
26717,236.273789,0
26718,231.536134,0
26719,234.165687,0
26720,234.165687,0
26721,231.738126,0
26722,234.480057,0
26723,360.971026,0
26724,233.361097,0
26725,231.537580,0
26726,234.120219,0
26727,233.440423,0
26728,252.840118,0
26729,252.840408,0
26730,231.840376,0
26731,233.147482,0
26732,232.969621,0
26733,232.969621,0
26734,234.575774,0
26735,231.838303,0
26736,234.453451,0
26737,231.839663,0
26738,231.840771,0
26739,231.840435,0
26740,234.455052,0
26741,237.252049,0
26742,237.252049,0
26743,232.066143,0
26744,232.343650,0
26745,232.969103,0
26746,256.901585,0
26747,237.248264,0
26748,231.840889,0
26749,231.537225,0
26750,231.840846,0
26751,231.840909,0
26752,231.663500,0
26753,231.839671,0
26754,232.346497,0
26755,231.839579,0
26756,234.618427,0
26757,232.674949,0
26758,232.670171,0
26759,290.173283,0
26760,290.173283,0
26761,231.839617,0
26762,232.349783,0
26763,231.663486,0
26764,231.663486,0
26765,234.453749,0
26766,232.343005,0
26767,232.343005,0
26768,231.538935,0
26769,235.308831,0
26770,231.839812,0
26771,234.258093,0
26772,290.599649,0
26773,232.344092,0
26774,232.066670,0
26775,231.839930,0
26776,232.987533,0
26777,231.840153,0
26778,231.840142,0
26779,234.614420,0
26780,257.031570,0
26781,231.839723,0
26782,232.343414,0
26783,231.839683,0
26784,257.035329,0
26785,257.035392,0
26786,234.222075,0
26787,245.357550,0
26788,245.357550,0
26789,244.740205,0
26790,244.740894,0
26791,244.732313,0
26792,244.745696,0
26793,244.745249,0
26794,244.740637,0
26795,245.101861,0
26796,244.923487,0
26797,245.252680,0
26798,245.252680,0
26799,244.961148,0
26800,244.737895,0
26801,244.737895,0
26802,244.741192,0
26803,245.270412,0
26804,545.955496,0
26805,280.262870,0
26806,280.468524,0
26807,280.258458,0
26808,280.258458,0
26809,280.441852,0
26810,602.863388,0
26811,451.265375,0
26812,898.664538,0
26813,917.335139,0
26814,14695.560559,1
26815,15253.808174,1
26816,277.818275,0
26817,279.250428,0
26818,278.517956,0
26819,286.078045,0
26820,277.580233,0
26821,280.361832,0
26822,280.361832,0
26823,286.139993,0
26824,277.578950,0
26825,278.110710,0
26826,407.857744,0
26827,279.250789,0
26828,279.250789,0
26829,286.564602,0
26830,286.082466,0
26831,278.788131,0
26832,278.674985,0
26833,277.124460,0
26834,278.842925,0
26835,277.112393,0
26836,286.082604,0
26837,277.157739,0
26838,286.086021,0
26839,281.102338,0
26840,280.077501,0
26841,286.220018,0
26842,278.228579,0
26843,278.083260,0
26844,647.383195,0
26845,286.082777,0
26846,278.425950,0
26847,280.462433,0
26848,286.810470,0
26849,287.107675,0
26850,279.803257,0
26851,286.244173,0
26852,278.228787,0
26853,279.174555,0
26854,278.425537,0
26855,278.471347,0
26856,279.802276,0
26857,279.632181,0
26858,286.136813,0
26859,277.985173,0
26860,280.990313,0
26861,286.134466,0
26862,277.153915,0
26863,302.311857,0
26864,277.576790,0
26865,277.835571,0
26866,286.077742,0
26867,286.078109,0
26868,277.242496,0
26869,278.107018,0
26870,278.107351,0
26871,286.123717,0
26872,278.107693,0
26873,286.079092,0
26874,277.151740,0
26875,286.810341,0
26876,279.897064,0
26877,286.131757,0
26878,286.242469,0
26879,286.137111,0
26880,286.137248,0
26881,286.137317,0
26882,278.427214,0
26883,366.119864,0
26884,286.137056,0
26885,286.082168,0
26886,286.137310,0
26887,286.219986,0
26888,277.243740,0
26889,286.139541,0
26890,284.485293,0
26891,281.007412,0
26892,281.187294,0
26893,284.283664,0
26894,340.009917,0
26895,284.283319,0
26896,285.498366,0
26897,306.248332,0
26898,286.191377,0
26899,286.204716,0
26900,305.538562,0
26901,284.036604,0
26902,302.860201,0
26903,283.034286,0
26904,282.156485,0
26905,284.725213,0
26906,282.855783,0
26907,282.591887,0
26908,281.025210,0
26909,283.110351,0
26910,283.110351,0
26911,305.318274,0
26912,305.318318,0
26913,286.050107,0
26914,286.208664,0
26915,284.038172,0
26916,303.750140,0
26917,284.292445,0
26918,281.243542,0
26919,331.024288,0
26920,1027.445429,0
26921,1853.815644,1
26922,963.041873,0
26923,358.804351,0
26924,364.790836,0
26925,472.989738,0
26926,357.474697,0
26927,358.402248,0
26928,357.398460,0
26929,359.580472,0
26930,364.336694,0
26931,364.287265,0
26932,364.791084,0
26933,357.701593,0
26934,357.476751,0
26935,356.836589,0
26936,356.840116,0
26937,725.872296,0
26938,725.872878,0
26939,355.766690,0
26940,364.587951,0
26941,358.599925,0
26942,358.310891,0
26943,358.126500,0
26944,364.336738,0
26945,356.254953,0
26946,357.397432,0
26947,357.326733,0
26948,358.125455,0
26949,364.288385,0
26950,357.472918,0
26951,357.786191,0
26952,357.627744,0
26953,357.475046,0
26954,357.477879,0
26955,357.476988,0
26956,357.471618,0
26957,357.003162,0
26958,357.948289,0
26959,725.432802,0
26960,364.790916,0
26961,725.626519,0
26962,726.168032,0
26963,726.168032,0
26964,726.168875,0
26965,365.345768,0
26966,725.626555,0
26967,725.627063,0
26968,356.011699,0
26969,725.626875,0
26970,356.306992,0
26971,364.790637,0
26972,726.169153,0
26973,364.745012,0
26974,364.985939,0
26975,725.872624,0
26976,725.872624,0
26977,364.338265,0
26978,356.020028,0
26979,725.627708,0
26980,725.627708,0
26981,725.871863,0
26982,355.330081,0
26983,726.169106,0
26984,367.163600,0
26985,366.100030,0
26986,726.167909,0
26987,357.949657,0
26988,380.055487,0
26989,379.763038,0
26990,380.055664,0
26991,358.034837,0
26992,725.153723,0
26993,361.493491,0
26994,363.277546,0
26995,361.127829,0
26996,384.792212,0
26997,361.540792,0
26998,364.152763,0
26999,382.571681,0
27000,383.564626,0
27001,384.044572,0
27002,363.875827,0
27003,385.553879,0
27004,385.104363,0
27005,7264.887542,1
27006,421.017084,0
27007,429.843319,0
27008,420.758057,0
27009,420.758082,0
27010,421.652252,0
27011,421.222151,0
27012,424.666744,0
27013,424.668027,0
27014,424.667079,0
27015,424.667074,0
27016,424.667059,0
27017,424.667067,0
27018,424.541410,0
27019,424.666780,0
27020,424.667384,0
27021,424.667384,0
27022,424.666780,0
27023,424.666872,0
27024,420.886750,0
27025,430.822425,0
27026,421.243965,0
27027,429.993301,0
27028,420.703107,0
27029,422.628327,0
27030,420.861626,0
27031,422.575832,0
27032,446.348543,0
27033,429.765998,0
27034,421.651595,0
27035,429.697456,0
27036,429.741364,0
27037,421.651995,0
27038,421.563373,0
27039,421.563433,0
27040,421.563433,0
27041,421.795898,0
27042,421.651921,0
27043,421.563098,0
27044,421.563098,0
27045,421.563000,0
27046,421.563122,0
27047,421.649605,0
27048,421.651088,0
27049,445.181638,0
27050,420.861403,0
27051,429.742353,0
27052,445.181799,0
27053,445.300395,0
27054,421.650953,0
27055,429.694064,0
27056,429.839288,0
27057,421.652379,0
27058,421.651308,0
27059,421.561931,0
27060,420.861144,0
27061,421.651821,0
27062,421.651923,0
27063,424.075209,0
27064,426.537587,0
27065,426.461695,0
27066,430.074397,0
27067,427.348388,0
27068,431.374454,0
27069,451.424618,0
27070,426.844704,0
27071,427.069103,0
27072,426.662002,0
27073,426.661637,0
27074,3678.765697,1
27075,1055.963003,0
27076,157.677261,0
27077,158.777805,0
27078,158.647810,0
27079,158.650036,0
27080,158.776406,0
27081,158.780712,0
27082,158.763949,0
27083,156.346789,0
27084,157.295864,0
27085,156.270991,0
27086,156.332354,0
27087,155.455433,0
27088,157.032999,0
27089,156.948739,0
27090,156.154474,0
27091,156.162290,0
27092,154.787403,0
27093,154.784379,0
27094,155.865914,0
27095,155.228264,0
27096,155.875101,0
27097,154.638033,0
27098,155.639280,0
27099,154.639354,0
27100,154.646003,0
27101,155.638962,0
27102,154.781808,0
27103,155.632343,0
27104,156.293099,0
27105,156.147176,0
27106,158.528275,0
27107,158.529849,0
27108,156.716381,0
27109,155.921134,0
27110,156.707433,0
27111,155.867681,0
27112,155.870926,0
27113,156.355457,0
27114,156.290139,0
27115,156.290963,0
27116,155.871096,0
27117,156.144606,0
27118,155.867786,0
27119,155.866146,0
27120,156.029645,0
27121,156.028417,0
27122,156.083123,0
27123,156.086311,0
27124,155.871793,0
27125,155.872644,0
27126,156.150136,0
27127,155.641865,0
27128,155.641865,0
27129,155.643800,0
27130,155.643800,0
27131,155.643800,0
27132,155.643800,0
27133,156.939414,0
27134,155.468709,0
27135,155.642038,0
27136,155.328416,0
27137,156.789354,0
27138,155.973172,0
27139,155.973172,0
27140,155.973172,0
27141,155.973172,0
27142,155.970467,0
27143,155.973172,0
27144,155.973172,0
27145,155.981749,0
27146,155.978037,0
27147,155.867359,0
27148,155.867359,0
27149,156.717565,0
27150,156.719277,0
27151,155.866281,0
27152,155.863529,0
27153,155.639623,0
27154,156.705885,0
27155,156.705885,0
27156,155.641476,0
27157,158.892926,0
27158,158.892926,0
27159,159.015870,0
27160,159.015484,0
27161,156.625520,0
27162,155.915178,0
27163,155.915104,0
27164,154.785726,0
27165,155.454373,0
27166,155.454373,0
27167,155.459468,0
27168,154.777716,0
27169,156.267070,0
27170,156.281007,0
27171,156.269347,0
27172,156.269428,0
27173,156.136716,0
27174,156.644486,0
27175,156.636269,0
27176,156.641675,0
27177,156.648071,0
27178,156.640470,0
27179,156.290128,0
27180,156.287754,0
27181,156.642474,0
27182,156.642519,0
27183,156.716848,0
27184,157.028938,0
27185,157.028066,0
27186,157.027927,0
27187,157.026514,0
27188,156.288498,0
27189,156.288498,0
27190,156.276050,0
27191,156.286157,0
27192,157.035394,0
27193,181.275390,0
27194,181.606691,0
27195,157.582970,0
27196,157.584526,0
27197,157.584946,0
27198,181.709272,0
27199,157.582380,0
27200,157.584241,0
27201,157.851681,0
27202,157.364524,0
27203,157.364524,0
27204,157.367486,0
27205,157.362524,0
27206,179.767768,0
27207,157.981814,0
27208,157.983845,0
27209,179.436371,0
27210,157.591523,0
27211,158.188841,0
27212,157.368124,0
27213,180.150308,0
27214,157.574857,0
27215,157.581370,0
27216,157.572216,0
27217,157.787925,0
27218,181.724641,0
27219,181.723905,0
27220,179.769371,0
27221,181.175737,0
27222,179.775375,0
27223,179.777505,0
27224,179.782676,0
27225,179.782744,0
27226,157.582077,0
27227,157.566873,0
27228,157.583389,0
27229,157.583938,0
27230,157.572084,0
27231,157.581288,0
27232,157.587752,0
27233,179.849716,0
27234,179.769180,0
27235,157.580423,0
27236,179.845103,0
27237,179.844186,0
27238,157.914816,0
27239,157.913349,0
27240,157.854862,0
27241,157.840242,0
27242,157.850874,0
27243,157.582958,0
27244,157.585527,0
27245,157.584655,0
27246,157.584596,0
27247,157.585909,0
27248,157.586957,0
27249,157.586897,0
27250,157.587784,0
27251,157.585083,0
27252,157.583451,0
27253,157.584304,0
27254,157.581425,0
27255,157.850880,0
27256,157.852310,0
27257,158.390203,0
27258,157.853571,0
27259,157.858283,0
27260,157.861823,0
27261,157.850074,0
27262,157.852163,0
27263,157.837132,0
27264,181.603307,0
27265,175.951577,0
27266,10351.922327,1
27267,5630.822173,1
27268,5630.822173,1
27269,10307.739929,1
27270,1088.406180,1
27271,1089.017982,1
27272,1089.022599,1
27273,1086.414605,1
27274,1095.096609,1
27275,1086.079775,1
27276,1094.997675,1
27277,1094.996577,1
27278,1086.434925,1
27279,1090.006245,1
27280,1088.567336,1
27281,1085.923571,1
27282,1094.953486,1
27283,1087.226299,1
27284,1087.035628,1
27285,1087.035628,1
27286,1086.232847,1
27287,1095.019140,1
27288,1094.996357,1
27289,1094.996357,1
27290,1096.039602,1
27291,1199.648907,1
27292,1085.927909,1
27293,1095.240645,1
27294,1086.231570,1
27295,1174.972257,1
27296,1098.030820,1
27297,621.847295,0
27298,621.882398,0
27299,616.281110,0
27300,614.342033,0
27301,616.178014,0
27302,621.845555,0
27303,616.935255,0
27304,621.881863,0
27305,621.881733,0
27306,615.979693,0
27307,621.838513,0
27308,621.838642,0
27309,616.085224,0
27310,637.376253,0
27311,614.890562,0
27312,614.825744,0
27313,621.894372,0
27314,621.904507,0
27315,615.434454,0
27316,615.435327,0
27317,730.430357,0
27318,616.278082,0
27319,615.194856,0
27320,616.084949,0
27321,616.081686,0
27322,616.078476,0
27323,621.881474,0
27324,614.341159,0
27325,613.700368,0
27326,613.922022,0
27327,613.920175,0
27328,613.922022,0
27329,613.917933,0
27330,614.242567,0
27331,614.243320,0
27332,983.471535,0
27333,620.376145,0
27334,617.586267,0
27335,617.586267,0
27336,617.411011,0
27337,617.412546,0
27338,639.703157,0
27339,639.770595,0
27340,617.811370,0
27341,617.811370,0
27342,617.811164,0
27343,617.811249,0
27344,617.812119,0
27345,703.382019,0
27346,815.257125,0
27347,701.965151,0
27348,817.507876,0
27349,709.153589,0
27350,700.036431,0
27351,701.641029,0
27352,701.828140,0
27353,709.143136,0
27354,711.917168,0
27355,814.687217,0
27356,702.957227,0
27357,701.085794,0
27358,700.620334,0
27359,703.263459,0
27360,830.575511,0
27361,702.038695,0
27362,701.854422,0
27363,701.854422,0
27364,709.066294,0
27365,703.074716,0
27366,701.873051,0
27367,701.080421,0
27368,703.071099,0
27369,703.171993,0
27370,703.166773,0
27371,703.172967,0
27372,709.030902,0
27373,708.994300,0
27374,702.620779,0
27375,702.620779,0
27376,700.772828,0
27377,707.893733,0
27378,708.127531,0
27379,706.736796,0
27380,704.510063,0
27381,709.441194,0
27382,709.443829,0
27383,709.441287,0
27384,709.297699,0
27385,707.235669,0
27386,709.597723,0
27387,843.175803,0
27388,840.694965,0
27389,842.270866,0
27390,865.261526,0
27391,864.967670,0
27392,842.075589,0
27393,842.089025,0
27394,864.931975,0
27395,842.161252,0
27396,864.932475,0
27397,848.740106,0
27398,842.602136,0
27399,842.513672,0
27400,842.513672,0
27401,842.510081,0
27402,841.715144,0
27403,848.740809,0
27404,848.740872,0
27405,865.264811,0
27406,865.264811,0
27407,864.934130,0
27408,842.867264,0
27409,842.867264,0
27410,843.384276,0
27411,839.842063,0
27412,869.377344,0
27413,869.377344,0
27414,869.377344,0
27415,869.255884,0
27416,846.130449,0
27417,848.295402,0
27418,848.295402,0
27419,30129.282683,1
27420,1530.523388,1
27421,1296.229747,1
27422,4350.469685,1
27423,303.453560,0
27424,175.578847,0
27425,175.631071,0
27426,303.448236,0
27427,173.401037,0
27428,174.234023,0
27429,176.512178,0
27430,173.904689,0
27431,174.233382,0
27432,174.235853,0
27433,173.905348,0
27434,174.234268,0
27435,173.628000,0
27436,304.611268,0
27437,197.703583,0
27438,175.621325,0
27439,173.853765,0
27440,175.628223,0
27441,173.634966,0
27442,174.610753,0
27443,197.605021,0
27444,174.233167,0
27445,175.657921,0
27446,174.232290,0
27447,175.079564,0
27448,303.452261,0
27449,176.617416,0
27450,173.905593,0
27451,173.905025,0
27452,173.904516,0
27453,173.628686,0
27454,182.362753,0
27455,174.613245,0
27456,174.627296,0
27457,173.629907,0
27458,173.629907,0
27459,173.904746,0
27460,197.490554,0
27461,181.962711,0
27462,173.628040,0
27463,173.910705,0
27464,197.972215,0
27465,174.610429,0
27466,174.614953,0
27467,197.217395,0
27468,197.331270,0
27469,173.225028,0
27470,176.721435,0
27471,176.149512,0
27472,176.721212,0
27473,173.400303,0
27474,303.450781,0
27475,174.239171,0
27476,173.904596,0
27477,303.451861,0
27478,175.620440,0
27479,176.309188,0
27480,175.619405,0
27481,173.904302,0
27482,173.906989,0
27483,174.612590,0
27484,182.025080,0
27485,175.038952,0
27486,181.964513,0
27487,175.418200,0
27488,174.233770,0
27489,174.232695,0
27490,174.232215,0
27491,177.242574,0
27492,177.242439,0
27493,177.242439,0
27494,177.247044,0
27495,177.246068,0
27496,173.233451,0
27497,176.829339,0
27498,176.831496,0
27499,176.831496,0
27500,176.829250,0
27501,173.224204,0
27502,182.177606,0
27503,199.618956,0
27504,199.618956,0
27505,175.040716,0
27506,173.916667,0
27507,181.950950,0
27508,175.334054,0
27509,197.271897,0
27510,232.428923,0
27511,232.369811,0
27512,176.349899,0
27513,176.349899,0
27514,199.409908,0
27515,199.414311,0
27516,175.202642,0
27517,199.534866,0
27518,175.503709,0
27519,178.088211,0
27520,174.949616,0
27521,175.857815,0
27522,174.437673,0
27523,174.437673,0
27524,175.504088,0
27525,175.504027,0
27526,232.430533,0
27527,177.442926,0
27528,174.742390,0
27529,174.947111,0
27530,199.655947,0
27531,175.201645,0
27532,175.505711,0
27533,179.183726,0
27534,176.348796,0
27535,178.375969,0
27536,174.744277,0
27537,174.741912,0
27538,174.760492,0
27539,177.851215,0
27540,178.712352,0
27541,174.945888,0
27542,174.945888,0
27543,199.411389,0
27544,175.201894,0
27545,174.950148,0
27546,174.950148,0
27547,175.200360,0
27548,175.199493,0
27549,176.348458,0
27550,176.348899,0
27551,174.947182,0
27552,178.374538,0
27553,175.504602,0
27554,175.522114,0
27555,176.075004,0
27556,175.856793,0
27557,175.857958,0
27558,175.199812,0
27559,179.694483,0
27560,179.552748,0
27561,179.552748,0
27562,179.693877,0
27563,179.692803,0
27564,179.552748,0
27565,179.692533,0
27566,179.696297,0
27567,179.695517,0
27568,179.695517,0
27569,179.694486,0
27570,179.695900,0
27571,179.697137,0
27572,179.692869,0
27573,179.694231,0
27574,179.695663,0
27575,179.692086,0
27576,177.531384,0
27577,174.491940,0
27578,174.491940,0
27579,177.443575,0
27580,174.591607,0
27581,174.487592,0
27582,174.489512,0
27583,199.655712,0
27584,179.184264,0
27585,199.531916,0
27586,188.950559,0
27587,2617.565572,1
27588,491.250217,0
27589,674.950593,0
27590,858.709029,0
27591,3476.573820,1
27592,388.067912,0
27593,2672.111744,1
27594,546.104736,0
27595,628.654098,0
27596,300.887912,0
27597,303.665072,0
27598,303.020456,0
27599,302.477263,0
27600,415.666773,0
27601,414.543548,0
27602,414.465550,0
27603,300.141534,0
27604,300.139235,0
27605,302.521482,0
27606,308.712492,0
27607,302.818309,0
27608,302.696230,0
27609,300.139019,0
27610,301.638652,0
27611,302.681922,0
27612,300.574962,0
27613,308.998528,0
27614,300.139320,0
27615,301.424554,0
27616,302.217133,0
27617,302.520536,0
27618,417.084108,0
27619,417.098709,0
27620,300.120319,0
27621,669.713129,0
27622,414.509631,0
27623,299.882250,0
27624,301.682006,0
27625,301.681609,0
27626,301.616628,0
27627,301.749887,0
27628,302.365193,0
27629,302.366445,0
27630,301.747960,0
27631,417.206371,0
27632,417.206371,0
27633,414.451065,0
27634,414.689283,0
27635,414.668882,0
27636,414.462588,0
27637,414.461807,0
27638,302.024549,0
27639,415.508813,0
27640,300.894793,0
27641,302.744372,0
27642,300.344246,0
27643,388.857481,0
27644,309.801910,0
27645,299.971498,0
27646,299.875382,0
27647,302.816231,0
27648,308.858041,0
27649,303.493988,0
27650,306.556708,0
27651,326.043450,0
27652,326.043450,0
27653,303.148761,0
27654,303.237279,0
27655,302.693386,0
27656,305.718591,0
27657,304.075970,0
27658,304.295306,0
27659,304.295306,0
27660,303.678930,0
27661,303.101566,0
27662,304.190356,0
27663,305.100635,0
27664,305.100635,0
27665,305.100971,0
27666,302.086089,0
27667,301.671253,0
27668,302.939639,0
27669,304.977000,0
27670,306.547131,0
27671,306.404491,0
27672,304.966726,0
27673,305.272795,0
27674,326.623539,0
27675,328.077926,0
27676,328.077696,0
27677,328.076931,0
27678,328.077376,0
27679,328.078150,0
27680,328.081864,0
27681,328.078805,0
27682,328.080230,0
27683,328.082066,0
27684,328.083026,0
27685,328.078865,0
27686,328.078091,0
27687,326.998355,0
27688,326.998426,0
27689,326.748372,0
27690,328.226055,0
27691,328.226075,0
27692,328.226075,0
27693,328.226324,0
27694,523.051714,0
27695,490.710801,0
27696,604.481094,0
27697,489.943908,0
27698,606.935810,0
27699,604.495742,0
27700,498.805375,0
27701,498.761018,0
27702,499.486736,0
27703,605.927366,0
27704,491.299898,0
27705,490.709150,0
27706,603.364883,0
27707,490.606373,0
27708,490.606590,0
27709,490.605872,0
27710,490.605872,0
27711,490.606132,0
27712,490.605811,0
27713,489.951483,0
27714,492.113448,0
27715,492.113601,0
27716,498.709456,0
27717,489.798169,0
27718,498.709501,0
27719,498.709560,0
27720,498.667412,0
27721,498.664306,0
27722,498.739220,0
27723,498.664135,0
27724,498.664135,0
27725,498.664355,0
27726,489.696561,0
27727,605.449109,0
27728,490.398201,0
27729,489.959340,0
27730,489.956452,0
27731,498.664177,0
27732,604.177595,0
27733,489.644410,0
27734,498.664146,0
27735,490.152221,0
27736,490.278594,0
27737,491.641552,0
27738,490.152259,0
27739,490.152068,0
27740,499.147373,0
27741,490.152088,0
27742,498.805360,0
27743,492.230408,0
27744,498.953315,0
27745,489.816715,0
27746,489.803889,0
27747,498.953635,0
27748,490.715003,0
27749,498.718094,0
27750,514.300959,0
27751,490.774630,0
27752,497.295613,0
27753,518.934236,0
27754,500.500134,0
27755,3776.746645,1
27756,3750.126738,1
27757,3774.768022,1
27758,3669.811016,1
27759,3669.999233,1
27760,3660.759347,1
27761,3660.908299,1
27762,3660.904612,1
27763,258.506374,0
27764,256.671144,0
27765,257.495464,0
27766,258.550585,0
27767,257.164009,0
27768,256.769325,0
27769,258.334498,0
27770,258.334498,0
27771,258.334498,0
27772,258.323188,0
27773,257.494951,0
27774,256.233739,0
27775,258.171643,0
27776,259.999403,0
27777,258.868365,0
27778,257.942163,0
27779,264.896726,0
27780,259.999662,0
27781,258.339644,0
27782,258.510311,0
27783,255.784381,0
27784,258.323555,0
27785,257.493453,0
27786,257.669272,0
27787,257.804211,0
27788,257.670197,0
27789,257.670181,0
27790,264.763972,0
27791,257.937685,0
27792,260.518541,0
27793,258.324956,0
27794,258.579827,0
27795,258.579827,0
27796,264.757946,0
27797,259.263734,0
27798,258.682698,0
27799,256.766557,0
27800,256.766557,0
27801,258.176183,0
27802,258.796374,0
27803,257.664832,0
27804,257.664852,0
27805,256.670667,0
27806,256.622064,0
27807,257.500034,0
27808,258.589337,0
27809,260.145798,0
27810,257.733223,0
27811,257.874434,0
27812,257.874434,0
27813,257.872042,0
27814,257.869313,0
27815,258.415782,0
27816,258.097575,0
27817,258.092082,0
27818,258.096862,0
27819,264.927365,0
27820,257.162624,0
27821,264.896850,0
27822,256.769325,0
27823,258.684148,0
27824,257.365024,0
27825,256.473693,0
27826,259.065278,0
27827,258.588062,0
27828,264.758128,0
27829,258.586620,0
27830,264.851376,0
27831,256.047115,0
27832,258.095329,0
27833,258.795315,0
27834,264.856362,0
27835,257.944413,0
27836,258.592703,0
27837,258.591963,0
27838,258.870252,0
27839,258.594339,0
27840,258.594339,0
27841,258.589440,0
27842,258.323619,0
27843,258.322970,0
27844,256.768165,0
27845,264.806065,0
27846,262.211856,0
27847,262.211856,0
27848,260.116483,0
27849,261.801723,0
27850,317.824660,0
27851,263.418535,0
27852,265.184115,0
27853,261.104749,0
27854,261.800859,0
27855,283.105920,0
27856,261.999119,0
27857,261.475021,0
27858,261.104766,0
27859,263.419236,0
27860,263.669632,0
27861,260.116040,0
27862,263.419196,0
27863,262.511067,0
27864,284.837801,0
27865,283.104872,0
27866,263.077416,0
27867,260.921611,0
27868,261.472176,0
27869,259.986032,0
27870,263.669193,0
27871,260.309398,0
27872,260.522684,0
27873,263.582533,0
27874,278.812735,0
27875,273.947210,0
27876,405.984217,0
27877,472.929469,0
27878,947.783698,0
27879,410.599265,0
27880,298.525867,0
27881,298.526043,0
27882,298.526043,0
27883,299.776547,0
27884,411.154841,0
27885,298.276324,0
27886,410.775452,0
27887,298.276897,0
27888,297.431719,0
27889,298.360010,0
27890,298.359827,0
27891,298.780887,0
27892,297.795094,0
27893,297.793802,0
27894,297.859226,0
27895,297.862358,0
27896,297.795532,0
27897,297.794164,0
27898,297.792463,0
27899,297.798772,0
27900,297.797365,0
27901,297.795465,0
27902,297.795756,0
27903,297.796826,0
27904,297.797256,0
27905,297.794308,0
27906,298.783898,0
27907,297.601903,0
27908,298.618356,0
27909,298.972772,0
27910,297.798027,0
27911,298.218683,0
27912,298.215343,0
27913,298.215343,0
27914,299.005952,0
27915,297.927359,0
27916,298.063275,0
27917,297.859939,0
27918,297.859970,0
27919,297.852109,0
27920,298.288038,0
27921,298.291327,0
27922,298.443265,0
27923,410.735370,0
27924,298.443854,0
27925,298.443854,0
27926,298.611161,0
27927,298.609642,0
27928,298.609642,0
27929,298.069438,0
27930,298.067580,0
27931,298.220067,0
27932,298.292280,0
27933,298.292280,0
27934,298.143663,0
27935,298.218142,0
27936,298.214929,0
27937,298.212726,0
27938,298.212726,0
27939,298.207754,0
27940,297.087801,0
27941,297.087801,0
27942,426.596698,0
27943,298.386539,0
27944,300.973246,0
27945,300.896910,0
27946,301.058976,0
27947,323.908046,0
27948,301.077828,0
27949,300.999587,0
27950,301.314903,0
27951,301.497336,0
27952,301.985769,0
27953,302.770494,0
27954,302.427614,0
27955,304.179235,0
27956,304.177964,0
27957,304.177964,0
27958,304.177964,0
27959,304.180428,0
27960,304.178466,0
27961,304.178466,0
27962,304.178466,0
27963,304.178466,0
27964,302.761209,0
27965,301.062406,0
27966,323.796098,0
27967,322.540733,0
27968,323.794199,0
27969,323.794199,0
27970,301.991573,0
27971,304.323728,0
27972,301.597135,0
27973,323.700429,0
27974,323.704272,0
27975,300.972880,0
27976,988.279946,0
27977,3584.128559,1
27978,754.045763,0
27979,775.302586,0
27980,773.043810,0
27981,775.486044,0
27982,775.584224,0
27983,775.584672,0
27984,775.488363,0
27985,775.585406,0
27986,775.488964,0
27987,775.487516,0
27988,775.585738,0
27989,775.583743,0
27990,775.585738,0
27991,775.583824,0
27992,774.329117,0
27993,774.329117,0
27994,774.329493,0
27995,776.748433,0
27996,773.677826,0
27997,782.108388,0
27998,774.336370,0
27999,775.237085,0
28000,776.085304,0
28001,776.085304,0
28002,776.083617,0
28003,776.191301,0
28004,776.191301,0
28005,776.409340,0
28006,776.407635,0
28007,776.191051,0
28008,776.189608,0
28009,776.189608,0
28010,776.191301,0
28011,803.493753,0
28012,803.377779,0
28013,803.377779,0
28014,791.948159,0
28015,997.538011,0
28016,1447.124662,1
28017,15312.214097,1
28018,16906.985026,1
28019,4301.868615,1
28020,4188.227939,1
28021,4188.227939,1
28022,4192.270490,1
28023,4191.259241,1
28024,4246.429177,1
28025,4405.739908,1
28026,753.718172,0
28027,753.542592,0
28028,753.719920,0
28029,754.748178,0
28030,753.294929,0
28031,753.714179,0
28032,755.962062,0
28033,762.417966,0
28034,755.959780,0
28035,755.973335,0
28036,755.959815,0
28037,755.959951,0
28038,753.536350,0
28039,753.539949,0
28040,842.480498,0
28041,762.698748,0
28042,762.419678,0
28043,753.713357,0
28044,762.340623,0
28045,753.725631,0
28046,869.638333,0
28047,762.460983,0
28048,753.534959,0
28049,753.713552,0
28050,762.355408,0
28051,753.333073,0
28052,753.708975,0
28053,764.035475,0
28054,754.231723,0
28055,753.383055,0
28056,753.390735,0
28057,755.852902,0
28058,754.219968,0
28059,761.823942,0
28060,761.375609,0
28061,763.282478,0
28062,760.143425,0
28063,806.268711,0
28064,970.549836,0
28065,178.286325,0
28066,181.916669,0
28067,178.633453,0
28068,180.778886,0
28069,202.964146,0
28070,186.310508,0
28071,4356.078059,1
28072,186.251678,0
28073,181.559368,0
28074,181.559690,0
28075,180.014297,0
28076,203.115028,0
28077,180.193155,0
28078,180.192134,0
28079,187.302900,0
28080,187.302891,0
28081,187.302966,0
28082,178.287177,0
28083,178.285493,0
28084,180.289527,0
28085,180.291344,0
28086,180.291344,0
28087,180.291076,0
28088,180.281972,0
28089,180.289949,0
28090,180.679214,0
28091,180.679214,0
28092,180.887051,0
28093,180.882490,0
28094,202.890700,0
28095,180.199726,0
28096,180.200296,0
28097,180.195277,0
28098,180.197919,0
28099,180.200238,0
28100,180.200095,0
28101,179.527097,0
28102,201.706781,0
28103,201.706917,0
28104,201.706917,0
28105,201.706917,0
28106,201.706917,0
28107,177.334002,0
28108,201.706524,0
28109,201.706781,0
28110,186.301119,0
28111,186.250705,0
28112,202.891248,0
28113,186.399758,0
28114,186.250091,0
28115,186.399657,0
28116,186.549833,0
28117,186.399628,0
28118,186.564943,0
28119,202.275375,0
28120,186.402496,0
28121,186.402496,0
28122,186.400369,0
28123,186.250004,0
28124,186.301014,0
28125,201.706902,0
28126,180.285167,0
28127,186.553363,0
28128,177.551165,0
28129,187.303702,0
28130,186.549890,0
28131,179.927444,0
28132,178.445345,0
28133,186.301323,0
28134,177.334161,0
28135,177.334161,0
28136,186.250083,0
28137,177.336181,0
28138,177.334316,0
28139,186.301288,0
28140,177.335285,0
28141,186.301074,0
28142,178.226185,0
28143,201.706584,0
28144,180.480176,0
28145,187.001851,0
28146,186.250094,0
28147,180.013102,0
28148,179.235990,0
28149,178.228349,0
28150,179.240108,0
28151,179.240521,0
28152,180.287194,0
28153,202.890630,0
28154,179.678218,0
28155,186.750987,0
28156,180.579317,0
28157,178.230425,0
28158,186.301253,0
28159,180.578314,0
28160,181.438304,0
28161,180.886247,0
28162,180.680054,0
28163,179.237526,0
28164,179.236470,0
28165,180.198503,0
28166,180.198503,0
28167,186.252179,0
28168,180.886137,0
28169,179.757927,0
28170,308.099120,0
28171,187.001792,0
28172,548.127397,0
28173,180.385621,0
28174,180.682296,0
28175,180.682296,0
28176,180.682296,0
28177,187.314376,0
28178,293.675239,0
28179,180.910011,0
28180,203.120480,0
28181,177.992815,0
28182,203.198565,0
28183,177.991965,0
28184,180.782063,0
28185,180.193696,0
28186,180.575176,0
28187,180.574787,0
28188,180.682564,0
28189,180.682564,0
28190,180.479928,0
28191,180.678477,0
28192,185.561536,0
28193,184.135375,0
28194,182.430847,0
28195,207.230555,0
28196,206.997916,0
28197,182.955065,0
28198,182.293243,0
28199,182.144104,0
28200,182.081047,0
28201,183.889834,0
28202,182.049246,0
28203,184.030756,0
28204,206.520676,0
28205,182.235914,0
28206,185.565899,0
28207,186.118941,0
28208,184.667400,0
28209,186.373884,0
28210,184.741574,0
28211,182.292975,0
28212,182.293167,0
28213,240.100828,0
28214,182.431795,0
28215,185.825457,0
28216,185.047271,0
28217,185.047271,0
28218,185.741934,0
28219,184.098745,0
28220,184.044502,0
28221,185.816625,0
28222,207.114027,0
28223,182.708246,0
28224,182.295567,0
28225,206.753244,0
28226,195.580223,0
28227,249.064054,0
28228,234.240623,0
28229,928.091993,0
28230,395.809252,0
28231,394.173715,0
28232,1565.200127,1
28233,364.016212,0
28234,364.023512,0
28235,361.555541,0
28236,364.803386,0
28237,364.028719,0
28238,364.016178,0
28239,364.018798,0
28240,362.113277,0
28241,363.053097,0
28242,387.444747,0
28243,387.444457,0
28244,387.443506,0
28245,365.421789,0
28246,365.421789,0
28247,365.421789,0
28248,364.016213,0
28249,364.019056,0
28250,361.754589,0
28251,491.927018,0
28252,362.378090,0
28253,363.822646,0
28254,362.365905,0
28255,364.108158,0
28256,363.042186,0
28257,361.739126,0
28258,364.708902,0
28259,364.804900,0
28260,364.804900,0
28261,361.888655,0
28262,362.100654,0
28263,362.100654,0
28264,371.408512,0
28265,363.040364,0
28266,362.372244,0
28267,366.116464,0
28268,366.116540,0
28269,362.362658,0
28270,363.046750,0
28271,363.046750,0
28272,361.852113,0
28273,362.361955,0
28274,362.687253,0
28275,370.572560,0
28276,361.778712,0
28277,423.034777,0
28278,422.264323,0
28279,422.411980,0
28280,422.269865,0
28281,364.770426,0
28282,368.903157,0
28283,367.785955,0
28284,390.084369,0
28285,389.575377,0
28286,422.263147,0
28287,365.252443,0
28288,366.344644,0
28289,366.187588,0
28290,365.540563,0
28291,365.014525,0
28292,365.014658,0
28293,365.013335,0
28294,388.350026,0
28295,367.613814,0
28296,364.688080,0
28297,366.844524,0
28298,366.844524,0
28299,365.015403,0
28300,369.073271,0
28301,376.940980,0
28302,376.960560,0
28303,376.960560,0
28304,380.021754,0
28305,429.790322,0
28306,678.916191,0
28307,942.084917,0
28308,1046.028732,0
28309,1937.025930,1
28310,576.300151,0
28311,583.049053,0
28312,1033.139550,0
28313,813.367715,0
28314,813.367715,0
28315,557.318305,0
28316,556.860281,0
28317,556.454565,0
28318,557.075961,0
28319,557.512703,0
28320,557.067083,0
28321,557.067589,0
28322,557.067589,0
28323,556.856798,0
28324,557.509103,0
28325,554.136569,0
28326,556.761922,0
28327,563.172367,0
28328,643.232444,0
28329,563.143412,0
28330,554.300441,0
28331,554.300686,0
28332,555.052185,0
28333,555.052525,0
28334,557.827986,0
28335,558.632018,0
28336,558.632018,0
28337,558.636427,0
28338,558.636427,0
28339,558.631534,0
28340,558.754487,0
28341,558.759573,0
28342,558.759573,0
28343,558.636973,0
28344,558.636551,0
28345,558.636551,0
28346,558.636551,0
28347,558.633539,0
28348,558.756537,0
28349,558.759573,0
28350,558.759573,0
28351,558.759573,0
28352,558.628249,0
28353,558.636551,0
28354,558.636551,0
28355,558.636551,0
28356,558.636551,0
28357,558.636551,0
28358,558.630561,0
28359,558.625814,0
28360,558.633498,0
28361,558.633849,0
28362,558.624531,0
28363,562.998038,0
28364,565.856644,0
28365,565.855769,0
28366,565.806434,0
28367,574.583693,0
28368,290.730023,0
28369,281.562206,0
28370,290.589539,0
28371,281.843765,0
28372,290.910440,0
28373,291.118970,0
28374,284.789462,0
28375,307.238932,0
28376,307.156437,0
28377,281.623413,0
28378,286.748314,0
28379,286.748314,0
28380,283.768843,0
28381,306.447555,0
28382,281.547014,0
28383,290.720723,0
28384,290.584334,0
28385,290.591066,0
28386,290.752883,0
28387,283.611626,0
28388,284.290773,0
28389,286.332213,0
28390,286.686153,0
28391,285.049226,0
28392,306.596241,0
28393,286.488173,0
28394,307.336420,0
28395,346.600773,0
28396,7406.231093,1
28397,1019.735407,0
28398,1124.909052,1
28399,1010.721743,0
28400,1125.310535,1
28401,1011.309461,0
28402,1124.320843,1
28403,1126.480167,1
28404,1126.433246,1
28405,1126.433246,1
28406,1010.763246,0
28407,1124.810144,1
28408,1011.007659,0
28409,1011.338489,0
28410,1019.781554,0
28411,1125.802510,1
28412,1124.680423,1
28413,1013.579003,0
28414,1125.561874,1
28415,1125.354948,1
28416,1102.858998,1
28417,1020.138610,0
28418,1125.118685,1
28419,1124.711735,1
28420,1124.554459,1
28421,1124.310833,1
28422,1012.524156,0
28423,1012.524156,0
28424,14801.086441,1
28425,11800.537852,1
28426,1286.908258,1
28427,1280.109346,1
28428,1278.283831,1
28429,1278.026781,1
28430,1279.459514,1
28431,1279.465587,1
28432,1278.776123,1
28433,1286.847052,1
28434,1280.109490,1
28435,1280.184575,1
28436,1278.784552,1
28437,1278.784552,1
28438,1280.492628,1
28439,1279.081606,1
28440,1280.662483,1
28441,1280.905352,1
28442,1336.761383,1
28443,1302.419982,1
28444,1302.514919,1
28445,1302.511268,1
28446,1302.620824,1
28447,1665.956156,1
28448,1499.454587,1
28449,178.393480,0
28450,179.233179,0
28451,179.233179,0
28452,177.653199,0
28453,177.653199,0
28454,176.281113,0
28455,290.125457,0
28456,186.807609,0
28457,292.563121,0
28458,177.958653,0
28459,545.271285,0
28460,290.176323,0
28461,175.274541,0
28462,184.292059,0
28463,184.644421,0
28464,177.210191,0
28465,177.209328,0
28466,184.651816,0
28467,177.739085,0
28468,177.353366,0
28469,177.353340,0
28470,177.354351,0
28471,177.350552,0
28472,177.354909,0
28473,177.282915,0
28474,177.355804,0
28475,177.748261,0
28476,177.667835,0
28477,177.357130,0
28478,177.357130,0
28479,177.284232,0
28480,177.284232,0
28481,177.284232,0
28482,177.750612,0
28483,177.750612,0
28484,178.100692,0
28485,178.011404,0
28486,178.008028,0
28487,184.190846,0
28488,177.014435,0
28489,176.452119,0
28490,175.954498,0
28491,175.953660,0
28492,175.953660,0
28493,184.895861,0
28494,177.272990,0
28495,177.654976,0
28496,177.655994,0
28497,177.575385,0
28498,184.443508,0
28499,177.366244,0
28500,289.133090,0
28501,175.711460,0
28502,175.560294,0
28503,176.595589,0
28504,175.517151,0
28505,178.678944,0
28506,185.198230,0
28507,177.739581,0
28508,177.009996,0
28509,177.960114,0
28510,177.183439,0
28511,291.643782,0
28512,291.643782,0
28513,290.422787,0
28514,176.846687,0
28515,177.910916,0
28516,186.405491,0
28517,176.139031,0
28518,175.555458,0
28519,175.556564,0
28520,175.762985,0
28521,175.707441,0
28522,176.556125,0
28523,185.198070,0
28524,177.844640,0
28525,176.991947,0
28526,178.005438,0
28527,178.005034,0
28528,177.189673,0
28529,290.603921,0
28530,176.607122,0
28531,175.512683,0
28532,176.249382,0
28533,177.833881,0
28534,177.845586,0
28535,177.912495,0
28536,177.849920,0
28537,177.364836,0
28538,177.440857,0
28539,176.597939,0
28540,177.821789,0
28541,177.736064,0
28542,176.599949,0
28543,175.956082,0
28544,176.259129,0
28545,176.253459,0
28546,176.597108,0
28547,182.370387,0
28548,182.372398,0
28549,182.372407,0
28550,180.584545,0
28551,182.137053,0
28552,179.753344,0
28553,199.559482,0
28554,179.752150,0
28555,180.917199,0
28556,179.270934,0
28557,180.925340,0
28558,179.938476,0
28559,180.937484,0
28560,202.676316,0
28561,182.369070,0
28562,179.362541,0
28563,180.254776,0
28564,181.045471,0
28565,180.367154,0
28566,180.812853,0
28567,179.937239,0
28568,180.817574,0
28569,180.818730,0
28570,181.534281,0
28571,182.376687,0
28572,182.377539,0
28573,182.377511,0
28574,182.379917,0
28575,201.332345,0
28576,201.433130,0
28577,179.543946,0
28578,178.938563,0
28579,178.944531,0
28580,179.633988,0
28581,181.172178,0
28582,179.730003,0
28583,179.362629,0
28584,181.060196,0
28585,181.066081,0
28586,180.699169,0
28587,179.458666,0
28588,178.312097,0
28589,178.312097,0
28590,201.539006,0
28591,182.230171,0
28592,180.057069,0
28593,179.938636,0
28594,180.255974,0
28595,180.364029,0
28596,180.364387,0
28597,180.591492,0
28598,177.404807,0
28599,178.945501,0
28600,182.209173,0
28601,178.944441,0
28602,181.309929,0
28603,180.474681,0
28604,180.471619,0
28605,180.934074,0
28606,180.254721,0
28607,182.234243,0
28608,180.936511,0
28609,178.946041,0
28610,180.931221,0
28611,181.956527,0
28612,179.279083,0
28613,180.253704,0
28614,180.779232,0
28615,180.967027,0
28616,2622.551219,1
28617,229.580067,0
28618,1829.836452,1
28619,398.208121,0
28620,527.776537,0
28621,527.783214,0
28622,527.783214,0
28623,527.780138,0
28624,527.780853,0
28625,526.989556,0
28626,525.525398,0
28627,526.626391,0
28628,527.684358,0
28629,527.684488,0
28630,527.781291,0
28631,527.686694,0
28632,526.625552,0
28633,526.632055,0
28634,526.623143,0
28635,526.623143,0
28636,526.627273,0
28637,526.555590,0
28638,527.660895,0
28639,526.558849,0
28640,526.558849,0
28641,527.782610,0
28642,528.455275,0
28643,528.455275,0
28644,527.317832,0
28645,527.238344,0
28646,533.721455,0
28647,528.578725,0
28648,549.297327,0
28649,527.777445,0
28650,527.657603,0
28651,527.680901,0
28652,527.683289,0
28653,527.683289,0
28654,527.683289,0
28655,527.683289,0
28656,528.214215,0
28657,533.694299,0
28658,526.557891,0
28659,534.104276,0
28660,525.651728,0
28661,549.299478,0
28662,534.937474,0
28663,527.655113,0
28664,527.655140,0
28665,532.760352,0
28666,553.477150,0
28667,554.881817,0
28668,531.147192,0
28669,530.912203,0
28670,753.637667,0
28671,734.227017,0
28672,734.551265,0
28673,735.266612,0
28674,980.584893,0
28675,982.051508,0
28676,144.765909,0
28677,144.777662,0
28678,143.456836,0
28679,145.436885,0
28680,145.436885,0
28681,144.917202,0
28682,144.899581,0
28683,142.470129,0
28684,142.610553,0
28685,142.590236,0
28686,143.269937,0
28687,143.258023,0
28688,143.269771,0
28689,143.963684,0
28690,167.571531,0
28691,272.873325,0
28692,142.989853,0
28693,142.765496,0
28694,142.591748,0
28695,142.398765,0
28696,142.613258,0
28697,142.590710,0
28698,142.594299,0
28699,143.588510,0
28700,152.610234,0
28701,142.474481,0
28702,143.594537,0
28703,142.597647,0
28704,142.986846,0
28705,144.620502,0
28706,144.620502,0
28707,151.372783,0
28708,143.262827,0
28709,142.986367,0
28710,142.986969,0
28711,151.371006,0
28712,145.028944,0
28713,145.028944,0
28714,151.348220,0
28715,143.261115,0
28716,144.988641,0
28717,144.968536,0
28718,144.981002,0
28719,143.588828,0
28720,142.986786,0
28721,143.262369,0
28722,168.225218,0
28723,146.058402,0
28724,146.058402,0
28725,146.017951,0
28726,145.848792,0
28727,152.284493,0
28728,142.765657,0
28729,143.976447,0
28730,145.950038,0
28731,145.951533,0
28732,143.967822,0
28733,144.970638,0
28734,144.980239,0
28735,144.766229,0
28736,143.262587,0
28737,144.766293,0
28738,144.963704,0
28739,143.262427,0
28740,143.261385,0
28741,145.955468,0
28742,145.953379,0
28743,145.953727,0
28744,144.964414,0
28745,146.782348,0
28746,144.769512,0
28747,145.549379,0
28748,144.978859,0
28749,142.846308,0
28750,273.362700,0
28751,144.966916,0
28752,142.988329,0
28753,142.765774,0
28754,143.953282,0
28755,142.990875,0
28756,142.987852,0
28757,144.765725,0
28758,144.767157,0
28759,144.767099,0
28760,144.979164,0
28761,144.978213,0
28762,145.014229,0
28763,144.978829,0
28764,143.266988,0
28765,152.611889,0
28766,143.262001,0
28767,143.263688,0
28768,146.781259,0
28769,146.781467,0
28770,146.783958,0
28771,146.783372,0
28772,146.783418,0
28773,146.009892,0
28774,146.009665,0
28775,144.972508,0
28776,146.012479,0
28777,144.848935,0
28778,145.555320,0
28779,145.751106,0
28780,151.378475,0
28781,144.617328,0
28782,142.588239,0
28783,142.688379,0
28784,143.263594,0
28785,142.407890,0
28786,142.407890,0
28787,144.542474,0
28788,144.766894,0
28789,143.712697,0
28790,143.712697,0
28791,143.713166,0
28792,143.712767,0
28793,143.332759,0
28794,231.376200,0
28795,143.332443,0
28796,143.333906,0
28797,146.761659,0
28798,146.381569,0
28799,148.241662,0
28800,145.628137,0
28801,145.834510,0
28802,148.674569,0
28803,148.675123,0
28804,145.828872,0
28805,145.830290,0
28806,150.016560,0
28807,147.897855,0
28808,147.897862,0
28809,150.773600,0
28810,203.204481,0
28811,148.548543,0
28812,150.771491,0
28813,150.771491,0
28814,170.379636,0
28815,146.079757,0
28816,146.383927,0
28817,146.383927,0
28818,145.830126,0
28819,145.841559,0
28820,147.021463,0
28821,146.080479,0
28822,150.051041,0
28823,146.737390,0
28824,171.142493,0
28825,207.387737,0
28826,147.063812,0
28827,146.381198,0
28828,170.020432,0
28829,146.391171,0
28830,149.396810,0
28831,145.329310,0
28832,145.328411,0
28833,148.241500,0
28834,170.619388,0
28835,170.619388,0
28836,146.080493,0
28837,170.498404,0
28838,147.223057,0
28839,147.257046,0
28840,147.257394,0
28841,150.051768,0
28842,149.195743,0
28843,149.194236,0
28844,149.996358,0
28845,149.996358,0
28846,147.221943,0
28847,170.501852,0
28848,148.335255,0
28849,170.629190,0
28850,170.624975,0
28851,170.622278,0
28852,146.387073,0
28853,146.383688,0
28854,145.828852,0
28855,147.327772,0
28856,203.187799,0
28857,145.828851,0
28858,145.477997,0
28859,145.477997,0
28860,150.778050,0
28861,146.384137,0
28862,147.051524,0
28863,147.221530,0
28864,158.983986,0
28865,159.429295,0
28866,159.303869,0
28867,2587.312474,1
28868,2587.313403,1
28869,2587.309891,1
28870,194.475348,0
28871,194.435738,0
28872,194.605975,0
28873,194.909013,0
28874,772.961972,0
28875,894.619655,0
28876,2637.887244,1
28877,2637.887244,1
28878,515.759380,0
28879,1063.625192,1
28880,1064.898177,1
28881,1063.123344,0
28882,829.697311,0
28883,832.735556,0
28884,1779.715722,1
28885,1779.715722,1
28886,11726.709924,1
28887,1528.432376,1
28888,171.889370,0
28889,171.034823,0
28890,171.034656,0
28891,179.880832,0
28892,179.880832,0
28893,171.269949,0
28894,173.214859,0
28895,171.506427,0
28896,171.475704,0
28897,259.925930,0
28898,173.656028,0
28899,172.239832,0
28900,171.599948,0
28901,171.600278,0
28902,260.619672,0
28903,179.875084,0
28904,171.362602,0
28905,172.515542,0
28906,171.600801,0
28907,259.955586,0
28908,171.889804,0
28909,170.909180,0
28910,179.874361,0
28911,171.361084,0
28912,259.926103,0
28913,174.039666,0
28914,171.897194,0
28915,171.889469,0
28916,259.955689,0
28917,171.179620,0
28918,179.874621,0
28919,171.361654,0
28920,171.889779,0
28921,175.130088,0
28922,180.351216,0
28923,180.596728,0
28924,171.361392,0
28925,172.925792,0
28926,172.930856,0
28927,172.861495,0
28928,172.860365,0
28929,196.514730,0
28930,172.930679,0
28931,172.930679,0
28932,172.930679,0
28933,172.930679,0
28934,173.379480,0
28935,179.885929,0
28936,179.884338,0
28937,179.887440,0
28938,180.045195,0
28939,175.650823,0
28940,175.771675,0
28941,175.771675,0
28942,172.039129,0
28943,172.233831,0
28944,174.603090,0
28945,174.184686,0
28946,195.829277,0
28947,196.822109,0
28948,179.880854,0
28949,171.888971,0
28950,170.921245,0
28951,195.422697,0
28952,179.882199,0
28953,179.887337,0
28954,179.881141,0
28955,179.937845,0
28956,179.937846,0
28957,179.938515,0
28958,173.715786,0
28959,179.892923,0
28960,542.428369,0
28961,195.601545,0
28962,179.880862,0
28963,304.288238,0
28964,179.941942,0
28965,179.880821,0
28966,180.898608,0
28967,174.286657,0
28968,174.186890,0
28969,173.061175,0
28970,172.233938,0
28971,171.363179,0
28972,195.601357,0
28973,170.911667,0
28974,170.910543,0
28975,179.877876,0
28976,171.262598,0
28977,171.261353,0
28978,179.874264,0
28979,179.903913,0
28980,180.012354,0
28981,170.910253,0
28982,179.874375,0
28983,180.012979,0
28984,175.131363,0
28985,259.956562,0
28986,171.360831,0
28987,171.360558,0
28988,259.956800,0
28989,175.130935,0
28990,259.925860,0
28991,179.881789,0
28992,195.601096,0
28993,173.212567,0
28994,195.600726,0
28995,171.265613,0
28996,170.986113,0
28997,179.881969,0
28998,179.938963,0
28999,171.172424,0
29000,171.889561,0
29001,173.062287,0
29002,259.958383,0
29003,179.881907,0
29004,170.923478,0
29005,172.040129,0
29006,171.098532,0
29007,171.104008,0
29008,178.057993,0
29009,174.590199,0
29010,175.262569,0
29011,175.551172,0
29012,176.252737,0
29013,175.262404,0
29014,175.416041,0
29015,179.117826,0
29016,178.307190,0
29017,175.149650,0
29018,176.426944,0
29019,174.936790,0
29020,174.935642,0
29021,178.060480,0
29022,175.150330,0
29023,177.712022,0
29024,178.062224,0
29025,175.149342,0
29026,179.452210,0
29027,177.727769,0
29028,199.142382,0
29029,179.680558,0
29030,179.680558,0
29031,174.616078,0
29032,177.863362,0
29033,179.671671,0
29034,179.671671,0
29035,174.934712,0
29036,174.939891,0
29037,174.936725,0
29038,175.891565,0
29039,199.375753,0
29040,175.024909,0
29041,175.027985,0
29042,178.651551,0
29043,175.262268,0
29044,175.149208,0
29045,175.262157,0
29046,175.262332,0
29047,175.266144,0
29048,197.006189,0
29049,175.264243,0
29050,175.262414,0
29051,175.262414,0
29052,175.263389,0
29053,175.263389,0
29054,175.261817,0
29055,175.262985,0
29056,175.261032,0
29057,175.026386,0
29058,506.126906,0
29059,921.519103,0
29060,921.062975,0
29061,395.506517,0
29062,547.489822,0
29063,260.868215,0
29064,260.877897,0
29065,260.918968,0
29066,260.931266,0
29067,260.868162,0
29068,260.868120,0
29069,260.868127,0
29070,260.870384,0
29071,256.068587,0
29072,252.999173,0
29073,260.868146,0
29074,252.664734,0
29075,260.282732,0
29076,260.868019,0
29077,276.420390,0
29078,260.918501,0
29079,260.918513,0
29080,260.867718,0
29081,260.869876,0
29082,252.005760,0
29083,255.624234,0
29084,261.369244,0
29085,261.168361,0
29086,255.405535,0
29087,255.405535,0
29088,260.869772,0
29089,252.112736,0
29090,254.908284,0
29091,253.938968,0
29092,253.938968,0
29093,252.999148,0
29094,253.435257,0
29095,253.435126,0
29096,252.998235,0
29097,252.999306,0
29098,252.999489,0
29099,261.170902,0
29100,252.997949,0
29101,261.019537,0
29102,261.019559,0
29103,252.113869,0
29104,261.019456,0
29105,252.270088,0
29106,252.271549,0
29107,276.593078,0
29108,277.088066,0
29109,277.088392,0
29110,260.919513,0
29111,254.074527,0
29112,254.388512,0
29113,261.373211,0
29114,252.112710,0
29115,252.112710,0
29116,252.270233,0
29117,276.592989,0
29118,255.407094,0
29119,252.277264,0
29120,253.435983,0
29121,253.436382,0
29122,253.929408,0
29123,253.726961,0
29124,252.478057,0
29125,252.112910,0
29126,261.371895,0
29127,252.112770,0
29128,252.855777,0
29129,252.389138,0
29130,252.998615,0
29131,254.382952,0
29132,260.919060,0
29133,252.270115,0
29134,366.577626,0
29135,367.413220,0
29136,383.521314,0
29137,276.773484,0
29138,276.773484,0
29139,257.806714,0
29140,276.779350,0
29141,254.985494,0
29142,279.886195,0
29143,279.886195,0
29144,255.205997,0
29145,277.888221,0
29146,277.888221,0
29147,258.303425,0
29148,257.487642,0
29149,255.260109,0
29150,256.849351,0
29151,279.764094,0
29152,255.260267,0
29153,255.260019,0
29154,255.259641,0
29155,255.259519,0
29156,255.260373,0
29157,255.260589,0
29158,257.143773,0
29159,254.694038,0
29160,255.875134,0
29161,255.257852,0
29162,279.062903,0
29163,277.199250,0
29164,255.261010,0
29165,255.259778,0
29166,255.259778,0
29167,277.637931,0
29168,255.260255,0
29169,255.259702,0
29170,257.142905,0
29171,255.542387,0
29172,255.027504,0
29173,255.027498,0
29174,254.865780,0
29175,255.259560,0
29176,256.604866,0
29177,254.845282,0
29178,255.260432,0
29179,255.026403,0
29180,470.230657,0
29181,315.572388,0
29182,315.284773,0
29183,316.443520,0
29184,316.504389,0
29185,316.504389,0
29186,315.807021,0
29187,315.573339,0
29188,431.003027,0
29189,315.627292,0
29190,323.745897,0
29191,316.640201,0
29192,317.833486,0
29193,317.833486,0
29194,317.833486,0
29195,316.628631,0
29196,317.548831,0
29197,317.467527,0
29198,317.554709,0
29199,317.554709,0
29200,324.011323,0
29201,324.445365,0
29202,317.738536,0
29203,317.738227,0
29204,316.990029,0
29205,316.985710,0
29206,316.818649,0
29207,317.643180,0
29208,318.774456,0
29209,318.774456,0
29210,316.793473,0
29211,316.913952,0
29212,316.915264,0
29213,316.912052,0
29214,316.989994,0
29215,316.988233,0
29216,316.989994,0
29217,316.840534,0
29218,316.841249,0
29219,316.841108,0
29220,316.839536,0
29221,316.842701,0
29222,316.842694,0
29223,317.212153,0
29224,317.212814,0
29225,317.212814,0
29226,317.381496,0
29227,317.467961,0
29228,317.465280,0
29229,317.467672,0
29230,316.982973,0
29231,316.984081,0
29232,317.059797,0
29233,316.985852,0
29234,316.972579,0
29235,317.469319,0
29236,317.647161,0
29237,317.154325,0
29238,317.737404,0
29239,317.732707,0
29240,321.426356,0
29241,319.083990,0
29242,319.308525,0
29243,319.323610,0
29244,319.482738,0
29245,341.077613,0
29246,341.077613,0
29247,319.390232,0
29248,319.249486,0
29249,319.242623,0
29250,319.249303,0
29251,319.648603,0
29252,319.456789,0
29253,320.837520,0
29254,320.833931,0
29255,320.838218,0
29256,343.569048,0
29257,343.569394,0
29258,342.809895,0
29259,343.550845,0
29260,320.516611,0
29261,342.123902,0
29262,342.122469,0
29263,320.310817,0
29264,341.912787,0
29265,320.302072,0
29266,320.311769,0
29267,320.308411,0
29268,320.221988,0
29269,320.116636,0
29270,342.131910,0
29271,342.132176,0
29272,318.200208,0
29273,3608.354324,1
29274,9463.748460,1
