row,score,flagged
0,52.461752,1
1,54.671077,1
2,52.461864,1
3,54.666829,1
4,73.928455,1
5,55.621587,1
6,89.358973,1
7,55.321484,1
8,56.339489,1
9,57.041927,1
10,53.753605,1
11,26.975275,0
12,30.008613,0
13,30.008613,0
14,30.008613,0
15,27.629747,0
16,26.867541,0
17,32.022415,0
18,27.628970,0
19,32.155090,0
20,27.643322,0
21,32.046042,0
22,32.023654,0
23,32.023654,0
24,32.023654,0
25,27.958124,0
26,29.361936,0
27,29.391768,0
28,29.361937,0
29,27.967722,0
30,52.866904,1
31,39.340649,1
32,77.650306,1
33,34.771781,1
34,33.108908,1
35,32.273297,0
36,37.444758,1
37,47.855000,1
38,90.316643,1
39,36.731466,1
40,30.353297,0
41,30.402170,0
42,30.281534,0
43,32.793383,0
44,30.392122,0
45,72.668708,1
46,72.664166,1
47,96.692370,1
48,118.871436,1
49,76.694733,1
50,37.445543,1
51,45.718001,1
52,88.496736,1
53,55.615054,1
54,55.635742,1
55,59.344289,1
56,60.260491,1
57,59.843628,1
58,56.161677,1
59,56.161298,1
60,56.163970,1
61,56.166685,1
62,86.673660,1
63,65.935040,1
64,70.855743,1
65,70.860465,1
66,69.095931,1
67,69.532578,1
68,69.532578,1
69,98.462683,1
70,50.784062,1
71,50.797538,1
72,48.352162,1
73,48.388244,1
74,49.175046,1
75,50.791847,1
76,49.177221,1
77,49.177903,1
78,51.819412,1
79,91.018761,1
80,54.250151,1
81,111.993813,1
82,85.762920,1
83,43.547016,1
84,43.548104,1
85,43.130701,1
86,44.714030,1
87,43.769796,1
88,46.532569,1
89,43.792319,1
90,43.792319,1
91,43.783419,1
92,44.694540,1
93,44.703796,1
94,44.685762,1
95,56.129853,1
96,46.642589,1
97,45.353021,1
98,45.367459,1
99,49.189690,1
100,49.348320,1
101,62.219071,1
102,76.454131,1
103,62.065599,1
104,103.646649,1
105,134.406846,1
106,103.664281,1
107,107.767538,1
108,107.863603,1
109,129.824704,1
110,107.800200,1
111,52.690968,1
112,50.478162,1
113,84.390432,1
114,80.892755,1
115,82.966139,1
116,79.485130,1
117,90.970064,1
118,79.342491,1
119,57.563412,1
120,110.433672,1
121,113.439784,1
122,57.908463,1
123,88.602731,1
124,73.128407,1
125,73.128407,1
126,61.357663,1
127,70.847354,1
128,70.780229,1
129,81.742210,1
130,60.255380,1
131,58.982757,1
132,93.623856,1
133,44.907106,1
134,44.300655,1
135,44.515312,1
136,44.286398,1
137,44.449467,1
138,47.829566,1
139,46.052086,1
140,46.023212,1
141,72.255479,1
142,47.755639,1
143,46.046095,1
144,52.838168,1
145,48.487094,1
146,51.043403,1
147,102.969474,1
148,37.544969,1
149,38.428384,1
150,38.428351,1
151,38.427141,1
152,38.427138,1
153,37.546157,1
154,35.797361,1
155,36.605774,1
156,36.608030,1
157,36.027677,1
158,40.208809,1
159,40.037626,1
160,40.600705,1
161,36.933716,1
162,40.116715,1
163,45.992381,1
164,50.894159,1
165,42.261091,1
166,55.153139,1
167,44.089648,1
168,38.735547,1
169,38.744355,1
170,24.344412,0
171,30.300377,0
172,26.889005,0
173,26.889005,0
174,29.161430,0
175,30.288605,0
176,29.176488,0
177,29.175114,0
178,27.934767,0
179,27.912804,0
180,27.921833,0
181,26.869398,0
182,26.918379,0
183,27.281274,0
184,26.932726,0
185,27.933308,0
186,26.918075,0
187,26.941502,0
188,27.197838,0
189,27.181406,0
190,28.383856,0
191,27.941366,0
192,29.714242,0
193,28.283426,0
194,32.301407,0
195,32.344853,0
196,32.300548,0
197,29.746028,0
198,32.391147,0
199,28.319842,0
200,28.360572,0
201,32.274647,0
202,29.744768,0
203,28.283461,0
204,53.191759,1
205,39.421296,1
206,36.165953,1
207,90.461803,1
208,33.052555,1
209,30.681920,0
210,30.740073,0
211,40.515330,1
212,20.453262,0
213,15.670693,0
214,14.940604,0
215,15.693118,0
216,15.698849,0
217,15.698901,0
218,20.474800,0
219,20.474743,0
220,20.474801,0
221,15.686556,0
222,15.662594,0
223,15.084928,0
224,15.045861,0
225,15.116169,0
226,14.999699,0
227,16.775720,0
228,15.045847,0
229,15.045847,0
230,15.053377,0
231,15.060923,0
232,15.045831,0
233,15.087755,0
234,15.087676,0
235,14.975472,0
236,15.681100,0
237,15.045827,0
238,15.040490,0
239,15.686402,0
240,15.661545,0
241,15.486801,0
242,15.484530,0
243,15.486801,0
244,15.510229,0
245,15.484480,0
246,15.484646,0
247,15.484655,0
248,15.566320,0
249,15.484541,0
250,15.484526,0
251,15.484526,0
252,15.566417,0
253,19.588735,0
254,16.794001,0
255,16.794001,0
256,19.596132,0
257,23.455272,0
258,16.792112,0
259,16.791744,0
260,59.037702,1
261,23.339122,0
262,17.487063,0
263,23.456172,0
264,16.763681,0
265,16.793794,0
266,59.037727,1
267,16.815226,0
268,16.791816,0
269,23.328814,0
270,23.329337,0
271,17.366499,0
272,23.328397,0
273,23.493737,0
274,16.791945,0
275,16.764460,0
276,19.577702,0
277,23.454599,0
278,19.531057,0
279,16.791749,0
280,23.458473,0
281,15.661925,0
282,23.308804,0
283,23.455363,0
284,23.453859,0
285,23.458403,0
286,17.456009,0
287,17.486666,0
288,23.458478,0
289,23.454748,0
290,23.458509,0
291,23.458509,0
292,23.454747,0
293,16.791732,0
294,17.487216,0
295,23.458417,0
296,23.458417,0
297,23.454663,0
298,16.813420,0
299,16.813009,0
300,23.473110,0
301,23.457213,0
302,23.291445,0
303,17.470414,0
304,23.317119,0
305,19.535497,0
306,17.397035,0
307,19.622154,0
308,16.774476,0
309,23.385719,0
310,23.453757,0
311,23.454964,0
312,23.472230,0
313,23.470432,0
314,43.805868,1
315,43.809829,1
316,43.802263,1
317,43.815764,1
318,43.803867,1
319,43.827225,1
320,42.679223,1
321,65.209573,1
322,65.209573,1
323,65.209573,1
324,42.701321,1
325,32.564813,0
326,39.306813,1
327,25.428247,0
328,25.504783,0
329,24.796528,0
330,23.684678,0
331,29.504334,0
332,29.473413,0
333,21.088881,0
334,21.063339,0
335,20.867617,0
336,20.850726,0
337,63.668064,1
338,60.386396,1
339,40.109659,1
340,40.109659,1
341,51.959619,1
342,40.106293,1
343,102.509525,1
344,40.113413,1
345,51.958842,1
346,40.122241,1
347,210.064913,1
348,17.553183,0
349,19.140257,0
350,17.623272,0
351,18.045658,0
352,18.025279,0
353,17.987587,0
354,17.992635,0
355,21.538485,0
356,25.228383,0
357,21.630836,0
358,21.630191,0
359,21.646820,0
360,21.624776,0
361,25.031941,0
362,19.736835,0
363,19.595130,0
364,21.597561,0
365,21.612228,0
366,19.668000,0
367,19.636825,0
368,19.665232,0
369,19.665264,0
370,21.611275,0
371,25.029043,0
372,25.178302,0
373,25.012159,0
374,25.030587,0
375,25.029043,0
376,19.719551,0
377,19.719556,0
378,21.569290,0
379,21.537310,0
380,21.569787,0
381,21.569787,0
382,19.153430,0
383,19.153430,0
384,21.550567,0
385,21.648282,0
386,19.594924,0
387,19.626833,0
388,19.626857,0
389,19.626837,0
390,21.654243,0
391,19.153282,0
392,19.106244,0
393,21.612758,0
394,21.612486,0
395,21.610252,0
396,19.715531,0
397,25.038203,0
398,19.674269,0
399,19.699253,0
400,21.638973,0
401,21.554600,0
402,19.634212,0
403,19.600869,0
404,21.582957,0
405,21.593944,0
406,21.643435,0
407,21.554996,0
408,19.607124,0
409,19.616198,0
410,19.616198,0
411,19.616198,0
412,19.595031,0
413,25.045159,0
414,19.619545,0
415,21.589428,0
416,25.029032,0
417,25.030752,0
418,25.029032,0
419,25.045666,0
420,19.674139,0
421,19.606741,0
422,19.671142,0
423,25.044377,0
424,21.568412,0
425,25.127027,0
426,25.043525,0
427,25.145716,0
428,19.127082,0
429,25.045176,0
430,49.240251,1
431,40.270205,1
432,33.775988,1
433,27.130174,0
434,40.406388,1
435,40.166833,1
436,27.060145,0
437,25.362437,0
438,25.363097,0
439,25.351675,0
440,25.378186,0
441,44.381380,1
442,26.017585,0
443,22.951461,0
444,35.019787,1
445,41.133364,1
446,28.101314,0
447,24.834303,0
448,24.834246,0
449,24.834246,0
450,24.837937,0
451,28.085816,0
452,24.803723,0
453,24.439613,0
454,24.417197,0
455,24.439554,0
456,24.413749,0
457,24.417121,0
458,24.417110,0
459,24.800708,0
460,24.442935,0
461,24.409387,0
462,24.413710,0
463,24.439554,0
464,24.691250,0
465,24.702990,0
466,24.703138,0
467,24.703075,0
468,24.703219,0
469,25.531413,0
470,30.331239,0
471,25.526608,0
472,25.897485,0
473,25.531645,0
474,25.994098,0
475,25.989164,0
476,26.021788,0
477,25.560083,0
478,25.526846,0
479,25.526846,0
480,27.415556,0
481,30.228765,0
482,25.531493,0
483,25.526807,0
484,30.328324,0
485,32.037983,0
486,31.918370,0
487,32.136801,0
488,43.896854,1
489,31.039784,0
490,31.043458,0
491,82.130317,1
492,35.500130,1
493,124.100519,1
494,72.733788,1
495,33.631450,1
496,54.392685,1
497,54.392815,1
498,57.109844,1
499,54.928080,1
500,54.901350,1
501,54.901399,1
502,61.411361,1
503,61.468199,1
504,57.957534,1
505,58.194245,1
506,40.414698,1
507,40.414698,1
508,41.380601,1
509,42.339004,1
510,42.324002,1
511,41.382686,1
512,41.390847,1
513,41.391107,1
514,44.212431,1
515,41.415781,1
516,41.374144,1
517,66.607508,1
518,45.415022,1
519,45.500124,1
520,45.490459,1
521,42.958712,1
522,48.154146,1
523,48.154146,1
524,57.612114,1
525,59.859878,1
526,58.477023,1
527,62.505160,1
528,62.498517,1
529,62.904374,1
530,103.942129,1
531,93.938672,1
532,62.738003,1
533,49.688868,1
534,49.688887,1
535,50.059542,1
536,52.612806,1
537,52.673345,1
538,91.851921,1
539,61.420800,1
540,89.827168,1
541,96.661881,1
542,104.672996,1
543,103.945669,1
544,97.834305,1
545,86.529990,1
546,86.521759,1
547,86.871767,1
548,109.099033,1
549,37.601225,1
550,35.383695,1
551,35.366726,1
552,35.375177,1
553,34.210548,1
554,34.210452,1
555,35.356712,1
556,35.382418,1
557,37.588387,1
558,39.273248,1
559,56.420672,1
560,38.526183,1
561,39.947407,1
562,36.226094,1
563,36.107448,1
564,38.259404,1
565,36.106324,1
566,36.226498,1
567,36.214833,1
568,38.252885,1
569,75.292457,1
570,75.285621,1
571,42.050324,1
572,175.125952,1
573,42.018711,1
574,24.344412,0
575,59.742986,1
576,41.796206,1
577,45.329925,1
578,45.275144,1
579,45.279012,1
580,43.457912,1
581,43.447065,1
582,44.147163,1
583,44.147163,1
584,42.535996,1
585,45.279231,1
586,45.359775,1
587,45.293984,1
588,45.283732,1
589,43.460109,1
590,46.385255,1
591,46.385255,1
592,46.414415,1
593,81.622880,1
594,81.622880,1
595,62.902339,1
596,70.858678,1
597,93.769347,1
598,70.793001,1
599,60.247890,1
600,59.076611,1
601,58.984689,1
602,43.883465,1
603,43.883465,1
604,41.873369,1
605,41.788800,1
606,41.799460,1
607,45.287375,1
608,45.343947,1
609,45.344710,1
610,42.278565,1
611,43.445718,1
612,45.284892,1
613,46.431831,1
614,59.482746,1
615,46.065636,1
616,70.957254,1
617,70.957254,1
618,44.161204,1
619,22.241936,0
620,22.230860,0
621,22.238190,0
622,22.239387,0
623,25.621840,0
624,22.235000,0
625,49.236376,1
626,49.305166,1
627,31.319924,0
628,46.065194,1
629,31.356586,0
630,31.335580,0
631,31.325365,0
632,45.696862,1
633,45.960450,1
634,31.503270,0
635,31.327033,0
636,60.338309,1
637,60.341091,1
638,60.341201,1
639,31.977470,0
640,31.977470,0
641,31.977470,0
642,31.977470,0
643,31.977470,0
644,31.977470,0
645,31.977470,0
646,31.977470,0
647,31.977470,0
648,31.977470,0
649,31.977470,0
650,31.977470,0
651,31.977470,0
652,31.977470,0
653,31.977470,0
654,31.977470,0
655,31.977470,0
656,31.977470,0
657,31.977470,0
658,31.977470,0
659,31.977470,0
660,31.977470,0
661,31.977470,0
662,31.977470,0
663,31.977470,0
664,31.977470,0
665,31.977470,0
666,31.977470,0
667,31.977470,0
668,31.977470,0
669,31.977470,0
670,31.977470,0
671,31.977470,0
672,31.977470,0
673,31.977470,0
674,31.977470,0
675,31.977470,0
676,31.977470,0
677,31.977470,0
678,31.977470,0
679,31.977470,0
680,31.977470,0
681,31.977470,0
682,31.977470,0
683,31.977470,0
684,31.977470,0
685,31.977470,0
686,31.977470,0
687,31.977470,0
688,31.977470,0
689,31.977470,0
690,31.977470,0
691,31.977470,0
692,31.977470,0
693,31.977470,0
694,31.977470,0
695,31.977470,0
696,31.977470,0
697,31.977470,0
698,31.977470,0
699,31.977470,0
700,31.977470,0
701,31.977470,0
702,31.977470,0
703,31.977470,0
704,101.986911,1
705,31.691093,0
706,122.950927,1
707,192.156813,1
708,36.450089,1
709,36.450099,1
710,38.205149,1
711,38.206057,1
712,38.216380,1
713,38.214903,1
714,35.939016,1
715,38.209497,1
716,38.215497,1
717,35.928399,1
718,62.677517,1
719,56.770481,1
720,54.429677,1
721,38.339092,1
722,38.336485,1
723,41.446517,1
724,39.052187,1
725,42.182382,1
726,42.186965,1
727,42.185965,1
728,42.778488,1
729,42.780160,1
730,42.774461,1
731,36.773885,1
732,42.533702,1
733,105.902977,1
734,209.589718,1
735,37.502689,1
736,38.213296,1
737,37.485892,1
738,39.558437,1
739,39.506615,1
740,39.491063,1
741,39.516066,1
742,38.212069,1
743,126.630729,1
744,44.568137,1
745,45.280953,1
746,45.280953,1
747,45.242331,1
748,45.262368,1
749,62.079576,1
750,40.266944,1
751,42.102543,1
752,40.270600,1
753,40.279938,1
754,42.102279,1
755,64.435210,1
756,180.749034,1
757,100.511312,1
758,123.608100,1
759,152.315932,1
760,64.403487,1
761,26.286908,0
762,26.303673,0
763,26.300285,0
764,26.273322,0
765,26.273322,0
766,26.280878,0
767,26.303771,0
768,26.300274,0
769,24.993615,0
770,26.286900,0
771,26.303715,0
772,26.272116,0
773,26.303815,0
774,26.303874,0
775,26.303932,0
776,22.335295,0
777,22.366967,0
778,22.335044,0
779,22.335044,0
780,22.309409,0
781,22.348938,0
782,22.348950,0
783,22.775079,0
784,22.757343,0
785,22.645327,0
786,23.569513,0
787,25.573874,0
788,28.555278,0
789,28.574459,0
790,25.562357,0
791,25.577079,0
792,25.566837,0
793,25.573571,0
794,25.601590,0
795,25.587485,0
796,25.619731,0
797,25.573108,0
798,28.568124,0
799,28.584320,0
800,23.958497,0
801,28.303957,0
802,80.524851,1
803,76.233604,1
804,47.952517,1
805,54.290124,1
806,32.887791,0
807,28.859621,0
808,28.859585,0
809,34.545332,1
810,34.521297,1
811,34.534058,1
812,35.534344,1
813,46.462277,1
814,33.782948,1
815,35.480081,1
816,35.418098,1
817,26.749519,0
818,94.290572,1
819,87.453750,1
820,27.305311,0
821,64.825413,1
822,64.819331,1
823,27.308486,0
824,26.049127,0
825,26.035572,0
826,27.292254,0
827,27.308588,0
828,27.308588,0
829,23.937269,0
830,23.918791,0
831,27.325447,0
832,27.308849,0
833,23.932644,0
834,23.561599,0
835,23.815814,0
836,29.610308,0
837,24.656118,0
838,29.616383,0
839,25.046676,0
840,26.785819,0
841,25.146162,0
842,29.606586,0
843,26.630806,0
844,26.595402,0
845,29.511516,0
846,26.638789,0
847,25.036946,0
848,29.485929,0
849,29.485954,0
850,26.605974,0
851,26.605974,0
852,26.714180,0
853,25.074364,0
854,24.651784,0
855,25.049317,0
856,25.066947,0
857,29.495788,0
858,25.043947,0
859,25.047516,0
860,29.495840,0
861,43.074483,1
862,37.160017,1
863,54.033975,1
864,31.155126,0
865,48.134846,1
866,29.772431,0
867,35.300258,1
868,27.732479,0
869,77.812935,1
870,71.587866,1
871,71.587866,1
872,173.652838,1
873,31.625205,0
874,86.060840,1
875,86.043092,1
876,86.050788,1
877,103.578071,1
878,39.963859,1
879,39.973806,1
880,39.975164,1
881,38.222571,1
882,37.500524,1
883,37.730373,1
884,37.674138,1
885,41.581419,1
886,41.581418,1
887,41.589566,1
888,41.581418,1
889,41.580092,1
890,39.507929,1
891,38.465379,1
892,38.476153,1
893,38.476776,1
894,42.705224,1
895,57.081047,1
896,62.738568,1
897,40.279478,1
898,127.920280,1
899,31.887026,0
900,29.052177,0
901,31.887115,0
902,31.888524,0
903,31.865591,0
904,31.874672,0
905,29.053582,0
906,28.717418,0
907,29.060821,0
908,28.938328,0
909,28.952159,0
910,28.938429,0
911,30.070459,0
912,29.670292,0
913,33.892295,1
914,29.671800,0
915,29.671857,0
916,29.671793,0
917,31.301243,0
918,33.892291,1
919,33.890274,1
920,33.879543,1
921,29.987610,0
922,29.974368,0
923,30.057264,0
924,30.070780,0
925,33.892294,1
926,60.142238,1
927,41.952379,1
928,46.112852,1
929,55.132078,1
930,50.972578,1
931,51.118615,1
932,124.712290,1
933,174.339669,1
934,105.375774,1
935,49.542620,1
936,47.570786,1
937,47.718098,1
938,50.804303,1
939,49.165977,1
940,50.804341,1
941,50.863048,1
942,48.346749,1
943,50.800724,1
944,50.859499,1
945,51.793139,1
946,59.741235,1
947,60.070880,1
948,29.994373,0
949,29.995716,0
950,30.278110,0
951,30.190529,0
952,30.202270,0
953,34.976083,1
954,34.856445,1
955,34.856445,1
956,34.869748,1
957,34.856445,1
958,34.856445,1
959,31.254540,0
960,32.498515,0
961,31.203280,0
962,31.229567,0
963,31.234154,0
964,36.370395,1
965,36.410743,1
966,41.627123,1
967,36.385640,1
968,41.622411,1
969,36.641455,1
970,36.357826,1
971,36.380847,1
972,36.505464,1
973,65.614194,1
974,41.663735,1
975,36.527844,1
976,36.901055,1
977,36.424319,1
978,78.805644,1
979,38.478780,1
980,35.880218,1
981,36.649985,1
982,36.902720,1
983,37.646334,1
984,37.646334,1
985,37.649887,1
986,37.656867,1
987,37.638284,1
988,37.379552,1
989,37.659176,1
990,37.661054,1
991,38.685432,1
992,38.700449,1
993,37.653405,1
994,37.662270,1
995,37.840121,1
996,46.800642,1
997,41.973479,1
998,46.617417,1
999,46.709545,1
1000,46.758174,1
1001,46.590687,1
1002,43.855534,1
1003,26.876559,0
1004,26.876402,0
1005,26.873080,0
1006,26.873164,0
1007,26.873164,0
1008,26.873325,0
1009,26.939949,0
1010,27.926104,0
1011,26.930969,0
1012,27.897069,0
1013,26.915977,0
1014,26.915977,0
1015,26.967228,0
1016,26.915991,0
1017,26.927470,0
1018,27.267834,0
1019,26.927879,0
1020,26.904453,0
1021,27.267833,0
1022,27.267833,0
1023,27.203447,0
1024,27.243433,0
1025,27.203375,0
1026,27.187333,0
1027,27.245821,0
1028,27.241005,0
1029,27.241005,0
1030,28.270154,0
1031,27.968043,0
1032,28.292199,0
1033,28.289761,0
1034,28.314544,0
1035,29.695102,0
1036,28.269518,0
1037,53.104800,1
1038,40.547075,1
1039,53.105019,1
1040,37.267843,1
1041,34.246798,1
1042,34.237399,1
1043,45.907335,1
1044,10.291028,0
1045,10.291028,0
1046,10.290469,0
1047,10.666412,0
1048,15.298435,0
1049,15.298435,0
1050,10.290581,0
1051,10.290581,0
1052,10.290581,0
1053,10.290285,0
1054,10.290285,0
1055,10.290403,0
1056,10.297297,0
1057,10.297297,0
1058,10.297297,0
1059,10.297297,0
1060,10.290464,0
1061,10.290423,0
1062,10.290423,0
1063,10.299432,0
1064,10.299121,0
1065,10.299121,0
1066,10.297305,0
1067,10.297398,0
1068,10.297616,0
1069,10.292673,0
1070,10.290849,0
1071,10.292567,0
1072,10.293758,0
1073,10.293678,0
1074,10.290605,0
1075,10.293673,0
1076,10.318278,0
1077,10.288193,0
1078,10.293869,0
1079,10.235063,0
1080,10.235063,0
1081,10.299403,0
1082,10.299278,0
1083,10.299278,0
1084,10.293476,0
1085,10.293476,0
1086,10.293786,0
1087,10.293664,0
1088,10.682475,0
1089,10.313922,0
1090,10.237359,0
1091,10.307190,0
1092,10.238341,0
1093,10.238341,0
1094,10.299557,0
1095,10.299447,0
1096,10.299557,0
1097,10.299557,0
1098,10.299140,0
1099,10.668880,0
1100,10.668879,0
1101,10.307407,0
1102,10.307407,0
1103,10.299498,0
1104,10.299296,0
1105,10.299296,0
1106,10.299296,0
1107,10.307486,0
1108,10.249648,0
1109,10.667904,0
1110,10.717131,0
1111,10.716855,0
1112,10.249586,0
1113,10.249586,0
1114,10.318199,0
1115,10.252154,0
1116,10.511818,0
1117,10.299267,0
1118,10.299561,0
1119,10.293534,0
1120,10.259810,0
1121,10.689791,0
1122,10.689886,0
1123,10.309422,0
1124,10.670944,0
1125,10.249744,0
1126,10.242345,0
1127,10.672569,0
1128,10.305272,0
1129,10.297650,0
1130,10.242422,0
1131,10.242422,0
1132,10.249873,0
1133,10.305822,0
1134,10.241020,0
1135,10.259853,0
1136,10.240029,0
1137,10.259937,0
1138,10.249836,0
1139,10.249780,0
1140,10.665912,0
1141,10.670299,0
1142,10.259553,0
1143,10.249863,0
1144,10.680451,0
1145,10.242268,0
1146,10.290667,0
1147,10.290667,0
1148,10.290667,0
1149,10.249798,0
1150,10.307426,0
1151,10.242313,0
1152,10.242313,0
1153,10.259718,0
1154,10.293827,0
1155,10.293827,0
1156,10.237103,0
1157,10.237393,0
1158,10.307657,0
1159,10.307672,0
1160,10.251989,0
1161,10.716898,0
1162,10.243569,0
1163,10.670335,0
1164,10.689529,0
1165,15.301132,0
1166,10.702263,0
1167,10.680197,0
1168,10.665888,0
1169,10.669028,0
1170,10.307357,0
1171,10.457587,0
1172,10.307334,0
1173,10.259588,0
1174,10.312044,0
1175,10.323393,0
1176,10.323393,0
1177,11.225973,0
1178,10.547208,0
1179,11.267157,0
1180,10.347689,0
1181,10.380796,0
1182,10.319281,0
1183,10.309005,0
1184,10.312029,0
1185,10.312029,0
1186,10.308967,0
1187,11.223211,0
1188,10.321232,0
1189,10.323109,0
1190,10.323109,0
1191,11.225981,0
1192,11.225981,0
1193,10.373029,0
1194,10.308982,0
1195,10.308976,0
1196,10.373074,0
1197,10.370095,0
1198,10.293528,0
1199,10.293528,0
1200,10.356727,0
1201,10.500607,0
1202,10.356732,0
1203,10.319281,0
1204,10.554109,0
1205,10.554109,0
1206,10.312014,0
1207,10.547075,0
1208,10.408453,0
1209,10.384065,0
1210,10.329208,0
1211,10.312036,0
1212,10.312036,0
1213,10.319295,0
1214,10.329180,0
1215,10.329227,0
1216,10.329193,0
1217,10.329193,0
1218,10.526555,0
1219,10.464295,0
1220,10.464295,0
1221,10.329197,0
1222,11.283408,0
1223,10.439287,0
1224,10.312036,0
1225,10.526557,0
1226,10.329196,0
1227,10.464260,0
1228,10.540179,0
1229,10.540167,0
1230,10.251155,0
1231,10.374360,0
1232,10.305411,0
1233,10.314809,0
1234,10.329182,0
1235,10.312031,0
1236,10.312057,0
1237,11.267154,0
1238,10.419561,0
1239,10.338948,0
1240,10.338934,0
1241,10.341673,0
1242,10.366347,0
1243,11.236053,0
1244,10.606079,0
1245,10.606079,0
1246,10.413610,0
1247,10.413552,0
1248,10.431824,0
1249,10.425631,0
1250,10.413580,0
1251,10.431852,0
1252,10.331560,0
1253,10.375737,0
1254,10.375742,0
1255,10.375813,0
1256,11.239766,0
1257,11.239787,0
1258,11.239787,0
1259,10.321063,0
1260,10.245525,0
1261,10.284434,0
1262,10.313251,0
1263,10.313483,0
1264,10.322955,0
1265,10.322955,0
1266,10.341650,0
1267,10.319317,0
1268,10.319319,0
1269,10.319319,0
1270,10.305268,0
1271,10.375724,0
1272,10.375724,0
1273,10.547093,0
1274,10.341684,0
1275,10.319316,0
1276,10.319316,0
1277,10.319311,0
1278,11.232717,0
1279,11.232717,0
1280,10.312041,0
1281,10.312017,0
1282,10.312017,0
1283,10.606077,0
1284,10.606077,0
1285,10.327006,0
1286,10.526553,0
1287,10.494591,0
1288,10.293547,0
1289,11.162941,0
1290,11.078379,0
1291,11.275385,0
1292,11.145479,0
1293,11.153838,0
1294,11.068375,0
1295,11.167625,0
1296,11.206303,0
1297,11.071698,0
1298,11.087613,0
1299,11.171949,0
1300,11.117791,0
1301,11.250632,0
1302,11.250820,0
1303,11.262784,0
1304,11.071482,0
1305,11.167613,0
1306,11.171889,0
1307,11.171928,0
1308,11.114082,0
1309,11.124257,0
1310,11.275155,0
1311,11.078201,0
1312,11.111635,0
1313,11.066931,0
1314,11.102929,0
1315,11.084440,0
1316,11.232954,0
1317,11.172003,0
1318,11.080583,0
1319,11.103128,0
1320,11.117535,0
1321,11.233505,0
1322,11.176513,0
1323,11.227659,0
1324,13.576985,0
1325,12.835441,0
1326,12.863311,0
1327,50.987285,1
1328,17.885514,0
1329,17.885514,0
1330,17.885514,0
1331,17.840205,0
1332,37.692631,1
1333,28.119333,0
1334,28.121037,0
1335,27.814359,0
1336,41.722760,1
1337,28.128513,0
1338,28.119264,0
1339,29.969369,0
1340,29.963922,0
1341,23.596272,0
1342,17.398987,0
1343,17.399021,0
1344,17.388475,0
1345,17.388527,0
1346,17.448036,0
1347,17.448036,0
1348,17.415312,0
1349,17.415514,0
1350,17.415554,0
1351,17.415625,0
1352,17.415486,0
1353,17.406469,0
1354,17.436117,0
1355,17.468522,0
1356,17.415392,0
1357,17.415636,0
1358,17.439292,0
1359,17.398938,0
1360,17.398943,0
1361,17.465561,0
1362,17.473942,0
1363,17.414828,0
1364,17.488413,0
1365,17.433188,0
1366,17.433221,0
1367,17.506777,0
1368,17.511475,0
1369,17.506739,0
1370,18.025241,0
1371,17.473931,0
1372,18.963743,0
1373,18.963728,0
1374,17.414800,0
1375,17.488424,0
1376,17.433196,0
1377,17.475389,0
1378,17.414823,0
1379,17.488466,0
1380,17.438050,0
1381,17.437956,0
1382,17.437772,0
1383,17.437856,0
1384,17.437808,0
1385,17.437816,0
1386,17.480396,0
1387,17.480402,0
1388,17.433177,0
1389,17.506744,0
1390,17.433197,0
1391,17.414806,0
1392,17.452445,0
1393,17.406793,0
1394,17.470675,0
1395,17.433195,0
1396,17.400333,0
1397,17.406745,0
1398,17.406747,0
1399,17.400238,0
1400,17.893956,0
1401,17.889265,0
1402,17.889265,0
1403,17.935342,0
1404,17.915665,0
1405,17.907200,0
1406,17.899764,0
1407,17.935432,0
1408,17.940513,0
1409,17.905415,0
1410,17.889757,0
1411,17.889757,0
1412,17.889757,0
1413,17.889757,0
1414,17.889628,0
1415,17.889757,0
1416,17.906773,0
1417,17.899651,0
1418,17.935481,0
1419,19.559561,0
1420,19.614711,0
1421,19.662265,0
1422,19.614294,0
1423,19.732538,0
1424,24.975198,0
1425,19.626512,0
1426,19.624080,0
1427,19.623068,0
1428,19.583563,0
1429,19.585578,0
1430,19.543352,0
1431,19.654116,0
1432,27.269652,0
1433,26.952441,0
1434,26.954943,0
1435,26.361426,0
1436,22.870578,0
1437,22.720263,0
1438,31.156299,0
1439,174.977846,1
1440,105.563982,1
1441,25.112473,0
1442,25.089766,0
1443,25.571973,0
1444,25.122678,0
1445,25.161002,0
1446,25.109890,0
1447,25.109890,0
1448,25.122660,0
1449,25.122665,0
1450,26.207851,0
1451,26.235658,0
1452,25.109899,0
1453,25.096391,0
1454,25.147485,0
1455,25.094029,0
1456,25.099815,0
1457,25.122386,0
1458,25.161013,0
1459,25.173336,0
1460,25.135969,0
1461,25.135920,0
1462,25.471801,0
1463,25.472006,0
1464,25.520808,0
1465,25.471806,0
1466,25.442711,0
1467,25.520906,0
1468,25.471980,0
1469,25.442502,0
1470,26.736635,0
1471,28.095846,0
1472,28.105298,0
1473,26.634460,0
1474,28.124693,0
1475,26.698101,0
1476,26.633751,0
1477,26.706832,0
1478,28.129990,0
1479,26.649742,0
1480,26.705235,0
1481,28.103139,0
1482,32.786578,0
1483,31.105464,0
1484,31.118387,0
1485,29.033725,0
1486,29.158543,0
1487,37.760894,1
1488,171.110446,1
1489,13.298194,0
1490,13.268695,0
1491,13.321552,0
1492,13.302731,0
1493,13.286267,0
1494,13.270553,0
1495,13.300220,0
1496,13.302718,0
1497,13.592905,0
1498,13.276728,0
1499,13.276728,0
1500,13.598235,0
1501,17.468818,0
1502,13.319886,0
1503,13.319769,0
1504,13.319822,0
1505,13.276568,0
1506,14.133319,0
1507,13.302688,0
1508,13.331869,0
1509,13.300309,0
1510,13.302854,0
1511,13.302796,0
1512,13.302438,0
1513,13.300364,0
1514,13.313378,0
1515,13.302746,0
1516,13.598303,0
1517,13.300430,0
1518,13.302730,0
1519,13.313389,0
1520,13.313405,0
1521,13.302903,0
1522,13.276387,0
1523,13.321848,0
1524,13.276265,0
1525,17.478171,0
1526,17.467097,0
1527,13.300552,0
1528,13.300608,0
1529,13.268755,0
1530,13.306914,0
1531,13.306999,0
1532,17.469619,0
1533,13.658541,0
1534,13.313333,0
1535,13.306857,0
1536,13.307056,0
1537,13.592704,0
1538,13.302657,0
1539,13.302762,0
1540,13.302799,0
1541,13.592914,0
1542,13.300531,0
1543,13.286373,0
1544,13.301862,0
1545,13.300558,0
1546,13.302960,0
1547,13.301897,0
1548,13.301893,0
1549,13.302601,0
1550,13.302667,0
1551,13.302731,0
1552,13.302731,0
1553,13.302731,0
1554,13.300290,0
1555,13.665341,0
1556,13.665341,0
1557,13.307051,0
1558,15.271492,0
1559,13.360506,0
1560,14.047531,0
1561,13.342961,0
1562,13.317288,0
1563,15.266602,0
1564,13.317290,0
1565,13.317292,0
1566,13.317295,0
1567,13.317283,0
1568,13.323778,0
1569,13.323770,0
1570,13.338135,0
1571,13.487280,0
1572,13.263643,0
1573,13.268100,0
1574,13.328460,0
1575,13.368103,0
1576,13.338262,0
1577,14.034964,0
1578,13.315195,0
1579,13.315189,0
1580,13.309961,0
1581,13.368118,0
1582,13.368118,0
1583,13.357700,0
1584,13.274626,0
1585,13.263639,0
1586,13.371179,0
1587,13.360143,0
1588,13.364655,0
1589,13.492705,0
1590,13.492671,0
1591,13.328477,0
1592,13.311563,0
1593,13.309951,0
1594,13.315162,0
1595,13.338153,0
1596,13.315185,0
1597,13.315185,0
1598,13.315185,0
1599,13.312824,0
1600,13.315204,0
1601,13.315204,0
1602,13.315192,0
1603,13.550317,0
1604,13.550349,0
1605,13.550349,0
1606,13.550349,0
1607,13.371312,0
1608,13.495835,0
1609,13.487316,0
1610,13.311599,0
1611,13.371079,0
1612,13.364584,0
1613,13.328459,0
1614,14.040284,0
1615,14.040284,0
1616,13.315177,0
1617,13.390041,0
1618,13.323779,0
1619,13.332273,0
1620,13.309968,0
1621,13.311621,0
1622,13.311574,0
1623,13.311574,0
1624,13.357687,0
1625,13.315228,0
1626,13.311555,0
1627,13.315173,0
1628,13.918798,0
1629,13.918613,0
1630,13.918780,0
1631,13.919018,0
1632,13.908107,0
1633,13.907767,0
1634,13.986399,0
1635,13.908224,0
1636,13.913313,0
1637,13.909909,0
1638,14.066098,0
1639,13.938312,0
1640,13.918689,0
1641,14.046973,0
1642,13.947282,0
1643,13.947047,0
1644,16.115027,0
1645,15.357580,0
1646,16.149981,0
1647,50.840269,1
1648,15.359944,0
1649,15.359944,0
1650,15.968875,0
1651,15.353945,0
1652,16.110793,0
1653,15.354710,0
1654,16.667925,0
1655,23.845049,0
1656,41.999356,1
1657,19.933448,0
1658,19.736449,0
1659,19.916198,0
1660,126.709039,1
1661,69.819091,1
1662,16.219319,0
1663,16.219324,0
1664,16.219323,0
1665,16.219082,0
1666,16.212477,0
1667,16.447363,0
1668,16.212388,0
1669,16.171017,0
1670,16.171080,0
1671,16.453305,0
1672,16.166424,0
1673,16.190416,0
1674,16.167845,0
1675,16.268884,0
1676,16.171098,0
1677,16.175761,0
1678,16.171058,0
1679,16.171058,0
1680,16.171012,0
1681,16.171961,0
1682,16.175627,0
1683,16.200064,0
1684,16.203770,0
1685,16.203770,0
1686,16.203912,0
1687,16.207314,0
1688,16.203147,0
1689,16.203805,0
1690,19.775931,0
1691,16.182252,0
1692,16.272056,0
1693,16.280352,0
1694,16.276183,0
1695,16.272060,0
1696,16.320744,0
1697,16.210345,0
1698,16.312218,0
1699,16.210335,0
1700,16.230674,0
1701,16.210345,0
1702,16.324654,0
1703,16.228460,0
1704,16.224719,0
1705,16.293201,0
1706,16.226441,0
1707,16.202391,0
1708,16.202391,0
1709,16.148050,0
1710,16.227999,0
1711,16.210342,0
1712,16.244415,0
1713,16.169964,0
1714,16.788336,0
1715,16.788336,0
1716,16.230951,0
1717,16.151143,0
1718,16.158159,0
1719,16.158159,0
1720,16.173843,0
1721,16.173843,0
1722,16.237429,0
1723,16.158120,0
1724,16.158125,0
1725,16.293211,0
1726,16.249215,0
1727,16.214174,0
1728,16.214173,0
1729,16.798900,0
1730,16.158111,0
1731,16.189531,0
1732,16.189515,0
1733,16.202389,0
1734,16.189576,0
1735,16.187170,0
1736,16.202420,0
1737,16.198539,0
1738,16.152763,0
1739,16.152765,0
1740,16.193679,0
1741,16.193679,0
1742,17.863208,0
1743,16.233905,0
1744,16.193595,0
1745,16.189517,0
1746,16.149118,0
1747,16.189517,0
1748,16.721262,0
1749,16.729687,0
1750,16.836098,0
1751,16.721450,0
1752,16.708567,0
1753,16.708578,0
1754,16.708578,0
1755,16.708578,0
1756,16.763118,0
1757,16.727438,0
1758,16.844394,0
1759,16.704198,0
1760,16.708707,0
1761,16.708693,0
1762,16.757951,0
1763,16.708708,0
1764,18.559348,0
1765,17.926353,0
1766,17.930180,0
1767,18.697598,0
1768,18.697598,0
1769,17.929262,0
1770,17.929265,0
1771,17.929273,0
1772,41.714551,1
1773,30.976158,0
1774,21.803242,0
1775,21.803242,0
1776,32.490574,0
1777,26.847314,0
1778,26.848641,0
1779,26.995269,0
1780,33.006383,1
1781,26.832735,0
1782,27.000139,0
1783,26.854924,0
1784,26.994337,0
1785,27.000030,0
1786,26.858985,0
1787,26.827009,0
1788,26.994692,0
1789,26.994608,0
1790,27.005042,0
1791,26.832856,0
1792,26.918322,0
1793,26.863904,0
1794,26.836587,0
1795,26.832701,0
1796,29.138340,0
1797,26.862248,0
1798,27.003930,0
1799,29.137970,0
1800,27.000093,0
1801,27.000227,0
1802,26.994466,0
1803,26.997230,0
1804,26.995712,0
1805,26.829816,0
1806,27.000341,0
1807,26.892360,0
1808,26.836505,0
1809,26.828126,0
1810,26.837876,0
1811,26.879293,0
1812,26.927001,0
1813,26.930667,0
1814,26.932540,0
1815,26.875624,0
1816,27.956122,0
1817,243.545368,1
1818,171.141721,1
1819,98.858193,1
1820,101.082879,1
1821,101.079979,1
1822,17.004589,0
1823,16.996474,0
1824,16.996302,0
1825,16.975914,0
1826,16.975957,0
1827,16.975717,0
1828,17.224555,0
1829,16.999653,0
1830,16.969894,0
1831,17.224555,0
1832,16.960775,0
1833,17.011104,0
1834,16.969836,0
1835,17.228535,0
1836,16.960862,0
1837,17.226150,0
1838,16.960844,0
1839,16.960844,0
1840,16.960830,0
1841,17.224475,0
1842,17.229567,0
1843,17.024951,0
1844,17.011197,0
1845,16.962650,0
1846,17.004723,0
1847,17.011061,0
1848,17.011061,0
1849,16.996232,0
1850,16.996232,0
1851,16.996331,0
1852,17.030648,0
1853,16.999515,0
1854,17.004645,0
1855,17.239316,0
1856,17.011029,0
1857,17.239329,0
1858,16.996319,0
1859,16.996328,0
1860,16.996328,0
1861,17.004591,0
1862,17.019230,0
1863,17.226171,0
1864,16.999797,0
1865,16.999817,0
1866,17.011339,0
1867,17.004610,0
1868,16.996590,0
1869,17.224779,0
1870,16.996420,0
1871,16.996277,0
1872,17.224754,0
1873,17.004686,0
1874,17.004745,0
1875,16.969829,0
1876,16.999899,0
1877,17.004898,0
1878,17.239566,0
1879,17.004742,0
1880,16.999860,0
1881,17.004619,0
1882,17.011182,0
1883,17.239232,0
1884,16.996452,0
1885,17.239155,0
1886,16.992778,0
1887,16.965223,0
1888,17.228780,0
1889,17.080233,0
1890,17.614836,0
1891,17.046910,0
1892,17.011504,0
1893,17.095144,0
1894,17.086861,0
1895,17.077924,0
1896,17.069453,0
1897,17.069453,0
1898,17.070201,0
1899,17.032943,0
1900,17.083946,0
1901,17.615387,0
1902,17.046915,0
1903,17.054523,0
1904,17.054520,0
1905,17.054470,0
1906,17.069458,0
1907,17.054488,0
1908,17.075177,0
1909,17.046912,0
1910,17.046915,0
1911,17.159181,0
1912,17.046918,0
1913,17.100548,0
1914,17.077907,0
1915,17.077906,0
1916,17.032774,0
1917,17.069776,0
1918,17.159149,0
1919,17.475963,0
1920,17.490295,0
1921,17.563888,0
1922,17.484041,0
1923,17.484188,0
1924,18.651118,0
1925,18.652648,0
1926,27.930484,0
1927,28.069171,0
1928,27.899398,0
1929,28.304876,0
1930,28.304834,0
1931,27.876336,0
1932,28.065545,0
1933,27.914376,0
1934,27.893815,0
1935,27.893810,0
1936,27.948623,0
1937,27.893809,0
1938,27.972007,0
1939,27.893830,0
1940,27.950809,0
1941,27.902896,0
1942,27.957754,0
1943,27.888593,0
1944,28.251486,0
1945,28.214456,0
1946,28.214462,0
1947,28.184713,0
1948,29.247484,0
1949,29.287165,0
1950,30.615506,0
1951,28.942729,0
1952,28.923662,0
1953,28.923667,0
1954,33.394862,1
1955,39.212665,1
1956,45.741116,1
1957,45.740330,1
1958,67.884386,1
1959,38.017116,1
1960,38.242888,1
1961,49.118811,1
1962,38.242444,1
1963,39.618687,1
1964,177.159063,1
1965,18.569349,0
1966,18.545604,0
1967,18.564554,0
1968,18.576223,0
1969,18.595364,0
1970,18.564703,0
1971,18.564808,0
1972,18.569856,0
1973,18.600654,0
1974,18.600637,0
1975,18.564438,0
1976,18.684575,0
1977,18.578373,0
1978,18.573941,0
1979,18.573873,0
1980,18.573888,0
1981,19.113936,0
1982,18.573900,0
1983,18.642944,0
1984,18.549074,0
1985,18.660384,0
1986,18.625310,0
1987,18.660387,0
1988,18.556687,0
1989,18.542961,0
1990,18.660425,0
1991,18.542970,0
1992,18.565667,0
1993,18.565667,0
1994,18.703609,0
1995,18.556627,0
1996,18.538297,0
1997,18.667015,0
1998,18.573873,0
1999,20.017991,0
2000,18.573955,0
2001,18.573941,0
2002,18.573923,0
2003,18.578360,0
2004,18.578361,0
2005,18.556674,0
2006,18.995447,0
2007,19.103452,0
2008,19.096740,0
2009,19.039492,0
2010,19.039492,0
2011,19.092950,0
2012,19.093030,0
2013,19.034672,0
2014,19.103866,0
2015,19.103774,0
2016,19.103922,0
2017,19.103655,0
2018,19.103655,0
2019,19.034634,0
2020,19.100248,0
2021,19.103578,0
2022,19.034899,0
2023,18.995547,0
2024,19.016383,0
2025,19.016313,0
2026,19.100022,0
2027,19.100022,0
2028,18.995446,0
2029,19.073263,0
2030,19.073358,0
2031,20.582282,0
2032,20.639222,0
2033,21.038038,0
2034,20.655855,0
2035,20.167748,0
2036,20.167726,0
2037,22.473769,0
2038,25.933929,0
2039,25.938632,0
2040,25.943422,0
2041,25.941773,0
2042,45.986258,1
2043,88.254789,1
2044,23.589336,0
2045,26.736532,0
2046,23.674673,0
2047,40.726035,1
2048,35.545611,1
2049,33.705043,1
2050,28.228648,0
2051,73.752741,1
2052,42.837260,1
2053,44.145848,1
2054,44.148300,1
2055,44.151454,1
2056,44.157621,1
2057,42.840234,1
2058,42.943859,1
2059,44.151082,1
2060,44.153916,1
2061,44.150739,1
2062,42.850075,1
2063,42.850075,1
2064,44.151615,1
2065,74.143400,1
2066,43.840838,1
2067,50.036468,1
2068,25.302414,0
2069,27.322449,0
2070,25.038059,0
2071,24.850071,0
2072,24.859951,0
2073,24.859990,0
2074,24.859939,0
2075,24.859840,0
2076,24.859809,0
2077,24.859809,0
2078,24.859809,0
2079,24.868823,0
2080,24.868844,0
2081,24.882264,0
2082,24.868827,0
2083,24.868823,0
2084,24.869030,0
2085,25.287406,0
2086,25.287413,0
2087,25.287417,0
2088,24.920511,0
2089,24.895108,0
2090,24.895100,0
2091,24.895106,0
2092,24.895136,0
2093,25.264740,0
2094,24.855954,0
2095,25.212806,0
2096,25.212802,0
2097,25.212961,0
2098,25.192736,0
2099,26.374595,0
2100,26.382856,0
2101,26.667129,0
2102,26.366602,0
2103,27.881507,0
2104,27.906493,0
2105,26.493265,0
2106,26.417372,0
2107,26.378053,0
2108,26.506778,0
2109,26.385040,0
2110,26.380855,0
2111,38.151987,1
2112,38.148921,1
2113,30.893687,0
2114,37.103327,1
2115,107.020969,1
2116,22.123330,0
2117,22.123359,0
2118,22.123359,0
2119,22.123367,0
2120,22.056085,0
2121,22.064244,0
2122,22.127959,0
2123,23.359159,0
2124,22.101770,0
2125,22.101788,0
2126,22.098161,0
2127,22.538739,0
2128,22.101638,0
2129,22.101638,0
2130,22.542862,0
2131,22.176327,0
2132,22.141656,0
2133,22.068119,0
2134,22.106759,0
2135,22.101646,0
2136,22.101646,0
2137,22.101646,0
2138,22.135864,0
2139,22.101682,0
2140,22.101682,0
2141,22.101666,0
2142,22.194230,0
2143,22.113121,0
2144,22.474309,0
2145,22.474314,0
2146,22.474165,0
2147,22.514884,0
2148,22.514896,0
2149,22.489634,0
2150,22.545173,0
2151,22.548333,0
2152,22.461566,0
2153,22.482394,0
2154,22.545061,0
2155,22.461101,0
2156,23.830618,0
2157,23.776061,0
2158,23.929476,0
2159,23.792273,0
2160,23.883534,0
2161,25.665738,0
2162,23.775212,0
2163,23.822826,0
2164,23.878125,0
2165,30.260161,0
2166,30.293302,0
2167,30.260971,0
2168,30.230666,0
2169,41.802073,1
2170,30.450800,0
2171,30.314231,0
2172,46.072012,1
2173,46.072012,1
2174,34.241517,1
2175,43.284452,1
2176,87.274016,1
2177,26.522246,0
2178,26.573803,0
2179,26.570445,0
2180,26.595276,0
2181,26.643137,0
2182,26.568268,0
2183,26.568268,0
2184,26.570456,0
2185,26.658757,0
2186,26.656074,0
2187,26.583239,0
2188,26.577964,0
2189,26.868227,0
2190,26.884594,0
2191,26.850600,0
2192,26.915540,0
2193,26.915540,0
2194,26.868146,0
2195,26.850436,0
2196,26.924969,0
2197,26.853251,0
2198,26.932610,0
2199,26.924969,0
2200,26.924965,0
2201,26.868185,0
2202,29.629098,0
2203,28.052982,0
2204,30.278264,0
2205,30.404789,0
2206,103.595662,1
2207,55.357226,1
2208,55.356664,1
2209,44.952293,1
2210,44.933945,1
2211,103.123291,1
2212,37.289270,1
2213,37.147082,1
2214,41.004965,1
2215,33.987550,1
2216,38.680699,1
2217,76.147218,1
2218,76.144122,1
2219,24.162130,0
2220,23.643724,0
2221,23.670887,0
2222,23.670890,0
2223,23.643954,0
2224,23.655841,0
2225,23.655935,0
2226,23.695109,0
2227,23.695139,0
2228,24.135493,0
2229,23.670995,0
2230,23.670930,0
2231,24.128977,0
2232,23.747686,0
2233,23.744131,0
2234,23.717645,0
2235,23.704046,0
2236,23.704026,0
2237,23.785657,0
2238,23.776829,0
2239,23.704044,0
2240,23.776830,0
2241,23.776830,0
2242,23.744101,0
2243,23.717515,0
2244,23.744102,0
2245,23.791804,0
2246,24.096260,0
2247,24.014982,0
2248,24.014982,0
2249,24.045228,0
2250,24.041487,0
2251,24.041450,0
2252,24.041357,0
2253,24.026884,0
2254,24.870085,0
2255,25.280680,0
2256,25.281699,0
2257,25.331007,0
2258,26.833770,0
2259,25.424464,0
2260,25.295823,0
2261,25.266890,0
2262,25.299621,0
2263,26.834400,0
2264,29.677908,0
2265,25.344300,0
2266,31.522176,0
2267,31.405911,0
2268,27.788448,0
2269,27.788905,0
2270,86.607361,1
2271,94.459398,1
2272,21.547167,0
2273,21.788893,0
2274,21.560507,0
2275,21.573730,0
2276,21.553188,0
2277,21.568805,0
2278,21.568815,0
2279,21.603784,0
2280,21.547341,0
2281,21.789148,0
2282,21.560789,0
2283,21.565120,0
2284,21.573629,0
2285,21.538967,0
2286,21.547149,0
2287,21.535299,0
2288,21.561831,0
2289,21.562787,0
2290,21.536235,0
2291,21.536344,0
2292,21.746956,0
2293,21.580856,0
2294,21.693646,0
2295,21.693646,0
2296,21.610096,0
2297,21.588977,0
2298,21.588977,0
2299,22.837930,0
2300,21.609660,0
2301,21.609660,0
2302,22.036249,0
2303,21.580764,0
2304,21.600717,0
2305,21.637621,0
2306,21.580564,0
2307,21.589017,0
2308,21.600711,0
2309,21.584994,0
2310,21.609924,0
2311,21.580450,0
2312,21.558663,0
2313,21.591872,0
2314,21.680608,0
2315,21.945134,0
2316,21.953495,0
2317,21.948175,0
2318,22.039409,0
2319,22.039409,0
2320,22.039409,0
2321,21.942042,0
2322,21.948835,0
2323,21.948835,0
2324,25.325175,0
2325,22.889643,0
2326,25.672187,0
2327,23.410019,0
2328,30.251893,0
2329,30.256943,0
2330,30.097714,0
2331,47.533430,1
2332,26.034491,0
2333,54.378558,1
2334,123.586391,1
2335,87.140898,1
2336,18.434908,0
2337,18.430142,0
2338,17.813533,0
2339,17.813533,0
2340,21.104676,0
2341,17.818837,0
2342,17.813624,0
2343,17.805845,0
2344,18.385895,0
2345,17.851474,0
2346,17.805846,0
2347,17.873209,0
2348,18.381395,0
2349,17.932400,0
2350,18.385955,0
2351,17.797493,0
2352,17.841127,0
2353,17.797489,0
2354,17.797489,0
2355,17.805875,0
2356,17.805858,0
2357,17.792607,0
2358,17.829298,0
2359,17.801196,0
2360,17.805853,0
2361,17.805910,0
2362,17.801198,0
2363,17.805893,0
2364,17.805893,0
2365,19.311595,0
2366,19.311595,0
2367,17.880156,0
2368,17.805881,0
2369,17.805877,0
2370,17.805892,0
2371,18.381411,0
2372,18.271949,0
2373,18.272204,0
2374,18.272204,0
2375,18.343688,0
2376,18.343688,0
2377,18.252560,0
2378,18.276859,0
2379,18.230805,0
2380,18.343795,0
2381,18.252617,0
2382,18.252617,0
2383,18.236766,0
2384,18.236702,0
2385,18.236703,0
2386,18.236703,0
2387,18.236784,0
2388,18.262761,0
2389,18.252921,0
2390,18.262615,0
2391,18.351200,0
2392,18.296709,0
2393,18.276867,0
2394,18.276773,0
2395,18.277024,0
2396,18.272224,0
2397,18.336326,0
2398,18.272125,0
2399,21.832889,0
2400,19.910761,0
2401,21.806387,0
2402,19.835045,0
2403,19.835045,0
2404,19.839189,0
2405,19.861545,0
2406,21.775304,0
2407,21.932109,0
2408,19.910181,0
2409,21.838131,0
2410,19.956357,0
2411,19.957897,0
2412,19.957897,0
2413,19.832694,0
2414,21.963632,0
2415,21.919873,0
2416,19.929756,0
2417,19.958719,0
2418,20.293792,0
2419,49.640906,1
2420,27.235288,0
2421,34.447128,1
2422,34.143837,1
2423,35.710615,1
2424,31.011499,0
2425,23.138752,0
2426,31.361061,0
2427,31.371605,0
2428,31.351195,0
2429,85.138069,1
2430,41.269489,1
2431,13.252797,0
2432,13.288170,0
2433,13.308774,0
2434,13.288839,0
2435,13.289871,0
2436,13.289931,0
2437,13.281646,0
2438,13.262880,0
2439,13.245013,0
2440,13.252996,0
2441,13.252962,0
2442,13.278378,0
2443,13.278441,0
2444,13.276766,0
2445,13.239201,0
2446,13.252994,0
2447,13.274777,0
2448,13.274837,0
2449,13.252987,0
2450,13.252993,0
2451,17.454423,0
2452,13.235329,0
2453,13.276906,0
2454,13.244922,0
2455,13.245069,0
2456,13.245122,0
2457,13.245012,0
2458,13.252922,0
2459,13.281641,0
2460,13.252883,0
2461,13.253066,0
2462,13.276593,0
2463,13.244906,0
2464,13.292431,0
2465,13.233607,0
2466,13.283771,0
2467,13.283771,0
2468,13.308731,0
2469,13.274412,0
2470,13.283486,0
2471,13.283371,0
2472,13.244965,0
2473,13.233660,0
2474,13.297984,0
2475,13.276552,0
2476,13.233994,0
2477,13.256465,0
2478,13.206573,0
2479,13.206582,0
2480,13.232288,0
2481,13.318509,0
2482,13.303550,0
2483,13.302436,0
2484,13.206570,0
2485,13.213172,0
2486,13.206583,0
2487,13.259523,0
2488,13.256565,0
2489,13.232303,0
2490,13.305696,0
2491,13.232287,0
2492,13.232287,0
2493,13.262732,0
2494,13.262726,0
2495,13.262738,0
2496,13.262730,0
2497,13.262725,0
2498,13.256477,0
2499,13.256475,0
2500,13.256465,0
2501,13.206590,0
2502,13.210119,0
2503,13.259552,0
2504,13.213108,0
2505,13.262500,0
2506,13.309987,0
2507,13.972234,0
2508,13.972234,0
2509,13.249044,0
2510,13.259531,0
2511,13.296193,0
2512,13.296587,0
2513,13.262649,0
2514,13.249108,0
2515,13.301507,0
2516,13.982145,0
2517,13.259529,0
2518,13.259529,0
2519,13.262500,0
2520,13.253930,0
2521,13.297749,0
2522,13.251500,0
2523,13.255987,0
2524,13.206585,0
2525,13.296713,0
2526,13.297778,0
2527,13.423325,0
2528,13.423337,0
2529,13.251495,0
2530,13.303525,0
2531,13.303506,0
2532,13.296605,0
2533,13.256271,0
2534,13.303501,0
2535,13.267218,0
2536,13.982184,0
2537,13.982184,0
2538,13.309987,0
2539,13.213110,0
2540,13.206570,0
2541,13.296183,0
2542,13.296183,0
2543,13.296183,0
2544,13.248621,0
2545,13.303497,0
2546,13.296170,0
2547,13.248651,0
2548,13.213204,0
2549,13.244920,0
2550,13.271054,0
2551,13.267254,0
2552,13.288682,0
2553,13.267213,0
2554,13.267208,0
2555,13.303494,0
2556,13.267249,0
2557,13.299025,0
2558,13.253860,0
2559,13.267239,0
2560,13.251498,0
2561,13.251498,0
2562,13.309986,0
2563,13.248621,0
2564,13.296151,0
2565,13.259533,0
2566,13.206570,0
2567,13.903983,0
2568,13.903983,0
2569,13.913321,0
2570,13.904104,0
2571,13.903755,0
2572,13.949947,0
2573,13.949913,0
2574,13.949808,0
2575,13.956601,0
2576,13.916050,0
2577,13.950134,0
2578,13.924730,0
2579,13.978749,0
2580,14.039029,0
2581,14.039051,0
2582,13.891913,0
2583,13.887819,0
2584,13.906062,0
2585,13.887868,0
2586,13.887893,0
2587,13.903924,0
2588,13.896354,0
2589,13.887284,0
2590,13.898087,0
2591,13.924671,0
2592,13.913301,0
2593,13.887095,0
2594,15.346448,0
2595,18.288443,0
2596,16.094104,0
2597,15.338397,0
2598,15.338413,0
2599,26.093475,0
2600,22.661546,0
2601,23.837391,0
2602,29.547789,0
2603,25.034654,0
2604,39.528630,1
2605,12.683226,0
2606,16.998087,0
2607,13.535065,0
2608,13.535065,0
2609,12.675679,0
2610,12.707205,0
2611,12.625331,0
2612,16.955304,0
2613,12.625203,0
2614,12.579804,0
2615,12.691203,0
2616,12.691278,0
2617,12.715809,0
2618,12.637667,0
2619,12.691076,0
2620,12.673100,0
2621,12.673084,0
2622,12.673093,0
2623,12.932671,0
2624,12.690923,0
2625,12.711253,0
2626,12.630860,0
2627,12.630743,0
2628,12.699145,0
2629,12.699110,0
2630,12.630761,0
2631,12.630500,0
2632,12.630767,0
2633,13.000941,0
2634,12.666158,0
2635,14.712011,0
2636,12.684703,0
2637,12.810794,0
2638,12.678163,0
2639,12.678184,0
2640,12.783464,0
2641,12.850587,0
2642,12.779123,0
2643,12.678176,0
2644,12.652904,0
2645,12.856173,0
2646,14.722440,0
2647,14.722436,0
2648,14.722436,0
2649,12.729649,0
2650,14.712048,0
2651,12.730586,0
2652,12.730573,0
2653,12.730577,0
2654,12.730585,0
2655,12.790687,0
2656,12.779084,0
2657,12.779170,0
2658,12.779170,0
2659,12.739465,0
2660,12.739444,0
2661,12.652905,0
2662,12.739480,0
2663,12.814217,0
2664,12.839939,0
2665,12.753387,0
2666,12.808918,0
2667,12.739481,0
2668,12.739455,0
2669,12.678150,0
2670,12.653404,0
2671,12.678142,0
2672,12.678211,0
2673,12.678166,0
2674,14.761333,0
2675,14.761344,0
2676,12.620572,0
2677,12.678160,0
2678,12.678167,0
2679,12.678148,0
2680,12.632915,0
2681,12.734993,0
2682,13.376296,0
2683,13.285652,0
2684,13.312039,0
2685,13.415592,0
2686,13.285683,0
2687,13.362853,0
2688,13.305628,0
2689,13.263822,0
2690,13.405425,0
2691,13.285355,0
2692,13.263650,0
2693,13.400419,0
2694,13.400469,0
2695,13.405167,0
2696,13.410247,0
2697,13.285330,0
2698,13.318783,0
2699,13.285448,0
2700,13.285482,0
2701,13.285733,0
2702,13.285733,0
2703,13.410609,0
2704,13.405385,0
2705,13.405385,0
2706,13.302874,0
2707,13.410189,0
2708,13.311974,0
2709,13.312047,0
2710,13.358530,0
2711,13.358363,0
2712,13.405250,0
2713,13.311900,0
2714,13.312015,0
2715,13.285506,0
2716,13.400283,0
2717,13.400288,0
2718,13.318833,0
2719,13.264060,0
2720,13.410269,0
2721,13.410247,0
2722,13.371677,0
2723,13.405373,0
2724,13.405513,0
2725,13.410472,0
2726,13.312027,0
2727,13.312014,0
2728,13.410188,0
2729,13.285564,0
2730,13.285564,0
2731,13.285494,0
2732,13.263811,0
2733,13.376313,0
2734,13.285836,0
2735,13.400088,0
2736,13.415563,0
2737,13.312398,0
2738,15.389517,0
2739,17.864086,0
2740,17.884393,0
2741,21.891346,0
2742,21.889323,0
2743,15.566272,0
2744,14.788393,0
2745,15.413420,0
2746,14.788403,0
2747,14.800855,0
2748,14.788250,0
2749,17.861231,0
2750,15.430510,0
2751,15.448133,0
2752,15.448138,0
2753,15.429702,0
2754,14.788401,0
2755,14.788524,0
2756,14.788622,0
2757,18.513520,0
2758,17.888333,0
2759,15.621333,0
2760,15.548064,0
2761,15.392290,0
2762,21.911318,0
2763,14.756568,0
2764,14.756568,0
2765,14.756568,0
2766,14.756586,0
2767,15.428095,0
2768,15.501822,0
2769,17.862320,0
2770,15.542101,0
2771,31.717664,0
2772,24.370000,0
2773,27.277556,0
2774,22.291555,0
2775,22.291414,0
2776,27.274528,0
2777,22.270824,0
2778,41.776785,1
2779,19.488628,0
2780,19.275023,0
2781,19.275023,0
2782,19.275881,0
2783,122.864591,1
2784,50.282975,1
2785,32.843458,0
2786,47.514968,1
2787,28.820562,0
2788,28.744411,0
2789,28.745088,0
2790,29.062404,0
2791,29.077613,0
2792,30.834635,0
2793,24.691608,0
2794,30.904570,0
2795,83.982524,1
2796,96.439438,1
2797,209.924706,1
2798,18.180675,0
2799,18.180908,0
2800,18.180759,0
2801,18.161278,0
2802,18.161278,0
2803,18.161278,0
2804,18.161330,0
2805,18.161282,0
2806,18.785190,0
2807,18.785235,0
2808,18.785235,0
2809,18.185858,0
2810,18.185691,0
2811,18.180800,0
2812,18.785262,0
2813,18.787506,0
2814,18.230764,0
2815,19.703122,0
2816,18.767309,0
2817,18.231423,0
2818,18.231423,0
2819,18.231423,0
2820,18.240801,0
2821,18.234490,0
2822,18.234490,0
2823,18.234490,0
2824,18.269925,0
2825,18.261121,0
2826,18.264718,0
2827,18.199280,0
2828,18.265439,0
2829,18.745798,0
2830,18.194880,0
2831,18.265408,0
2832,18.591571,0
2833,18.591571,0
2834,18.700461,0
2835,18.700461,0
2836,18.660316,0
2837,18.660316,0
2838,18.635068,0
2839,18.696824,0
2840,18.611339,0
2841,18.630174,0
2842,18.630147,0
2843,22.078592,0
2844,22.066026,0
2845,22.067012,0
2846,22.067022,0
2847,25.475713,0
2848,20.173682,0
2849,25.487052,0
2850,19.704051,0
2851,25.479797,0
2852,22.158282,0
2853,25.499001,0
2854,20.172219,0
2855,22.098597,0
2856,20.210504,0
2857,20.299739,0
2858,22.121991,0
2859,22.117835,0
2860,22.102208,0
2861,25.804600,0
2862,28.878540,0
2863,28.959244,0
2864,30.239380,0
2865,32.998697,1
2866,31.228646,0
2867,23.326711,0
2868,23.264393,0
2869,26.464641,0
2870,23.420890,0
2871,70.034855,1
2872,40.539323,1
2873,51.864738,1
2874,35.332833,1
2875,35.337813,1
2876,40.577123,1
2877,40.579587,1
2878,101.764084,1
2879,44.313892,1
2880,31.836305,0
2881,64.530472,1
2882,31.836175,0
2883,33.476342,1
2884,33.476161,1
2885,28.056076,0
2886,126.512619,1
2887,41.421015,1
2888,86.328743,1
2889,23.669922,0
2890,23.669922,0
2891,23.654835,0
2892,23.631757,0
2893,23.697776,0
2894,23.697755,0
2895,23.654913,0
2896,23.692264,0
2897,23.746442,0
2898,23.685785,0
2899,24.134678,0
2900,24.869450,0
2901,23.757494,0
2902,23.695755,0
2903,24.131296,0
2904,23.692260,0
2905,23.749907,0
2906,23.695636,0
2907,23.695686,0
2908,23.695686,0
2909,23.733020,0
2910,24.070955,0
2911,24.025746,0
2912,24.013610,0
2913,24.006051,0
2914,24.044006,0
2915,24.044108,0
2916,24.044079,0
2917,24.044170,0
2918,24.044202,0
2919,24.006055,0
2920,24.044171,0
2921,24.044101,0
2922,24.044101,0
2923,24.013577,0
2924,24.040264,0
2925,24.005985,0
2926,24.013532,0
2927,25.300324,0
2928,25.394184,0
2929,25.358812,0
2930,25.496247,0
2931,31.474215,0
2932,37.384573,1
2933,31.365590,0
2934,34.819401,1
2935,32.070447,0
2936,30.846514,0
2937,29.961651,0
2938,33.849135,1
2939,33.849135,1
2940,29.943876,0
2941,35.281865,1
2942,21.386290,0
2943,21.386299,0
2944,21.399818,0
2945,24.223216,0
2946,21.596047,0
2947,21.419991,0
2948,21.385275,0
2949,21.385264,0
2950,21.416097,0
2951,21.525304,0
2952,22.679742,0
2953,21.415803,0
2954,21.413026,0
2955,21.413017,0
2956,21.394840,0
2957,21.394840,0
2958,21.419838,0
2959,21.385241,0
2960,21.385284,0
2961,21.401150,0
2962,21.401144,0
2963,21.416089,0
2964,21.416108,0
2965,21.419979,0
2966,21.419965,0
2967,21.385324,0
2968,21.385324,0
2969,21.389310,0
2970,21.419850,0
2971,21.420008,0
2972,21.825154,0
2973,21.888439,0
2974,21.825101,0
2975,21.808829,0
2976,21.808936,0
2977,21.825129,0
2978,21.888413,0
2979,21.888413,0
2980,21.787212,0
2981,21.785055,0
2982,21.888405,0
2983,21.790928,0
2984,21.790873,0
2985,21.817484,0
2986,21.786655,0
2987,21.824979,0
2988,21.875935,0
2989,21.829311,0
2990,21.801644,0
2991,21.795805,0
2992,24.855296,0
2993,23.287164,0
2994,23.256998,0
2995,22.739184,0
2996,22.737553,0
2997,22.755849,0
2998,29.151262,0
2999,29.152009,0
3000,25.893901,0
3001,26.034557,0
3002,25.894943,0
3003,45.754625,1
3004,30.160074,0
3005,35.384029,1
3006,30.143581,0
3007,185.645387,1
3008,23.003307,0
3009,23.028307,0
3010,23.028307,0
3011,23.028266,0
3012,23.004893,0
3013,23.004893,0
3014,23.032210,0
3015,23.011012,0
3016,23.004348,0
3017,25.368058,0
3018,23.003403,0
3019,23.007276,0
3020,23.040594,0
3021,23.004408,0
3022,23.004569,0
3023,23.028375,0
3024,23.028277,0
3025,23.028277,0
3026,23.028271,0
3027,23.028242,0
3028,23.028288,0
3029,23.028269,0
3030,23.003345,0
3031,23.509334,0
3032,23.029707,0
3033,23.030965,0
3034,23.004439,0
3035,23.198368,0
3036,23.040595,0
3037,23.040595,0
3038,23.077642,0
3039,23.079817,0
3040,23.520487,0
3041,23.520513,0
3042,23.520513,0
3043,23.046117,0
3044,23.070779,0
3045,23.049363,0
3046,23.072729,0
3047,23.044709,0
3048,23.059456,0
3049,23.072236,0
3050,23.120818,0
3051,23.043092,0
3052,23.014946,0
3053,23.071375,0
3054,23.017714,0
3055,23.071375,0
3056,23.017720,0
3057,23.162013,0
3058,23.162013,0
3059,23.162013,0
3060,23.162009,0
3061,23.099998,0
3062,23.097831,0
3063,34.304400,1
3064,17.608024,0
3065,17.843683,0
3066,17.565666,0
3067,17.612579,0
3068,17.566741,0
3069,17.599924,0
3070,17.569956,0
3071,17.580407,0
3072,17.580172,0
3073,17.875661,0
3074,20.930532,0
3075,17.600046,0
3076,17.608069,0
3077,17.565712,0
3078,17.598301,0
3079,17.598301,0
3080,17.567234,0
3081,17.567178,0
3082,17.598129,0
3083,17.598129,0
3084,17.608195,0
3085,17.608155,0
3086,17.565550,0
3087,17.567591,0
3088,17.608047,0
3089,17.822065,0
3090,17.599982,0
3091,17.820330,0
3092,17.575554,0
3093,17.575532,0
3094,17.603158,0
3095,17.569875,0
3096,17.834675,0
3097,17.828571,0
3098,17.600426,0
3099,17.598323,0
3100,17.607035,0
3101,17.567432,0
3102,17.570025,0
3103,17.567581,0
3104,17.596821,0
3105,17.618204,0
3106,18.152588,0
3107,17.596241,0
3108,17.596230,0
3109,17.596230,0
3110,17.596230,0
3111,17.591957,0
3112,17.591973,0
3113,17.588126,0
3114,17.591958,0
3115,18.152603,0
3116,17.598476,0
3117,17.602040,0
3118,18.145101,0
3119,17.596294,0
3120,17.627795,0
3121,17.632044,0
3122,17.591959,0
3123,17.591958,0
3124,17.591973,0
3125,17.591972,0
3126,17.591973,0
3127,17.591959,0
3128,17.609344,0
3129,17.551603,0
3130,17.623949,0
3131,17.609374,0
3132,17.609374,0
3133,17.588068,0
3134,17.590183,0
3135,17.624177,0
3136,17.588018,0
3137,17.588216,0
3138,17.627820,0
3139,17.567765,0
3140,17.589226,0
3141,17.589224,0
3142,17.596233,0
3143,18.159713,0
3144,18.140185,0
3145,17.591968,0
3146,18.140172,0
3147,17.623878,0
3148,17.591985,0
3149,18.159723,0
3150,17.589217,0
3151,18.111496,0
3152,18.062057,0
3153,18.075844,0
3154,18.063884,0
3155,18.077804,0
3156,18.063226,0
3157,18.061808,0
3158,18.077711,0
3159,19.815913,0
3160,19.194500,0
3161,29.465934,0
3162,29.466016,0
3163,29.466090,0
3164,29.481051,0
3165,29.483490,0
3166,29.480324,0
3167,29.461033,0
3168,29.461821,0
3169,29.614630,0
3170,29.480322,0
3171,29.460898,0
3172,31.335411,0
3173,31.335411,0
3174,29.490809,0
3175,29.468391,0
3176,29.468457,0
3177,29.466755,0
3178,29.471062,0
3179,29.478778,0
3180,29.468389,0
3181,29.468389,0
3182,29.484087,0
3183,29.466033,0
3184,29.469348,0
3185,29.490758,0
3186,29.492339,0
3187,29.468390,0
3188,29.472278,0
3189,29.472279,0
3190,29.466033,0
3191,29.466031,0
3192,30.462574,0
3193,39.571612,1
3194,35.218156,1
3195,22.597063,0
3196,22.603325,0
3197,22.795024,0
3198,22.646784,0
3199,25.010357,0
3200,22.801900,0
3201,22.801900,0
3202,22.602371,0
3203,22.802122,0
3204,22.795571,0
3205,22.598821,0
3206,22.628595,0
3207,23.117075,0
3208,22.602433,0
3209,22.612926,0
3210,22.599068,0
3211,22.599066,0
3212,22.607004,0
3213,22.599116,0
3214,22.712519,0
3215,22.595784,0
3216,22.596576,0
3217,22.596794,0
3218,22.599071,0
3219,22.655342,0
3220,22.726070,0
3221,22.726024,0
3222,22.598891,0
3223,22.598974,0
3224,22.668858,0
3225,25.006553,0
3226,25.009993,0
3227,24.987661,0
3228,24.997794,0
3229,22.597283,0
3230,22.631087,0
3231,22.680419,0
3232,22.688807,0
3233,23.873833,0
3234,22.675549,0
3235,22.654253,0
3236,22.682986,0
3237,22.700060,0
3238,22.683098,0
3239,22.725694,0
3240,22.673911,0
3241,22.991018,0
3242,22.984536,0
3243,22.986915,0
3244,24.320250,0
3245,23.894463,0
3246,47.910740,1
3247,49.276074,1
3248,57.370677,1
3249,26.926611,0
3250,26.931401,0
3251,106.359548,1
3252,174.587368,1
3253,13.899202,0
3254,14.229897,0
3255,13.900966,0
3256,13.900966,0
3257,13.938385,0
3258,13.942530,0
3259,13.942647,0
3260,13.917487,0
3261,13.952542,0
3262,13.942375,0
3263,17.964568,0
3264,13.927046,0
3265,14.225535,0
3266,14.257676,0
3267,14.257520,0
3268,14.237675,0
3269,14.237348,0
3270,13.927050,0
3271,14.237570,0
3272,14.237349,0
3273,13.942518,0
3274,13.942427,0
3275,14.237692,0
3276,14.230297,0
3277,13.946617,0
3278,13.938270,0
3279,13.952611,0
3280,13.952611,0
3281,13.946653,0
3282,13.946784,0
3283,13.917616,0
3284,13.940029,0
3285,13.939993,0
3286,13.909840,0
3287,13.942471,0
3288,13.910097,0
3289,13.940131,0
3290,14.237310,0
3291,13.917584,0
3292,13.904549,0
3293,13.904549,0
3294,14.229889,0
3295,13.904463,0
3296,13.910136,0
3297,14.033630,0
3298,14.033630,0
3299,13.901136,0
3300,14.246735,0
3301,13.932898,0
3302,13.933522,0
3303,13.982377,0
3304,13.890177,0
3305,13.890176,0
3306,13.935199,0
3307,13.942353,0
3308,14.006648,0
3309,13.988555,0
3310,14.002236,0
3311,13.982547,0
3312,13.940531,0
3313,13.930168,0
3314,13.940535,0
3315,13.890178,0
3316,13.940532,0
3317,13.980343,0
3318,13.978261,0
3319,13.937294,0
3320,13.896402,0
3321,13.968248,0
3322,13.988685,0
3323,13.943234,0
3324,13.943364,0
3325,13.943364,0
3326,13.932929,0
3327,13.933031,0
3328,13.914658,0
3329,14.080041,0
3330,13.948296,0
3331,13.947846,0
3332,13.896401,0
3333,13.940560,0
3334,14.089712,0
3335,14.624417,0
3336,13.968246,0
3337,13.896428,0
3338,14.109982,0
3339,14.109986,0
3340,13.896399,0
3341,13.896398,0
3342,13.935151,0
3343,14.094645,0
3344,13.932897,0
3345,13.930161,0
3346,13.896394,0
3347,13.940530,0
3348,13.931690,0
3349,13.982392,0
3350,13.914626,0
3351,13.943366,0
3352,13.988571,0
3353,13.885899,0
3354,13.988545,0
3355,13.988554,0
3356,13.947849,0
3357,14.063576,0
3358,14.094649,0
3359,13.896400,0
3360,13.896401,0
3361,13.935170,0
3362,13.957101,0
3363,14.110026,0
3364,13.968304,0
3365,13.896517,0
3366,13.932907,0
3367,13.975799,0
3368,13.930578,0
3369,13.975820,0
3370,13.975784,0
3371,14.104793,0
3372,14.109979,0
3373,14.109979,0
3374,14.523511,0
3375,14.523511,0
3376,14.523406,0
3377,14.550396,0
3378,14.533262,0
3379,14.538630,0
3380,14.592892,0
3381,14.532902,0
3382,14.672561,0
3383,14.533149,0
3384,14.540478,0
3385,14.531537,0
3386,14.599612,0
3387,14.645373,0
3388,14.531522,0
3389,14.538746,0
3390,14.542201,0
3391,14.538831,0
3392,14.538669,0
3393,14.523414,0
3394,14.549915,0
3395,14.526263,0
3396,14.526331,0
3397,16.494297,0
3398,15.915233,0
3399,15.915086,0
3400,15.915139,0
3401,16.641715,0
3402,15.918556,0
3403,22.840920,0
3404,39.855867,1
3405,23.060340,0
3406,31.009255,0
3407,29.849473,0
3408,20.168167,0
3409,20.170914,0
3410,11.069719,0
3411,10.770916,0
3412,10.654788,0
3413,11.083298,0
3414,11.751872,0
3415,11.718194,0
3416,11.092740,0
3417,11.118650,0
3418,11.092551,0
3419,10.654792,0
3420,10.661356,0
3421,10.747323,0
3422,11.083205,0
3423,11.083288,0
3424,11.083288,0
3425,10.678733,0
3426,11.727033,0
3427,10.661855,0
3428,10.661855,0
3429,11.705127,0
3430,10.656607,0
3431,10.654770,0
3432,10.654632,0
3433,11.092428,0
3434,11.082660,0
3435,10.708355,0
3436,10.668932,0
3437,10.661736,0
3438,10.655088,0
3439,10.722161,0
3440,10.663299,0
3441,11.071386,0
3442,11.071010,0
3443,10.656615,0
3444,10.710053,0
3445,10.708508,0
3446,10.708508,0
3447,10.656889,0
3448,10.669229,0
3449,10.661675,0
3450,10.661675,0
3451,10.678988,0
3452,10.661621,0
3453,10.732002,0
3454,10.732002,0
3455,10.678715,0
3456,10.761059,0
3457,10.758966,0
3458,10.923014,0
3459,10.923018,0
3460,10.930542,0
3461,10.930545,0
3462,10.930545,0
3463,10.930545,0
3464,10.930545,0
3465,10.930545,0
3466,10.930526,0
3467,10.930545,0
3468,10.930545,0
3469,10.930545,0
3470,10.930545,0
3471,10.930566,0
3472,10.930535,0
3473,10.923083,0
3474,10.923083,0
3475,10.923015,0
3476,10.923061,0
3477,10.923061,0
3478,10.641137,0
3479,10.641137,0
3480,10.840580,0
3481,10.840580,0
3482,10.840615,0
3483,10.840620,0
3484,10.840620,0
3485,10.776068,0
3486,10.776068,0
3487,10.703743,0
3488,10.926544,0
3489,10.829154,0
3490,10.662031,0
3491,10.642483,0
3492,10.648043,0
3493,10.648043,0
3494,10.700671,0
3495,10.776223,0
3496,10.793803,0
3497,10.766713,0
3498,10.766713,0
3499,10.766713,0
3500,10.776055,0
3501,10.776055,0
3502,10.735219,0
3503,10.759055,0
3504,10.759055,0
3505,10.700206,0
3506,10.762697,0
3507,10.700702,0
3508,10.765437,0
3509,10.656168,0
3510,10.781900,0
3511,10.772384,0
3512,10.700155,0
3513,10.700230,0
3514,10.713679,0
3515,10.640864,0
3516,10.768562,0
3517,10.759651,0
3518,10.776042,0
3519,10.940011,0
3520,10.700697,0
3521,10.717334,0
3522,10.717334,0
3523,10.827352,0
3524,10.758948,0
3525,10.758948,0
3526,10.848207,0
3527,10.702157,0
3528,10.713655,0
3529,10.713670,0
3530,10.713670,0
3531,10.713670,0
3532,10.706658,0
3533,10.706658,0
3534,10.638895,0
3535,10.700149,0
3536,10.723194,0
3537,10.776036,0
3538,10.776036,0
3539,10.700167,0
3540,10.706659,0
3541,10.639393,0
3542,10.695556,0
3543,10.666818,0
3544,10.735204,0
3545,10.735186,0
3546,10.648054,0
3547,10.639401,0
3548,10.639618,0
3549,10.639418,0
3550,10.749863,0
3551,10.749863,0
3552,13.074549,0
3553,13.074549,0
3554,10.717398,0
3555,10.703775,0
3556,10.656240,0
3557,10.717364,0
3558,10.717364,0
3559,10.700680,0
3560,10.700680,0
3561,10.703845,0
3562,10.703723,0
3563,10.703758,0
3564,10.703758,0
3565,10.717377,0
3566,10.703743,0
3567,10.717336,0
3568,10.717336,0
3569,10.700680,0
3570,10.700682,0
3571,10.709358,0
3572,10.709362,0
3573,10.703718,0
3574,10.703718,0
3575,10.656160,0
3576,10.709856,0
3577,10.709876,0
3578,10.706630,0
3579,10.713657,0
3580,11.456525,0
3581,11.505508,0
3582,11.505696,0
3583,11.490919,0
3584,11.505692,0
3585,11.505692,0
3586,11.505689,0
3587,11.505490,0
3588,11.479284,0
3589,11.479246,0
3590,11.479377,0
3591,11.479377,0
3592,11.479468,0
3593,11.491384,0
3594,11.479341,0
3595,11.479187,0
3596,11.479321,0
3597,11.467588,0
3598,11.476636,0
3599,11.462215,0
3600,11.469370,0
3601,11.491374,0
3602,11.476454,0
3603,11.476491,0
3604,11.479329,0
3605,11.479329,0
3606,11.491366,0
3607,11.479302,0
3608,11.558325,0
3609,11.645687,0
3610,11.645758,0
3611,11.645758,0
3612,11.645843,0
3613,11.645843,0
3614,11.460616,0
3615,11.460956,0
3616,11.469458,0
3617,11.462306,0
3618,11.640055,0
3619,11.456503,0
3620,11.476269,0
3621,11.476476,0
3622,11.467420,0
3623,11.460717,0
3624,11.460826,0
3625,11.464438,0
3626,11.469663,0
3627,11.469668,0
3628,11.469864,0
3629,11.469711,0
3630,11.469705,0
3631,11.469705,0
3632,11.487990,0
3633,11.634370,0
3634,11.479394,0
3635,11.476461,0
3636,11.456192,0
3637,11.460545,0
3638,11.476447,0
3639,13.185622,0
3640,16.519093,0
3641,14.050440,0
3642,14.050440,0
3643,16.917116,0
3644,14.052707,0
3645,13.178042,0
3646,13.178042,0
3647,13.178036,0
3648,13.178049,0
3649,13.174539,0
3650,13.175604,0
3651,13.175604,0
3652,13.178049,0
3653,13.178156,0
3654,13.178156,0
3655,13.176807,0
3656,13.175632,0
3657,13.175632,0
3658,13.178045,0
3659,13.178045,0
3660,13.178049,0
3661,13.178049,0
3662,13.178049,0
3663,13.176719,0
3664,14.050723,0
3665,13.180821,0
3666,13.180821,0
3667,16.558329,0
3668,13.180821,0
3669,14.053036,0
3670,14.053036,0
3671,13.176681,0
3672,13.176772,0
3673,13.176866,0
3674,13.175717,0
3675,13.178010,0
3676,14.050667,0
3677,76.862221,1
3678,24.678343,0
3679,18.090270,0
3680,18.093043,0
3681,37.803653,1
3682,27.969966,0
3683,38.736677,1
3684,12.208680,0
3685,11.818721,0
3686,11.818819,0
3687,12.208798,0
3688,12.193655,0
3689,11.868267,0
3690,12.187318,0
3691,11.863377,0
3692,11.863164,0
3693,12.219565,0
3694,11.814387,0
3695,11.866860,0
3696,11.874935,0
3697,11.875343,0
3698,12.193662,0
3699,12.261182,0
3700,12.187879,0
3701,12.187766,0
3702,12.190340,0
3703,11.875382,0
3704,11.884578,0
3705,11.884690,0
3706,11.875292,0
3707,11.875238,0
3708,11.875238,0
3709,11.875270,0
3710,11.875339,0
3711,12.187375,0
3712,11.875205,0
3713,11.874930,0
3714,11.874930,0
3715,12.200235,0
3716,12.208823,0
3717,11.868126,0
3718,12.199848,0
3719,11.819882,0
3720,11.814067,0
3721,12.219167,0
3722,12.193902,0
3723,11.812349,0
3724,11.834166,0
3725,12.208836,0
3726,12.190105,0
3727,11.818358,0
3728,11.863230,0
3729,11.845186,0
3730,11.836222,0
3731,12.200115,0
3732,12.190869,0
3733,22.582672,0
3734,22.567460,0
3735,11.882043,0
3736,11.818732,0
3737,11.818674,0
3738,12.208458,0
3739,11.875363,0
3740,11.875068,0
3741,11.825249,0
3742,12.190525,0
3743,12.190268,0
3744,12.190127,0
3745,12.218944,0
3746,11.867932,0
3747,11.860599,0
3748,11.818509,0
3749,11.863271,0
3750,11.833825,0
3751,11.875127,0
3752,12.187885,0
3753,11.868176,0
3754,11.860813,0
3755,11.860772,0
3756,11.824917,0
3757,12.200242,0
3758,12.199948,0
3759,12.208666,0
3760,11.860793,0
3761,11.860813,0
3762,11.860813,0
3763,12.770122,0
3764,11.825190,0
3765,11.825190,0
3766,11.825193,0
3767,12.199923,0
3768,11.868162,0
3769,12.201863,0
3770,11.875147,0
3771,11.868130,0
3772,11.868101,0
3773,11.875089,0
3774,11.845249,0
3775,11.873098,0
3776,11.868073,0
3777,11.826898,0
3778,11.863322,0
3779,11.863322,0
3780,11.863334,0
3781,11.875121,0
3782,11.868150,0
3783,11.868232,0
3784,11.868353,0
3785,11.868338,0
3786,11.875147,0
3787,11.875147,0
3788,11.875059,0
3789,11.825121,0
3790,12.200244,0
3791,12.045704,0
3792,11.868204,0
3793,12.199856,0
3794,11.884703,0
3795,11.884703,0
3796,12.187643,0
3797,12.190532,0
3798,11.828361,0
3799,11.840423,0
3800,11.833332,0
3801,11.881783,0
3802,11.948405,0
3803,11.885853,0
3804,11.900734,0
3805,11.900734,0
3806,11.845678,0
3807,11.933141,0
3808,11.888220,0
3809,11.888215,0
3810,11.888215,0
3811,11.888219,0
3812,11.900760,0
3813,11.900760,0
3814,11.977446,0
3815,11.828213,0
3816,11.900760,0
3817,11.900732,0
3818,11.883354,0
3819,11.885844,0
3820,11.900727,0
3821,11.924640,0
3822,11.940023,0
3823,11.880139,0
3824,11.883354,0
3825,11.933467,0
3826,11.933467,0
3827,11.948402,0
3828,11.900742,0
3829,11.900730,0
3830,11.828209,0
3831,11.879992,0
3832,11.945089,0
3833,11.916778,0
3834,11.938814,0
3835,11.938816,0
3836,11.880475,0
3837,11.945092,0
3838,11.892163,0
3839,11.938802,0
3840,12.072443,0
3841,11.936334,0
3842,11.936334,0
3843,11.880472,0
3844,11.880475,0
3845,11.880475,0
3846,11.880475,0
3847,11.880475,0
3848,11.881007,0
3849,11.883215,0
3850,11.883215,0
3851,11.883216,0
3852,11.883216,0
3853,11.883216,0
3854,11.883216,0
3855,11.888230,0
3856,11.833093,0
3857,11.885843,0
3858,11.861789,0
3859,12.084303,0
3860,11.941330,0
3861,11.911608,0
3862,11.911608,0
3863,11.833235,0
3864,12.049799,0
3865,11.895488,0
3866,11.945088,0
3867,11.945088,0
3868,11.883207,0
3869,11.888236,0
3870,11.933058,0
3871,11.879989,0
3872,11.880006,0
3873,11.953629,0
3874,12.141923,0
3875,12.087956,0
3876,11.885850,0
3877,11.941168,0
3878,11.936180,0
3879,11.892174,0
3880,11.892173,0
3881,12.049927,0
3882,12.559167,0
3883,12.677556,0
3884,12.687264,0
3885,12.558763,0
3886,12.637101,0
3887,12.637101,0
3888,12.552358,0
3889,12.540187,0
3890,12.550453,0
3891,12.550393,0
3892,12.629211,0
3893,12.629211,0
3894,12.550583,0
3895,12.702711,0
3896,12.702574,0
3897,12.677414,0
3898,14.125349,0
3899,14.125209,0
3900,30.053912,0
3901,30.000980,0
3902,42.475623,1
3903,18.790653,0
3904,13.453440,0
3905,13.475247,0
3906,13.414196,0
3907,13.414181,0
3908,13.458958,0
3909,14.257668,0
3910,13.414191,0
3911,13.414036,0
3912,13.419990,0
3913,13.408838,0
3914,13.414267,0
3915,13.464020,0
3916,13.427755,0
3917,13.427768,0
3918,13.427762,0
3919,13.427682,0
3920,13.427682,0
3921,13.453474,0
3922,13.410216,0
3923,13.453543,0
3924,13.742063,0
3925,13.457968,0
3926,13.451219,0
3927,14.259836,0
3928,13.464038,0
3929,13.472017,0
3930,13.456599,0
3931,13.453769,0
3932,13.453769,0
3933,13.745541,0
3934,13.747031,0
3935,13.453486,0
3936,13.464066,0
3937,13.464066,0
3938,13.451095,0
3939,13.463975,0
3940,13.463975,0
3941,13.419954,0
3942,13.414347,0
3943,13.419821,0
3944,13.420065,0
3945,13.419989,0
3946,13.457820,0
3947,13.419771,0
3948,13.410547,0
3949,13.408819,0
3950,13.688968,0
3951,13.450914,0
3952,13.427460,0
3953,13.635115,0
3954,13.469945,0
3955,13.759241,0
3956,13.759241,0
3957,13.420000,0
3958,13.420033,0
3959,13.463954,0
3960,13.409108,0
3961,13.410437,0
3962,13.779806,0
3963,13.482075,0
3964,13.464001,0
3965,13.464084,0
3966,13.464035,0
3967,13.419913,0
3968,13.457718,0
3969,13.419945,0
3970,13.472386,0
3971,13.465221,0
3972,13.471410,0
3973,13.430983,0
3974,13.643592,0
3975,13.643592,0
3976,13.475817,0
3977,13.453853,0
3978,13.607711,0
3979,13.475815,0
3980,13.471197,0
3981,13.494688,0
3982,13.505941,0
3983,13.441463,0
3984,13.515010,0
3985,13.507140,0
3986,13.504313,0
3987,13.504313,0
3988,13.460348,0
3989,13.485388,0
3990,13.468245,0
3991,13.517937,0
3992,13.536665,0
3993,13.409257,0
3994,13.504302,0
3995,13.485375,0
3996,13.648992,0
3997,13.485404,0
3998,13.485402,0
3999,14.171573,0
4000,13.416118,0
4001,13.515980,0
4002,13.465228,0
4003,13.471173,0
4004,13.422545,0
4005,13.507249,0
4006,13.490217,0
4007,13.485410,0
4008,13.485383,0
4009,13.409266,0
4010,13.504781,0
4011,13.504749,0
4012,13.507158,0
4013,13.422603,0
4014,13.517929,0
4015,13.513695,0
4016,13.475824,0
4017,13.462684,0
4018,13.475839,0
4019,13.475835,0
4020,13.411685,0
4021,13.462686,0
4022,13.411677,0
4023,13.584887,0
4024,13.536796,0
4025,13.465274,0
4026,13.471521,0
4027,13.485405,0
4028,13.422548,0
4029,13.422562,0
4030,13.511554,0
4031,13.460409,0
4032,13.517938,0
4033,13.422572,0
4034,13.422569,0
4035,13.422570,0
4036,13.517927,0
4037,13.422548,0
4038,13.416124,0
4039,13.511562,0
4040,13.475809,0
4041,14.115897,0
4042,14.208750,0
4043,14.208750,0
4044,14.057585,0
4045,14.053945,0
4046,14.070429,0
4047,14.122364,0
4048,14.151908,0
4049,14.062937,0
4050,14.070459,0
4051,14.070459,0
4052,14.057431,0
4053,14.054109,0
4054,14.070458,0
4055,15.485774,0
4056,16.159586,0
4057,16.236083,0
4058,16.127009,0
4059,15.490734,0
4060,16.241164,0
4061,16.155605,0
4062,15.484909,0
4063,16.235769,0
4064,20.022151,0
4065,19.901542,0
4066,19.831945,0
4067,33.198275,1
4068,29.423301,0
4069,42.614662,1
4070,25.131854,0
4071,25.141967,0
4072,25.219334,0
4073,18.786344,0
4074,18.779008,0
4075,18.750745,0
4076,18.760391,0
4077,18.746787,0
4078,18.767393,0
4079,18.799217,0
4080,18.998909,0
4081,18.787527,0
4082,18.787527,0
4083,18.750724,0
4084,18.775917,0
4085,18.806292,0
4086,18.786625,0
4087,18.721145,0
4088,18.756172,0
4089,18.762106,0
4090,20.190187,0
4091,18.721196,0
4092,18.746225,0
4093,18.854282,0
4094,18.747040,0
4095,18.747043,0
4096,18.713403,0
4097,18.734687,0
4098,18.734681,0
4099,18.753928,0
4100,18.713357,0
4101,18.769663,0
4102,18.788789,0
4103,18.751810,0
4104,18.751810,0
4105,18.751767,0
4106,18.751767,0
4107,18.751767,0
4108,18.825011,0
4109,18.780994,0
4110,18.711611,0
4111,18.711612,0
4112,18.778451,0
4113,18.721143,0
4114,18.746336,0
4115,18.734679,0
4116,18.820170,0
4117,18.734681,0
4118,18.734701,0
4119,18.734710,0
4120,18.763335,0
4121,18.756077,0
4122,18.734689,0
4123,18.756079,0
4124,18.872572,0
4125,20.195850,0
4126,20.202723,0
4127,18.721146,0
4128,18.721257,0
4129,18.751794,0
4130,18.756103,0
4131,18.746221,0
4132,18.751855,0
4133,20.202704,0
4134,19.232678,0
4135,19.225698,0
4136,19.323481,0
4137,19.250482,0
4138,19.327397,0
4139,19.323563,0
4140,19.225825,0
4141,19.240649,0
4142,22.607644,0
4143,20.791593,0
4144,20.288243,0
4145,20.830368,0
4146,20.745810,0
4147,20.757485,0
4148,20.742021,0
4149,20.285834,0
4150,20.287377,0
4151,20.287356,0
4152,27.282908,0
4153,31.601394,0
4154,35.844532,1
4155,40.837270,1
4156,40.837029,1
4157,44.581541,1
4158,10.046463,0
4159,10.030924,0
4160,10.017862,0
4161,10.017862,0
4162,10.007475,0
4163,10.007372,0
4164,10.007372,0
4165,15.142424,0
4166,10.081940,0
4167,15.145148,0
4168,10.046725,0
4169,10.046767,0
4170,10.046720,0
4171,10.457767,0
4172,11.121246,0
4173,11.171287,0
4174,10.007095,0
4175,10.485419,0
4176,10.017623,0
4177,10.485526,0
4178,10.049267,0
4179,10.007550,0
4180,10.527680,0
4181,10.049458,0
4182,10.049529,0
4183,10.049570,0
4184,10.049570,0
4185,10.049558,0
4186,10.052332,0
4187,10.058041,0
4188,10.049500,0
4189,9.994868,0
4190,10.049448,0
4191,10.049484,0
4192,10.049529,0
4193,10.436040,0
4194,10.436040,0
4195,10.058396,0
4196,10.007327,0
4197,10.066800,0
4198,10.017756,0
4199,10.433455,0
4200,10.007390,0
4201,10.058361,0
4202,10.057868,0
4203,11.113647,0
4204,10.046689,0
4205,10.058514,0
4206,10.058577,0
4207,10.051296,0
4208,10.066516,0
4209,10.066380,0
4210,10.058274,0
4211,10.081606,0
4212,10.046515,0
4213,10.007840,0
4214,10.007560,0
4215,10.432773,0
4216,10.432773,0
4217,10.052543,0
4218,10.052635,0
4219,10.052623,0
4220,10.052635,0
4221,10.051704,0
4222,10.049038,0
4223,10.433128,0
4224,10.007599,0
4225,10.082954,0
4226,10.082954,0
4227,9.985825,0
4228,10.070887,0
4229,10.078545,0
4230,10.113790,0
4231,9.951719,0
4232,10.079963,0
4233,10.242148,0
4234,9.960411,0
4235,10.011926,0
4236,10.113637,0
4237,10.099745,0
4238,10.145548,0
4239,12.504820,0
4240,10.249247,0
4241,10.960105,0
4242,10.002533,0
4243,10.037235,0
4244,10.076089,0
4245,10.076161,0
4246,10.017842,0
4247,10.083157,0
4248,10.145548,0
4249,10.249176,0
4250,10.025787,0
4251,10.088636,0
4252,10.145233,0
4253,10.145245,0
4254,11.011914,0
4255,10.113641,0
4256,10.113944,0
4257,10.017219,0
4258,10.310045,0
4259,10.309087,0
4260,10.309054,0
4261,10.094719,0
4262,9.945714,0
4263,9.945720,0
4264,10.021895,0
4265,10.051222,0
4266,10.153435,0
4267,10.032036,0
4268,10.032036,0
4269,10.080016,0
4270,10.995326,0
4271,10.242126,0
4272,10.242126,0
4273,10.153458,0
4274,10.091078,0
4275,10.091083,0
4276,10.025785,0
4277,10.032054,0
4278,10.981127,0
4279,10.051115,0
4280,9.960406,0
4281,10.032054,0
4282,10.007453,0
4283,10.007979,0
4284,10.969369,0
4285,10.008021,0
4286,10.008029,0
4287,10.070862,0
4288,10.008017,0
4289,10.008033,0
4290,10.008019,0
4291,10.948788,0
4292,10.009541,0
4293,10.072374,0
4294,10.235157,0
4295,10.235162,0
4296,10.032018,0
4297,10.071586,0
4298,10.242080,0
4299,10.986751,0
4300,10.014389,0
4301,10.021885,0
4302,10.021885,0
4303,10.981135,0
4304,10.079967,0
4305,10.032054,0
4306,10.032051,0
4307,9.951693,0
4308,9.985781,0
4309,9.971727,0
4310,9.960363,0
4311,9.960363,0
4312,9.960362,0
4313,10.242261,0
4314,10.969386,0
4315,10.969414,0
4316,10.969414,0
4317,10.017798,0
4318,12.493136,0
4319,10.025790,0
4320,9.971736,0
4321,9.971742,0
4322,10.981110,0
4323,9.971729,0
4324,9.951682,0
4325,9.951685,0
4326,10.025895,0
4327,10.007495,0
4328,10.171105,0
4329,10.007407,0
4330,10.051062,0
4331,9.960357,0
4332,10.007408,0
4333,10.995321,0
4334,10.263536,0
4335,9.951681,0
4336,9.951681,0
4337,9.951681,0
4338,10.969434,0
4339,10.969434,0
4340,9.960386,0
4341,9.960386,0
4342,9.985786,0
4343,9.985858,0
4344,10.969363,0
4345,10.051039,0
4346,9.951725,0
4347,10.017174,0
4348,10.153432,0
4349,10.995298,0
4350,10.113660,0
4351,9.985780,0
4352,10.981171,0
4353,10.014348,0
4354,10.084680,0
4355,10.084680,0
4356,10.022008,0
4357,9.960374,0
4358,9.960374,0
4359,10.130132,0
4360,10.037225,0
4361,10.025793,0
4362,10.021861,0
4363,10.025797,0
4364,10.025797,0
4365,10.021924,0
4366,10.032027,0
4367,10.014354,0
4368,10.026083,0
4369,10.007428,0
4370,10.032016,0
4371,10.008024,0
4372,10.011298,0
4373,10.026100,0
4374,10.014345,0
4375,10.014375,0
4376,10.014345,0
4377,10.017184,0
4378,10.011529,0
4379,10.008061,0
4380,10.947382,0
4381,10.034371,0
4382,10.034371,0
4383,10.202029,0
4384,10.202049,0
4385,10.070329,0
4386,10.079955,0
4387,9.971727,0
4388,9.951693,0
4389,9.985840,0
4390,9.985840,0
4391,11.030595,0
4392,10.932029,0
4393,10.876232,0
4394,10.876411,0
4395,10.876712,0
4396,10.854352,0
4397,10.931711,0
4398,11.049202,0
4399,10.945414,0
4400,10.970078,0
4401,11.049274,0
4402,11.049274,0
4403,11.012606,0
4404,10.864530,0
4405,10.847715,0
4406,10.842839,0
4407,10.864489,0
4408,10.855153,0
4409,10.890951,0
4410,10.847268,0
4411,11.043086,0
4412,10.923166,0
4413,10.945564,0
4414,10.876416,0
4415,11.012510,0
4416,10.891550,0
4417,10.891550,0
4418,11.024734,0
4419,10.854960,0
4420,11.024516,0
4421,10.854466,0
4422,10.865671,0
4423,10.864663,0
4424,10.923073,0
4425,10.864328,0
4426,10.945638,0
4427,11.030390,0
4428,10.856663,0
4429,10.849401,0
4430,11.036707,0
4431,10.840791,0
4432,10.840791,0
4433,10.923771,0
4434,10.941109,0
4435,10.940947,0
4436,10.856989,0
4437,10.849505,0
4438,13.719901,0
4439,12.668438,0
4440,12.646325,0
4441,13.554920,0
4442,12.646211,0
4443,13.368530,0
4444,13.720289,0
4445,13.368579,0
4446,13.555432,0
4447,13.553396,0
4448,12.648496,0
4449,12.645769,0
4450,12.647011,0
4451,12.647089,0
4452,13.366584,0
4453,12.643794,0
4454,12.643785,0
4455,13.365572,0
4456,13.395454,0
4457,13.552859,0
4458,30.627931,0
4459,23.016933,0
4460,23.157690,0
4461,24.609730,0
4462,22.198055,0
4463,26.193224,0
4464,26.194488,0
4465,22.197605,0
4466,20.930115,0
4467,24.608232,0
4468,17.936641,0
4469,17.936641,0
4470,17.914737,0
4471,17.791894,0
4472,28.033590,0
4473,27.168771,0
4474,27.177147,0
4475,27.177340,0
4476,27.173401,0
4477,27.177249,0
4478,27.167850,0
4479,27.200930,0
4480,27.182127,0
4481,27.338508,0
4482,27.198141,0
4483,27.198272,0
4484,27.187928,0
4485,27.187916,0
4486,27.200909,0
4487,27.177217,0
4488,27.177228,0
4489,27.177267,0
4490,27.187964,0
4491,27.197616,0
4492,27.244646,0
4493,27.233895,0
4494,27.219786,0
4495,27.212844,0
4496,27.202772,0
4497,27.261713,0
4498,27.214550,0
4499,27.261707,0
4500,27.217530,0
4501,27.202771,0
4502,27.226802,0
4503,27.501689,0
4504,27.500567,0
4505,27.555043,0
4506,27.511075,0
4507,28.669725,0
4508,28.671960,0
4509,28.596378,0
4510,34.314662,1
4511,63.596505,1
4512,76.373689,1
4513,16.868933,0
4514,20.316631,0
4515,20.317261,0
4516,20.322677,0
4517,16.883588,0
4518,16.862650,0
4519,20.317732,0
4520,16.845986,0
4521,17.529163,0
4522,16.864540,0
4523,16.864847,0
4524,16.864648,0
4525,16.864512,0
4526,16.866668,0
4527,16.864679,0
4528,16.826932,0
4529,16.826932,0
4530,16.826932,0
4531,16.826932,0
4532,18.411468,0
4533,16.839335,0
4534,16.864394,0
4535,16.864399,0
4536,16.835615,0
4537,16.869670,0
4538,18.424700,0
4539,16.911996,0
4540,16.803848,0
4541,18.415279,0
4542,16.788038,0
4543,16.788038,0
4544,16.788038,0
4545,16.835658,0
4546,16.835655,0
4547,16.788079,0
4548,16.850653,0
4549,17.403842,0
4550,17.408164,0
4551,16.824661,0
4552,16.873029,0
4553,16.867915,0
4554,16.825002,0
4555,16.826952,0
4556,16.873053,0
4557,16.788031,0
4558,16.791579,0
4559,17.421430,0
4560,17.421441,0
4561,16.835647,0
4562,17.448228,0
4563,17.399855,0
4564,17.400175,0
4565,17.400214,0
4566,16.786106,0
4567,16.825008,0
4568,17.421418,0
4569,18.433765,0
4570,16.839328,0
4571,16.864425,0
4572,16.864425,0
4573,17.421426,0
4574,16.825940,0
4575,17.405501,0
4576,16.833267,0
4577,16.870720,0
4578,16.828806,0
4579,16.866262,0
4580,17.408143,0
4581,17.399870,0
4582,16.863385,0
4583,16.862133,0
4584,16.862171,0
4585,17.401068,0
4586,17.401065,0
4587,17.401070,0
4588,16.825969,0
4589,17.403843,0
4590,17.362632,0
4591,17.351906,0
4592,17.351886,0
4593,17.351884,0
4594,17.508163,0
4595,17.357949,0
4596,17.352069,0
4597,17.352110,0
4598,17.347970,0
4599,17.347966,0
4600,17.352171,0
4601,17.404825,0
4602,17.348873,0
4603,17.349072,0
4604,17.517449,0
4605,17.441562,0
4606,17.379243,0
4607,17.356577,0
4608,17.349840,0
4609,17.372126,0
4610,17.352124,0
4611,17.347786,0
4612,17.347992,0
4613,19.184815,0
4614,21.120793,0
4615,19.167369,0
4616,22.453919,0
4617,25.599797,0
4618,22.475414,0
4619,10.816327,0
4620,10.816349,0
4621,10.817917,0
4622,17.721043,0
4623,10.828421,0
4624,10.828380,0
4625,10.828528,0
4626,10.828528,0
4627,11.824191,0
4628,15.660072,0
4629,10.828645,0
4630,10.816797,0
4631,10.785172,0
4632,10.828370,0
4633,10.821501,0
4634,10.821051,0
4635,10.821051,0
4636,17.720841,0
4637,15.688178,0
4638,10.828240,0
4639,17.706450,0
4640,15.188857,0
4641,15.669400,0
4642,15.700031,0
4643,10.864285,0
4644,10.784904,0
4645,10.775462,0
4646,10.828090,0
4647,10.837907,0
4648,10.837914,0
4649,10.850121,0
4650,10.775411,0
4651,10.775429,0
4652,10.917634,0
4653,10.785223,0
4654,10.828211,0
4655,10.768349,0
4656,10.775210,0
4657,15.162820,0
4658,15.157842,0
4659,10.775554,0
4660,10.774988,0
4661,10.775629,0
4662,10.864497,0
4663,10.784984,0
4664,10.775582,0
4665,10.864595,0
4666,10.849801,0
4667,10.849801,0
4668,10.767912,0
4669,17.668801,0
4670,10.837770,0
4671,15.188933,0
4672,10.775090,0
4673,10.784830,0
4674,10.837842,0
4675,15.669667,0
4676,10.837433,0
4677,15.189022,0
4678,11.220819,0
4679,10.828856,0
4680,10.828181,0
4681,10.828250,0
4682,10.864407,0
4683,10.775546,0
4684,10.814305,0
4685,10.828712,0
4686,10.775509,0
4687,10.837968,0
4688,10.837930,0
4689,11.815146,0
4690,10.814659,0
4691,11.815269,0
4692,11.815072,0
4693,10.775606,0
4694,10.775604,0
4695,10.838114,0
4696,10.775137,0
4697,10.775546,0
4698,10.775395,0
4699,10.828134,0
4700,10.828134,0
4701,10.775501,0
4702,10.828769,0
4703,10.828771,0
4704,10.828540,0
4705,15.162855,0
4706,10.828338,0
4707,10.768004,0
4708,11.083668,0
4709,11.878561,0
4710,10.828184,0
4711,10.910829,0
4712,10.828897,0
4713,10.775304,0
4714,10.827981,0
4715,11.174180,0
4716,11.174207,0
4717,10.814358,0
4718,10.816317,0
4719,10.822771,0
4720,10.828056,0
4721,10.820784,0
4722,10.816661,0
4723,10.824296,0
4724,13.158180,0
4725,11.732411,0
4726,11.732411,0
4727,10.837770,0
4728,10.824281,0
4729,11.013113,0
4730,10.827173,0
4731,10.837719,0
4732,10.827158,0
4733,11.732396,0
4734,11.732420,0
4735,10.985445,0
4736,10.829793,0
4737,10.777237,0
4738,10.837721,0
4739,10.887873,0
4740,13.152989,0
4741,13.152989,0
4742,10.769225,0
4743,10.837721,0
4744,10.829766,0
4745,13.155348,0
4746,10.829785,0
4747,10.829810,0
4748,10.829749,0
4749,10.848211,0
4750,13.151215,0
4751,10.769200,0
4752,10.829772,0
4753,10.887978,0
4754,10.829766,0
4755,10.829748,0
4756,13.153697,0
4757,10.861146,0
4758,10.829844,0
4759,10.887883,0
4760,10.890551,0
4761,10.890580,0
4762,10.769199,0
4763,10.769225,0
4764,10.890612,0
4765,10.848214,0
4766,10.848208,0
4767,13.164789,0
4768,10.861110,0
4769,10.837757,0
4770,10.800760,0
4771,10.887876,0
4772,13.153665,0
4773,10.890552,0
4774,10.855396,0
4775,10.777218,0
4776,10.816702,0
4777,13.154467,0
4778,10.777228,0
4779,10.861110,0
4780,10.861110,0
4781,11.732461,0
4782,10.861131,0
4783,10.837725,0
4784,10.837764,0
4785,13.152985,0
4786,10.829756,0
4787,10.769254,0
4788,10.861089,0
4789,11.806980,0
4790,10.837740,0
4791,10.876466,0
4792,10.895947,0
4793,10.848280,0
4794,10.837729,0
4795,10.837715,0
4796,10.820797,0
4797,10.837724,0
4798,10.829750,0
4799,10.829750,0
4800,10.829754,0
4801,10.829754,0
4802,10.829754,0
4803,10.861113,0
4804,13.163294,0
4805,13.157126,0
4806,11.759657,0
4807,10.769199,0
4808,10.887849,0
4809,10.829739,0
4810,10.829739,0
4811,10.829747,0
4812,10.769360,0
4813,13.160674,0
4814,10.829769,0
4815,10.777224,0
4816,10.783103,0
4817,10.827216,0
4818,10.777220,0
4819,10.824290,0
4820,13.181678,0
4821,10.829796,0
4822,10.769210,0
4823,10.837744,0
4824,11.695005,0
4825,10.829752,0
4826,10.829772,0
4827,13.166340,0
4828,10.848167,0
4829,10.838064,0
4830,10.829743,0
4831,10.848200,0
4832,10.769225,0
4833,10.878889,0
4834,10.887859,0
4835,11.600823,0
4836,11.616466,0
4837,11.631100,0
4838,11.559575,0
4839,11.587055,0
4840,11.638671,0
4841,11.600702,0
4842,11.575743,0
4843,11.566790,0
4844,11.561470,0
4845,11.620902,0
4846,14.021704,0
4847,14.173579,0
4848,14.173577,0
4849,14.015936,0
4850,14.151935,0
4851,16.692171,0
4852,13.267395,0
4853,16.613488,0
4854,16.627243,0
4855,14.131840,0
4856,13.259054,0
4857,13.259142,0
4858,14.129122,0
4859,16.586599,0
4860,14.129004,0
4861,14.014749,0
4862,13.954276,0
4863,14.128988,0
4864,14.136666,0
4865,14.141048,0
4866,14.139527,0
4867,14.139527,0
4868,14.139527,0
4869,14.138138,0
4870,14.138082,0
4871,24.930370,0
4872,24.938077,0
4873,22.553085,0
4874,21.307541,0
4875,21.309886,0
4876,21.307727,0
4877,24.937276,0
4878,26.497865,0
4879,24.934016,0
4880,41.276922,1
4881,18.349946,0
4882,18.357469,0
4883,18.350968,0
4884,62.833826,1
4885,28.314816,0
4886,59.509380,1
4887,8.889096,0
4888,7.539698,0
4889,15.873172,0
4890,8.899125,0
4891,7.540055,0
4892,7.540063,0
4893,7.540063,0
4894,8.899407,0
4895,8.889222,0
4896,7.527687,0
4897,8.899261,0
4898,7.538879,0
4899,8.899305,0
4900,8.899305,0
4901,8.899303,0
4902,13.566629,0
4903,13.537372,0
4904,8.899524,0
4905,8.899480,0
4906,7.541319,0
4907,7.541319,0
4908,7.541282,0
4909,7.541282,0
4910,8.889244,0
4911,9.006083,0
4912,9.006192,0
4913,7.415244,0
4914,8.849292,0
4915,8.898989,0
4916,15.873423,0
4917,15.873423,0
4918,15.873423,0
4919,7.600243,0
4920,15.873150,0
4921,15.873064,0
4922,15.873018,0
4923,15.873118,0
4924,15.873041,0
4925,15.873172,0
4926,15.867732,0
4927,8.848780,0
4928,7.480454,0
4929,15.873267,0
4930,15.835123,0
4931,13.592264,0
4932,8.888877,0
4933,15.872846,0
4934,15.845071,0
4935,7.578316,0
4936,7.578316,0
4937,7.578334,0
4938,7.550663,0
4939,7.578313,0
4940,7.578313,0
4941,7.578328,0
4942,8.782502,0
4943,7.578333,0
4944,7.578366,0
4945,7.578410,0
4946,7.406877,0
4947,7.578352,0
4948,7.578374,0
4949,7.578400,0
4950,7.578400,0
4951,7.470594,0
4952,7.578308,0
4953,7.578308,0
4954,7.578341,0
4955,8.845096,0
4956,7.578329,0
4957,7.578360,0
4958,7.578416,0
4959,7.578313,0
4960,7.578313,0
4961,7.578316,0
4962,7.578333,0
4963,7.578313,0
4964,8.709668,0
4965,7.394651,0
4966,7.578350,0
4967,7.578350,0
4968,7.578389,0
4969,7.406907,0
4970,7.578340,0
4971,7.578370,0
4972,7.440635,0
4973,7.524952,0
4974,7.567384,0
4975,7.578334,0
4976,7.567373,0
4977,7.578334,0
4978,7.578326,0
4979,7.578326,0
4980,7.578277,0
4981,7.578340,0
4982,7.578382,0
4983,7.333084,0
4984,7.333084,0
4985,7.578327,0
4986,7.578327,0
4987,7.578354,0
4988,7.578354,0
4989,7.696816,0
4990,7.578283,0
4991,7.578283,0
4992,7.578333,0
4993,7.578333,0
4994,7.578323,0
4995,7.578350,0
4996,7.567439,0
4997,7.578316,0
4998,7.578449,0
4999,7.494600,0
5000,7.494600,0
5001,7.547104,0
5002,7.333115,0
5003,7.524939,0
5004,7.567435,0
5005,7.578337,0
5006,7.578467,0
5007,7.494835,0
5008,7.578349,0
5009,7.578334,0
5010,7.578334,0
5011,7.578334,0
5012,7.578344,0
5013,7.578335,0
5014,7.578342,0
5015,7.567388,0
5016,7.567388,0
5017,7.578396,0
5018,7.578354,0
5019,7.567433,0
5020,7.578336,0
5021,7.578400,0
5022,8.883956,0
5023,7.578378,0
5024,7.578333,0
5025,7.578316,0
5026,7.578329,0
5027,7.578358,0
5028,7.578390,0
5029,7.578316,0
5030,7.578312,0
5031,7.578333,0
5032,7.578314,0
5033,7.578327,0
5034,7.578392,0
5035,7.578384,0
5036,7.578323,0
5037,7.578393,0
5038,7.494623,0
5039,7.578335,0
5040,8.709535,0
5041,7.578327,0
5042,7.494704,0
5043,7.578337,0
5044,7.578373,0
5045,7.578335,0
5046,7.567374,0
5047,7.578346,0
5048,7.578336,0
5049,7.578383,0
5050,7.494632,0
5051,7.578333,0
5052,7.578387,0
5053,7.578387,0
5054,7.494618,0
5055,7.578341,0
5056,7.494736,0
5057,7.578348,0
5058,7.578329,0
5059,7.494646,0
5060,7.578314,0
5061,7.578319,0
5062,7.578315,0
5063,7.578358,0
5064,7.578387,0
5065,7.578313,0
5066,7.696835,0
5067,7.578438,0
5068,7.567380,0
5069,7.567339,0
5070,7.567376,0
5071,7.578366,0
5072,7.785617,0
5073,7.547450,0
5074,7.395714,0
5075,7.567415,0
5076,7.567415,0
5077,7.567325,0
5078,7.395727,0
5079,7.567404,0
5080,7.567412,0
5081,10.576381,0
5082,7.567337,0
5083,7.567455,0
5084,10.507184,0
5085,7.352211,0
5086,7.586901,0
5087,7.610258,0
5088,8.795592,0
5089,8.795557,0
5090,7.687521,0
5091,10.507152,0
5092,10.507152,0
5093,7.578333,0
5094,7.494617,0
5095,7.567374,0
5096,7.567453,0
5097,7.567397,0
5098,7.567387,0
5099,7.567352,0
5100,7.440628,0
5101,7.440628,0
5102,10.507186,0
5103,7.333120,0
5104,7.494609,0
5105,7.440632,0
5106,7.524937,0
5107,7.524942,0
5108,7.524970,0
5109,7.524931,0
5110,7.524931,0
5111,7.440662,0
5112,10.576295,0
5113,7.352348,0
5114,7.406860,0
5115,7.494619,0
5116,7.494619,0
5117,7.578387,0
5118,8.709468,0
5119,7.578325,0
5120,10.584135,0
5121,8.709434,0
5122,7.406891,0
5123,8.883983,0
5124,7.578384,0
5125,7.578382,0
5126,7.578330,0
5127,7.578330,0
5128,7.578330,0
5129,7.578432,0
5130,7.578349,0
5131,7.467308,0
5132,7.578360,0
5133,8.623787,0
5134,7.578349,0
5135,7.578349,0
5136,7.715594,0
5137,7.578334,0
5138,7.578334,0
5139,7.578316,0
5140,7.352234,0
5141,7.578349,0
5142,7.578366,0
5143,7.578437,0
5144,7.578316,0
5145,7.297792,0
5146,7.567365,0
5147,7.547103,0
5148,7.594558,0
5149,7.578353,0
5150,7.494597,0
5151,7.470499,0
5152,7.578314,0
5153,7.578331,0
5154,7.525042,0
5155,7.578316,0
5156,7.578363,0
5157,7.578337,0
5158,7.578375,0
5159,10.584142,0
5160,10.584142,0
5161,7.578316,0
5162,7.578350,0
5163,7.494606,0
5164,7.406917,0
5165,7.578321,0
5166,7.406807,0
5167,7.578336,0
5168,7.578386,0
5169,7.506263,0
5170,7.469448,0
5171,7.524954,0
5172,7.524999,0
5173,7.506333,0
5174,10.545892,0
5175,7.547152,0
5176,7.524979,0
5177,7.524978,0
5178,7.506369,0
5179,7.578337,0
5180,7.578313,0
5181,7.578316,0
5182,7.578316,0
5183,7.483543,0
5184,7.506267,0
5185,7.506379,0
5186,7.506342,0
5187,7.506347,0
5188,7.722531,0
5189,7.506336,0
5190,7.567435,0
5191,7.578432,0
5192,7.578432,0
5193,7.578432,0
5194,7.578400,0
5195,7.567429,0
5196,7.796161,0
5197,10.546114,0
5198,7.578356,0
5199,7.494680,0
5200,7.578447,0
5201,7.578447,0
5202,7.578396,0
5203,7.494660,0
5204,7.494660,0
5205,10.546019,0
5206,7.494670,0
5207,7.463046,0
5208,10.545965,0
5209,7.567406,0
5210,7.483572,0
5211,7.483539,0
5212,7.524951,0
5213,7.292626,0
5214,7.491151,0
5215,10.525694,0
5216,10.527786,0
5217,10.527786,0
5218,8.699938,0
5219,10.504935,0
5220,7.578343,0
5221,7.578345,0
5222,7.786366,0
5223,7.578409,0
5224,8.876101,0
5225,7.578395,0
5226,7.547098,0
5227,7.385735,0
5228,7.578402,0
5229,7.470553,0
5230,8.566980,0
5231,8.555817,0
5232,8.566692,0
5233,8.567027,0
5234,8.567027,0
5235,8.567027,0
5236,8.566700,0
5237,8.566564,0
5238,8.566575,0
5239,8.566498,0
5240,8.566740,0
5241,8.566947,0
5242,8.566534,0
5243,8.566444,0
5244,8.566623,0
5245,8.566681,0
5246,8.566549,0
5247,8.566549,0
5248,8.566696,0
5249,8.692014,0
5250,8.566432,0
5251,8.566498,0
5252,8.692774,0
5253,8.566723,0
5254,8.556151,0
5255,8.515161,0
5256,8.555943,0
5257,8.555943,0
5258,8.555943,0
5259,8.555943,0
5260,8.555943,0
5261,8.555943,0
5262,8.555943,0
5263,8.555943,0
5264,8.566980,0
5265,8.566723,0
5266,8.566475,0
5267,8.566498,0
5268,8.566538,0
5269,8.566751,0
5270,8.566547,0
5271,8.708284,0
5272,8.566584,0
5273,8.556485,0
5274,8.566836,0
5275,8.566764,0
5276,8.514838,0
5277,8.566576,0
5278,8.566533,0
5279,8.514803,0
5280,8.566791,0
5281,8.566834,0
5282,8.566834,0
5283,8.566834,0
5284,8.566511,0
5285,8.566549,0
5286,8.566741,0
5287,8.566641,0
5288,8.566648,0
5289,8.536601,0
5290,8.566580,0
5291,8.514840,0
5292,8.555943,0
5293,8.566779,0
5294,8.566779,0
5295,8.458396,0
5296,8.514820,0
5297,8.514720,0
5298,8.514705,0
5299,8.514717,0
5300,8.566494,0
5301,8.566745,0
5302,8.567158,0
5303,8.555928,0
5304,8.458022,0
5305,8.556001,0
5306,8.566570,0
5307,8.458196,0
5308,8.566824,0
5309,8.716262,0
5310,8.566545,0
5311,8.566774,0
5312,8.566911,0
5313,8.566934,0
5314,8.700603,0
5315,8.566760,0
5316,8.556051,0
5317,8.567027,0
5318,8.566976,0
5319,8.555904,0
5320,8.496002,0
5321,8.496155,0
5322,8.496261,0
5323,8.496199,0
5324,8.561219,0
5325,8.556168,0
5326,8.566558,0
5327,8.556637,0
5328,8.536414,0
5329,8.566431,0
5330,8.692777,0
5331,8.555790,0
5332,8.536308,0
5333,8.561647,0
5334,8.566727,0
5335,8.566836,0
5336,8.556247,0
5337,8.566407,0
5338,8.566590,0
5339,8.566590,0
5340,8.566591,0
5341,8.566591,0
5342,8.515041,0
5343,8.566475,0
5344,8.566685,0
5345,8.566499,0
5346,8.566499,0
5347,8.566659,0
5348,8.566590,0
5349,8.555837,0
5350,8.556485,0
5351,8.556485,0
5352,8.566843,0
5353,8.556073,0
5354,8.556278,0
5355,8.556175,0
5356,8.556117,0
5357,8.685322,0
5358,8.757650,0
5359,8.566723,0
5360,8.566592,0
5361,8.555906,0
5362,8.560855,0
5363,8.566801,0
5364,8.566547,0
5365,8.567025,0
5366,8.567025,0
5367,8.566409,0
5368,8.566835,0
5369,8.556184,0
5370,8.566491,0
5371,50.043307,1
5372,12.183991,0
5373,10.751004,0
5374,14.595864,0
5375,10.664405,0
5376,11.728875,0
5377,10.664667,0
5378,11.728964,0
5379,10.664683,0
5380,11.727938,0
5381,10.664498,0
5382,10.664283,0
5383,19.542199,0
5384,11.965677,0
5385,11.513717,0
5386,10.751059,0
5387,10.664089,0
5388,11.514026,0
5389,10.709430,0
5390,10.709756,0
5391,10.709780,0
5392,10.742715,0
5393,11.531931,0
5394,11.768853,0
5395,11.555293,0
5396,11.581206,0
5397,11.769387,0
5398,11.769490,0
5399,10.709894,0
5400,14.629929,0
5401,10.709780,0
5402,10.709802,0
5403,10.709802,0
5404,10.709546,0
5405,10.709524,0
5406,10.709605,0
5407,11.769227,0
5408,11.557344,0
5409,11.555359,0
5410,11.904875,0
5411,11.728444,0
5412,11.710804,0
5413,10.664867,0
5414,11.589940,0
5415,10.750823,0
5416,11.542979,0
5417,11.512667,0
5418,11.728248,0
5419,10.664579,0
5420,11.728365,0
5421,14.609065,0
5422,11.562233,0
5423,10.664498,0
5424,10.664546,0
5425,10.664589,0
5426,14.612276,0
5427,10.664498,0
5428,10.746532,0
5429,11.728263,0
5430,10.664498,0
5431,11.728244,0
5432,11.728244,0
5433,11.513838,0
5434,11.579380,0
5435,11.579380,0
5436,10.746813,0
5437,11.589856,0
5438,11.803462,0
5439,11.803100,0
5440,10.746488,0
5441,10.742206,0
5442,10.709558,0
5443,11.769804,0
5444,11.617081,0
5445,14.611645,0
5446,11.555455,0
5447,14.660940,0
5448,11.555388,0
5449,11.747410,0
5450,11.752562,0
5451,11.785243,0
5452,11.785105,0
5453,11.575027,0
5454,19.590673,0
5455,19.590673,0
5456,10.727152,0
5457,10.666177,0
5458,10.665821,0
5459,11.514665,0
5460,10.750755,0
5461,21.931990,0
5462,22.119512,0
5463,77.750627,1
5464,23.652688,0
5465,21.176074,0
5466,21.132041,0
5467,23.652712,0
5468,19.800266,0
5469,21.154907,0
5470,21.132673,0
5471,19.797460,0
5472,19.798442,0
5473,23.652761,0
5474,23.652633,0
5475,21.132085,0
5476,19.797375,0
5477,21.131978,0
5478,21.131987,0
5479,21.154942,0
5480,21.154828,0
5481,21.163641,0
5482,23.673290,0
5483,21.134823,0
5484,19.798165,0
5485,25.296597,0
5486,21.132669,0
5487,27.416188,0
5488,16.417234,0
5489,16.351427,0
5490,16.571648,0
5491,16.380862,0
5492,20.632035,0
5493,74.570550,1
5494,78.787867,1
5495,37.003927,1
5496,26.874455,0
5497,62.357076,1
5498,41.143877,1
5499,58.981539,1
5500,58.983529,1
5501,27.207289,0
5502,22.492498,0
5503,22.480901,0
5504,22.592397,0
5505,68.945466,1
5506,50.316982,1
5507,37.958641,1
5508,37.957182,1
5509,84.775177,1
5510,10.794227,0
5511,11.790731,0
5512,10.823222,0
5513,10.801388,0
5514,15.639178,0
5515,15.639046,0
5516,10.794261,0
5517,10.801472,0
5518,11.160120,0
5519,11.160120,0
5520,11.783900,0
5521,10.748384,0
5522,10.870151,0
5523,11.799579,0
5524,10.838144,0
5525,10.838144,0
5526,10.838144,0
5527,11.799486,0
5528,11.779688,0
5529,10.794379,0
5530,10.784918,0
5531,10.794554,0
5532,10.794559,0
5533,11.790781,0
5534,11.790885,0
5535,11.790854,0
5536,11.790885,0
5537,11.784016,0
5538,11.799761,0
5539,11.799761,0
5540,11.799759,0
5541,10.838218,0
5542,15.638935,0
5543,11.790971,0
5544,15.638885,0
5545,11.810881,0
5546,10.789622,0
5547,10.811201,0
5548,10.837658,0
5549,10.748681,0
5550,10.788079,0
5551,10.741496,0
5552,10.811275,0
5553,10.811165,0
5554,15.638970,0
5555,11.823768,0
5556,10.748741,0
5557,10.830506,0
5558,10.830512,0
5559,10.766551,0
5560,10.772074,0
5561,10.824996,0
5562,10.711259,0
5563,10.711259,0
5564,13.110806,0
5565,10.848919,0
5566,10.848919,0
5567,10.848919,0
5568,11.650007,0
5569,10.821553,0
5570,10.719336,0
5571,10.772119,0
5572,13.105551,0
5573,13.105551,0
5574,10.848914,0
5575,10.705655,0
5576,10.825017,0
5577,10.825013,0
5578,10.766603,0
5579,10.825007,0
5580,11.679170,0
5581,10.824988,0
5582,10.830488,0
5583,10.719297,0
5584,10.780131,0
5585,10.780104,0
5586,10.705704,0
5587,10.824999,0
5588,10.705650,0
5589,10.772073,0
5590,10.766545,0
5591,10.822064,0
5592,10.822064,0
5593,10.891294,0
5594,10.705649,0
5595,10.825038,0
5596,13.105591,0
5597,10.766581,0
5598,10.766588,0
5599,10.705688,0
5600,10.705653,0
5601,10.763009,0
5602,10.705642,0
5603,10.766549,0
5604,10.711203,0
5605,10.711203,0
5606,13.105557,0
5607,10.711246,0
5608,10.711212,0
5609,13.105629,0
5610,10.833258,0
5611,10.705642,0
5612,10.705647,0
5613,10.705647,0
5614,10.705649,0
5615,10.729880,0
5616,10.780152,0
5617,10.705647,0
5618,10.705647,0
5619,10.705688,0
5620,10.705688,0
5621,10.780083,0
5622,10.772076,0
5623,10.772076,0
5624,10.729849,0
5625,13.105568,0
5626,10.766548,0
5627,10.824980,0
5628,10.825073,0
5629,10.766615,0
5630,10.719270,0
5631,10.825019,0
5632,10.766565,0
5633,10.766546,0
5634,10.766562,0
5635,10.780091,0
5636,10.705645,0
5637,10.705683,0
5638,10.711197,0
5639,10.780092,0
5640,10.780085,0
5641,10.772070,0
5642,13.105534,0
5643,10.711206,0
5644,10.766546,0
5645,10.780105,0
5646,10.719276,0
5647,10.719276,0
5648,10.830485,0
5649,10.830545,0
5650,11.687217,0
5651,10.838457,0
5652,10.729907,0
5653,10.830474,0
5654,10.763519,0
5655,10.729824,0
5656,10.838579,0
5657,10.772065,0
5658,10.719257,0
5659,10.766546,0
5660,10.827916,0
5661,10.704090,0
5662,10.824994,0
5663,10.705797,0
5664,10.838461,0
5665,10.765026,0
5666,10.764982,0
5667,10.824998,0
5668,10.898980,0
5669,10.840908,0
5670,11.642182,0
5671,10.780086,0
5672,10.780086,0
5673,10.812276,0
5674,10.705649,0
5675,10.766547,0
5676,10.821998,0
5677,10.743251,0
5678,11.673875,0
5679,10.822049,0
5680,10.711267,0
5681,10.711269,0
5682,10.838462,0
5683,10.838456,0
5684,10.780084,0
5685,10.780087,0
5686,10.838459,0
5687,13.115944,0
5688,10.766548,0
5689,10.772101,0
5690,11.695995,0
5691,11.640439,0
5692,11.541891,0
5693,11.529057,0
5694,11.528923,0
5695,11.535206,0
5696,11.562094,0
5697,11.553082,0
5698,11.575507,0
5699,11.535091,0
5700,11.530730,0
5701,11.679589,0
5702,11.535007,0
5703,11.636266,0
5704,11.528723,0
5705,11.541684,0
5706,11.535491,0
5707,11.550599,0
5708,11.533705,0
5709,11.575507,0
5710,11.550733,0
5711,11.541732,0
5712,11.695735,0
5713,11.541838,0
5714,11.541657,0
5715,11.528680,0
5716,11.528687,0
5717,11.550702,0
5718,11.531609,0
5719,11.550762,0
5720,11.535184,0
5721,11.535071,0
5722,11.534689,0
5723,11.565302,0
5724,11.530698,0
5725,11.529249,0
5726,11.531421,0
5727,11.531399,0
5728,11.579267,0
5729,11.550405,0
5730,11.576280,0
5731,11.575682,0
5732,11.565032,0
5733,11.565021,0
5734,11.543531,0
5735,11.550478,0
5736,11.550241,0
5737,11.550552,0
5738,11.579322,0
5739,11.775077,0
5740,13.237164,0
5741,13.237397,0
5742,13.237120,0
5743,13.237124,0
5744,14.108054,0
5745,13.237127,0
5746,13.237297,0
5747,14.121938,0
5748,14.113628,0
5749,13.245415,0
5750,13.238988,0
5751,13.243920,0
5752,13.237193,0
5753,13.237132,0
5754,13.237231,0
5755,13.243869,0
5756,13.237238,0
5757,16.681563,0
5758,13.241398,0
5759,14.113250,0
5760,14.112403,0
5761,13.241394,0
5762,13.245429,0
5763,23.435514,0
5764,23.435514,0
5765,26.483492,0
5766,42.189042,1
5767,42.189061,1
5768,22.070571,0
5769,71.088096,1
5770,18.334089,0
5771,18.136907,0
5772,18.134275,0
5773,18.171507,0
5774,51.073890,1
5775,22.086809,0
5776,18.333433,0
5777,22.071885,0
5778,22.071885,0
5779,62.847845,1
5780,19.893704,0
5781,20.330057,0
5782,20.330057,0
5783,20.330057,0
5784,20.324390,0
5785,20.330237,0
5786,19.795674,0
5787,19.708669,0
5788,19.735560,0
5789,22.750381,0
5790,19.802674,0
5791,20.255492,0
5792,20.254409,0
5793,20.254416,0
5794,20.254416,0
5795,20.254416,0
5796,20.254416,0
5797,19.696159,0
5798,20.254411,0
5799,19.696021,0
5800,19.701619,0
5801,27.500111,0
5802,19.688008,0
5803,19.708680,0
5804,19.890545,0
5805,19.890538,0
5806,19.889708,0
5807,19.671148,0
5808,19.782276,0
5809,19.782276,0
5810,19.782276,0
5811,20.267658,0
5812,19.708603,0
5813,19.708618,0
5814,19.708677,0
5815,19.672690,0
5816,19.708149,0
5817,20.275736,0
5818,19.894576,0
5819,22.374431,0
5820,22.374704,0
5821,19.743070,0
5822,20.234193,0
5823,19.700797,0
5824,20.234178,0
5825,19.694156,0
5826,19.798410,0
5827,19.798501,0
5828,20.267747,0
5829,19.782926,0
5830,19.771087,0
5831,19.831387,0
5832,19.759284,0
5833,20.220121,0
5834,19.727323,0
5835,19.727327,0
5836,20.262815,0
5837,19.717879,0
5838,19.765812,0
5839,19.700701,0
5840,19.748757,0
5841,19.700724,0
5842,19.728516,0
5843,19.717879,0
5844,20.226501,0
5845,20.123771,0
5846,20.116884,0
5847,20.131902,0
5848,20.123743,0
5849,20.123916,0
5850,20.123801,0
5851,20.123955,0
5852,20.123804,0
5853,20.111618,0
5854,20.117094,0
5855,20.132051,0
5856,20.132010,0
5857,21.061736,0
5858,21.061741,0
5859,21.061741,0
5860,21.061741,0
5861,21.061721,0
5862,25.180326,0
5863,25.243732,0
5864,25.174189,0
5865,25.194279,0
5866,25.197796,0
5867,25.168813,0
5868,21.464484,0
5869,20.943146,0
5870,21.581926,0
5871,63.957306,1
5872,25.198101,0
5873,22.255752,0
5874,21.458425,0
5875,21.024782,0
5876,22.255880,0
5877,20.998941,0
5878,22.285297,0
5879,21.005591,0
5880,21.439628,0
5881,21.005577,0
5882,21.005577,0
5883,22.255787,0
5884,22.267157,0
5885,22.248791,0
5886,21.458474,0
5887,21.458436,0
5888,21.458425,0
5889,21.458440,0
5890,21.458440,0
5891,21.427779,0
5892,21.024755,0
5893,21.342011,0
5894,21.341976,0
5895,21.342042,0
5896,21.342168,0
5897,21.362711,0
5898,21.362855,0
5899,22.745753,0
5900,22.295630,0
5901,22.709259,0
5902,22.326411,0
5903,22.328637,0
5904,22.328637,0
5905,22.853857,0
5906,22.705498,0
5907,22.286812,0
5908,22.836524,0
5909,22.744232,0
5910,22.705511,0
5911,22.326456,0
5912,30.709684,0
5913,27.869696,0
5914,28.832381,0
5915,28.818552,0
5916,31.982519,0
5917,28.801932,0
5918,32.009700,0
5919,28.832438,0
5920,31.982223,0
5921,25.678027,0
5922,25.682199,0
5923,28.458981,0
5924,28.466231,0
5925,10.381767,0
5926,10.381767,0
5927,9.111082,0
5928,9.111082,0
5929,9.187963,0
5930,9.099394,0
5931,9.091203,0
5932,10.319432,0
5933,10.309556,0
5934,10.319569,0
5935,10.319766,0
5936,10.365636,0
5937,14.153085,0
5938,9.173630,0
5939,9.173630,0
5940,9.099063,0
5941,9.090630,0
5942,10.296959,0
5943,10.296959,0
5944,9.111135,0
5945,10.309646,0
5946,9.142357,0
5947,10.309524,0
5948,10.302052,0
5949,9.592678,0
5950,10.302141,0
5951,9.099437,0
5952,10.309848,0
5953,9.099713,0
5954,10.309135,0
5955,9.110927,0
5956,9.110927,0
5957,9.173225,0
5958,9.173225,0
5959,10.319747,0
5960,9.224950,0
5961,9.153472,0
5962,9.153310,0
5963,10.309652,0
5964,9.110868,0
5965,9.161825,0
5966,9.161825,0
5967,9.161752,0
5968,9.102135,0
5969,9.173464,0
5970,14.554427,0
5971,9.173588,0
5972,9.224735,0
5973,9.224757,0
5974,9.187997,0
5975,9.188078,0
5976,9.188078,0
5977,9.173005,0
5978,9.098998,0
5979,9.162544,0
5980,9.161734,0
5981,9.217917,0
5982,14.561273,0
5983,9.111237,0
5984,14.554868,0
5985,9.153476,0
5986,9.153543,0
5987,14.561051,0
5988,9.153461,0
5989,10.168956,0
5990,11.808479,0
5991,9.230851,0
5992,9.230863,0
5993,11.808473,0
5994,11.808548,0
5995,9.143488,0
5996,9.221855,0
5997,9.255528,0
5998,9.187064,0
5999,9.187064,0
6000,9.087851,0
6001,9.143523,0
6002,9.143467,0
6003,9.149963,0
6004,11.807324,0
6005,9.078285,0
6006,9.187065,0
6007,9.187064,0
6008,11.808490,0
6009,9.221855,0
6010,9.221855,0
6011,9.255514,0
6012,9.087738,0
6013,11.807775,0
6014,9.208088,0
6015,9.087754,0
6016,10.249841,0
6017,9.115920,0
6018,9.115920,0
6019,9.115920,0
6020,9.240931,0
6021,10.161436,0
6022,9.208672,0
6023,9.149977,0
6024,9.228097,0
6025,11.818347,0
6026,9.078232,0
6027,9.143520,0
6028,10.196227,0
6029,9.218723,0
6030,9.205239,0
6031,11.808538,0
6032,11.808539,0
6033,9.218712,0
6034,9.212256,0
6035,9.078305,0
6036,9.205301,0
6037,11.808656,0
6038,9.078280,0
6039,9.218657,0
6040,9.228040,0
6041,9.100228,0
6042,9.228085,0
6043,9.143489,0
6044,9.143473,0
6045,9.115598,0
6046,9.212256,0
6047,9.149990,0
6048,9.218725,0
6049,9.218725,0
6050,9.218725,0
6051,9.218725,0
6052,9.149969,0
6053,9.143476,0
6054,11.808518,0
6055,11.808560,0
6056,9.218674,0
6057,11.808545,0
6058,9.218750,0
6059,9.212354,0
6060,9.212297,0
6061,9.228077,0
6062,9.240318,0
6063,9.228021,0
6064,9.240366,0
6065,9.210412,0
6066,9.159404,0
6067,9.159403,0
6068,9.159403,0
6069,9.240318,0
6070,9.240318,0
6071,9.115628,0
6072,9.087767,0
6073,9.146888,0
6074,9.150689,0
6075,9.150682,0
6076,9.139315,0
6077,9.143469,0
6078,9.149965,0
6079,11.821611,0
6080,11.821745,0
6081,11.821745,0
6082,11.821746,0
6083,9.159464,0
6084,9.143491,0
6085,9.221857,0
6086,9.221857,0
6087,11.809202,0
6088,9.149971,0
6089,9.100201,0
6090,9.255508,0
6091,9.143567,0
6092,9.139322,0
6093,9.187097,0
6094,22.589550,0
6095,9.187065,0
6096,9.159405,0
6097,9.205302,0
6098,9.205304,0
6099,11.837966,0
6100,11.805986,0
6101,9.180401,0
6102,11.821616,0
6103,9.159409,0
6104,9.180310,0
6105,9.187089,0
6106,9.187064,0
6107,9.205239,0
6108,9.159420,0
6109,9.159405,0
6110,9.159405,0
6111,9.139903,0
6112,9.187064,0
6113,9.240337,0
6114,9.159400,0
6115,9.159420,0
6116,9.149976,0
6117,9.218689,0
6118,10.196263,0
6119,10.196263,0
6120,11.821576,0
6121,9.149974,0
6122,9.143494,0
6123,9.143494,0
6124,9.230883,0
6125,9.141646,0
6126,9.206362,0
6127,9.134339,0
6128,9.159427,0
6129,9.171789,0
6130,9.149967,0
6131,9.306792,0
6132,9.218656,0
6133,9.133937,0
6134,9.230851,0
6135,11.808492,0
6136,9.078255,0
6137,9.078266,0
6138,9.078255,0
6139,9.140921,0
6140,9.149966,0
6141,9.146908,0
6142,9.143525,0
6143,9.143532,0
6144,9.143590,0
6145,9.071762,0
6146,9.143493,0
6147,9.149967,0
6148,9.146922,0
6149,9.159480,0
6150,9.143470,0
6151,9.143470,0
6152,9.146944,0
6153,9.139440,0
6154,9.078255,0
6155,9.071685,0
6156,9.078236,0
6157,9.159460,0
6158,9.078271,0
6159,9.143496,0
6160,9.146905,0
6161,10.107185,0
6162,10.014771,0
6163,10.016037,0
6164,10.023823,0
6165,10.034799,0
6166,10.026414,0
6167,10.033737,0
6168,10.033726,0
6169,10.086355,0
6170,10.066999,0
6171,10.008912,0
6172,10.050939,0
6173,10.081798,0
6174,10.050551,0
6175,10.063243,0
6176,10.050717,0
6177,10.050837,0
6178,10.026311,0
6179,10.062896,0
6180,10.011333,0
6181,10.023979,0
6182,10.023978,0
6183,10.023978,0
6184,10.016269,0
6185,10.063451,0
6186,10.023707,0
6187,10.034368,0
6188,10.009205,0
6189,10.063403,0
6190,10.034580,0
6191,10.034580,0
6192,10.098295,0
6193,10.098295,0
6194,10.098295,0
6195,10.098165,0
6196,10.009115,0
6197,10.009102,0
6198,10.023668,0
6199,10.023668,0
6200,10.063415,0
6201,10.062804,0
6202,10.050598,0
6203,10.037206,0
6204,10.025950,0
6205,10.025950,0
6206,10.063104,0
6207,10.014848,0
6208,10.153584,0
6209,10.011825,0
6210,10.050974,0
6211,10.037359,0
6212,10.067039,0
6213,10.086294,0
6214,10.036876,0
6215,10.050612,0
6216,10.050436,0
6217,10.074621,0
6218,10.023680,0
6219,10.034305,0
6220,10.098046,0
6221,10.081450,0
6222,10.034132,0
6223,10.023793,0
6224,10.086323,0
6225,10.086323,0
6226,10.025966,0
6227,10.107308,0
6228,10.016258,0
6229,10.062989,0
6230,10.023931,0
6231,10.034306,0
6232,10.060802,0
6233,10.026462,0
6234,10.015845,0
6235,10.017813,0
6236,83.597282,1
6237,12.779895,0
6238,12.902816,0
6239,12.718063,0
6240,12.896208,0
6241,12.896457,0
6242,11.937213,0
6243,12.896595,0
6244,15.657159,0
6245,11.937763,0
6246,12.933711,0
6247,11.936911,0
6248,11.937174,0
6249,11.937174,0
6250,11.937174,0
6251,12.896542,0
6252,11.937018,0
6253,11.938246,0
6254,12.769040,0
6255,11.938197,0
6256,11.937946,0
6257,11.937946,0
6258,12.933708,0
6259,11.953343,0
6260,15.622129,0
6261,12.897372,0
6262,11.953066,0
6263,12.911570,0
6264,12.911449,0
6265,11.953406,0
6266,11.953327,0
6267,11.953081,0
6268,11.953411,0
6269,11.953120,0
6270,11.953120,0
6271,11.946058,0
6272,12.899528,0
6273,11.944509,0
6274,11.943014,0
6275,21.802781,0
6276,24.253076,0
6277,24.253654,0
6278,21.810868,0
6279,21.802684,0
6280,24.261149,0
6281,27.946799,0
6282,27.011940,0
6283,27.936364,0
6284,17.418250,0
6285,17.419374,0
6286,17.416402,0
6287,17.226071,0
6288,70.819944,1
6289,17.418590,0
6290,17.419373,0
6291,21.325129,0
6292,17.419784,0
6293,17.420484,0
6294,17.418874,0
6295,17.207667,0
6296,17.419244,0
6297,17.213494,0
6298,17.418627,0
6299,31.670953,0
6300,37.390097,1
6301,31.672206,0
6302,41.460594,1
6303,23.114406,0
6304,23.111642,0
6305,77.719511,1
6306,77.725929,1
6307,77.718115,1
6308,38.384478,1
6309,38.335766,1
6310,84.896478,1
6311,23.429268,0
6312,23.429455,0
6313,23.440455,0
6314,23.398301,0
6315,23.398208,0
6316,23.398169,0
6317,23.421535,0
6318,23.414770,0
6319,23.421527,0
6320,23.716224,0
6321,23.409012,0
6322,23.401317,0
6323,23.229293,0
6324,23.308641,0
6325,23.230230,0
6326,23.291716,0
6327,23.694654,0
6328,23.256764,0
6329,23.247408,0
6330,23.288010,0
6331,23.288010,0
6332,23.288010,0
6333,23.288010,0
6334,23.264746,0
6335,23.285492,0
6336,23.676123,0
6337,23.676123,0
6338,23.283813,0
6339,24.432006,0
6340,23.285464,0
6341,23.585888,0
6342,23.585881,0
6343,23.589144,0
6344,23.593483,0
6345,23.585774,0
6346,23.585981,0
6347,23.593624,0
6348,23.588978,0
6349,23.582570,0
6350,24.463799,0
6351,24.463942,0
6352,24.463144,0
6353,24.463592,0
6354,29.438021,0
6355,24.463430,0
6356,33.535576,1
6357,33.535570,1
6358,33.535584,1
6359,29.609717,0
6360,36.080593,1
6361,35.162756,1
6362,35.162756,1
6363,46.112488,1
6364,27.558450,0
6365,81.812732,1
6366,28.815920,0
6367,28.286150,0
6368,28.680165,0
6369,28.826351,0
6370,28.860773,0
6371,31.532230,0
6372,31.550029,0
6373,28.273768,0
6374,31.546916,0
6375,28.453062,0
6376,28.491976,0
6377,28.340702,0
6378,28.321598,0
6379,28.635876,0
6380,28.318532,0
6381,28.473395,0
6382,28.661010,0
6383,28.576993,0
6384,29.729783,0
6385,29.770390,0
6386,29.735359,0
6387,29.734882,0
6388,29.628730,0
6389,29.628560,0
6390,29.748665,0
6391,59.966456,1
6392,35.050748,1
6393,34.992527,1
6394,59.995825,1
6395,34.522062,1
6396,37.206038,1
6397,37.298166,1
6398,49.626875,1
6399,77.355109,1
6400,99.702063,1
6401,99.702063,1
6402,99.702063,1
6403,14.646748,0
6404,14.646748,0
6405,14.646576,0
6406,14.646576,0
6407,14.646576,0
6408,14.646718,0
6409,14.646581,0
6410,14.646581,0
6411,14.609121,0
6412,14.609121,0
6413,14.576781,0
6414,14.576793,0
6415,14.643459,0
6416,14.643459,0
6417,14.577810,0
6418,14.643468,0
6419,14.640260,0
6420,14.640260,0
6421,18.454607,0
6422,14.576838,0
6423,14.576838,0
6424,18.454573,0
6425,14.643468,0
6426,14.646739,0
6427,14.640260,0
6428,14.640260,0
6429,14.640260,0
6430,14.657025,0
6431,14.657025,0
6432,14.657025,0
6433,14.640260,0
6434,14.640251,0
6435,14.643467,0
6436,14.643360,0
6437,14.643360,0
6438,14.643467,0
6439,14.643467,0
6440,14.643462,0
6441,14.643468,0
6442,14.646739,0
6443,14.643468,0
6444,14.643468,0
6445,14.643462,0
6446,16.392249,0
6447,14.729933,0
6448,16.389942,0
6449,14.743971,0
6450,14.589364,0
6451,14.589366,0
6452,14.632575,0
6453,14.632575,0
6454,14.589370,0
6455,14.599361,0
6456,14.599360,0
6457,14.720916,0
6458,14.544485,0
6459,14.589363,0
6460,14.632574,0
6461,14.632574,0
6462,14.690100,0
6463,14.589409,0
6464,14.632581,0
6465,14.589366,0
6466,14.589366,0
6467,14.663469,0
6468,14.748807,0
6469,14.638624,0
6470,14.638624,0
6471,14.638609,0
6472,14.644278,0
6473,14.644278,0
6474,15.397036,0
6475,15.397036,0
6476,16.436058,0
6477,14.544575,0
6478,14.544575,0
6479,14.638625,0
6480,14.638605,0
6481,16.392253,0
6482,14.589385,0
6483,14.589370,0
6484,14.589366,0
6485,14.589366,0
6486,14.589366,0
6487,14.589366,0
6488,14.589369,0
6489,14.589369,0
6490,14.589370,0
6491,16.392189,0
6492,14.589374,0
6493,14.589374,0
6494,14.589373,0
6495,16.394240,0
6496,16.436027,0
6497,16.392235,0
6498,16.392235,0
6499,16.392241,0
6500,16.441158,0
6501,15.278662,0
6502,15.260799,0
6503,15.133404,0
6504,15.187865,0
6505,15.164640,0
6506,15.273844,0
6507,15.273844,0
6508,15.133346,0
6509,16.468565,0
6510,16.468565,0
6511,19.249915,0
6512,17.130947,0
6513,17.176697,0
6514,23.232128,0
6515,17.176720,0
6516,17.176700,0
6517,16.468547,0
6518,16.468553,0
6519,16.468467,0
6520,16.468527,0
6521,16.468467,0
6522,16.468553,0
6523,17.047055,0
6524,16.468510,0
6525,16.468510,0
6526,16.468478,0
6527,16.468618,0
6528,16.468618,0
6529,16.468582,0
6530,16.468600,0
6531,16.468363,0
6532,16.468542,0
6533,28.237768,0
6534,23.441076,0
6535,20.787586,0
6536,20.611682,0
6537,20.611473,0
6538,20.787555,0
6539,20.788245,0
6540,59.341608,1
6541,20.787697,0
6542,20.790488,0
6543,20.708515,0
6544,64.937403,1
6545,51.855075,1
6546,36.054005,1
6547,36.054005,1
6548,36.053998,1
6549,36.053998,1
6550,36.061037,1
6551,36.547923,1
6552,36.061029,1
6553,36.072213,1
6554,36.072210,1
6555,36.069908,1
6556,36.072209,1
6557,36.069921,1
6558,36.061030,1
6559,36.025575,1
6560,36.943053,1
6561,36.940249,1
6562,36.941167,1
6563,40.649941,1
6564,38.761577,1
6565,44.335611,1
6566,45.572627,1
6567,41.652079,1
6568,41.611469,1
6569,10.758618,0
6570,9.529261,0
6571,10.673738,0
6572,10.668876,0
6573,10.750540,0
6574,10.690434,0
6575,10.759006,0
6576,9.655125,0
6577,14.820018,0
6578,9.664380,0
6579,9.577208,0
6580,9.664437,0
6581,10.734840,0
6582,9.472294,0
6583,9.760861,0
6584,9.768121,0
6585,9.541366,0
6586,9.541389,0
6587,10.508327,0
6588,9.499073,0
6589,9.499073,0
6590,9.633333,0
6591,9.672272,0
6592,9.666553,0
6593,9.672277,0
6594,12.107029,0
6595,9.790646,0
6596,9.472332,0
6597,9.783031,0
6598,9.783031,0
6599,9.472272,0
6600,9.456939,0
6601,12.106928,0
6602,10.722109,0
6603,9.472268,0
6604,9.760860,0
6605,9.607139,0
6606,9.618756,0
6607,9.484360,0
6608,9.618763,0
6609,10.507573,0
6610,9.651883,0
6611,9.591771,0
6612,9.666536,0
6613,9.666528,0
6614,12.106913,0
6615,9.472334,0
6616,9.472334,0
6617,9.606993,0
6618,9.541104,0
6619,9.541104,0
6620,9.606985,0
6621,9.606979,0
6622,9.525742,0
6623,9.666542,0
6624,9.666531,0
6625,9.666768,0
6626,9.601030,0
6627,9.601030,0
6628,9.601030,0
6629,9.499016,0
6630,9.601042,0
6631,9.532691,0
6632,9.532738,0
6633,9.601022,0
6634,10.522252,0
6635,9.481695,0
6636,9.472343,0
6637,9.638842,0
6638,9.472306,0
6639,9.633349,0
6640,9.567635,0
6641,9.499029,0
6642,10.507668,0
6643,9.499100,0
6644,9.499050,0
6645,9.499050,0
6646,9.499038,0
6647,10.562175,0
6648,10.562175,0
6649,9.693905,0
6650,9.516675,0
6651,9.499090,0
6652,9.529066,0
6653,9.552958,0
6654,10.546363,0
6655,12.140591,0
6656,12.140591,0
6657,9.790572,0
6658,9.790572,0
6659,9.602342,0
6660,9.602323,0
6661,12.140606,0
6662,9.633312,0
6663,9.499050,0
6664,9.499049,0
6665,9.499037,0
6666,9.499039,0
6667,9.601064,0
6668,9.768100,0
6669,10.702642,0
6670,9.516616,0
6671,9.516612,0
6672,9.516603,0
6673,9.516616,0
6674,9.601049,0
6675,9.516618,0
6676,9.516618,0
6677,9.601064,0
6678,9.472326,0
6679,9.645326,0
6680,9.499043,0
6681,9.499037,0
6682,9.499037,0
6683,9.608126,0
6684,10.546310,0
6685,9.567637,0
6686,9.484264,0
6687,9.484310,0
6688,9.499060,0
6689,9.846596,0
6690,9.499056,0
6691,9.499045,0
6692,9.609659,0
6693,9.541380,0
6694,9.499037,0
6695,9.499037,0
6696,9.484264,0
6697,9.472329,0
6698,9.472356,0
6699,9.472329,0
6700,9.821933,0
6701,9.585058,0
6702,9.585058,0
6703,9.541382,0
6704,9.463191,0
6705,9.675495,0
6706,9.499047,0
6707,9.499047,0
6708,9.524000,0
6709,9.567611,0
6710,9.472297,0
6711,9.472297,0
6712,9.472314,0
6713,9.472326,0
6714,10.514030,0
6715,9.463241,0
6716,9.463185,0
6717,9.463245,0
6718,9.463191,0
6719,9.567650,0
6720,9.525804,0
6721,9.541414,0
6722,9.846730,0
6723,9.541409,0
6724,9.666523,0
6725,9.567607,0
6726,9.532727,0
6727,9.532727,0
6728,9.532732,0
6729,9.654510,0
6730,9.708433,0
6731,9.463152,0
6732,9.499040,0
6733,9.567605,0
6734,9.567605,0
6735,9.499039,0
6736,9.499100,0
6737,9.541409,0
6738,9.567605,0
6739,9.552938,0
6740,9.499071,0
6741,9.499071,0
6742,9.499071,0
6743,9.499071,0
6744,9.499053,0
6745,9.499054,0
6746,9.499054,0
6747,9.499054,0
6748,9.499054,0
6749,9.585072,0
6750,9.516616,0
6751,9.585117,0
6752,9.585106,0
6753,9.585106,0
6754,9.567637,0
6755,9.532676,0
6756,9.532676,0
6757,9.585086,0
6758,9.585085,0
6759,9.516631,0
6760,9.516621,0
6761,9.585059,0
6762,9.516752,0
6763,10.415322,0
6764,10.485370,0
6765,10.415381,0
6766,10.608032,0
6767,10.621368,0
6768,10.476774,0
6769,10.396466,0
6770,10.582376,0
6771,10.504029,0
6772,10.396692,0
6773,10.396733,0
6774,10.485538,0
6775,10.460638,0
6776,10.396692,0
6777,10.582071,0
6778,10.443185,0
6779,10.443001,0
6780,10.442919,0
6781,10.443239,0
6782,10.443001,0
6783,10.476925,0
6784,10.460781,0
6785,10.594987,0
6786,10.656639,0
6787,10.642242,0
6788,10.442895,0
6789,10.594727,0
6790,10.460735,0
6791,10.427847,0
6792,10.485302,0
6793,10.460706,0
6794,10.460781,0
6795,10.460840,0
6796,10.442803,0
6797,10.415331,0
6798,10.415255,0
6799,10.442871,0
6800,10.443135,0
6801,10.443135,0
6802,10.476699,0
6803,10.427876,0
6804,10.588248,0
6805,10.485390,0
6806,10.405385,0
6807,10.415255,0
6808,10.415531,0
6809,10.428048,0
6810,10.415377,0
6811,10.485121,0
6812,10.485506,0
6813,10.607650,0
6814,10.415324,0
6815,10.415324,0
6816,10.415324,0
6817,10.415324,0
6818,10.415324,0
6819,10.485174,0
6820,10.415316,0
6821,10.601433,0
6822,10.405437,0
6823,10.485361,0
6824,10.601383,0
6825,10.414958,0
6826,10.427718,0
6827,10.588626,0
6828,10.442962,0
6829,10.608125,0
6830,10.601668,0
6831,10.485392,0
6832,10.476820,0
6833,10.443007,0
6834,10.575847,0
6835,10.575847,0
6836,10.476822,0
6837,10.460781,0
6838,10.608180,0
6839,10.427779,0
6840,13.194909,0
6841,13.194524,0
6842,15.799554,0
6843,13.004450,0
6844,13.195137,0
6845,13.195056,0
6846,13.004366,0
6847,13.195056,0
6848,13.194572,0
6849,13.004357,0
6850,13.195056,0
6851,13.153276,0
6852,13.004679,0
6853,13.195048,0
6854,13.195040,0
6855,13.194311,0
6856,13.194967,0
6857,13.195040,0
6858,13.195018,0
6859,13.195018,0
6860,13.195018,0
6861,13.245762,0
6862,13.195018,0
6863,13.195018,0
6864,13.195032,0
6865,13.195032,0
6866,13.195032,0
6867,13.195018,0
6868,13.195010,0
6869,13.194988,0
6870,13.195018,0
6871,13.195255,0
6872,20.489999,0
6873,13.194946,0
6874,20.456155,0
6875,12.258881,0
6876,13.075209,0
6877,13.224281,0
6878,10.659074,0
6879,13.041689,0
6880,13.234173,0
6881,12.285490,0
6882,12.274804,0
6883,13.245544,0
6884,13.221788,0
6885,13.221800,0
6886,13.226108,0
6887,13.226600,0
6888,13.231577,0
6889,13.242612,0
6890,13.242587,0
6891,13.242587,0
6892,13.242604,0
6893,59.154299,1
6894,73.547873,1
6895,24.413111,0
6896,24.413131,0
6897,20.700030,0
6898,24.413091,0
6899,24.413681,0
6900,24.413077,0
6901,26.008628,0
6902,24.421088,0
6903,24.432858,0
6904,20.725446,0
6905,22.008599,0
6906,24.430255,0
6907,20.720091,0
6908,20.700512,0
6909,17.646027,0
6910,17.443872,0
6911,17.432532,0
6912,17.556346,0
6913,17.641179,0
6914,17.640573,0
6915,17.640573,0
6916,126.703285,1
6917,23.279452,0
6918,23.387241,0
6919,38.441957,1
6920,9.288677,0
6921,8.853052,0
6922,8.853052,0
6923,8.853596,0
6924,8.853156,0
6925,8.853532,0
6926,10.090048,0
6927,8.885083,0
6928,8.805560,0
6929,8.872246,0
6930,8.872335,0
6931,9.290667,0
6932,9.314417,0
6933,8.791089,0
6934,9.286470,0
6935,9.303021,0
6936,9.303020,0
6937,65.223402,1
6938,8.872675,0
6939,8.872675,0
6940,9.294564,0
6941,8.885172,0
6942,8.885284,0
6943,8.885284,0
6944,8.872781,0
6945,8.872781,0
6946,8.872781,0
6947,9.302860,0
6948,9.294427,0
6949,9.294427,0
6950,9.289078,0
6951,9.289078,0
6952,8.884712,0
6953,8.884676,0
6954,9.288923,0
6955,9.288907,0
6956,8.790685,0
6957,9.303103,0
6958,10.044810,0
6959,8.791221,0
6960,8.817603,0
6961,8.805539,0
6962,8.805611,0
6963,10.051346,0
6964,8.805494,0
6965,9.303415,0
6966,8.805797,0
6967,8.805360,0
6968,8.805025,0
6969,8.863358,0
6970,9.294344,0
6971,9.302723,0
6972,8.832372,0
6973,10.061169,0
6974,8.798749,0
6975,14.368290,0
6976,8.832296,0
6977,8.850254,0
6978,8.805732,0
6979,8.862969,0
6980,8.862823,0
6981,8.872729,0
6982,8.805516,0
6983,8.884961,0
6984,8.805678,0
6985,8.805678,0
6986,9.286999,0
6987,10.227869,0
6988,9.314085,0
6989,9.314034,0
6990,9.303000,0
6991,14.372927,0
6992,14.372932,0
6993,9.314188,0
6994,10.061399,0
6995,8.856696,0
6996,10.044623,0
6997,10.053061,0
6998,8.863063,0
6999,10.044619,0
7000,10.044617,0
7001,14.380854,0
7002,8.884700,0
7003,8.884700,0
7004,9.382761,0
7005,8.817300,0
7006,8.807828,0
7007,8.807729,0
7008,8.807938,0
7009,8.863063,0
7010,8.863063,0
7011,8.796843,0
7012,8.796843,0
7013,10.043355,0
7014,8.914407,0
7015,8.914406,0
7016,14.373884,0
7017,8.872430,0
7018,8.791936,0
7019,8.850190,0
7020,8.850190,0
7021,8.757657,0
7022,8.831782,0
7023,8.760086,0
7024,8.778607,0
7025,8.757612,0
7026,8.757638,0
7027,8.829386,0
7028,8.758255,0
7029,8.758279,0
7030,8.758279,0
7031,8.758254,0
7032,8.758277,0
7033,8.757617,0
7034,8.762003,0
7035,8.774133,0
7036,8.760042,0
7037,8.760038,0
7038,8.778752,0
7039,8.785782,0
7040,8.785731,0
7041,8.800398,0
7042,8.965041,0
7043,8.785758,0
7044,8.693931,0
7045,8.785761,0
7046,8.725812,0
7047,8.765588,0
7048,8.765588,0
7049,8.785756,0
7050,8.800428,0
7051,8.785755,0
7052,8.800404,0
7053,8.800408,0
7054,8.785770,0
7055,8.785758,0
7056,8.774138,0
7057,8.785760,0
7058,8.838825,0
7059,8.838825,0
7060,8.833697,0
7061,8.833697,0
7062,8.785761,0
7063,8.785761,0
7064,8.785741,0
7065,8.785743,0
7066,9.842502,0
7067,8.687090,0
7068,8.768817,0
7069,8.871873,0
7070,9.842508,0
7071,8.785739,0
7072,8.785783,0
7073,8.830079,0
7074,8.829637,0
7075,8.757620,0
7076,8.687060,0
7077,8.785750,0
7078,8.683301,0
7079,9.855584,0
7080,9.855586,0
7081,9.855570,0
7082,9.855598,0
7083,9.855656,0
7084,8.931529,0
7085,8.840448,0
7086,9.842514,0
7087,8.774127,0
7088,8.774127,0
7089,8.785755,0
7090,8.785744,0
7091,8.785744,0
7092,8.774123,0
7093,8.774120,0
7094,8.711036,0
7095,8.725826,0
7096,8.699284,0
7097,8.774124,0
7098,8.774124,0
7099,8.703870,0
7100,8.703849,0
7101,8.800450,0
7102,9.842485,0
7103,9.842485,0
7104,8.785810,0
7105,8.711076,0
7106,8.774147,0
7107,8.774147,0
7108,8.774147,0
7109,8.774147,0
7110,9.832138,0
7111,9.832138,0
7112,8.785770,0
7113,9.832135,0
7114,9.832138,0
7115,8.774151,0
7116,9.832146,0
7117,8.711002,0
7118,8.785731,0
7119,8.785789,0
7120,8.785789,0
7121,9.842509,0
7122,9.842480,0
7123,9.842509,0
7124,9.842507,0
7125,9.842516,0
7126,8.785769,0
7127,9.842464,0
7128,9.842507,0
7129,9.842508,0
7130,8.785737,0
7131,8.774153,0
7132,8.830011,0
7133,9.842482,0
7134,8.785762,0
7135,8.785755,0
7136,8.768788,0
7137,8.768788,0
7138,8.687035,0
7139,8.785755,0
7140,8.687056,0
7141,8.994056,0
7142,9.091983,0
7143,8.682645,0
7144,8.979326,0
7145,8.979326,0
7146,8.703836,0
7147,8.703835,0
7148,8.703835,0
7149,8.850232,0
7150,8.683334,0
7151,8.944178,0
7152,8.683357,0
7153,8.687091,0
7154,8.687091,0
7155,8.818114,0
7156,8.693880,0
7157,8.693877,0
7158,8.693914,0
7159,8.952140,0
7160,8.693914,0
7161,8.693914,0
7162,8.693936,0
7163,8.687043,0
7164,8.774132,0
7165,8.762033,0
7166,8.703845,0
7167,8.979325,0
7168,8.979351,0
7169,8.687046,0
7170,8.952167,0
7171,9.100825,0
7172,8.765546,0
7173,8.703899,0
7174,8.879124,0
7175,8.879124,0
7176,8.768763,0
7177,8.840518,0
7178,8.818616,0
7179,8.774151,0
7180,8.774151,0
7181,8.765536,0
7182,8.703860,0
7183,8.716847,0
7184,8.703840,0
7185,11.529245,0
7186,8.800383,0
7187,8.758292,0
7188,8.703861,0
7189,8.693952,0
7190,8.693952,0
7191,8.774149,0
7192,8.774149,0
7193,8.774140,0
7194,8.774153,0
7195,9.832122,0
7196,8.687051,0
7197,8.761990,0
7198,8.761990,0
7199,8.761990,0
7200,11.516352,0
7201,9.842492,0
7202,9.842493,0
7203,8.785758,0
7204,8.699282,0
7205,8.687054,0
7206,8.694326,0
7207,8.779169,0
7208,8.774106,0
7209,8.774149,0
7210,8.765595,0
7211,9.842481,0
7212,8.774136,0
7213,8.774103,0
7214,8.774120,0
7215,8.774120,0
7216,8.785758,0
7217,8.785730,0
7218,8.711043,0
7219,9.842542,0
7220,8.791559,0
7221,8.850241,0
7222,8.703846,0
7223,8.703816,0
7224,8.850268,0
7225,8.703859,0
7226,8.703823,0
7227,8.850228,0
7228,8.774145,0
7229,8.774144,0
7230,8.774151,0
7231,8.774146,0
7232,8.774125,0
7233,8.774156,0
7234,8.774156,0
7235,8.774152,0
7236,8.774113,0
7237,8.785774,0
7238,8.785768,0
7239,8.785773,0
7240,8.785732,0
7241,8.785720,0
7242,8.703865,0
7243,8.703845,0
7244,8.703845,0
7245,11.515659,0
7246,8.785755,0
7247,8.778702,0
7248,8.693929,0
7249,8.693916,0
7250,8.774118,0
7251,8.743707,0
7252,8.862468,0
7253,10.078281,0
7254,9.842467,0
7255,8.785734,0
7256,8.785734,0
7257,8.757625,0
7258,8.785725,0
7259,8.774140,0
7260,8.774137,0
7261,8.785725,0
7262,9.040991,0
7263,8.711195,0
7264,8.711195,0
7265,8.785823,0
7266,8.840490,0
7267,8.785754,0
7268,9.024900,0
7269,8.785736,0
7270,8.785736,0
7271,9.842508,0
7272,9.842527,0
7273,8.699347,0
7274,8.994072,0
7275,8.711202,0
7276,8.785748,0
7277,9.889909,0
7278,9.768013,0
7279,9.768193,0
7280,9.768317,0
7281,9.760009,0
7282,9.771462,0
7283,9.760027,0
7284,9.759810,0
7285,9.757540,0
7286,9.757541,0
7287,9.785303,0
7288,9.785625,0
7289,9.771648,0
7290,9.771648,0
7291,9.771376,0
7292,9.771478,0
7293,9.759861,0
7294,9.771287,0
7295,9.771242,0
7296,9.771228,0
7297,9.759920,0
7298,9.771245,0
7299,9.760098,0
7300,9.760098,0
7301,9.744752,0
7302,9.757840,0
7303,9.768440,0
7304,9.966319,0
7305,9.759812,0
7306,9.750149,0
7307,9.966601,0
7308,9.966562,0
7309,9.768582,0
7310,9.821864,0
7311,9.771352,0
7312,11.715279,0
7313,11.715279,0
7314,12.705729,0
7315,11.708886,0
7316,11.712035,0
7317,11.713450,0
7318,11.713450,0
7319,26.946665,0
7320,28.946704,0
7321,17.056542,0
7322,21.194882,0
7323,17.266079,0
7324,17.266975,0
7325,17.054408,0
7326,37.322178,1
7327,62.521177,1
7328,27.627246,0
7329,59.216253,1
7330,22.996837,0
7331,63.899578,1
7332,63.899578,1
7333,50.571784,1
7334,38.272787,1
7335,50.546823,1
7336,38.271838,1
7337,38.267219,1
7338,21.941434,0
7339,26.006848,0
7340,24.651104,0
7341,22.425162,0
7342,22.410804,0
7343,21.967203,0
7344,22.410748,0
7345,21.967210,0
7346,23.168697,0
7347,23.168706,0
7348,22.407096,0
7349,23.168691,0
7350,22.407073,0
7351,22.410805,0
7352,21.992158,0
7353,23.168724,0
7354,21.967230,0
7355,21.967245,0
7356,22.410761,0
7357,22.410763,0
7358,23.168685,0
7359,22.273661,0
7360,22.315353,0
7361,22.311236,0
7362,22.311280,0
7363,22.311260,0
7364,22.315399,0
7365,22.315302,0
7366,22.315417,0
7367,22.315120,0
7368,22.295435,0
7369,22.315207,0
7370,22.315391,0
7371,22.315591,0
7372,23.239570,0
7373,23.239395,0
7374,23.239577,0
7375,23.239480,0
7376,23.239480,0
7377,23.239538,0
7378,23.239364,0
7379,23.239603,0
7380,23.239527,0
7381,23.746188,0
7382,23.729530,0
7383,23.222096,0
7384,23.239351,0
7385,23.202058,0
7386,23.209945,0
7387,23.239529,0
7388,23.239533,0
7389,23.239504,0
7390,23.612082,0
7391,23.209936,0
7392,23.209860,0
7393,23.239433,0
7394,23.209964,0
7395,23.210000,0
7396,29.545069,0
7397,29.545022,0
7398,29.515273,0
7399,37.401508,1
7400,24.956477,0
7401,24.959928,0
7402,24.959783,0
7403,24.959783,0
7404,24.959783,0
7405,24.959783,0
7406,24.959783,0
7407,24.956506,0
7408,24.960052,0
7409,21.218574,0
7410,20.693873,0
7411,20.709321,0
7412,20.709330,0
7413,20.709320,0
7414,20.709341,0
7415,20.709358,0
7416,20.701928,0
7417,20.647208,0
7418,21.123372,0
7419,20.709343,0
7420,21.973345,0
7421,21.149723,0
7422,20.671447,0
7423,21.173601,0
7424,21.134300,0
7425,20.682880,0
7426,20.713349,0
7427,20.713353,0
7428,20.682881,0
7429,20.760458,0
7430,20.713355,0
7431,20.709351,0
7432,21.153409,0
7433,20.713347,0
7434,20.709647,0
7435,20.782396,0
7436,20.682942,0
7437,20.713356,0
7438,20.682913,0
7439,21.077502,0
7440,21.081533,0
7441,21.077357,0
7442,21.081620,0
7443,21.081685,0
7444,21.081699,0
7445,21.081533,0
7446,21.081532,0
7447,21.081578,0
7448,22.047879,0
7449,22.581872,0
7450,22.470889,0
7451,22.703232,0
7452,22.469217,0
7453,22.471899,0
7454,22.470333,0
7455,22.018382,0
7456,27.315660,0
7457,27.316906,0
7458,27.440056,0
7459,22.441765,0
7460,27.440754,0
7461,29.256090,0
7462,29.462442,0
7463,80.127885,1
7464,35.595551,1
7465,28.594320,0
7466,25.409837,0
7467,41.718829,1
7468,45.398336,1
7469,66.561254,1
7470,40.876433,1
7471,38.346904,1
7472,38.370894,1
7473,40.834324,1
7474,38.658577,1
7475,38.666750,1
7476,38.585823,1
7477,38.584595,1
7478,38.583262,1
7479,38.583419,1
7480,38.585676,1
7481,39.127455,1
7482,39.350435,1
7483,39.430581,1
7484,39.110003,1
7485,39.349949,1
7486,38.671204,1
7487,42.534390,1
7488,44.459843,1
7489,99.132796,1
7490,40.404134,1
7491,40.693772,1
7492,41.125448,1
7493,41.125445,1
7494,41.125440,1
7495,40.460729,1
7496,40.658117,1
7497,40.645129,1
7498,41.149293,1
7499,41.366600,1
7500,41.366600,1
7501,41.150084,1
7502,41.159814,1
7503,45.021796,1
7504,45.002190,1
7505,45.021725,1
7506,45.021874,1
7507,42.964950,1
7508,24.116489,0
7509,24.138425,0
7510,24.131281,0
7511,24.140382,0
7512,24.144257,0
7513,24.157214,0
7514,24.146294,0
7515,24.146291,0
7516,24.146291,0
7517,24.171724,0
7518,24.140326,0
7519,24.140293,0
7520,24.140364,0
7521,24.157229,0
7522,24.157229,0
7523,24.140422,0
7524,24.148471,0
7525,24.148471,0
7526,24.148471,0
7527,24.148471,0
7528,24.174207,0
7529,24.152759,0
7530,24.131360,0
7531,24.131266,0
7532,24.131305,0
7533,24.081416,0
7534,24.157230,0
7535,24.182217,0
7536,24.182058,0
7537,24.182039,0
7538,24.141258,0
7539,24.141258,0
7540,24.566290,0
7541,25.290453,0
7542,24.192114,0
7543,24.442763,0
7544,24.443008,0
7545,25.757879,0
7546,25.764504,0
7547,25.764504,0
7548,25.764694,0
7549,25.757594,0
7550,38.234427,1
7551,34.142873,1
7552,35.748511,1
7553,35.797766,1
7554,30.861935,0
7555,29.236047,0
7556,35.574847,1
7557,35.328900,1
7558,35.329390,1
7559,15.206946,0
7560,17.323265,0
7561,17.297485,0
7562,17.323264,0
7563,17.323264,0
7564,10.147106,0
7565,11.283758,0
7566,17.323342,0
7567,17.323342,0
7568,15.218831,0
7569,17.267676,0
7570,17.318075,0
7571,17.318075,0
7572,17.318073,0
7573,17.318073,0
7574,17.318073,0
7575,17.297613,0
7576,17.318163,0
7577,10.174089,0
7578,17.266070,0
7579,10.236899,0
7580,17.318120,0
7581,17.297445,0
7582,10.220886,0
7583,17.308292,0
7584,10.174415,0
7585,17.288624,0
7586,17.297599,0
7587,17.308573,0
7588,11.219437,0
7589,10.175171,0
7590,11.203112,0
7591,11.276654,0
7592,11.284321,0
7593,10.246398,0
7594,10.246398,0
7595,10.174489,0
7596,10.174489,0
7597,10.202901,0
7598,11.066752,0
7599,11.066752,0
7600,11.066752,0
7601,11.104666,0
7602,10.149575,0
7603,10.179869,0
7604,10.211553,0
7605,10.163491,0
7606,10.203033,0
7607,10.352466,0
7608,10.130559,0
7609,10.256633,0
7610,12.595370,0
7611,10.211693,0
7612,10.256595,0
7613,11.118518,0
7614,11.118518,0
7615,10.256531,0
7616,10.256575,0
7617,10.211570,0
7618,11.076982,0
7619,10.138436,0
7620,12.615455,0
7621,10.256689,0
7622,10.130439,0
7623,11.118515,0
7624,10.194920,0
7625,11.118503,0
7626,11.118460,0
7627,11.118491,0
7628,11.125956,0
7629,11.125956,0
7630,10.122773,0
7631,11.077036,0
7632,10.202984,0
7633,10.202984,0
7634,10.202985,0
7635,11.089659,0
7636,11.118473,0
7637,11.118503,0
7638,12.615496,0
7639,10.163436,0
7640,12.628808,0
7641,10.241682,0
7642,11.076961,0
7643,11.118488,0
7644,11.118457,0
7645,11.125966,0
7646,11.125962,0
7647,10.194890,0
7648,11.089677,0
7649,11.118496,0
7650,11.089689,0
7651,12.595317,0
7652,11.125914,0
7653,11.118451,0
7654,11.118451,0
7655,11.066757,0
7656,10.163543,0
7657,10.163544,0
7658,10.163520,0
7659,10.121268,0
7660,11.089625,0
7661,10.129970,0
7662,10.129876,0
7663,10.130129,0
7664,10.129878,0
7665,10.129879,0
7666,10.129878,0
7667,10.138403,0
7668,10.138403,0
7669,12.595656,0
7670,11.050855,0
7671,10.138419,0
7672,11.104751,0
7673,11.104718,0
7674,11.104718,0
7675,11.104718,0
7676,11.104718,0
7677,11.104718,0
7678,11.104718,0
7679,11.104718,0
7680,11.089652,0
7681,11.104718,0
7682,11.061754,0
7683,10.345528,0
7684,10.359351,0
7685,10.352454,0
7686,11.089678,0
7687,11.066731,0
7688,11.066773,0
7689,12.595458,0
7690,10.282089,0
7691,10.198858,0
7692,11.118530,0
7693,10.359307,0
7694,11.125919,0
7695,11.125919,0
7696,10.345519,0
7697,10.163488,0
7698,11.089638,0
7699,10.163819,0
7700,10.426452,0
7701,11.125922,0
7702,11.125989,0
7703,11.125989,0
7704,11.089655,0
7705,11.089629,0
7706,10.122417,0
7707,10.122417,0
7708,11.077036,0
7709,10.194918,0
7710,10.194918,0
7711,10.163408,0
7712,10.194915,0
7713,10.194855,0
7714,10.194862,0
7715,10.194862,0
7716,10.194907,0
7717,10.194907,0
7718,10.194907,0
7719,10.194912,0
7720,10.275391,0
7721,10.275391,0
7722,10.138717,0
7723,10.203064,0
7724,10.203064,0
7725,12.588447,0
7726,12.595303,0
7727,12.595303,0
7728,10.203002,0
7729,11.125931,0
7730,12.647505,0
7731,12.588490,0
7732,10.194837,0
7733,10.138395,0
7734,12.647509,0
7735,10.194872,0
7736,10.194953,0
7737,10.194945,0
7738,10.194836,0
7739,10.194836,0
7740,10.194944,0
7741,10.194904,0
7742,11.059041,0
7743,10.138408,0
7744,10.138773,0
7745,10.138773,0
7746,10.138773,0
7747,10.138773,0
7748,11.066753,0
7749,10.129888,0
7750,10.129879,0
7751,10.129879,0
7752,10.983872,0
7753,10.983848,0
7754,11.024180,0
7755,10.983956,0
7756,10.983889,0
7757,10.939665,0
7758,10.939665,0
7759,11.023983,0
7760,11.024417,0
7761,10.957586,0
7762,10.939499,0
7763,11.023892,0
7764,11.000535,0
7765,11.015835,0
7766,11.015898,0
7767,10.940711,0
7768,10.996829,0
7769,10.957496,0
7770,10.957457,0
7771,11.024170,0
7772,11.127896,0
7773,11.122472,0
7774,11.104592,0
7775,10.984008,0
7776,10.984008,0
7777,11.127977,0
7778,11.122045,0
7779,11.134724,0
7780,11.128342,0
7781,11.015686,0
7782,10.983777,0
7783,11.024017,0
7784,10.984012,0
7785,11.146968,0
7786,11.015778,0
7787,11.024111,0
7788,11.015730,0
7789,10.957124,0
7790,11.015789,0
7791,11.015610,0
7792,12.722546,0
7793,13.443499,0
7794,12.722407,0
7795,12.722531,0
7796,12.722464,0
7797,13.626847,0
7798,13.650816,0
7799,13.710528,0
7800,20.769268,0
7801,20.768792,0
7802,13.442482,0
7803,12.722758,0
7804,13.442588,0
7805,20.769289,0
7806,20.737821,0
7807,12.722589,0
7808,13.548637,0
7809,16.225397,0
7810,12.722890,0
7811,13.444637,0
7812,13.521914,0
7813,13.443613,0
7814,13.443613,0
7815,13.629259,0
7816,12.781491,0
7817,12.781512,0
7818,13.545103,0
7819,13.502426,0
7820,13.444477,0
7821,13.492246,0
7822,12.722548,0
7823,12.760815,0
7824,13.634936,0
7825,13.634936,0
7826,13.478592,0
7827,13.478592,0
7828,12.731216,0
7829,12.760777,0
7830,12.760777,0
7831,16.192084,0
7832,12.760882,0
7833,16.243781,0
7834,12.760593,0
7835,16.192755,0
7836,13.634876,0
7837,12.757843,0
7838,12.731192,0
7839,12.731192,0
7840,12.731192,0
7841,12.772109,0
7842,13.484069,0
7843,13.667503,0
7844,16.422892,0
7845,13.554193,0
7846,13.456664,0
7847,13.633866,0
7848,13.635984,0
7849,53.863160,1
7850,22.974257,0
7851,30.973424,0
7852,22.241913,0
7853,24.676547,0
7854,20.977997,0
7855,21.001553,0
7856,24.647574,0
7857,24.674900,0
7858,17.770901,0
7859,17.773065,0
7860,17.993197,0
7861,17.993915,0
7862,17.843900,0
7863,17.966023,0
7864,41.689020,1
7865,27.757251,0
7866,41.709792,1
7867,12.214933,0
7868,12.251129,0
7869,12.251129,0
7870,12.214999,0
7871,15.967081,0
7872,15.948459,0
7873,15.948459,0
7874,11.229082,0
7875,11.243890,0
7876,11.177046,0
7877,11.177230,0
7878,11.177103,0
7879,11.263193,0
7880,11.263193,0
7881,11.186782,0
7882,11.212444,0
7883,11.212439,0
7884,11.243880,0
7885,11.198359,0
7886,11.263148,0
7887,11.263148,0
7888,11.212468,0
7889,11.212471,0
7890,11.212572,0
7891,11.263160,0
7892,11.606960,0
7893,11.243723,0
7894,15.989331,0
7895,12.191403,0
7896,12.182577,0
7897,11.263124,0
7898,12.191136,0
7899,11.237171,0
7900,12.215177,0
7901,11.607303,0
7902,11.263327,0
7903,12.201817,0
7904,11.237548,0
7905,11.139033,0
7906,11.139064,0
7907,11.139023,0
7908,11.139023,0
7909,11.139150,0
7910,11.139167,0
7911,11.197569,0
7912,11.167755,0
7913,11.167734,0
7914,11.311701,0
7915,11.311701,0
7916,11.282203,0
7917,11.233591,0
7918,11.253781,0
7919,11.139029,0
7920,11.282209,0
7921,11.167178,0
7922,11.174903,0
7923,12.044556,0
7924,11.197574,0
7925,11.197571,0
7926,11.197615,0
7927,11.197592,0
7928,11.197592,0
7929,11.197603,0
7930,11.226155,0
7931,11.174928,0
7932,11.139031,0
7933,11.116239,0
7934,11.253785,0
7935,11.174926,0
7936,11.139047,0
7937,11.231227,0
7938,11.102335,0
7939,12.078008,0
7940,11.139024,0
7941,11.231221,0
7942,11.223544,0
7943,11.139039,0
7944,11.139048,0
7945,11.139048,0
7946,11.139075,0
7947,12.044551,0
7948,11.197587,0
7949,11.102336,0
7950,11.226163,0
7951,11.382157,0
7952,11.268633,0
7953,11.212497,0
7954,11.154159,0
7955,11.167742,0
7956,11.139037,0
7957,11.167742,0
7958,11.167742,0
7959,11.167742,0
7960,11.167741,0
7961,11.318109,0
7962,11.167732,0
7963,11.154027,0
7964,11.167851,0
7965,11.167772,0
7966,12.204422,0
7967,12.204422,0
7968,11.167841,0
7969,11.226149,0
7970,11.167742,0
7971,11.139033,0
7972,11.139050,0
7973,11.231978,0
7974,11.226146,0
7975,11.100206,0
7976,11.161857,0
7977,11.161857,0
7978,11.161847,0
7979,11.116256,0
7980,11.108490,0
7981,11.223544,0
7982,11.126460,0
7983,11.139064,0
7984,11.108520,0
7985,11.299302,0
7986,11.139026,0
7987,11.167756,0
7988,11.167739,0
7989,11.212553,0
7990,11.212553,0
7991,11.226129,0
7992,11.233541,0
7993,11.253817,0
7994,11.197589,0
7995,11.174915,0
7996,11.197583,0
7997,11.282239,0
7998,11.226150,0
7999,11.226125,0
8000,11.226125,0
8001,11.174899,0
8002,11.174899,0
8003,11.226125,0
8004,11.226125,0
8005,11.116292,0
8006,11.116292,0
8007,11.116292,0
8008,11.226177,0
8009,11.226176,0
8010,11.226179,0
8011,11.444054,0
8012,11.231247,0
8013,11.175202,0
8014,11.231294,0
8015,11.197588,0
8016,11.197588,0
8017,11.233556,0
8018,11.233559,0
8019,11.233559,0
8020,11.233558,0
8021,11.233558,0
8022,13.443707,0
8023,11.233532,0
8024,11.233567,0
8025,11.233520,0
8026,11.233520,0
8027,11.233560,0
8028,11.253836,0
8029,11.233555,0
8030,11.139042,0
8031,11.197639,0
8032,11.197619,0
8033,11.139170,0
8034,11.139044,0
8035,11.253799,0
8036,11.197599,0
8037,11.197606,0
8038,11.197606,0
8039,11.139074,0
8040,11.139074,0
8041,11.139023,0
8042,11.116250,0
8043,11.212483,0
8044,11.197567,0
8045,11.253786,0
8046,11.233542,0
8047,11.231264,0
8048,12.004079,0
8049,12.004404,0
8050,12.004143,0
8051,12.107730,0
8052,12.004379,0
8053,11.934271,0
8054,11.931793,0
8055,11.974948,0
8056,11.974835,0
8057,11.975028,0
8058,11.975215,0
8059,11.975215,0
8060,11.961270,0
8061,12.004005,0
8062,12.107276,0
8063,12.003866,0
8064,12.175217,0
8065,12.174303,0
8066,12.174049,0
8067,11.990225,0
8068,11.990524,0
8069,11.990239,0
8070,11.990239,0
8071,11.990329,0
8072,12.003930,0
8073,11.974555,0
8074,12.011636,0
8075,12.011923,0
8076,12.011783,0
8077,11.974989,0
8078,11.974886,0
8079,11.974807,0
8080,11.950782,0
8081,11.950782,0
8082,11.950782,0
8083,11.950782,0
8084,11.950782,0
8085,11.950782,0
8086,13.655599,0
8087,14.261594,0
8088,14.442756,0
8089,14.277095,0
8090,14.471165,0
8091,14.483501,0
8092,13.633786,0
8093,14.443774,0
8094,14.460236,0
8095,14.460236,0
8096,13.611468,0
8097,14.460163,0
8098,25.108803,0
8099,25.108803,0
8100,22.768884,0
8101,21.522632,0
8102,21.552957,0
8103,21.528839,0
8104,25.107145,0
8105,21.524159,0
8106,41.380176,1
8107,18.728344,0
8108,18.598616,0
8109,49.860236,1
8110,41.968999,1
8111,28.212444,0
8112,28.212444,0
8113,42.001136,1
8114,28.163225,0
8115,30.294017,0
8116,98.850613,1
8117,102.227363,1
8118,137.516884,1
8119,57.126991,1
8120,133.769810,1
8121,60.428169,1
8122,61.353017,1
8123,62.909032,1
8124,58.986390,1
8125,60.252100,1
8126,58.924915,1
8127,63.232850,1
8128,49.624699,1
8129,49.644168,1
8130,49.635249,1
8131,65.040705,1
8132,64.816394,1
8133,64.938449,1
8134,65.002399,1
8135,65.003969,1
8136,55.667016,1
8137,66.140218,1
8138,87.949380,1
8139,53.819001,1
8140,17.792888,0
8141,13.753142,0
8142,13.753142,0
8143,13.694558,0
8144,14.526692,0
8145,13.736108,0
8146,13.736132,0
8147,13.694329,0
8148,13.736105,0
8149,13.736105,0
8150,13.736105,0
8151,13.736000,0
8152,13.730515,0
8153,13.730507,0
8154,13.730432,0
8155,13.730507,0
8156,13.736071,0
8157,13.736040,0
8158,13.736080,0
8159,13.730365,0
8160,13.730273,0
8161,13.735896,0
8162,13.736041,0
8163,14.526720,0
8164,13.735943,0
8165,14.526661,0
8166,14.526662,0
8167,14.526568,0
8168,13.694415,0
8169,17.365701,0
8170,14.526749,0
8171,17.796734,0
8172,13.694266,0
8173,14.533826,0
8174,14.533866,0
8175,13.754962,0
8176,13.711231,0
8177,14.518745,0
8178,13.736112,0
8179,13.736257,0
8180,13.743566,0
8181,14.533843,0
8182,14.553840,0
8183,13.730400,0
8184,14.526643,0
8185,14.526643,0
8186,14.533926,0
8187,13.743887,0
8188,13.743730,0
8189,13.743887,0
8190,13.743887,0
8191,13.743635,0
8192,13.743767,0
8193,13.736136,0
8194,13.730379,0
8195,14.533960,0
8196,13.743728,0
8197,17.792578,0
8198,13.701868,0
8199,13.743741,0
8200,13.778100,0
8201,14.533945,0
8202,13.753209,0
8203,14.553331,0
8204,13.735990,0
8205,13.688613,0
8206,13.735992,0
8207,13.742657,0
8208,13.742663,0
8209,13.742672,0
8210,13.748958,0
8211,15.643393,0
8212,13.746085,0
8213,13.719831,0
8214,13.753517,0
8215,13.701334,0
8216,13.701351,0
8217,13.794790,0
8218,13.695012,0
8219,13.695012,0
8220,15.648867,0
8221,13.802983,0
8222,13.738391,0
8223,13.742679,0
8224,13.796675,0
8225,15.639564,0
8226,13.767421,0
8227,15.675784,0
8228,13.757234,0
8229,13.757235,0
8230,13.742657,0
8231,13.788551,0
8232,13.767383,0
8233,13.796700,0
8234,13.694996,0
8235,13.742658,0
8236,13.742674,0
8237,13.694997,0
8238,13.742656,0
8239,13.788520,0
8240,13.742657,0
8241,13.695044,0
8242,13.695014,0
8243,13.748944,0
8244,13.742671,0
8245,13.788524,0
8246,14.464660,0
8247,13.737110,0
8248,13.737110,0
8249,13.748956,0
8250,14.454979,0
8251,13.748936,0
8252,13.748938,0
8253,13.735601,0
8254,13.748938,0
8255,13.740621,0
8256,13.794785,0
8257,15.639030,0
8258,13.690657,0
8259,13.690657,0
8260,13.748942,0
8261,13.788504,0
8262,13.748979,0
8263,13.690682,0
8264,13.748957,0
8265,13.794796,0
8266,13.748942,0
8267,13.781829,0
8268,13.735989,0
8269,13.742657,0
8270,13.742653,0
8271,13.690654,0
8272,15.597350,0
8273,14.327002,0
8274,14.352583,0
8275,14.321205,0
8276,14.325283,0
8277,14.369015,0
8278,14.325543,0
8279,14.325296,0
8280,14.332549,0
8281,14.365744,0
8282,14.332493,0
8283,14.319820,0
8284,14.320034,0
8285,14.319800,0
8286,14.341959,0
8287,14.341547,0
8288,14.383878,0
8289,14.341920,0
8290,14.332913,0
8291,14.408552,0
8292,16.475603,0
8293,16.475481,0
8294,15.721073,0
8295,15.723580,0
8296,15.723560,0
8297,15.730359,0
8298,26.323985,0
8299,22.924496,0
8300,27.809734,0
8301,20.202688,0
8302,7.572894,0
8303,7.572894,0
8304,7.572894,0
8305,7.639861,0
8306,7.639967,0
8307,7.586848,0
8308,7.586848,0
8309,7.586848,0
8310,7.572894,0
8311,7.572641,0
8312,7.623479,0
8313,15.920987,0
8314,7.647976,0
8315,7.647959,0
8316,13.530835,0
8317,7.656188,0
8318,7.647940,0
8319,7.647940,0
8320,8.848300,0
8321,7.952158,0
8322,13.527089,0
8323,7.579804,0
8324,8.888469,0
8325,7.572895,0
8326,13.592060,0
8327,7.538578,0
8328,7.572895,0
8329,13.531244,0
8330,7.572895,0
8331,7.572956,0
8332,7.690475,0
8333,7.572623,0
8334,7.566130,0
8335,7.566067,0
8336,7.566222,0
8337,7.586594,0
8338,7.673252,0
8339,7.572918,0
8340,7.566130,0
8341,7.559554,0
8342,7.572955,0
8343,7.566130,0
8344,7.566130,0
8345,7.559493,0
8346,7.586858,0
8347,7.526694,0
8348,7.572904,0
8349,7.572904,0
8350,8.036448,0
8351,7.572904,0
8352,7.586519,0
8353,7.526778,0
8354,7.586909,0
8355,7.559554,0
8356,7.559564,0
8357,7.566067,0
8358,7.566132,0
8359,13.591960,0
8360,8.897756,0
8361,8.815801,0
8362,8.848507,0
8363,8.848315,0
8364,8.848290,0
8365,8.794857,0
8366,7.538531,0
8367,7.416069,0
8368,13.544403,0
8369,13.536781,0
8370,8.815747,0
8371,7.403532,0
8372,7.430502,0
8373,7.941752,0
8374,7.988312,0
8375,7.352820,0
8376,7.988825,0
8377,7.538591,0
8378,7.538591,0
8379,7.538581,0
8380,7.426940,0
8381,7.441272,0
8382,7.441289,0
8383,7.441110,0
8384,7.441200,0
8385,7.441079,0
8386,8.816133,0
8387,7.440559,0
8388,7.350004,0
8389,7.656219,0
8390,7.440865,0
8391,7.430217,0
8392,7.350150,0
8393,7.430233,0
8394,7.430435,0
8395,7.430118,0
8396,7.363820,0
8397,7.430194,0
8398,7.363995,0
8399,7.364036,0
8400,7.350097,0
8401,7.350363,0
8402,7.952298,0
8403,7.339698,0
8404,7.483677,0
8405,7.526457,0
8406,10.667002,0
8407,7.442068,0
8408,7.353767,0
8409,7.344705,0
8410,7.309997,0
8411,7.309997,0
8412,7.309997,0
8413,7.442087,0
8414,7.398912,0
8415,7.398945,0
8416,7.398960,0
8417,7.398960,0
8418,7.344739,0
8419,10.475443,0
8420,10.475461,0
8421,7.453308,0
8422,7.398918,0
8423,7.398918,0
8424,7.398918,0
8425,7.526392,0
8426,7.255137,0
8427,7.442108,0
8428,7.442084,0
8429,7.344738,0
8430,7.344776,0
8431,7.344742,0
8432,7.344742,0
8433,7.352998,0
8434,7.352998,0
8435,7.344742,0
8436,7.344742,0
8437,7.398918,0
8438,7.442093,0
8439,7.398879,0
8440,8.664288,0
8441,8.849075,0
8442,7.398925,0
8443,7.398893,0
8444,7.398893,0
8445,7.398893,0
8446,7.398879,0
8447,7.398893,0
8448,7.398892,0
8449,10.713032,0
8450,7.442047,0
8451,7.398878,0
8452,7.442064,0
8453,7.398889,0
8454,7.398909,0
8455,7.398916,0
8456,7.353671,0
8457,7.310076,0
8458,7.310002,0
8459,7.310011,0
8460,7.364992,0
8461,7.310097,0
8462,7.310047,0
8463,7.310233,0
8464,7.310016,0
8465,7.665830,0
8466,7.310002,0
8467,7.353682,0
8468,7.551907,0
8469,7.310053,0
8470,7.310053,0
8471,7.250660,0
8472,7.442039,0
8473,7.537376,0
8474,8.833137,0
8475,7.353718,0
8476,8.627208,0
8477,7.398949,0
8478,7.344755,0
8479,7.344755,0
8480,7.430195,0
8481,7.255208,0
8482,7.353710,0
8483,7.353700,0
8484,7.353681,0
8485,7.353724,0
8486,7.353724,0
8487,7.353724,0
8488,7.353724,0
8489,7.665950,0
8490,7.310031,0
8491,7.453253,0
8492,7.526410,0
8493,7.442073,0
8494,7.524901,0
8495,7.442120,0
8496,7.344741,0
8497,7.353720,0
8498,7.353720,0
8499,7.353720,0
8500,7.275265,0
8501,7.526409,0
8502,7.647168,0
8503,7.647168,0
8504,7.647168,0
8505,8.833167,0
8506,7.275214,0
8507,7.364977,0
8508,7.516166,0
8509,7.344752,0
8510,7.344750,0
8511,7.364582,0
8512,7.364582,0
8513,7.364582,0
8514,7.344749,0
8515,7.523833,0
8516,7.442117,0
8517,7.442091,0
8518,7.442037,0
8519,7.442116,0
8520,7.442116,0
8521,7.526546,0
8522,7.442050,0
8523,7.442050,0
8524,7.442050,0
8525,7.483732,0
8526,7.483732,0
8527,7.483732,0
8528,7.526397,0
8529,7.526397,0
8530,7.364578,0
8531,7.364578,0
8532,7.526424,0
8533,7.526424,0
8534,7.526437,0
8535,7.442094,0
8536,7.398938,0
8537,7.398938,0
8538,10.478557,0
8539,7.442072,0
8540,7.442072,0
8541,8.833119,0
8542,8.833119,0
8543,7.442112,0
8544,7.442112,0
8545,7.442112,0
8546,7.364710,0
8547,7.442072,0
8548,7.442072,0
8549,7.442296,0
8550,7.675387,0
8551,7.675429,0
8552,7.675429,0
8553,7.442110,0
8554,7.442109,0
8555,7.415017,0
8556,7.344778,0
8557,7.442033,0
8558,8.833119,0
8559,8.849026,0
8560,7.309997,0
8561,7.453257,0
8562,7.453259,0
8563,7.453245,0
8564,7.310092,0
8565,7.310116,0
8566,7.275276,0
8567,7.310085,0
8568,7.275303,0
8569,7.310017,0
8570,7.310271,0
8571,7.628964,0
8572,10.516583,0
8573,7.398914,0
8574,8.627299,0
8575,7.398937,0
8576,7.275232,0
8577,7.275216,0
8578,7.364543,0
8579,7.310005,0
8580,7.483735,0
8581,7.398912,0
8582,7.483693,0
8583,7.483693,0
8584,7.483733,0
8585,7.483752,0
8586,7.398916,0
8587,7.309995,0
8588,7.310004,0
8589,7.398916,0
8590,10.492427,0
8591,7.421474,0
8592,7.421474,0
8593,7.421471,0
8594,7.255148,0
8595,7.255146,0
8596,7.365000,0
8597,7.561150,0
8598,7.537424,0
8599,7.364975,0
8600,7.364989,0
8601,7.656438,0
8602,8.597831,0
8603,7.364579,0
8604,7.348954,0
8605,7.275259,0
8606,7.449794,0
8607,7.656446,0
8608,8.849140,0
8609,7.430227,0
8610,7.364576,0
8611,7.364982,0
8612,7.537364,0
8613,7.483750,0
8614,7.449837,0
8615,7.766944,0
8616,10.547061,0
8617,7.483769,0
8618,7.483769,0
8619,7.398925,0
8620,7.310040,0
8621,7.255142,0
8622,7.255142,0
8623,7.255257,0
8624,7.255257,0
8625,7.430135,0
8626,8.849085,0
8627,7.398916,0
8628,7.255164,0
8629,7.665818,0
8630,7.255203,0
8631,7.275240,0
8632,7.561178,0
8633,10.712851,0
8634,10.712851,0
8635,7.344791,0
8636,7.398946,0
8637,7.398898,0
8638,7.398898,0
8639,8.627298,0
8640,7.309988,0
8641,7.398916,0
8642,7.398916,0
8643,7.398916,0
8644,7.484216,0
8645,7.438857,0
8646,7.255199,0
8647,7.609358,0
8648,7.348993,0
8649,8.597807,0
8650,7.283886,0
8651,7.451158,0
8652,8.673868,0
8653,8.664404,0
8654,8.664358,0
8655,7.453255,0
8656,7.453217,0
8657,7.352825,0
8658,7.438173,0
8659,7.438187,0
8660,7.449865,0
8661,7.449777,0
8662,7.398918,0
8663,7.398918,0
8664,7.398918,0
8665,7.449769,0
8666,7.537474,0
8667,7.449827,0
8668,7.436223,0
8669,7.665821,0
8670,7.580015,0
8671,7.675355,0
8672,7.675355,0
8673,7.275315,0
8674,7.275315,0
8675,7.516228,0
8676,7.344713,0
8677,8.638077,0
8678,8.638063,0
8679,7.656455,0
8680,7.365496,0
8681,7.263358,0
8682,7.263367,0
8683,7.263367,0
8684,7.344707,0
8685,7.263341,0
8686,7.364610,0
8687,7.449771,0
8688,7.449771,0
8689,7.449769,0
8690,7.449789,0
8691,8.584533,0
8692,7.766946,0
8693,7.483770,0
8694,7.411584,0
8695,7.490837,0
8696,7.255151,0
8697,7.255151,0
8698,7.275279,0
8699,8.605033,0
8700,8.605093,0
8701,8.605093,0
8702,8.605084,0
8703,8.605097,0
8704,8.605107,0
8705,8.605107,0
8706,8.605107,0
8707,8.605088,0
8708,7.438193,0
8709,7.364544,0
8710,7.364544,0
8711,7.349048,0
8712,7.275248,0
8713,7.275248,0
8714,7.561113,0
8715,7.580080,0
8716,7.570588,0
8717,7.570588,0
8718,7.570611,0
8719,7.516201,0
8720,7.364553,0
8721,7.310068,0
8722,7.301480,0
8723,7.301480,0
8724,8.580818,0
8725,10.498403,0
8726,7.310098,0
8727,8.627309,0
8728,7.310105,0
8729,7.301481,0
8730,7.533745,0
8731,7.682235,0
8732,7.275261,0
8733,7.524926,0
8734,7.524888,0
8735,7.263429,0
8736,7.561114,0
8737,7.275222,0
8738,7.344778,0
8739,8.597845,0
8740,7.429171,0
8741,7.255202,0
8742,8.555554,0
8743,8.555408,0
8744,8.513924,0
8745,8.513924,0
8746,8.676625,0
8747,8.676625,0
8748,8.513924,0
8749,8.555068,0
8750,8.555068,0
8751,8.513928,0
8752,8.699391,0
8753,8.555068,0
8754,8.565602,0
8755,8.555068,0
8756,8.555409,0
8757,8.555068,0
8758,8.458362,0
8759,8.514060,0
8760,8.479405,0
8761,8.479634,0
8762,8.458337,0
8763,8.707229,0
8764,8.555369,0
8765,8.565594,0
8766,8.555123,0
8767,8.555123,0
8768,8.513975,0
8769,8.555701,0
8770,8.513736,0
8771,8.699137,0
8772,8.470066,0
8773,8.715479,0
8774,8.691532,0
8775,8.714887,0
8776,8.714887,0
8777,8.565487,0
8778,8.555169,0
8779,8.555169,0
8780,8.565449,0
8781,8.683944,0
8782,8.683944,0
8783,8.683944,0
8784,8.513840,0
8785,8.514555,0
8786,8.707173,0
8787,8.684090,0
8788,8.555366,0
8789,8.707359,0
8790,8.691590,0
8791,8.554938,0
8792,8.555141,0
8793,8.555378,0
8794,8.555378,0
8795,8.565943,0
8796,8.479404,0
8797,8.479404,0
8798,8.535684,0
8799,8.458723,0
8800,8.555120,0
8801,8.555034,0
8802,8.480442,0
8803,8.699674,0
8804,8.699674,0
8805,8.513733,0
8806,8.513840,0
8807,8.514281,0
8808,8.555122,0
8809,8.513824,0
8810,8.513824,0
8811,8.479629,0
8812,8.676672,0
8813,8.479727,0
8814,8.479727,0
8815,8.457757,0
8816,8.514196,0
8817,8.514338,0
8818,8.513732,0
8819,8.513993,0
8820,8.514199,0
8821,8.514064,0
8822,8.513794,0
8823,8.483693,0
8824,8.458302,0
8825,8.499856,0
8826,8.691708,0
8827,8.458370,0
8828,8.691613,0
8829,8.480404,0
8830,8.457967,0
8831,8.565407,0
8832,8.640645,0
8833,8.707244,0
8834,8.707244,0
8835,8.699442,0
8836,8.699442,0
8837,8.723428,0
8838,8.691682,0
8839,8.691714,0
8840,83.425860,1
8841,83.424460,1
8842,83.424460,1
8843,16.177550,0
8844,11.728682,0
8845,10.664613,0
8846,10.659759,0
8847,10.664606,0
8848,10.664584,0
8849,14.650825,0
8850,19.367325,0
8851,19.367325,0
8852,11.728600,0
8853,11.728600,0
8854,11.728015,0
8855,10.664530,0
8856,11.728183,0
8857,19.366884,0
8858,10.664752,0
8859,10.672150,0
8860,11.568498,0
8861,10.664601,0
8862,11.728892,0
8863,10.664642,0
8864,10.664468,0
8865,11.735611,0
8866,11.755288,0
8867,10.694168,0
8868,10.694131,0
8869,11.768733,0
8870,11.752809,0
8871,11.750430,0
8872,11.750430,0
8873,10.672000,0
8874,11.554555,0
8875,14.604069,0
8876,11.529616,0
8877,11.529616,0
8878,10.664746,0
8879,10.681921,0
8880,10.671705,0
8881,10.664718,0
8882,10.664586,0
8883,11.728583,0
8884,10.664572,0
8885,10.664572,0
8886,10.673309,0
8887,11.737890,0
8888,11.737890,0
8889,11.740549,0
8890,10.675473,0
8891,10.677358,0
8892,10.677358,0
8893,10.668567,0
8894,11.728540,0
8895,11.728534,0
8896,11.728539,0
8897,10.664637,0
8898,10.664600,0
8899,10.664516,0
8900,10.759881,0
8901,10.663365,0
8902,10.664566,0
8903,11.563089,0
8904,19.550732,0
8905,19.821451,0
8906,25.296034,0
8907,19.797739,0
8908,25.380691,0
8909,25.294584,0
8910,16.573956,0
8911,16.573179,0
8912,50.467609,1
8913,16.584625,0
8914,31.212753,0
8915,41.107292,1
8916,26.874721,0
8917,29.168307,0
8918,22.478928,0
8919,22.511612,0
8920,22.493686,0
8921,22.608462,0
8922,22.608462,0
8923,121.239600,1
8924,68.947768,1
8925,50.314056,1
8926,50.315700,1
8927,37.956612,1
8928,11.434131,0
8929,11.367831,0
8930,16.048999,0
8931,11.341844,0
8932,11.406259,0
8933,11.376572,0
8934,11.376508,0
8935,11.376505,0
8936,11.376505,0
8937,11.376736,0
8938,11.376834,0
8939,16.058433,0
8940,11.354303,0
8941,11.354303,0
8942,11.385559,0
8943,11.341989,0
8944,11.341665,0
8945,36.050367,1
8946,12.319277,0
8947,11.392439,0
8948,11.342656,0
8949,12.386297,0
8950,12.357764,0
8951,12.358115,0
8952,11.406437,0
8953,11.406070,0
8954,11.406366,0
8955,11.406170,0
8956,11.383538,0
8957,12.358055,0
8958,16.047194,0
8959,12.334287,0
8960,12.334282,0
8961,11.325778,0
8962,11.341941,0
8963,11.406392,0
8964,11.341952,0
8965,11.406586,0
8966,11.383421,0
8967,11.392522,0
8968,11.406503,0
8969,11.383327,0
8970,11.383567,0
8971,11.383834,0
8972,12.357296,0
8973,11.367191,0
8974,11.367197,0
8975,11.398326,0
8976,11.406194,0
8977,11.326167,0
8978,11.433970,0
8979,11.434090,0
8980,11.456503,0
8981,11.456518,0
8982,12.334400,0
8983,12.334420,0
8984,11.406483,0
8985,11.367548,0
8986,11.367215,0
8987,11.367215,0
8988,15.589609,0
8989,11.406722,0
8990,11.406722,0
8991,16.045044,0
8992,11.367293,0
8993,11.367372,0
8994,11.367372,0
8995,11.325974,0
8996,11.332828,0
8997,11.341987,0
8998,15.564152,0
8999,16.045004,0
9000,16.045004,0
9001,11.367606,0
9002,11.367283,0
9003,11.367300,0
9004,11.367686,0
9005,11.406416,0
9006,11.406536,0
9007,11.408551,0
9008,11.332822,0
9009,11.367284,0
9010,11.495025,0
9011,11.495025,0
9012,11.495078,0
9013,11.495080,0
9014,11.495007,0
9015,11.550269,0
9016,11.409970,0
9017,11.438013,0
9018,11.500055,0
9019,11.445038,0
9020,11.387750,0
9021,11.557039,0
9022,11.556964,0
9023,11.495017,0
9024,11.495005,0
9025,12.328420,0
9026,13.658351,0
9027,11.492528,0
9028,11.500139,0
9029,13.658469,0
9030,13.658508,0
9031,11.557749,0
9032,13.658332,0
9033,11.409967,0
9034,11.409967,0
9035,12.321606,0
9036,11.557020,0
9037,13.658342,0
9038,12.295548,0
9039,12.321564,0
9040,11.495030,0
9041,13.656726,0
9042,11.467139,0
9043,11.536540,0
9044,11.502235,0
9045,11.502313,0
9046,11.502246,0
9047,11.495030,0
9048,13.658375,0
9049,13.657728,0
9050,11.495030,0
9051,11.495030,0
9052,11.536545,0
9053,11.492473,0
9054,13.655580,0
9055,13.656732,0
9056,13.656676,0
9057,11.495056,0
9058,13.656717,0
9059,11.500043,0
9060,11.372920,0
9061,11.557066,0
9062,11.536574,0
9063,13.656710,0
9064,13.656745,0
9065,11.467140,0
9066,11.409997,0
9067,11.409997,0
9068,11.454904,0
9069,11.499992,0
9070,11.499992,0
9071,13.656696,0
9072,13.656696,0
9073,11.522328,0
9074,11.454894,0
9075,11.509871,0
9076,11.509878,0
9077,11.438053,0
9078,12.149617,0
9079,12.081409,0
9080,12.107350,0
9081,12.149389,0
9082,12.149389,0
9083,12.096752,0
9084,12.257326,0
9085,12.120455,0
9086,12.120569,0
9087,12.120569,0
9088,12.120306,0
9089,12.156884,0
9090,12.082094,0
9091,12.156978,0
9092,12.263310,0
9093,12.135711,0
9094,12.081385,0
9095,12.135734,0
9096,12.157120,0
9097,12.156889,0
9098,12.156556,0
9099,12.079007,0
9100,12.262764,0
9101,12.262764,0
9102,12.120580,0
9103,12.120405,0
9104,14.558404,0
9105,14.398357,0
9106,14.428084,0
9107,14.609284,0
9108,14.586862,0
9109,14.601905,0
9110,14.601905,0
9111,14.601905,0
9112,14.601904,0
9113,14.589153,0
9114,14.417475,0
9115,14.559616,0
9116,14.559925,0
9117,14.569936,0
9118,14.569936,0
9119,21.370419,0
9120,14.413156,0
9121,14.440125,0
9122,14.559721,0
9123,13.717161,0
9124,14.403198,0
9125,14.386362,0
9126,14.395830,0
9127,14.399375,0
9128,14.530310,0
9129,14.555538,0
9130,14.555538,0
9131,14.530922,0
9132,23.718668,0
9133,23.612212,0
9134,54.086181,1
9135,23.577099,0
9136,31.228675,0
9137,23.617917,0
9138,23.694777,0
9139,21.595576,0
9140,26.726135,0
9141,21.595888,0
9142,25.176530,0
9143,25.177064,0
9144,21.595596,0
9145,21.595566,0
9146,25.175556,0
9147,21.594333,0
9148,22.822815,0
9149,21.595103,0
9150,21.597691,0
9151,21.594189,0
9152,27.836040,0
9153,29.823572,0
9154,29.823572,0
9155,22.360983,0
9156,18.487851,0
9157,18.487819,0
9158,22.361147,0
9159,18.490776,0
9160,18.490776,0
9161,71.142844,1
9162,18.485888,0
9163,83.801581,1
9164,92.330891,1
9165,85.166687,1
9166,91.061266,1
9167,72.301859,1
9168,9.548709,0
9169,9.548519,0
9170,9.518344,0
9171,8.208351,0
9172,9.548601,0
9173,8.261598,0
9174,9.518365,0
9175,8.261260,0
9176,8.179694,0
9177,8.179499,0
9178,9.518311,0
9179,9.518311,0
9180,8.192001,0
9181,9.548815,0
9182,9.548815,0
9183,8.239213,0
9184,8.170251,0
9185,8.230701,0
9186,8.698944,0
9187,9.507703,0
9188,8.241309,0
9189,8.239250,0
9190,8.238954,0
9191,8.169212,0
9192,9.493836,0
9193,9.493891,0
9194,9.507296,0
9195,8.169418,0
9196,8.296121,0
9197,8.191785,0
9198,9.548632,0
9199,9.548632,0
9200,9.518339,0
9201,8.227490,0
9202,9.548607,0
9203,9.548622,0
9204,9.548622,0
9205,9.494858,0
9206,9.518608,0
9207,8.179594,0
9208,9.507346,0
9209,9.507712,0
9210,9.507712,0
9211,9.507712,0
9212,8.192331,0
9213,9.518725,0
9214,9.518274,0
9215,9.518301,0
9216,9.518301,0
9217,8.318593,0
9218,9.548773,0
9219,8.170132,0
9220,8.695143,0
9221,8.231022,0
9222,8.231022,0
9223,9.507309,0
9224,9.507287,0
9225,9.493919,0
9226,9.493919,0
9227,8.233316,0
9228,13.996448,0
9229,8.227476,0
9230,8.179631,0
9231,8.192340,0
9232,9.518332,0
9233,9.518248,0
9234,8.192130,0
9235,8.192365,0
9236,8.230637,0
9237,8.230608,0
9238,8.230520,0
9239,8.230314,0
9240,8.230314,0
9241,9.507290,0
9242,8.179516,0
9243,8.179509,0
9244,8.296388,0
9245,8.192402,0
9246,8.192163,0
9247,8.192163,0
9248,8.192163,0
9249,9.507304,0
9250,8.179631,0
9251,9.507400,0
9252,9.499242,0
9253,9.499243,0
9254,9.499127,0
9255,9.499255,0
9256,9.499190,0
9257,9.499255,0
9258,8.170148,0
9259,9.499243,0
9260,8.248857,0
9261,9.507341,0
9262,9.507270,0
9263,9.499165,0
9264,8.234675,0
9265,8.695341,0
9266,9.518248,0
9267,8.261435,0
9268,8.170117,0
9269,8.230251,0
9270,8.230471,0
9271,8.230660,0
9272,8.239023,0
9273,8.239275,0
9274,8.179221,0
9275,8.239464,0
9276,9.499251,0
9277,8.179170,0
9278,8.178896,0
9279,8.178896,0
9280,8.191729,0
9281,14.011803,0
9282,8.191717,0
9283,8.207700,0
9284,8.179226,0
9285,8.179391,0
9286,9.499184,0
9287,9.507149,0
9288,8.230434,0
9289,9.518311,0
9290,14.032504,0
9291,9.506751,0
9292,9.518510,0
9293,9.507377,0
9294,9.499204,0
9295,9.507400,0
9296,8.248710,0
9297,8.248710,0
9298,9.507321,0
9299,9.507316,0
9300,9.493862,0
9301,9.507258,0
9302,13.998113,0
9303,8.248442,0
9304,8.233335,0
9305,8.248824,0
9306,8.248527,0
9307,8.248527,0
9308,13.998082,0
9309,8.163895,0
9310,9.507278,0
9311,9.507389,0
9312,8.179386,0
9313,8.248804,0
9314,8.248848,0
9315,8.261431,0
9316,9.507406,0
9317,9.507357,0
9318,9.507357,0
9319,9.507357,0
9320,8.192229,0
9321,8.179595,0
9322,9.507368,0
9323,9.507368,0
9324,9.518344,0
9325,8.318648,0
9326,8.318648,0
9327,9.518274,0
9328,8.179573,0
9329,8.248677,0
9330,8.179149,0
9331,8.207578,0
9332,8.207578,0
9333,8.179086,0
9334,8.179330,0
9335,8.248768,0
9336,8.279880,0
9337,8.178344,0
9338,9.507425,0
9339,9.507245,0
9340,8.179301,0
9341,8.179452,0
9342,13.998689,0
9343,9.507252,0
9344,9.507379,0
9345,9.518455,0
9346,9.518455,0
9347,9.491911,0
9348,9.491602,0
9349,9.499251,0
9350,9.499251,0
9351,8.192334,0
9352,8.227106,0
9353,9.548380,0
9354,9.548664,0
9355,9.548692,0
9356,8.227091,0
9357,8.160957,0
9358,9.499143,0
9359,9.499143,0
9360,9.507320,0
9361,8.163721,0
9362,9.507601,0
9363,9.518134,0
9364,9.518232,0
9365,8.230442,0
9366,9.518293,0
9367,9.518293,0
9368,9.507385,0
9369,9.507385,0
9370,8.230293,0
9371,9.507422,0
9372,8.296369,0
9373,8.192491,0
9374,8.270199,0
9375,8.227348,0
9376,8.712490,0
9377,9.507368,0
9378,9.507368,0
9379,8.169779,0
9380,8.233065,0
9381,8.169819,0
9382,8.248896,0
9383,8.338735,0
9384,8.239377,0
9385,8.698020,0
9386,9.491448,0
9387,8.239498,0
9388,8.169868,0
9389,8.230311,0
9390,8.230275,0
9391,9.507173,0
9392,8.548649,0
9393,8.217562,0
9394,8.296775,0
9395,8.327296,0
9396,8.402718,0
9397,8.372486,0
9398,8.248415,0
9399,8.402741,0
9400,11.152697,0
9401,8.296871,0
9402,8.350427,0
9403,8.274546,0
9404,8.365725,0
9405,8.217574,0
9406,8.274562,0
9407,8.207106,0
9408,8.372490,0
9409,8.362192,0
9410,8.282967,0
9411,8.274536,0
9412,8.274551,0
9413,9.389005,0
9414,9.399404,0
9415,8.296747,0
9416,8.274559,0
9417,8.355036,0
9418,8.358743,0
9419,8.275233,0
9420,8.358740,0
9421,8.282915,0
9422,8.362174,0
9423,8.275219,0
9424,8.362157,0
9425,8.362152,0
9426,8.362152,0
9427,8.292019,0
9428,8.351154,0
9429,8.362157,0
9430,11.152609,0
9431,8.207066,0
9432,8.282949,0
9433,8.279142,0
9434,8.327246,0
9435,8.327276,0
9436,8.327276,0
9437,8.402725,0
9438,8.296964,0
9439,8.372510,0
9440,8.217597,0
9441,8.327278,0
9442,8.217572,0
9443,8.217747,0
9444,11.152632,0
9445,8.327248,0
9446,9.478160,0
9447,11.152625,0
9448,8.402739,0
9449,8.231368,0
9450,8.327275,0
9451,9.435504,0
9452,9.435493,0
9453,8.402735,0
9454,8.372480,0
9455,8.362197,0
9456,8.231350,0
9457,8.231350,0
9458,8.402728,0
9459,8.310451,0
9460,8.375601,0
9461,8.375601,0
9462,8.296786,0
9463,8.327324,0
9464,11.152689,0
9465,8.375613,0
9466,8.375613,0
9467,9.435621,0
9468,9.435506,0
9469,8.248434,0
9470,8.296800,0
9471,11.153469,0
9472,8.402711,0
9473,8.355006,0
9474,9.393122,0
9475,8.217599,0
9476,8.362204,0
9477,8.277206,0
9478,8.277186,0
9479,8.277199,0
9480,8.362161,0
9481,11.151395,0
9482,11.151395,0
9483,8.248631,0
9484,8.248355,0
9485,8.248355,0
9486,8.248355,0
9487,8.248355,0
9488,8.248355,0
9489,8.296754,0
9490,8.296882,0
9491,8.296882,0
9492,8.362170,0
9493,8.372489,0
9494,8.450576,0
9495,8.450576,0
9496,8.355054,0
9497,8.355054,0
9498,8.327280,0
9499,8.286415,0
9500,8.297214,0
9501,8.279218,0
9502,11.153409,0
9503,8.279203,0
9504,8.279199,0
9505,8.350482,0
9506,8.274581,0
9507,8.275264,0
9508,8.355106,0
9509,8.275265,0
9510,8.275263,0
9511,8.282920,0
9512,8.207140,0
9513,8.319823,0
9514,11.176626,0
9515,8.350520,0
9516,11.150010,0
9517,8.327276,0
9518,8.217570,0
9519,8.195823,0
9520,8.195823,0
9521,8.196315,0
9522,11.153591,0
9523,8.402743,0
9524,8.248429,0
9525,8.217626,0
9526,8.362186,0
9527,8.207094,0
9528,8.310399,0
9529,8.310405,0
9530,8.217626,0
9531,8.386014,0
9532,11.166555,0
9533,8.279460,0
9534,8.207071,0
9535,8.207050,0
9536,8.362250,0
9537,8.217565,0
9538,8.217594,0
9539,8.386028,0
9540,8.385988,0
9541,8.199825,0
9542,8.282948,0
9543,8.277157,0
9544,8.277157,0
9545,8.199825,0
9546,8.199825,0
9547,8.350453,0
9548,8.372460,0
9549,8.358805,0
9550,8.362165,0
9551,8.279195,0
9552,8.355055,0
9553,8.282950,0
9554,8.207108,0
9555,11.149889,0
9556,8.282922,0
9557,8.355252,0
9558,8.274586,0
9559,8.274576,0
9560,8.304334,0
9561,9.404406,0
9562,8.292012,0
9563,9.277558,0
9564,9.180472,0
9565,9.180258,0
9566,9.208052,0
9567,9.208198,0
9568,9.208149,0
9569,9.183758,0
9570,9.286839,0
9571,9.207660,0
9572,9.287531,0
9573,9.180392,0
9574,9.239862,0
9575,9.182997,0
9576,9.208117,0
9577,9.425204,0
9578,9.239437,0
9579,9.239747,0
9580,9.425829,0
9581,9.287585,0
9582,9.287585,0
9583,9.239763,0
9584,9.287641,0
9585,9.208733,0
9586,9.287540,0
9587,9.287540,0
9588,9.239793,0
9589,9.239460,0
9590,9.239460,0
9591,9.208647,0
9592,9.208432,0
9593,9.239377,0
9594,9.239269,0
9595,9.239383,0
9596,9.239383,0
9597,9.287559,0
9598,9.287436,0
9599,9.287512,0
9600,9.183985,0
9601,9.183985,0
9602,9.410575,0
9603,9.180671,0
9604,9.259691,0
9605,9.259674,0
9606,9.259872,0
9607,9.207827,0
9608,9.303658,0
9609,12.280287,0
9610,11.268438,0
9611,12.280261,0
9612,11.268453,0
9613,12.103526,0
9614,12.084250,0
9615,12.280243,0
9616,12.280242,0
9617,12.279749,0
9618,15.048047,0
9619,11.251305,0
9620,12.188781,0
9621,12.084173,0
9622,22.211046,0
9623,20.121568,0
9624,21.434351,0
9625,20.119889,0
9626,23.926908,0
9627,20.119806,0
9628,20.118785,0
9629,21.443437,0
9630,28.759666,0
9631,40.673145,1
9632,40.673145,1
9633,26.715062,0
9634,20.939512,0
9635,20.939490,0
9636,16.739486,0
9637,20.943230,0
9638,20.939739,0
9639,20.939781,0
9640,16.955298,0
9641,16.955298,0
9642,16.955183,0
9643,20.950519,0
9644,31.420966,0
9645,27.112686,0
9646,59.093243,1
9647,27.438523,0
9648,27.116071,0
9649,22.763835,0
9650,29.320138,0
9651,29.320138,0
9652,91.996714,1
9653,91.996714,1
9654,23.167609,0
9655,23.167565,0
9656,18.483114,0
9657,23.175397,0
9658,23.175411,0
9659,21.651059,0
9660,18.451819,0
9661,18.482887,0
9662,18.483072,0
9663,21.293072,0
9664,18.493090,0
9665,18.493090,0
9666,18.501979,0
9667,18.502135,0
9668,18.471491,0
9669,23.167298,0
9670,23.154999,0
9671,23.154999,0
9672,18.482911,0
9673,18.482889,0
9674,18.471154,0
9675,18.436416,0
9676,23.182523,0
9677,18.492998,0
9678,19.087875,0
9679,18.469677,0
9680,18.448030,0
9681,18.487006,0
9682,19.907407,0
9683,18.469677,0
9684,18.469677,0
9685,18.469677,0
9686,18.478722,0
9687,18.478745,0
9688,18.478747,0
9689,18.478722,0
9690,18.455946,0
9691,18.455946,0
9692,18.455946,0
9693,19.907394,0
9694,18.455945,0
9695,18.434261,0
9696,18.434247,0
9697,18.491495,0
9698,18.469700,0
9699,19.924453,0
9700,19.924534,0
9701,18.478736,0
9702,18.469677,0
9703,18.987726,0
9704,18.521150,0
9705,19.924440,0
9706,18.469677,0
9707,18.487028,0
9708,18.490298,0
9709,18.469690,0
9710,18.469690,0
9711,19.924456,0
9712,18.469677,0
9713,19.904531,0
9714,18.486995,0
9715,18.486995,0
9716,19.944851,0
9717,18.615825,0
9718,18.455949,0
9719,18.478713,0
9720,18.925206,0
9721,18.943731,0
9722,18.943753,0
9723,18.934905,0
9724,18.925312,0
9725,18.925312,0
9726,18.916843,0
9727,22.361339,0
9728,20.764798,0
9729,19.984722,0
9730,19.984798,0
9731,19.984798,0
9732,78.780021,1
9733,22.492433,0
9734,20.453622,0
9735,19.984543,0
9736,28.478229,0
9737,27.876440,0
9738,27.721383,0
9739,26.031329,0
9740,33.182104,1
9741,79.792170,1
9742,12.671905,0
9743,12.672129,0
9744,12.672128,0
9745,12.652072,0
9746,16.978843,0
9747,16.978843,0
9748,12.651660,0
9749,12.652231,0
9750,13.507939,0
9751,12.653765,0
9752,12.652291,0
9753,12.652458,0
9754,12.695239,0
9755,12.672259,0
9756,13.525292,0
9757,13.525370,0
9758,13.525370,0
9759,12.627170,0
9760,12.627170,0
9761,12.627258,0
9762,16.977046,0
9763,16.979186,0
9764,13.546723,0
9765,12.658196,0
9766,12.658213,0
9767,12.695340,0
9768,13.546727,0
9769,13.535120,0
9770,12.672360,0
9771,12.637901,0
9772,12.652164,0
9773,13.546534,0
9774,17.007241,0
9775,12.654780,0
9776,12.654780,0
9777,12.654917,0
9778,12.652077,0
9779,12.652077,0
9780,13.508025,0
9781,13.508025,0
9782,12.959124,0
9783,12.652112,0
9784,12.820380,0
9785,13.511835,0
9786,12.652114,0
9787,16.977183,0
9788,16.977183,0
9789,12.652268,0
9790,12.627272,0
9791,13.487723,0
9792,12.670888,0
9793,12.674181,0
9794,12.673892,0
9795,12.672556,0
9796,12.672551,0
9797,12.670905,0
9798,12.678664,0
9799,12.671072,0
9800,12.670870,0
9801,12.676353,0
9802,12.671333,0
9803,12.670852,0
9804,12.671377,0
9805,12.671353,0
9806,12.672578,0
9807,12.672549,0
9808,12.672590,0
9809,14.713333,0
9810,14.740405,0
9811,14.740748,0
9812,14.740703,0
9813,12.670875,0
9814,12.670871,0
9815,12.685379,0
9816,12.676352,0
9817,12.633722,0
9818,12.685411,0
9819,12.622217,0
9820,12.622217,0
9821,12.670936,0
9822,12.676352,0
9823,12.676354,0
9824,12.682270,0
9825,12.690321,0
9826,12.690321,0
9827,12.678571,0
9828,12.673909,0
9829,13.447348,0
9830,13.470191,0
9831,13.487698,0
9832,13.438935,0
9833,12.786538,0
9834,12.786538,0
9835,12.685444,0
9836,12.682262,0
9837,12.672559,0
9838,12.682279,0
9839,12.705360,0
9840,12.705360,0
9841,12.705383,0
9842,12.754962,0
9843,12.672575,0
9844,12.672583,0
9845,12.682328,0
9846,12.624675,0
9847,12.620859,0
9848,12.620859,0
9849,14.713318,0
9850,12.676361,0
9851,12.672542,0
9852,12.678586,0
9853,12.676344,0
9854,12.672560,0
9855,12.626908,0
9856,12.679091,0
9857,12.728260,0
9858,12.633738,0
9859,12.633738,0
9860,12.633738,0
9861,12.633738,0
9862,12.633738,0
9863,12.633738,0
9864,13.291466,0
9865,13.460279,0
9866,13.308756,0
9867,13.292054,0
9868,13.294993,0
9869,13.292438,0
9870,13.291098,0
9871,13.308650,0
9872,13.308650,0
9873,13.290867,0
9874,13.292004,0
9875,13.302700,0
9876,13.444817,0
9877,13.498299,0
9878,13.302669,0
9879,13.311048,0
9880,13.295175,0
9881,13.297205,0
9882,13.308539,0
9883,13.300942,0
9884,13.291362,0
9885,13.308746,0
9886,14.796894,0
9887,15.581400,0
9888,14.796937,0
9889,14.796898,0
9890,14.796955,0
9891,14.796955,0
9892,14.796991,0
9893,14.797022,0
9894,14.797022,0
9895,15.581299,0
9896,15.581262,0
9897,14.796938,0
9898,14.796948,0
9899,14.796140,0
9900,14.796169,0
9901,14.796169,0
9902,14.796159,0
9903,14.797166,0
9904,14.796181,0
9905,14.796123,0
9906,14.796057,0
9907,14.796991,0
9908,14.796991,0
9909,14.797022,0
9910,14.796926,0
9911,15.420258,0
9912,14.796904,0
9913,14.809238,0
9914,14.809238,0
9915,15.533866,0
9916,15.580530,0
9917,14.796364,0
9918,14.796364,0
9919,15.580496,0
9920,14.796130,0
9921,24.363111,0
9922,27.296208,0
9923,23.490226,0
9924,27.303230,0
9925,22.296548,0
9926,22.306850,0
9927,22.298148,0
9928,23.489764,0
9929,23.041150,0
9930,19.301406,0
9931,19.301484,0
9932,19.489240,0
9933,23.039080,0
9934,15.560764,0
9935,15.560554,0
9936,15.560554,0
9937,15.560737,0
9938,16.263007,0
9939,16.265031,0
9940,16.265031,0
9941,15.560583,0
9942,15.565649,0
9943,15.560916,0
9944,15.821216,0
9945,15.533611,0
9946,15.561002,0
9947,15.560866,0
9948,15.525398,0
9949,15.533809,0
9950,15.570373,0
9951,15.565280,0
9952,15.528693,0
9953,15.533736,0
9954,15.577020,0
9955,15.565198,0
9956,15.821911,0
9957,15.571719,0
9958,15.560613,0
9959,16.278410,0
9960,15.570141,0
9961,15.585453,0
9962,15.570237,0
9963,15.821023,0
9964,15.570287,0
9965,19.244450,0
9966,15.540488,0
9967,15.565234,0
9968,16.278724,0
9969,15.816074,0
9970,16.278724,0
9971,16.278653,0
9972,16.278660,0
9973,15.560595,0
9974,15.816771,0
9975,15.817009,0
9976,16.272214,0
9977,15.533779,0
9978,15.533779,0
9979,15.816165,0
9980,15.816165,0
9981,15.540538,0
9982,15.566445,0
9983,15.540480,0
9984,15.581539,0
9985,15.540541,0
9986,15.827522,0
9987,15.546547,0
9988,15.545207,0
9989,15.590169,0
9990,15.561033,0
9991,15.561034,0
9992,15.561034,0
9993,15.561030,0
9994,15.561036,0
9995,15.545177,0
9996,15.585710,0
9997,15.588157,0
9998,15.546539,0
9999,15.546546,0
10000,15.545173,0
10001,15.587080,0
10002,15.546530,0
10003,15.554487,0
10004,15.549635,0
10005,16.181192,0
10006,15.546555,0
10007,15.669575,0
10008,15.561038,0
10009,15.587062,0
10010,15.587062,0
10011,15.549660,0
10012,15.561059,0
10013,15.545173,0
10014,15.588175,0
10015,15.597516,0
10016,15.554461,0
10017,15.547627,0
10018,15.587076,0
10019,15.549639,0
10020,15.549650,0
10021,15.554489,0
10022,15.561065,0
10023,15.569303,0
10024,15.569307,0
10025,15.561023,0
10026,15.561023,0
10027,15.561061,0
10028,15.569304,0
10029,15.547714,0
10030,15.547688,0
10031,15.597520,0
10032,15.588174,0
10033,15.586072,0
10034,15.585716,0
10035,15.549637,0
10036,15.554509,0
10037,15.509358,0
10038,15.551454,0
10039,15.595006,0
10040,15.591979,0
10041,15.597523,0
10042,15.597521,0
10043,15.514947,0
10044,16.174896,0
10045,15.613784,0
10046,15.514918,0
10047,15.509355,0
10048,16.099175,0
10049,45.245082,1
10050,24.066421,0
10051,21.490141,0
10052,21.389952,0
10053,21.388863,0
10054,24.755367,0
10055,21.319116,0
10056,21.321649,0
10057,30.448881,0
10058,30.448925,0
10059,24.590789,0
10060,25.077792,0
10061,25.048905,0
10062,25.048905,0
10063,25.048905,0
10064,25.048905,0
10065,25.048905,0
10066,25.737662,0
10067,24.622926,0
10068,25.048910,0
10069,24.675081,0
10070,24.678446,0
10071,25.047266,0
10072,24.646065,0
10073,24.678433,0
10074,24.678443,0
10075,24.989072,0
10076,24.955203,0
10077,24.955309,0
10078,24.965618,0
10079,24.968909,0
10080,24.928715,0
10081,24.963665,0
10082,24.928892,0
10083,24.965470,0
10084,24.965590,0
10085,24.947842,0
10086,24.947714,0
10087,24.947714,0
10088,25.760675,0
10089,25.760675,0
10090,25.760675,0
10091,25.760675,0
10092,25.760675,0
10093,25.786805,0
10094,25.761204,0
10095,30.525283,0
10096,25.761358,0
10097,26.285755,0
10098,26.285755,0
10099,25.761184,0
10100,26.219780,0
10101,30.525864,0
10102,25.761326,0
10103,58.692544,1
10104,30.695570,0
10105,28.588388,0
10106,28.736167,0
10107,35.667659,1
10108,20.614188,0
10109,20.068054,0
10110,20.038928,0
10111,20.625457,0
10112,20.625410,0
10113,20.047922,0
10114,20.047812,0
10115,20.047478,0
10116,20.047805,0
10117,20.259988,0
10118,20.042708,0
10119,20.047806,0
10120,20.116439,0
10121,20.047919,0
10122,20.266258,0
10123,20.047783,0
10124,20.047898,0
10125,20.038915,0
10126,20.271409,0
10127,20.047949,0
10128,20.048012,0
10129,20.048030,0
10130,20.258755,0
10131,20.042582,0
10132,20.042757,0
10133,20.138423,0
10134,20.042659,0
10135,20.038530,0
10136,20.074062,0
10137,20.074062,0
10138,20.042655,0
10139,20.042812,0
10140,20.042734,0
10141,20.064586,0
10142,20.270945,0
10143,20.047926,0
10144,20.047904,0
10145,20.047922,0
10146,20.271417,0
10147,20.074102,0
10148,20.068133,0
10149,20.068117,0
10150,20.068117,0
10151,20.068117,0
10152,20.068117,0
10153,20.068133,0
10154,20.042789,0
10155,20.042640,0
10156,20.042710,0
10157,20.042828,0
10158,20.166775,0
10159,20.047735,0
10160,20.048075,0
10161,20.616630,0
10162,20.047975,0
10163,20.047913,0
10164,20.042674,0
10165,20.077803,0
10166,20.077803,0
10167,20.042654,0
10168,20.126988,0
10169,20.164007,0
10170,20.136968,0
10171,20.248442,0
10172,20.164003,0
10173,20.100196,0
10174,20.100196,0
10175,20.159742,0
10176,20.164015,0
10177,20.091027,0
10178,20.130708,0
10179,20.159701,0
10180,34.090160,1
10181,24.807807,0
10182,22.591555,0
10183,22.591555,0
10184,22.706822,0
10185,22.706822,0
10186,22.706822,0
10187,22.098989,0
10188,22.623853,0
10189,22.565896,0
10190,22.129220,0
10191,22.129194,0
10192,22.569612,0
10193,22.569618,0
10194,22.569583,0
10195,22.551691,0
10196,22.569574,0
10197,22.153927,0
10198,22.153936,0
10199,22.157668,0
10200,22.099621,0
10201,22.099621,0
10202,22.129178,0
10203,22.129179,0
10204,22.157682,0
10205,22.540458,0
10206,22.569582,0
10207,22.157667,0
10208,22.157686,0
10209,22.569601,0
10210,22.157711,0
10211,23.357140,0
10212,22.494904,0
10213,22.494925,0
10214,22.495215,0
10215,22.490991,0
10216,22.495075,0
10217,22.495161,0
10218,22.491173,0
10219,22.495090,0
10220,22.454153,0
10221,22.454153,0
10222,25.496517,0
10223,23.382775,0
10224,23.382807,0
10225,23.876653,0
10226,25.410834,0
10227,29.651368,0
10228,29.681056,0
10229,29.681056,0
10230,29.681056,0
10231,34.491018,1
10232,34.414001,1
10233,37.566236,1
10234,37.511042,1
10235,50.868886,1
10236,37.509035,1
10237,37.509035,1
10238,42.448680,1
10239,50.853171,1
10240,33.983518,1
10241,33.992924,1
10242,30.627129,0
10243,12.327046,0
10244,11.384550,0
10245,12.333370,0
10246,11.400340,0
10247,12.341807,0
10248,11.378612,0
10249,12.327339,0
10250,12.327215,0
10251,12.333325,0
10252,12.327031,0
10253,12.333405,0
10254,12.333295,0
10255,11.426003,0
10256,12.341885,0
10257,12.341738,0
10258,11.400418,0
10259,11.415404,0
10260,12.323466,0
10261,11.330209,0
10262,11.425911,0
10263,12.341721,0
10264,11.350666,0
10265,12.333365,0
10266,11.350651,0
10267,11.381185,0
10268,11.380985,0
10269,11.341150,0
10270,11.380938,0
10271,11.412004,0
10272,11.765739,0
10273,12.333461,0
10274,16.049932,0
10275,11.732050,0
10276,11.721377,0
10277,11.725141,0
10278,12.332821,0
10279,12.327136,0
10280,12.333355,0
10281,12.327126,0
10282,11.384835,0
10283,11.456649,0
10284,11.391563,0
10285,12.333446,0
10286,11.391474,0
10287,11.391474,0
10288,16.052159,0
10289,15.595546,0
10290,11.391871,0
10291,16.053204,0
10292,11.391871,0
10293,11.334612,0
10294,12.364972,0
10295,12.365415,0
10296,11.340869,0
10297,11.456646,0
10298,11.308056,0
10299,11.308067,0
10300,11.457877,0
10301,11.300405,0
10302,11.352960,0
10303,11.408357,0
10304,11.313627,0
10305,11.413571,0
10306,11.349532,0
10307,11.421115,0
10308,11.421111,0
10309,11.421134,0
10310,11.308072,0
10311,11.308045,0
10312,11.408353,0
10313,11.295137,0
10314,11.295153,0
10315,11.295152,0
10316,12.206195,0
10317,11.408355,0
10318,11.300449,0
10319,11.371253,0
10320,11.358124,0
10321,11.421100,0
10322,11.362269,0
10323,11.388062,0
10324,11.421135,0
10325,11.365778,0
10326,11.353033,0
10327,11.421112,0
10328,11.352114,0
10329,11.408350,0
10330,11.350114,0
10331,11.352873,0
10332,11.308076,0
10333,11.308050,0
10334,11.402689,0
10335,13.602745,0
10336,11.300401,0
10337,11.408428,0
10338,11.431077,0
10339,11.308049,0
10340,11.408386,0
10341,11.408386,0
10342,11.362264,0
10343,11.300471,0
10344,11.421119,0
10345,11.408312,0
10346,11.365723,0
10347,11.388079,0
10348,11.352876,0
10349,12.229469,0
10350,12.206159,0
10351,12.206159,0
10352,11.358152,0
10353,11.413571,0
10354,12.206159,0
10355,11.358112,0
10356,11.358127,0
10357,11.358134,0
10358,11.362275,0
10359,11.411098,0
10360,11.362268,0
10361,11.362279,0
10362,11.355662,0
10363,11.414836,0
10364,11.351384,0
10365,11.366114,0
10366,12.216721,0
10367,12.216721,0
10368,12.216766,0
10369,12.197791,0
10370,12.216721,0
10371,11.300508,0
10372,11.413574,0
10373,11.371250,0
10374,11.371248,0
10375,11.301195,0
10376,11.352901,0
10377,11.595854,0
10378,11.362261,0
10379,12.229496,0
10380,11.350008,0
10381,11.349531,0
10382,11.413595,0
10383,11.408391,0
10384,11.408391,0
10385,13.591330,0
10386,11.300406,0
10387,11.300399,0
10388,11.382564,0
10389,11.414215,0
10390,11.295175,0
10391,11.413593,0
10392,11.408357,0
10393,11.358120,0
10394,11.365738,0
10395,11.413559,0
10396,11.355665,0
10397,11.355649,0
10398,11.358219,0
10399,11.300425,0
10400,11.375703,0
10401,11.295179,0
10402,11.295177,0
10403,11.358134,0
10404,11.358134,0
10405,11.408393,0
10406,11.308081,0
10407,13.591363,0
10408,11.405460,0
10409,11.413614,0
10410,11.413621,0
10411,11.330439,0
10412,11.330452,0
10413,11.300445,0
10414,11.408373,0
10415,11.371250,0
10416,11.413522,0
10417,12.216720,0
10418,11.308072,0
10419,11.382548,0
10420,12.117989,0
10421,12.318473,0
10422,12.318473,0
10423,12.089109,0
10424,12.089107,0
10425,12.095379,0
10426,12.095418,0
10427,12.095545,0
10428,12.143439,0
10429,12.095608,0
10430,12.086963,0
10431,12.097237,0
10432,12.084824,0
10433,12.203028,0
10434,12.089071,0
10435,12.085720,0
10436,12.085734,0
10437,12.097520,0
10438,12.089155,0
10439,12.089149,0
10440,12.106776,0
10441,12.106599,0
10442,12.089198,0
10443,12.270184,0
10444,12.097101,0
10445,12.095603,0
10446,12.089341,0
10447,12.095640,0
10448,12.095316,0
10449,12.089132,0
10450,12.084979,0
10451,12.089130,0
10452,12.089203,0
10453,12.083168,0
10454,12.083168,0
10455,12.082845,0
10456,12.324902,0
10457,12.089361,0
10458,13.726698,0
10459,13.727902,0
10460,13.722911,0
10461,13.726685,0
10462,14.564915,0
10463,13.722718,0
10464,13.732019,0
10465,13.725886,0
10466,14.565040,0
10467,14.566198,0
10468,23.605515,0
10469,23.675174,0
10470,25.180175,0
10471,26.729484,0
10472,25.179930,0
10473,28.745245,0
10474,65.112061,1
10475,65.112061,1
10476,65.112061,1
10477,65.112061,1
10478,172.253695,1
10479,18.491392,0
10480,22.368746,0
10481,51.212412,1
10482,42.004335,1
10483,176.714963,1
10484,17.050777,0
10485,17.045457,0
10486,17.024571,0
10487,21.529006,0
10488,16.371870,0
10489,17.000896,0
10490,16.996026,0
10491,16.968922,0
10492,17.988313,0
10493,16.957175,0
10494,16.411751,0
10495,17.000893,0
10496,17.000931,0
10497,17.000949,0
10498,17.000906,0
10499,16.996063,0
10500,16.371871,0
10501,17.000892,0
10502,17.000923,0
10503,16.371940,0
10504,16.996035,0
10505,16.996035,0
10506,16.996023,0
10507,16.996057,0
10508,16.962216,0
10509,16.977218,0
10510,16.996026,0
10511,16.996013,0
10512,16.977188,0
10513,16.411735,0
10514,16.411764,0
10515,16.387263,0
10516,16.977188,0
10517,16.977186,0
10518,16.957149,0
10519,16.962219,0
10520,16.977172,0
10521,16.825201,0
10522,16.879461,0
10523,16.879671,0
10524,16.879453,0
10525,16.874032,0
10526,16.874419,0
10527,16.874332,0
10528,16.853358,0
10529,16.879506,0
10530,16.879506,0
10531,16.874387,0
10532,16.874333,0
10533,16.874032,0
10534,16.874384,0
10535,16.843757,0
10536,16.874219,0
10537,16.874073,0
10538,16.853198,0
10539,16.853234,0
10540,16.853501,0
10541,16.853036,0
10542,84.682977,1
10543,18.794802,0
10544,18.683793,0
10545,18.034967,0
10546,18.034967,0
10547,18.684523,0
10548,18.683885,0
10549,18.683765,0
10550,18.683827,0
10551,18.683720,0
10552,18.035662,0
10553,18.551787,0
10554,18.684376,0
10555,18.035643,0
10556,18.034869,0
10557,18.555895,0
10558,18.551768,0
10559,18.683725,0
10560,18.034845,0
10561,18.685877,0
10562,18.674503,0
10563,18.780829,0
10564,18.780804,0
10565,18.651900,0
10566,18.791253,0
10567,18.653555,0
10568,18.655487,0
10569,18.685963,0
10570,18.686025,0
10571,18.693868,0
10572,24.601318,0
10573,25.661776,0
10574,29.180529,0
10575,29.180518,0
10576,29.241648,0
10577,24.567830,0
10578,27.766939,0
10579,43.934712,1
10580,21.885038,0
10581,22.051399,0
10582,51.368601,1
10583,51.368601,1
10584,30.566321,0
10585,26.775051,0
10586,26.781604,0
10587,26.795700,0
10588,26.808546,0
10589,26.779273,0
10590,26.815383,0
10591,26.775170,0
10592,26.775209,0
10593,32.539478,0
10594,32.531998,0
10595,32.537593,0
10596,124.212894,1
10597,27.891196,0
10598,27.891172,0
10599,27.880726,0
10600,27.880738,0
10601,27.880768,0
10602,30.133554,0
10603,27.905775,0
10604,27.885390,0
10605,27.880679,0
10606,27.891139,0
10607,28.294890,0
10608,28.321467,0
10609,27.902441,0
10610,27.918138,0
10611,27.885598,0
10612,27.909042,0
10613,27.913130,0
10614,27.905941,0
10615,27.931645,0
10616,27.928536,0
10617,27.905939,0
10618,27.928537,0
10619,28.901141,0
10620,27.940720,0
10621,27.931653,0
10622,27.913122,0
10623,28.195901,0
10624,28.195964,0
10625,28.192285,0
10626,28.200629,0
10627,28.927788,0
10628,29.336689,0
10629,35.703362,1
10630,54.490682,1
10631,50.594107,1
10632,31.594996,0
10633,67.892828,1
10634,38.246261,1
10635,14.336920,0
10636,14.333546,0
10637,14.342454,0
10638,15.138963,0
10639,14.336465,0
10640,14.336771,0
10641,14.342201,0
10642,14.333554,0
10643,14.342541,0
10644,14.342541,0
10645,14.342338,0
10646,14.337132,0
10647,15.134082,0
10648,17.971292,0
10649,14.342361,0
10650,14.342464,0
10651,14.342115,0
10652,14.382136,0
10653,14.382064,0
10654,14.382146,0
10655,14.336986,0
10656,14.337106,0
10657,14.337125,0
10658,14.371568,0
10659,14.342451,0
10660,14.349510,0
10661,14.349919,0
10662,14.342551,0
10663,14.349677,0
10664,14.349763,0
10665,14.349755,0
10666,14.336984,0
10667,14.336925,0
10668,15.134089,0
10669,15.134082,0
10670,14.336926,0
10671,14.333556,0
10672,14.342466,0
10673,14.342474,0
10674,14.334081,0
10675,14.342454,0
10676,14.344212,0
10677,14.376718,0
10678,14.371705,0
10679,15.139070,0
10680,14.336867,0
10681,14.349885,0
10682,14.382790,0
10683,14.382817,0
10684,14.382866,0
10685,14.336897,0
10686,15.134082,0
10687,14.349682,0
10688,14.349298,0
10689,14.349703,0
10690,14.336730,0
10691,14.376702,0
10692,14.376905,0
10693,15.134004,0
10694,14.342523,0
10695,14.342519,0
10696,14.373692,0
10697,14.342522,0
10698,14.374060,0
10699,14.358963,0
10700,14.370028,0
10701,14.358963,0
10702,15.134088,0
10703,14.344286,0
10704,15.134119,0
10705,18.301211,0
10706,14.337056,0
10707,14.660393,0
10708,14.660393,0
10709,15.139061,0
10710,14.376912,0
10711,14.376748,0
10712,14.376748,0
10713,14.371924,0
10714,14.371728,0
10715,14.371628,0
10716,15.165177,0
10717,14.371559,0
10718,14.381975,0
10719,14.465480,0
10720,14.376386,0
10721,14.376386,0
10722,14.409070,0
10723,14.366243,0
10724,14.366240,0
10725,14.459531,0
10726,14.376384,0
10727,14.366243,0
10728,14.411675,0
10729,14.452764,0
10730,14.452764,0
10731,14.455412,0
10732,14.409477,0
10733,14.465510,0
10734,14.465481,0
10735,14.370369,0
10736,14.455415,0
10737,14.455440,0
10738,14.376422,0
10739,14.376380,0
10740,14.455661,0
10741,14.411703,0
10742,14.411704,0
10743,14.411703,0
10744,15.093022,0
10745,14.411671,0
10746,14.374931,0
10747,14.376507,0
10748,14.421944,0
10749,14.411763,0
10750,14.411715,0
10751,14.411715,0
10752,14.366271,0
10753,14.366259,0
10754,14.411677,0
10755,16.237891,0
10756,14.409522,0
10757,14.411703,0
10758,14.455412,0
10759,14.455415,0
10760,14.411674,0
10761,14.411700,0
10762,14.411700,0
10763,14.411667,0
10764,14.454222,0
10765,14.935501,0
10766,14.940936,0
10767,14.940540,0
10768,14.937302,0
10769,14.941182,0
10770,14.940742,0
10771,16.290348,0
10772,16.290348,0
10773,16.986125,0
10774,16.303010,0
10775,23.320251,0
10776,43.255650,1
10777,30.058696,0
10778,20.652602,0
10779,20.650100,0
10780,20.672138,0
10781,24.030224,0
10782,26.218117,0
10783,26.658470,0
10784,26.381084,0
10785,26.656401,0
10786,26.209498,0
10787,69.741588,1
10788,26.389806,0
10789,26.389951,0
10790,26.211379,0
10791,26.214383,0
10792,26.211345,0
10793,26.382706,0
10794,26.270607,0
10795,26.214398,0
10796,26.211265,0
10797,26.211872,0
10798,26.211906,0
10799,26.214379,0
10800,26.214307,0
10801,26.390570,0
10802,26.292796,0
10803,26.209412,0
10804,26.230346,0
10805,26.653920,0
10806,26.209607,0
10807,26.385810,0
10808,26.209634,0
10809,26.385790,0
10810,26.385622,0
10811,27.370704,0
10812,26.266106,0
10813,26.242711,0
10814,26.270142,0
10815,26.267752,0
10816,26.266094,0
10817,26.267861,0
10818,26.642010,0
10819,26.286201,0
10820,26.260834,0
10821,26.235683,0
10822,68.501967,1
10823,68.501346,1
10824,68.501346,1
10825,12.004432,0
10826,12.001247,0
10827,11.963268,0
10828,11.963488,0
10829,11.963488,0
10830,11.998435,0
10831,11.998435,0
10832,11.998364,0
10833,12.004567,0
10834,16.502786,0
10835,12.010990,0
10836,12.004484,0
10837,12.000292,0
10838,12.000292,0
10839,12.000311,0
10840,12.010968,0
10841,12.907782,0
10842,11.963550,0
10843,11.956899,0
10844,11.963379,0
10845,11.963406,0
10846,12.000277,0
10847,12.000277,0
10848,12.000277,0
10849,12.004464,0
10850,12.019618,0
10851,12.001132,0
10852,12.907945,0
10853,12.907945,0
10854,12.907945,0
10855,11.963430,0
10856,12.907945,0
10857,11.972080,0
10858,11.963268,0
10859,12.000364,0
10860,12.000364,0
10861,12.000364,0
10862,12.915872,0
10863,12.011193,0
10864,12.004493,0
10865,11.998822,0
10866,12.898025,0
10867,12.898025,0
10868,12.898025,0
10869,12.898025,0
10870,12.898025,0
10871,12.898025,0
10872,12.898025,0
10873,12.898025,0
10874,12.898025,0
10875,12.898025,0
10876,12.907945,0
10877,12.907945,0
10878,12.907945,0
10879,12.907945,0
10880,12.907945,0
10881,12.901956,0
10882,12.901956,0
10883,12.004562,0
10884,12.019896,0
10885,11.957053,0
10886,11.972234,0
10887,11.963137,0
10888,11.971989,0
10889,12.915973,0
10890,11.972289,0
10891,12.916005,0
10892,12.916005,0
10893,12.915924,0
10894,11.972177,0
10895,11.956924,0
10896,11.956957,0
10897,12.010952,0
10898,12.000221,0
10899,11.963373,0
10900,12.010819,0
10901,12.010819,0
10902,12.010967,0
10903,12.019811,0
10904,12.019657,0
10905,12.901993,0
10906,12.901982,0
10907,12.898036,0
10908,12.907998,0
10909,12.907954,0
10910,12.907990,0
10911,12.907990,0
10912,12.907940,0
10913,12.011169,0
10914,12.916046,0
10915,12.916046,0
10916,12.907808,0
10917,11.963752,0
10918,11.950845,0
10919,11.963602,0
10920,11.957294,0
10921,11.998386,0
10922,12.907973,0
10923,12.321777,0
10924,12.321814,0
10925,12.907986,0
10926,12.907986,0
10927,12.901952,0
10928,16.499186,0
10929,12.908026,0
10930,12.908008,0
10931,12.907972,0
10932,12.907945,0
10933,12.907945,0
10934,12.907999,0
10935,12.907945,0
10936,12.907945,0
10937,12.907963,0
10938,12.907927,0
10939,12.907954,0
10940,12.907954,0
10941,12.004367,0
10942,12.004573,0
10943,12.004458,0
10944,11.963532,0
10945,12.000372,0
10946,12.004510,0
10947,12.000081,0
10948,11.963751,0
10949,12.004439,0
10950,12.907827,0
10951,11.963574,0
10952,11.998434,0
10953,11.963677,0
10954,11.963519,0
10955,12.000310,0
10956,12.000310,0
10957,11.998385,0
10958,11.971977,0
10959,12.915916,0
10960,12.915895,0
10961,12.915921,0
10962,12.915917,0
10963,11.963634,0
10964,11.963619,0
10965,11.972277,0
10966,11.972197,0
10967,12.334120,0
10968,12.334360,0
10969,12.067759,0
10970,11.972095,0
10971,12.366014,0
10972,12.907899,0
10973,12.001135,0
10974,12.004440,0
10975,12.004440,0
10976,12.335814,0
10977,11.998578,0
10978,12.126071,0
10979,12.071245,0
10980,12.123381,0
10981,12.016475,0
10982,12.124705,0
10983,12.073916,0
10984,12.073912,0
10985,12.073916,0
10986,12.078838,0
10987,12.078831,0
10988,12.130988,0
10989,12.863327,0
10990,12.024580,0
10991,12.024580,0
10992,12.076529,0
10993,12.073913,0
10994,12.073916,0
10995,12.073916,0
10996,12.073916,0
10997,12.130971,0
10998,12.130977,0
10999,12.019683,0
11000,12.070758,0
11001,12.073923,0
11002,12.871560,0
11003,12.138126,0
11004,12.126059,0
11005,12.130973,0
11006,12.123386,0
11007,12.082757,0
11008,12.077530,0
11009,12.070739,0
11010,14.197049,0
11011,12.070758,0
11012,12.070772,0
11013,12.865744,0
11014,12.071243,0
11015,12.071243,0
11016,12.071243,0
11017,12.860384,0
11018,12.073953,0
11019,12.019672,0
11020,12.126080,0
11021,12.123424,0
11022,12.076504,0
11023,12.076492,0
11024,12.024619,0
11025,12.082713,0
11026,12.126071,0
11027,12.126070,0
11028,12.126072,0
11029,12.680607,0
11030,12.680906,0
11031,12.671179,0
11032,12.680876,0
11033,23.144187,0
11034,21.932205,0
11035,19.074197,0
11036,18.880509,0
11037,18.879839,0
11038,19.072221,0
11039,12.919944,0
11040,12.953899,0
11041,12.919608,0
11042,12.919469,0
11043,13.047766,0
11044,12.941444,0
11045,13.770438,0
11046,13.799034,0
11047,12.991313,0
11048,12.991313,0
11049,13.777860,0
11050,13.243663,0
11051,12.963949,0
11052,12.919985,0
11053,12.919945,0
11054,13.799086,0
11055,13.799076,0
11056,13.799086,0
11057,13.764820,0
11058,13.770442,0
11059,12.889456,0
11060,13.770421,0
11061,12.889444,0
11062,12.889328,0
11063,12.889132,0
11064,12.897612,0
11065,12.897475,0
11066,12.897736,0
11067,12.897336,0
11068,12.919640,0
11069,12.907794,0
11070,12.889249,0
11071,13.787594,0
11072,13.787594,0
11073,13.770418,0
11074,13.770418,0
11075,12.888985,0
11076,12.888985,0
11077,12.897245,0
11078,12.888963,0
11079,12.889050,0
11080,12.882880,0
11081,12.932938,0
11082,13.770418,0
11083,12.888901,0
11084,17.208617,0
11085,12.889384,0
11086,12.925571,0
11087,12.888890,0
11088,12.889180,0
11089,12.888826,0
11090,13.770400,0
11091,13.770400,0
11092,12.897423,0
11093,12.933409,0
11094,13.770484,0
11095,12.883367,0
11096,13.770480,0
11097,13.770461,0
11098,13.770419,0
11099,13.770421,0
11100,12.897252,0
11101,15.965391,0
11102,12.947051,0
11103,12.889281,0
11104,12.889263,0
11105,16.731436,0
11106,12.897068,0
11107,12.889627,0
11108,13.770459,0
11109,12.941657,0
11110,12.897272,0
11111,12.897362,0
11112,12.889290,0
11113,12.888916,0
11114,12.897521,0
11115,12.919679,0
11116,12.897042,0
11117,12.897463,0
11118,12.907391,0
11119,12.907730,0
11120,12.889227,0
11121,13.770272,0
11122,12.933421,0
11123,12.889285,0
11124,12.889159,0
11125,12.889195,0
11126,12.919605,0
11127,13.224645,0
11128,13.225076,0
11129,12.877391,0
11130,12.889218,0
11131,12.889217,0
11132,12.896960,0
11133,12.989968,0
11134,12.907230,0
11135,12.919755,0
11136,61.828890,1
11137,13.770450,0
11138,12.883456,0
11139,13.764842,0
11140,13.764890,0
11141,13.764890,0
11142,12.923751,0
11143,12.907585,0
11144,12.897193,0
11145,12.923984,0
11146,13.770228,0
11147,12.889173,0
11148,12.897674,0
11149,12.896969,0
11150,12.896790,0
11151,12.883011,0
11152,12.907697,0
11153,12.897448,0
11154,12.897453,0
11155,12.883450,0
11156,13.088963,0
11157,13.010020,0
11158,13.089071,0
11159,15.003218,0
11160,13.008730,0
11161,13.069549,0
11162,13.113465,0
11163,13.065264,0
11164,13.088980,0
11165,12.959672,0
11166,12.964216,0
11167,12.964210,0
11168,15.003992,0
11169,13.756381,0
11170,12.964216,0
11171,12.964216,0
11172,12.964313,0
11173,13.014798,0
11174,12.970878,0
11175,13.007514,0
11176,13.047887,0
11177,13.069546,0
11178,13.014592,0
11179,13.040690,0
11180,13.040635,0
11181,12.970941,0
11182,12.970920,0
11183,12.979869,0
11184,13.021489,0
11185,13.009981,0
11186,12.964235,0
11187,13.069583,0
11188,12.964567,0
11189,12.964293,0
11190,13.612572,0
11191,13.586576,0
11192,13.565270,0
11193,13.586667,0
11194,13.567736,0
11195,13.557666,0
11196,13.551895,0
11197,13.603979,0
11198,13.565541,0
11199,13.586928,0
11200,13.590052,0
11201,13.590052,0
11202,13.590018,0
11203,22.409989,0
11204,15.778449,0
11205,27.438964,0
11206,28.506449,0
11207,30.431467,0
11208,28.505005,0
11209,28.505928,0
11210,30.432428,0
11211,30.453975,0
11212,23.195694,0
11213,23.205825,0
11214,23.205825,0
11215,19.666732,0
11216,23.189887,0
11217,19.671215,0
11218,19.696163,0
11219,32.960267,0
11220,69.746653,1
11221,39.406006,1
11222,18.961503,0
11223,21.554929,0
11224,21.554929,0
11225,18.834518,0
11226,21.566409,0
11227,18.760545,0
11228,18.760499,0
11229,18.760477,0
11230,18.766332,0
11231,18.766332,0
11232,18.766421,0
11233,18.766456,0
11234,18.766407,0
11235,18.766407,0
11236,21.914745,0
11237,18.981800,0
11238,21.559957,0
11239,18.974512,0
11240,63.283006,1
11241,18.974607,0
11242,18.968754,0
11243,18.981802,0
11244,18.968607,0
11245,18.729756,0
11246,18.729876,0
11247,18.974491,0
11248,18.730078,0
11249,21.551043,0
11250,18.968711,0
11251,18.968787,0
11252,18.968787,0
11253,18.974590,0
11254,18.968717,0
11255,18.729813,0
11256,19.346585,0
11257,18.968693,0
11258,18.974546,0
11259,21.554856,0
11260,18.974462,0
11261,18.735698,0
11262,18.729894,0
11263,18.968817,0
11264,18.725211,0
11265,18.961446,0
11266,18.961507,0
11267,21.554842,0
11268,18.722193,0
11269,18.722077,0
11270,18.961504,0
11271,18.961503,0
11272,23.393981,0
11273,18.968786,0
11274,18.974564,0
11275,18.730215,0
11276,18.760496,0
11277,18.760551,0
11278,21.555064,0
11279,18.760389,0
11280,18.760581,0
11281,18.961345,0
11282,18.961320,0
11283,21.548300,0
11284,18.823632,0
11285,18.823632,0
11286,18.823633,0
11287,19.331387,0
11288,18.815348,0
11289,18.815350,0
11290,18.773701,0
11291,18.780568,0
11292,18.808506,0
11293,18.780667,0
11294,18.780575,0
11295,18.808534,0
11296,18.773703,0
11297,18.773703,0
11298,18.773703,0
11299,18.773702,0
11300,18.803095,0
11301,18.808498,0
11302,18.808498,0
11303,18.808510,0
11304,18.808496,0
11305,19.201904,0
11306,33.327723,1
11307,36.648800,1
11308,36.650876,1
11309,36.650938,1
11310,36.650938,1
11311,36.650938,1
11312,36.650938,1
11313,36.650938,1
11314,36.650938,1
11315,36.650938,1
11316,36.650938,1
11317,36.650938,1
11318,36.650938,1
11319,36.650938,1
11320,36.650933,1
11321,36.648662,1
11322,36.944698,1
11323,36.637656,1
11324,36.824789,1
11325,41.586741,1
11326,60.808749,1
11327,44.775353,1
11328,46.158838,1
11329,16.772138,0
11330,16.726597,0
11331,16.732667,0
11332,12.326485,0
11333,13.223833,0
11334,18.668422,0
11335,16.722173,0
11336,16.751421,0
11337,13.223643,0
11338,13.257163,0
11339,13.257163,0
11340,12.349894,0
11341,12.349894,0
11342,18.663659,0
11343,12.348461,0
11344,13.121342,0
11345,13.121406,0
11346,13.121341,0
11347,14.433938,0
11348,12.302237,0
11349,13.121307,0
11350,13.121307,0
11351,13.121319,0
11352,12.414936,0
11353,12.348422,0
11354,12.301872,0
11355,12.355149,0
11356,14.439663,0
11357,12.290012,0
11358,12.496488,0
11359,12.355167,0
11360,12.406142,0
11361,12.406140,0
11362,12.473150,0
11363,14.411714,0
11364,12.546901,0
11365,12.406137,0
11366,12.406135,0
11367,13.096920,0
11368,12.406134,0
11369,12.406131,0
11370,12.340595,0
11371,12.406163,0
11372,12.387088,0
11373,12.355173,0
11374,12.355160,0
11375,12.406160,0
11376,12.373585,0
11377,13.121337,0
11378,13.121337,0
11379,13.121337,0
11380,13.121341,0
11381,12.322483,0
11382,13.127660,0
11383,13.127660,0
11384,14.434311,0
11385,12.461960,0
11386,12.425651,0
11387,12.322515,0
11388,12.336041,0
11389,12.336036,0
11390,12.336036,0
11391,14.388181,0
11392,12.430597,0
11393,12.430596,0
11394,12.348447,0
11395,13.077538,0
11396,12.406268,0
11397,14.439743,0
11398,13.096893,0
11399,12.373697,0
11400,12.403933,0
11401,12.403933,0
11402,12.269317,0
11403,12.373612,0
11404,12.445881,0
11405,12.355173,0
11406,12.355206,0
11407,14.439654,0
11408,12.362273,0
11409,12.373632,0
11410,12.373603,0
11411,13.096903,0
11412,13.096903,0
11413,12.373610,0
11414,14.439678,0
11415,12.406162,0
11416,12.406148,0
11417,12.353091,0
11418,14.394108,0
11419,14.394108,0
11420,13.077555,0
11421,12.311133,0
11422,12.336039,0
11423,12.269317,0
11424,13.121339,0
11425,13.096885,0
11426,13.121353,0
11427,12.406166,0
11428,12.406143,0
11429,12.406169,0
11430,12.406154,0
11431,13.121390,0
11432,12.295465,0
11433,12.295446,0
11434,12.426362,0
11435,12.373643,0
11436,12.353109,0
11437,12.248658,0
11438,12.301930,0
11439,14.411751,0
11440,13.029571,0
11441,13.036067,0
11442,13.135339,0
11443,13.129749,0
11444,13.029321,0
11445,13.029321,0
11446,12.979890,0
11447,13.129732,0
11448,13.036126,0
11449,13.002100,0
11450,13.036173,0
11451,13.036060,0
11452,13.036204,0
11453,12.980022,0
11454,12.980022,0
11455,12.980062,0
11456,12.979823,0
11457,12.983766,0
11458,13.140159,0
11459,13.129674,0
11460,13.124275,0
11461,13.124275,0
11462,13.036148,0
11463,13.029418,0
11464,13.036352,0
11465,13.124387,0
11466,13.004921,0
11467,13.036361,0
11468,13.002059,0
11469,13.002203,0
11470,13.029443,0
11471,13.135092,0
11472,13.036203,0
11473,13.002240,0
11474,13.029455,0
11475,13.029293,0
11476,13.010154,0
11477,13.036240,0
11478,12.994889,0
11479,13.036275,0
11480,13.002240,0
11481,13.002240,0
11482,13.036240,0
11483,12.980033,0
11484,13.002365,0
11485,13.129490,0
11486,13.002400,0
11487,13.036251,0
11488,13.036364,0
11489,13.036396,0
11490,13.029362,0
11491,13.002316,0
11492,13.002218,0
11493,13.124781,0
11494,13.002370,0
11495,13.002370,0
11496,12.979966,0
11497,12.979966,0
11498,13.016422,0
11499,13.124494,0
11500,13.036279,0
11501,13.029416,0
11502,13.002324,0
11503,13.002359,0
11504,14.534305,0
11505,15.168420,0
11506,15.961159,0
11507,15.189019,0
11508,15.331782,0
11509,15.344408,0
11510,15.344174,0
11511,15.336741,0
11512,14.508502,0
11513,13.205768,0
11514,15.332147,0
11515,14.534255,0
11516,15.189027,0
11517,15.189027,0
11518,21.967654,0
11519,21.967654,0
11520,15.332252,0
11521,59.501374,1
11522,22.125247,0
11523,25.614696,0
11524,22.102400,0
11525,23.309594,0
11526,28.260254,0
11527,24.541331,0
11528,24.534808,0
11529,51.282050,1
11530,51.282050,1
11531,39.210199,1
11532,39.222626,1
11533,12.335767,0
11534,13.315670,0
11535,12.407287,0
11536,12.407287,0
11537,12.342144,0
11538,12.402217,0
11539,12.350474,0
11540,12.335751,0
11541,12.342030,0
11542,12.407145,0
11543,12.419958,0
11544,12.388331,0
11545,12.396584,0
11546,12.341559,0
11547,13.259301,0
11548,12.350424,0
11549,13.259374,0
11550,12.350674,0
11551,12.376360,0
11552,12.376506,0
11553,12.335195,0
11554,13.259161,0
11555,12.341703,0
11556,12.341879,0
11557,12.350216,0
11558,12.350383,0
11559,12.335132,0
11560,13.253523,0
11561,13.253653,0
11562,13.253645,0
11563,12.335684,0
11564,13.253555,0
11565,16.305381,0
11566,12.350114,0
11567,12.341600,0
11568,16.313389,0
11569,12.335469,0
11570,12.341661,0
11571,12.335144,0
11572,12.388080,0
11573,13.259739,0
11574,12.350093,0
11575,13.253355,0
11576,13.253528,0
11577,18.810875,0
11578,12.388149,0
11579,13.267380,0
11580,13.267291,0
11581,12.361319,0
11582,12.361231,0
11583,13.259495,0
11584,13.267264,0
11585,12.350296,0
11586,12.350261,0
11587,13.253044,0
11588,13.259016,0
11589,16.313280,0
11590,13.258662,0
11591,13.259380,0
11592,13.253769,0
11593,12.376114,0
11594,13.253535,0
11595,13.253535,0
11596,13.259472,0
11597,13.267257,0
11598,13.267223,0
11599,13.267277,0
11600,13.253633,0
11601,13.259331,0
11602,16.403762,0
11603,12.518246,0
11604,13.249763,0
11605,13.267365,0
11606,13.249678,0
11607,12.388012,0
11608,13.253671,0
11609,13.259426,0
11610,13.253701,0
11611,13.253345,0
11612,13.253636,0
11613,13.267086,0
11614,12.342109,0
11615,13.267410,0
11616,13.259407,0
11617,13.259534,0
11618,13.259507,0
11619,13.267423,0
11620,12.342065,0
11621,12.396596,0
11622,12.490750,0
11623,12.355126,0
11624,12.470382,0
11625,12.407946,0
11626,12.490713,0
11627,12.413276,0
11628,14.485039,0
11629,12.412728,0
11630,12.360128,0
11631,12.463443,0
11632,12.359935,0
11633,12.360258,0
11634,12.504074,0
11635,12.359975,0
11636,12.490737,0
11637,12.376082,0
11638,12.562382,0
11639,12.522933,0
11640,12.360241,0
11641,12.412721,0
11642,12.456060,0
11643,12.413237,0
11644,12.413237,0
11645,12.413237,0
11646,12.412725,0
11647,14.483295,0
11648,12.470445,0
11649,12.470423,0
11650,12.412769,0
11651,14.484258,0
11652,12.505084,0
11653,12.360243,0
11654,12.359938,0
11655,12.355192,0
11656,12.419680,0
11657,14.484886,0
11658,12.404863,0
11659,12.366950,0
11660,12.355148,0
11661,12.355128,0
11662,12.407940,0
11663,12.359936,0
11664,12.359938,0
11665,14.484240,0
11666,14.484240,0
11667,12.355128,0
11668,12.355150,0
11669,12.355128,0
11670,12.367012,0
11671,12.408052,0
11672,12.408137,0
11673,12.408185,0
11674,12.412731,0
11675,12.352544,0
11676,12.359945,0
11677,12.440113,0
11678,12.407940,0
11679,12.412720,0
11680,14.484246,0
11681,12.419689,0
11682,12.419682,0
11683,12.359981,0
11684,12.359942,0
11685,12.366927,0
11686,12.355120,0
11687,12.408223,0
11688,12.408223,0
11689,14.484276,0
11690,12.366960,0
11691,12.419700,0
11692,12.479497,0
11693,13.032655,0
11694,13.032681,0
11695,13.032695,0
11696,13.068416,0
11697,13.068427,0
11698,13.029194,0
11699,13.068694,0
11700,13.029974,0
11701,13.038268,0
11702,13.032315,0
11703,13.040207,0
11704,13.040177,0
11705,13.031590,0
11706,13.032352,0
11707,13.032361,0
11708,13.038615,0
11709,13.046596,0
11710,15.357931,0
11711,14.561779,0
11712,15.409227,0
11713,14.560788,0
11714,14.560778,0
11715,14.560804,0
11716,14.566912,0
11717,14.560818,0
11718,14.563467,0
11719,15.360739,0
11720,24.305113,0
11721,24.058914,0
11722,27.169278,0
11723,23.344287,0
11724,22.897009,0
11725,19.120914,0
11726,19.120372,0
11727,71.307428,1
11728,28.645039,0
11729,78.623283,1
11730,24.571272,0
11731,24.569847,0
11732,78.172800,1
11733,96.408954,1
11734,15.418362,0
11735,15.424844,0
11736,15.425188,0
11737,15.418338,0
11738,16.162202,0
11739,16.162202,0
11740,16.162202,0
11741,15.447729,0
11742,15.447940,0
11743,15.418556,0
11744,15.418495,0
11745,15.418543,0
11746,15.418430,0
11747,15.418198,0
11748,15.418183,0
11749,15.418164,0
11750,15.480909,0
11751,18.881461,0
11752,15.418229,0
11753,15.418229,0
11754,15.418189,0
11755,15.418189,0
11756,15.418106,0
11757,15.450540,0
11758,19.151357,0
11759,15.707674,0
11760,16.157415,0
11761,19.155913,0
11762,15.703802,0
11763,15.418340,0
11764,19.151211,0
11765,15.446956,0
11766,15.408781,0
11767,16.153013,0
11768,16.152962,0
11769,15.447109,0
11770,15.447646,0
11771,15.465806,0
11772,15.388150,0
11773,15.465804,0
11774,15.471407,0
11775,15.465807,0
11776,15.378656,0
11777,15.471381,0
11778,15.425059,0
11779,15.425240,0
11780,15.425240,0
11781,15.425240,0
11782,15.430615,0
11783,17.136173,0
11784,15.388209,0
11785,15.388209,0
11786,15.388161,0
11787,15.434641,0
11788,15.471416,0
11789,15.388148,0
11790,15.388159,0
11791,15.421121,0
11792,15.434604,0
11793,15.430568,0
11794,15.427987,0
11795,15.428001,0
11796,15.459506,0
11797,15.421117,0
11798,16.050407,0
11799,15.424987,0
11800,15.460887,0
11801,15.423132,0
11802,15.424971,0
11803,17.136130,0
11804,15.434612,0
11805,15.420009,0
11806,15.434706,0
11807,15.475433,0
11808,15.459846,0
11809,15.471378,0
11810,15.418610,0
11811,15.421113,0
11812,16.059668,0
11813,15.428001,0
11814,15.434605,0
11815,15.378656,0
11816,15.378660,0
11817,15.471379,0
11818,15.418629,0
11819,15.418629,0
11820,15.442976,0
11821,15.420009,0
11822,15.418631,0
11823,15.418642,0
11824,16.059670,0
11825,15.378679,0
11826,15.420009,0
11827,15.420006,0
11828,15.442976,0
11829,15.442976,0
11830,15.434612,0
11831,15.461981,0
11832,15.425009,0
11833,16.071532,0
11834,16.044642,0
11835,15.419007,0
11836,15.461965,0
11837,15.461961,0
11838,15.987912,0
11839,15.981298,0
11840,15.981267,0
11841,15.981442,0
11842,15.972051,0
11843,15.976610,0
11844,15.981199,0
11845,15.971862,0
11846,15.983165,0
11847,15.987978,0
11848,15.972007,0
11849,15.989628,0
11850,15.989921,0
11851,15.972160,0
11852,15.981590,0
11853,17.789629,0
11854,24.683805,0
11855,21.238071,0
11856,50.975517,1
11857,39.407634,1
11858,30.098683,0
11859,30.098714,0
11860,79.149798,1
11861,14.674533,0
11862,14.674462,0
11863,14.667307,0
11864,14.667317,0
11865,14.667316,0
11866,14.667307,0
11867,14.667307,0
11868,14.667352,0
11869,14.667352,0
11870,14.667328,0
11871,14.667352,0
11872,14.667352,0
11873,14.667328,0
11874,14.667311,0
11875,14.667311,0
11876,14.674437,0
11877,14.674406,0
11878,14.156268,0
11879,14.156669,0
11880,13.843608,0
11881,13.892247,0
11882,13.886203,0
11883,13.879996,0
11884,13.880062,0
11885,14.084718,0
11886,14.674297,0
11887,14.667178,0
11888,13.884492,0
11889,14.667178,0
11890,14.667369,0
11891,14.667325,0
11892,13.851169,0
11893,13.851032,0
11894,14.674321,0
11895,14.674321,0
11896,14.674321,0
11897,14.667215,0
11898,14.674461,0
11899,17.907663,0
11900,13.850980,0
11901,13.843463,0
11902,13.851024,0
11903,13.878778,0
11904,13.851006,0
11905,14.674307,0
11906,14.674339,0
11907,14.674333,0
11908,14.036883,0
11909,14.661919,0
11910,14.661900,0
11911,14.667200,0
11912,14.667196,0
11913,14.667196,0
11914,14.667196,0
11915,14.667196,0
11916,14.656810,0
11917,13.843490,0
11918,13.843475,0
11919,13.837911,0
11920,13.881063,0
11921,13.886238,0
11922,13.843406,0
11923,13.892086,0
11924,13.843222,0
11925,14.674338,0
11926,14.674321,0
11927,14.674308,0
11928,14.674289,0
11929,14.674323,0
11930,14.674323,0
11931,13.843448,0
11932,13.843448,0
11933,14.661651,0
11934,14.661788,0
11935,14.667259,0
11936,14.164941,0
11937,14.667107,0
11938,14.667243,0
11939,14.661913,0
11940,14.661935,0
11941,14.661935,0
11942,14.661935,0
11943,14.661944,0
11944,14.661931,0
11945,13.832619,0
11946,13.873667,0
11947,13.873667,0
11948,13.878720,0
11949,13.873657,0
11950,13.843551,0
11951,14.164763,0
11952,13.837958,0
11953,13.837956,0
11954,13.837900,0
11955,14.160884,0
11956,14.160884,0
11957,13.843398,0
11958,13.843398,0
11959,13.880040,0
11960,13.880040,0
11961,13.845205,0
11962,14.667199,0
11963,14.667199,0
11964,14.674381,0
11965,13.981375,0
11966,13.951103,0
11967,15.813048,0
11968,15.813087,0
11969,13.904417,0
11970,13.991840,0
11971,15.813070,0
11972,13.936161,0
11973,13.896803,0
11974,13.985627,0
11975,13.943803,0
11976,14.066873,0
11977,13.899669,0
11978,13.938406,0
11979,13.899643,0
11980,13.988978,0
11981,13.938422,0
11982,13.991818,0
11983,14.659138,0
11984,14.659110,0
11985,13.943794,0
11986,13.938413,0
11987,13.951114,0
11988,13.951099,0
11989,13.951117,0
11990,13.951103,0
11991,13.934947,0
11992,13.951111,0
11993,13.951111,0
11994,13.951105,0
11995,13.951105,0
11996,13.933427,0
11997,13.893427,0
11998,14.648436,0
11999,14.648429,0
12000,13.951109,0
12001,13.951125,0
12002,14.639605,0
12003,14.639605,0
12004,14.486539,0
12005,14.486539,0
12006,14.494677,0
12007,14.469373,0
12008,14.477016,0
12009,51.362238,1
12010,51.362238,1
12011,30.859287,0
12012,42.177610,1
12013,20.301410,0
12014,20.313436,0
12015,20.365017,0
12016,20.155714,0
12017,25.357574,0
12018,49.523362,1
12019,20.945240,0
12020,21.039777,0
12021,15.607961,0
12022,18.941451,0
12023,20.945383,0
12024,15.585306,0
12025,16.310423,0
12026,20.945280,0
12027,16.307546,0
12028,20.945321,0
12029,15.607416,0
12030,20.928402,0
12031,20.949622,0
12032,20.945471,0
12033,20.949649,0
12034,20.945497,0
12035,20.949802,0
12036,20.947516,0
12037,20.947516,0
12038,15.633142,0
12039,17.268130,0
12040,15.618616,0
12041,16.236556,0
12042,15.658958,0
12043,15.618571,0
12044,15.618586,0
12045,15.618584,0
12046,15.653707,0
12047,15.653707,0
12048,15.653727,0
12049,15.658961,0
12050,15.658961,0
12051,15.653631,0
12052,15.613288,0
12053,15.613268,0
12054,15.658919,0
12055,15.576468,0
12056,16.231469,0
12057,15.653698,0
12058,15.653631,0
12059,15.653620,0
12060,15.653622,0
12061,15.613291,0
12062,15.658949,0
12063,15.653614,0
12064,15.658904,0
12065,15.658915,0
12066,15.658904,0
12067,15.616896,0
12068,15.658918,0
12069,15.658906,0
12070,15.659024,0
12071,15.658982,0
12072,15.653715,0
12073,15.613327,0
12074,15.618611,0
12075,15.613325,0
12076,16.231467,0
12077,15.618592,0
12078,15.653773,0
12079,15.613256,0
12080,15.653630,0
12081,15.613281,0
12082,15.613272,0
12083,16.236526,0
12084,16.231422,0
12085,15.613230,0
12086,16.107194,0
12087,16.138215,0
12088,16.138215,0
12089,16.134522,0
12090,16.128957,0
12091,16.129166,0
12092,16.107543,0
12093,16.129399,0
12094,16.134660,0
12095,16.129178,0
12096,16.107256,0
12097,16.107256,0
12098,16.134788,0
12099,16.134825,0
12100,16.134787,0
12101,16.129110,0
12102,16.129032,0
12103,16.073318,0
12104,16.129032,0
12105,16.134946,0
12106,16.129107,0
12107,16.129116,0
12108,17.905913,0
12109,17.350825,0
12110,23.849857,0
12111,17.885541,0
12112,17.350992,0
12113,17.350876,0
12114,17.351152,0
12115,17.351152,0
12116,20.016513,0
12117,17.351042,0
12118,17.885600,0
12119,17.351023,0
12120,20.009776,0
12121,17.350816,0
12122,20.011045,0
12123,18.024143,0
12124,18.024197,0
12125,17.886518,0
12126,17.884622,0
12127,17.350922,0
12128,17.886466,0
12129,25.931703,0
12130,24.068699,0
12131,25.177358,0
12132,25.177358,0
12133,25.177290,0
12134,25.176266,0
12135,28.754480,0
12136,27.323433,0
12137,25.177201,0
12138,24.097111,0
12139,21.349503,0
12140,21.469221,0
12141,21.493980,0
12142,84.469041,1
12143,86.347070,1
12144,20.663797,0
12145,24.514332,0
12146,20.688731,0
12147,20.080567,0
12148,24.590956,0
12149,20.692893,0
12150,20.688587,0
12151,23.103084,0
12152,20.050285,0
12153,20.567119,0
12154,21.447167,0
12155,20.134294,0
12156,21.447175,0
12157,20.130151,0
12158,20.098804,0
12159,20.098802,0
12160,20.098777,0
12161,20.130141,0
12162,20.134267,0
12163,20.070358,0
12164,20.102910,0
12165,20.134266,0
12166,21.447213,0
12167,20.066315,0
12168,20.134270,0
12169,20.130147,0
12170,20.114233,0
12171,20.100856,0
12172,20.100856,0
12173,20.102885,0
12174,20.130155,0
12175,20.098794,0
12176,20.130139,0
12177,20.586702,0
12178,20.582659,0
12179,20.102916,0
12180,20.102949,0
12181,20.134271,0
12182,20.134256,0
12183,20.134276,0
12184,20.134254,0
12185,20.134254,0
12186,20.130141,0
12187,20.130143,0
12188,20.066220,0
12189,20.130147,0
12190,20.130177,0
12191,20.130156,0
12192,20.586691,0
12193,20.582661,0
12194,20.582668,0
12195,20.554763,0
12196,20.516332,0
12197,20.539380,0
12198,20.592327,0
12199,20.551985,0
12200,20.552115,0
12201,20.552000,0
12202,20.552134,0
12203,20.552086,0
12204,20.551941,0
12205,20.547815,0
12206,22.057915,0
12207,22.057915,0
12208,21.944613,0
12209,21.961372,0
12210,21.944354,0
12211,22.061958,0
12212,22.084646,0
12213,27.254175,0
12214,28.235476,0
12215,27.242346,0
12216,24.842258,0
12217,24.973167,0
12218,37.069944,1
12219,37.074172,1
12220,37.085975,1
12221,34.636950,1
12222,34.372591,1
12223,34.365509,1
12224,34.358988,1
12225,34.370755,1
12226,34.386666,1
12227,35.162413,1
12228,34.582225,1
12229,34.582225,1
12230,35.440207,1
12231,35.440205,1
12232,35.510231,1
12233,35.173191,1
12234,35.173285,1
12235,35.439932,1
12236,35.445303,1
12237,35.452571,1
12238,35.173218,1
12239,35.461244,1
12240,35.458359,1
12241,35.450615,1
12242,42.961425,1
12243,28.259667,0
12244,28.259699,0
12245,28.650316,0
12246,28.684457,0
12247,28.272318,0
12248,28.684629,0
12249,28.684615,0
12250,30.444573,0
12251,30.444573,0
12252,28.658426,0
12253,29.257266,0
12254,29.257252,0
12255,29.257252,0
12256,28.658431,0
12257,28.312909,0
12258,28.658420,0
12259,28.658408,0
12260,28.658413,0
12261,28.635485,0
12262,28.583281,0
12263,28.583280,0
12264,28.583376,0
12265,28.583170,0
12266,28.583374,0
12267,28.583374,0
12268,29.606734,0
12269,29.600166,0
12270,29.684476,0
12271,29.280275,0
12272,34.501435,1
12273,38.695538,1
12274,39.472368,1
12275,41.459570,1
12276,39.883356,1
12277,35.449954,1
12278,36.597187,1
12279,39.884415,1
12280,26.906438,0
12281,26.906438,0
12282,26.906438,0
12283,26.898312,0
12284,26.853618,0
12285,26.898309,0
12286,27.017976,0
12287,26.854452,0
12288,26.863702,0
12289,28.956944,0
12290,28.898660,0
12291,26.961610,0
12292,26.879775,0
12293,26.861856,0
12294,26.869614,0
12295,26.861855,0
12296,26.912338,0
12297,26.951418,0
12298,26.860436,0
12299,26.869618,0
12300,26.912506,0
12301,26.884122,0
12302,26.884122,0
12303,26.885341,0
12304,26.885479,0
12305,26.838525,0
12306,27.225949,0
12307,26.842940,0
12308,26.864137,0
12309,26.886803,0
12310,26.837506,0
12311,26.837518,0
12312,26.850070,0
12313,27.180761,0
12314,27.208311,0
12315,27.178010,0
12316,27.177840,0
12317,27.943484,0
12318,28.280556,0
12319,37.274144,1
12320,81.720508,1
12321,10.759811,0
12322,10.813321,0
12323,11.801213,0
12324,11.801213,0
12325,10.760065,0
12326,11.810054,0
12327,11.801126,0
12328,15.643168,0
12329,10.799062,0
12330,10.798862,0
12331,10.760037,0
12332,10.799779,0
12333,10.802280,0
12334,10.802144,0
12335,10.802274,0
12336,10.769988,0
12337,10.760109,0
12338,11.180356,0
12339,11.810267,0
12340,11.157499,0
12341,11.157680,0
12342,10.782160,0
12343,11.180506,0
12344,15.677849,0
12345,10.806068,0
12346,10.752912,0
12347,10.798910,0
12348,10.798856,0
12349,10.800952,0
12350,10.799039,0
12351,10.801957,0
12352,10.798936,0
12353,10.799050,0
12354,10.799043,0
12355,11.794659,0
12356,11.812642,0
12357,10.769669,0
12358,10.798902,0
12359,11.801386,0
12360,11.801386,0
12361,11.801386,0
12362,11.180395,0
12363,10.753056,0
12364,10.805989,0
12365,10.805615,0
12366,15.647571,0
12367,10.800923,0
12368,10.822947,0
12369,10.822947,0
12370,10.805718,0
12371,10.805783,0
12372,10.753003,0
12373,10.746061,0
12374,11.809877,0
12375,10.753131,0
12376,10.752570,0
12377,10.752971,0
12378,10.752646,0
12379,11.794531,0
12380,11.794531,0
12381,11.834563,0
12382,15.643228,0
12383,10.814061,0
12384,10.823005,0
12385,11.180238,0
12386,10.849287,0
12387,10.849364,0
12388,10.799074,0
12389,10.798976,0
12390,11.170885,0
12391,11.801175,0
12392,11.180522,0
12393,10.814979,0
12394,11.810089,0
12395,11.180775,0
12396,11.180736,0
12397,11.180648,0
12398,11.180779,0
12399,11.180752,0
12400,11.180439,0
12401,11.180285,0
12402,11.180697,0
12403,11.180347,0
12404,11.180773,0
12405,11.809983,0
12406,11.180586,0
12407,11.180716,0
12408,11.180564,0
12409,15.659050,0
12410,11.180373,0
12411,11.801406,0
12412,11.171525,0
12413,11.801288,0
12414,11.801475,0
12415,11.801475,0
12416,11.171502,0
12417,11.171517,0
12418,11.171517,0
12419,11.171517,0
12420,11.171213,0
12421,10.818154,0
12422,10.797301,0
12423,10.795898,0
12424,10.743678,0
12425,10.862617,0
12426,10.743674,0
12427,10.743674,0
12428,10.795886,0
12429,10.853636,0
12430,10.853636,0
12431,10.853636,0
12432,10.795315,0
12433,10.804368,0
12434,11.677526,0
12435,10.801784,0
12436,10.741086,0
12437,10.795346,0
12438,10.862656,0
12439,10.855628,0
12440,10.870589,0
12441,10.854130,0
12442,10.876304,0
12443,10.876333,0
12444,10.795859,0
12445,10.795309,0
12446,10.795858,0
12447,10.795862,0
12448,10.853622,0
12449,10.853665,0
12450,10.853605,0
12451,13.135221,0
12452,10.857116,0
12453,10.738134,0
12454,11.692646,0
12455,11.692646,0
12456,11.692646,0
12457,10.751734,0
12458,10.804451,0
12459,10.853615,0
12460,11.671517,0
12461,10.798864,0
12462,10.804358,0
12463,10.738136,0
12464,10.853622,0
12465,10.853601,0
12466,11.671516,0
12467,11.677451,0
12468,10.801756,0
12469,10.801759,0
12470,10.795871,0
12471,10.795834,0
12472,11.683917,0
12473,11.683925,0
12474,11.683921,0
12475,10.818136,0
12476,10.799478,0
12477,10.798866,0
12478,10.738134,0
12479,10.798848,0
12480,10.798947,0
12481,10.798851,0
12482,10.808718,0
12483,10.797294,0
12484,11.671514,0
12485,10.795330,0
12486,11.683882,0
12487,11.683906,0
12488,11.683903,0
12489,11.683903,0
12490,11.683903,0
12491,10.808718,0
12492,10.808718,0
12493,10.808723,0
12494,11.692636,0
12495,10.734592,0
12496,10.775264,0
12497,10.775264,0
12498,10.795890,0
12499,10.857138,0
12500,10.857141,0
12501,10.857126,0
12502,10.818224,0
12503,10.743675,0
12504,10.743674,0
12505,10.860035,0
12506,10.798806,0
12507,10.808796,0
12508,10.808719,0
12509,10.808718,0
12510,11.677511,0
12511,10.751709,0
12512,10.870555,0
12513,10.795337,0
12514,10.795337,0
12515,10.808705,0
12516,10.855617,0
12517,10.798930,0
12518,10.857117,0
12519,11.692645,0
12520,10.853675,0
12521,10.751713,0
12522,10.801767,0
12523,11.692607,0
12524,11.692634,0
12525,11.692634,0
12526,11.692654,0
12527,10.805410,0
12528,10.743687,0
12529,10.923206,0
12530,10.853650,0
12531,10.805278,0
12532,10.797359,0
12533,10.853625,0
12534,10.853627,0
12535,11.683910,0
12536,11.687347,0
12537,10.870596,0
12538,10.830087,0
12539,10.830087,0
12540,11.561473,0
12541,11.561470,0
12542,11.589821,0
12543,11.561252,0
12544,11.701014,0
12545,11.552295,0
12546,11.546007,0
12547,11.545697,0
12548,11.629625,0
12549,11.554298,0
12550,11.545746,0
12551,11.545746,0
12552,11.561216,0
12553,11.586510,0
12554,11.561826,0
12555,11.561826,0
12556,11.561304,0
12557,11.561488,0
12558,11.561275,0
12559,11.576006,0
12560,11.572946,0
12561,11.572946,0
12562,13.407743,0
12563,14.121166,0
12564,13.247663,0
12565,13.252134,0
12566,14.125806,0
12567,23.404092,0
12568,24.940212,0
12569,23.485647,0
12570,47.070007,1
12571,49.226177,1
12572,29.593822,0
12573,29.626818,0
12574,29.595108,0
12575,42.196558,1
12576,29.597828,0
12577,41.307165,1
12578,22.078014,0
12579,18.343395,0
12580,18.157320,0
12581,18.150210,0
12582,18.146112,0
12583,18.206309,0
12584,18.144375,0
12585,122.169380,1
12586,83.739856,1
12587,77.938040,1
12588,96.219291,1
12589,72.182363,1
12590,23.986039,0
12591,23.986044,0
12592,23.986044,0
12593,23.986044,0
12594,23.986044,0
12595,23.986048,0
12596,23.985995,0
12597,23.985920,0
12598,23.986044,0
12599,23.986044,0
12600,23.986048,0
12601,23.986048,0
12602,23.986044,0
12603,23.986044,0
12604,23.986048,0
12605,23.986044,0
12606,23.986048,0
12607,23.986048,0
12608,23.986044,0
12609,23.986048,0
12610,23.986044,0
12611,23.986048,0
12612,23.986048,0
12613,23.986044,0
12614,23.986021,0
12615,23.986044,0
12616,23.986044,0
12617,23.986048,0
12618,23.986044,0
12619,23.986044,0
12620,23.986048,0
12621,23.986048,0
12622,23.986048,0
12623,23.986048,0
12624,23.986048,0
12625,23.986044,0
12626,23.985999,0
12627,23.986043,0
12628,23.986048,0
12629,23.986048,0
12630,23.986044,0
12631,23.986044,0
12632,23.986048,0
12633,23.986048,0
12634,23.986048,0
12635,23.986048,0
12636,23.986044,0
12637,23.986044,0
12638,23.986048,0
12639,23.986044,0
12640,23.986048,0
12641,23.985895,0
12642,11.950969,0
12643,12.886392,0
12644,12.852221,0
12645,12.852011,0
12646,16.430030,0
12647,11.951345,0
12648,12.852177,0
12649,16.430076,0
12650,12.879437,0
12651,11.950045,0
12652,12.886407,0
12653,12.878920,0
12654,12.829635,0
12655,12.879679,0
12656,11.927082,0
12657,11.905118,0
12658,11.903611,0
12659,11.980051,0
12660,11.851063,0
12661,12.705875,0
12662,14.036602,0
12663,12.705890,0
12664,12.705944,0
12665,12.705944,0
12666,14.028886,0
12667,12.737612,0
12668,14.057337,0
12669,12.705899,0
12670,12.705901,0
12671,12.706094,0
12672,12.719049,0
12673,12.705909,0
12674,11.869739,0
12675,12.705929,0
12676,12.674484,0
12677,11.884903,0
12678,12.737603,0
12679,11.932968,0
12680,11.932939,0
12681,12.705926,0
12682,12.737597,0
12683,12.737625,0
12684,12.705889,0
12685,12.705922,0
12686,12.685919,0
12687,12.674415,0
12688,12.705892,0
12689,12.705892,0
12690,12.705896,0
12691,12.731067,0
12692,12.705888,0
12693,12.685922,0
12694,12.685919,0
12695,12.705888,0
12696,12.705888,0
12697,12.705890,0
12698,12.737590,0
12699,12.705907,0
12700,11.877481,0
12701,11.877481,0
12702,11.877481,0
12703,12.705889,0
12704,12.731066,0
12705,12.685923,0
12706,12.685923,0
12707,11.872471,0
12708,12.705888,0
12709,12.705888,0
12710,12.705912,0
12711,12.705912,0
12712,12.731072,0
12713,11.922349,0
12714,12.674415,0
12715,12.719049,0
12716,12.685924,0
12717,12.685929,0
12718,11.872459,0
12719,12.685930,0
12720,12.685930,0
12721,12.705888,0
12722,12.705923,0
12723,12.737599,0
12724,12.705892,0
12725,12.685934,0
12726,14.047585,0
12727,12.731070,0
12728,12.731079,0
12729,12.731077,0
12730,12.685933,0
12731,12.685933,0
12732,12.685918,0
12733,11.871067,0
12734,12.737608,0
12735,12.737599,0
12736,12.731070,0
12737,12.731076,0
12738,12.679109,0
12739,12.705905,0
12740,12.705905,0
12741,12.705898,0
12742,12.705889,0
12743,12.705889,0
12744,12.705888,0
12745,12.694869,0
12746,12.694873,0
12747,12.737599,0
12748,12.671846,0
12749,12.705903,0
12750,12.705888,0
12751,12.705915,0
12752,11.829631,0
12753,18.417066,0
12754,11.885062,0
12755,11.885031,0
12756,12.737630,0
12757,11.878089,0
12758,11.829661,0
12759,11.814061,0
12760,12.671422,0
12761,12.731067,0
12762,11.958931,0
12763,11.884771,0
12764,12.737571,0
12765,11.877481,0
12766,14.028471,0
12767,12.737588,0
12768,12.719051,0
12769,12.719051,0
12770,12.705898,0
12771,12.705898,0
12772,11.894306,0
12773,12.694847,0
12774,11.932960,0
12775,12.731115,0
12776,12.659026,0
12777,12.624171,0
12778,12.624353,0
12779,12.638805,0
12780,12.583319,0
12781,12.624266,0
12782,12.624266,0
12783,12.624208,0
12784,12.651839,0
12785,12.601221,0
12786,12.624110,0
12787,12.651825,0
12788,12.638577,0
12789,12.658868,0
12790,12.623959,0
12791,12.601181,0
12792,12.651898,0
12793,12.749917,0
12794,12.623905,0
12795,12.638635,0
12796,12.638685,0
12797,12.658995,0
12798,12.651998,0
12799,12.623934,0
12800,12.659026,0
12801,12.659000,0
12802,12.806933,0
12803,12.659241,0
12804,12.639113,0
12805,12.659031,0
12806,12.651828,0
12807,12.651828,0
12808,67.322420,1
12809,83.943946,1
12810,14.953121,0
12811,15.039301,0
12812,14.980607,0
12813,14.886914,0
12814,14.986550,0
12815,14.855701,0
12816,14.852823,0
12817,14.849889,0
12818,14.916047,0
12819,14.838121,0
12820,14.980727,0
12821,14.814225,0
12822,14.840375,0
12823,14.984229,0
12824,14.812905,0
12825,14.874686,0
12826,14.980518,0
12827,14.855292,0
12828,14.855292,0
12829,14.207225,0
12830,14.170595,0
12831,14.987857,0
12832,14.977978,0
12833,14.185977,0
12834,14.978012,0
12835,14.162929,0
12836,14.196825,0
12837,14.984200,0
12838,14.980510,0
12839,15.010534,0
12840,14.172005,0
12841,59.473048,1
12842,25.420268,0
12843,21.885576,0
12844,21.882100,0
12845,26.960818,0
12846,21.882169,0
12847,21.923811,0
12848,21.879861,0
12849,30.016169,0
12850,28.961277,0
12851,18.820974,0
12852,32.575705,0
12853,50.026030,1
12854,32.575640,0
12855,38.162017,1
12856,38.164205,1
12857,28.750584,0
12858,28.755274,0
12859,28.755349,0
12860,30.560483,0
12861,37.734341,1
12862,37.736540,1
12863,37.736561,1
12864,37.736541,1
12865,37.714252,1
12866,37.736546,1
12867,37.681280,1
12868,37.678868,1
12869,37.681245,1
12870,37.681213,1
12871,37.681303,1
12872,37.665357,1
12873,37.681262,1
12874,38.230361,1
12875,39.492840,1
12876,38.458938,1
12877,38.523261,1
12878,41.699266,1
12879,40.177818,1
12880,48.183826,1
12881,52.829947,1
12882,20.045858,0
12883,16.552232,0
12884,17.256452,0
12885,16.591041,0
12886,17.256574,0
12887,20.042568,0
12888,17.231132,0
12889,17.231132,0
12890,17.231132,0
12891,20.051395,0
12892,16.538800,0
12893,17.204470,0
12894,20.092848,0
12895,17.203657,0
12896,16.562103,0
12897,18.228360,0
12898,18.228360,0
12899,17.184238,0
12900,17.184243,0
12901,17.207651,0
12902,17.207628,0
12903,18.206220,0
12904,18.184279,0
12905,17.202824,0
12906,16.620895,0
12907,17.202907,0
12908,17.202859,0
12909,17.169467,0
12910,17.207667,0
12911,17.207653,0
12912,18.192283,0
12913,18.192416,0
12914,17.169435,0
12915,16.583931,0
12916,17.184195,0
12917,16.546811,0
12918,16.562101,0
12919,18.206161,0
12920,16.541646,0
12921,16.537969,0
12922,16.642711,0
12923,16.642711,0
12924,16.586291,0
12925,17.169482,0
12926,16.642710,0
12927,16.618268,0
12928,17.082143,0
12929,17.061600,0
12930,17.061652,0
12931,17.087622,0
12932,17.087694,0
12933,17.061512,0
12934,17.061324,0
12935,17.061459,0
12936,17.082114,0
12937,17.052163,0
12938,17.087461,0
12939,17.061535,0
12940,17.061570,0
12941,17.061447,0
12942,18.739030,0
12943,18.873941,0
12944,18.231956,0
12945,18.873948,0
12946,18.872489,0
12947,18.882188,0
12948,18.749364,0
12949,18.882114,0
12950,18.742028,0
12951,18.882257,0
12952,18.882027,0
12953,18.881791,0
12954,18.739137,0
12955,20.876522,0
12956,18.739007,0
12957,26.457053,0
12958,24.709124,0
12959,27.923241,0
12960,29.306265,0
12961,29.306265,0
12962,24.709445,0
12963,29.306526,0
12964,27.900295,0
12965,25.790495,0
12966,29.299942,0
12967,29.368624,0
12968,29.368624,0
12969,172.254160,1
12970,30.377320,0
12971,22.053008,0
12972,22.212776,0
12973,22.209228,0
12974,22.209542,0
12975,34.555300,1
12976,34.550063,1
12977,34.538554,1
12978,39.848052,1
12979,34.543529,1
12980,30.955465,0
12981,26.906830,0
12982,32.639043,0
12983,32.639043,0
12984,26.907026,0
12985,32.645910,0
12986,27.213151,0
12987,26.928784,0
12988,27.005881,0
12989,26.948980,0
12990,26.918084,0
12991,32.697082,0
12992,32.259188,0
12993,29.475700,0
12994,29.068182,0
12995,29.126213,0
12996,29.112359,0
12997,29.079236,0
12998,29.101678,0
12999,29.437983,0
13000,29.440766,0
13001,30.048739,0
13002,29.361266,0
13003,29.361390,0
13004,29.358149,0
13005,29.361237,0
13006,29.346193,0
13007,34.129149,1
13008,30.450260,0
13009,30.056569,0
13010,30.450263,0
13011,30.353995,0
13012,30.381163,0
13013,31.672277,0
13014,31.672277,0
13015,36.172063,1
13016,35.761718,1
13017,35.151688,1
13018,35.172571,1
13019,34.924894,1
13020,34.845002,1
13021,32.624178,0
13022,32.511986,0
13023,104.424930,1
13024,42.005859,1
13025,35.995270,1
13026,35.981450,1
13027,29.555349,0
13028,29.555348,0
13029,29.557769,0
13030,30.441555,0
13031,29.531278,0
13032,30.463138,0
13033,30.441534,0
13034,29.532182,0
13035,29.773000,0
13036,29.773037,0
13037,29.772966,0
13038,29.772980,0
13039,29.748508,0
13040,29.828457,0
13041,30.458824,0
13042,30.766483,0
13043,34.484050,1
13044,30.458847,0
13045,30.458913,0
13046,30.775304,0
13047,30.458904,0
13048,30.865399,0
13049,30.458793,0
13050,61.021147,1
13051,54.408742,1
13052,82.861165,1
13053,82.817432,1
13054,34.718901,1
13055,35.517115,1
13056,39.632070,1
13057,32.989363,1
13058,32.875165,0
13059,108.002171,1
13060,108.002171,1
13061,24.612449,0
13062,24.615383,0
13063,24.625547,0
13064,24.622664,0
13065,24.622619,0
13066,24.628024,0
13067,24.618517,0
13068,24.622744,0
13069,24.641855,0
13070,25.084003,0
13071,25.101642,0
13072,24.625944,0
13073,25.083883,0
13074,24.618396,0
13075,24.597978,0
13076,24.605836,0
13077,24.607397,0
13078,25.011064,0
13079,25.011064,0
13080,25.007730,0
13081,24.587678,0
13082,24.623663,0
13083,24.604791,0
13084,24.598103,0
13085,25.007728,0
13086,24.630435,0
13087,24.617912,0
13088,24.557546,0
13089,24.611005,0
13090,24.587785,0
13091,24.597975,0
13092,24.565682,0
13093,24.571380,0
13094,24.614399,0
13095,24.584215,0
13096,24.557536,0
13097,24.557535,0
13098,24.584218,0
13099,24.557546,0
13100,24.557549,0
13101,24.623636,0
13102,24.587790,0
13103,24.587790,0
13104,24.587790,0
13105,24.956226,0
13106,24.956209,0
13107,24.945944,0
13108,24.967883,0
13109,25.780311,0
13110,25.642724,0
13111,26.074693,0
13112,25.663861,0
13113,25.668544,0
13114,25.694018,0
13115,25.678403,0
13116,26.754149,0
13117,25.703883,0
13118,25.716328,0
13119,25.703883,0
13120,25.703883,0
13121,25.997520,0
13122,25.963908,0
13123,25.997555,0
13124,25.984097,0
13125,26.001027,0
13126,25.972911,0
13127,25.972911,0
13128,25.972844,0
13129,26.001003,0
13130,25.965352,0
13131,25.972835,0
13132,25.983973,0
13133,25.991103,0
13134,25.983973,0
13135,26.765538,0
13136,26.765530,0
13137,27.117265,0
13138,27.117265,0
13139,27.207119,0
13140,27.206953,0
13141,27.206979,0
13142,27.115056,0
13143,27.206985,0
13144,27.206979,0
13145,27.207029,0
13146,27.206950,0
13147,27.206979,0
13148,63.595412,1
13149,35.249762,1
13150,35.249752,1
13151,39.710751,1
13152,44.406297,1
13153,81.756858,1
13154,33.286369,1
13155,76.560515,1
13156,76.560515,1
13157,76.560515,1
13158,76.668013,1
13159,77.103247,1
13160,15.119335,0
13161,14.993851,0
13162,15.161400,0
13163,24.382048,0
13164,15.199631,0
13165,15.199722,0
13166,15.274633,0
13167,15.280519,0
13168,15.110394,0
13169,24.377861,0
13170,24.412046,0
13171,14.993891,0
13172,14.993778,0
13173,24.382050,0
13174,24.382111,0
13175,15.757836,0
13176,15.752553,0
13177,15.752553,0
13178,15.752394,0
13179,15.293323,0
13180,15.743573,0
13181,14.981866,0
13182,15.026540,0
13183,15.284554,0
13184,14.993652,0
13185,15.333251,0
13186,15.299501,0
13187,15.156760,0
13188,14.981782,0
13189,14.993878,0
13190,15.291455,0
13191,15.291322,0
13192,15.579895,0
13193,15.589183,0
13194,15.093055,0
13195,15.097831,0
13196,15.097831,0
13197,15.097831,0
13198,15.040300,0
13199,15.026809,0
13200,14.900651,0
13201,15.095300,0
13202,15.095270,0
13203,15.095343,0
13204,15.079462,0
13205,15.064231,0
13206,14.903335,0
13207,14.989377,0
13208,15.040319,0
13209,15.613968,0
13210,14.977053,0
13211,14.903335,0
13212,15.044966,0
13213,15.044966,0
13214,14.947326,0
13215,15.093034,0
13216,14.891030,0
13217,15.595714,0
13218,15.595711,0
13219,15.044956,0
13220,15.106167,0
13221,15.049656,0
13222,15.044935,0
13223,15.001619,0
13224,15.079184,0
13225,15.079182,0
13226,15.044938,0
13227,15.044940,0
13228,15.595712,0
13229,15.040284,0
13230,15.040284,0
13231,15.595712,0
13232,15.595716,0
13233,15.035708,0
13234,15.035708,0
13235,15.026762,0
13236,14.895640,0
13237,14.895640,0
13238,15.024614,0
13239,14.893522,0
13240,15.006191,0
13241,14.903315,0
13242,15.584364,0
13243,15.584359,0
13244,15.584350,0
13245,15.579892,0
13246,15.579902,0
13247,15.579911,0
13248,14.989274,0
13249,14.903323,0
13250,14.903323,0
13251,14.989307,0
13252,14.903300,0
13253,14.903300,0
13254,14.903334,0
13255,15.044933,0
13256,14.911028,0
13257,15.054442,0
13258,15.054444,0
13259,15.018095,0
13260,15.022392,0
13261,15.069265,0
13262,14.979527,0
13263,15.044940,0
13264,14.979554,0
13265,14.989274,0
13266,15.093036,0
13267,15.045004,0
13268,15.044952,0
13269,15.044948,0
13270,15.044962,0
13271,15.044961,0
13272,15.044947,0
13273,15.044969,0
13274,15.044969,0
13275,15.044948,0
13276,15.059313,0
13277,15.059309,0
13278,15.059331,0
13279,15.059344,0
13280,15.059324,0
13281,15.059329,0
13282,15.059333,0
13283,15.059333,0
13284,15.054440,0
13285,15.040294,0
13286,15.040307,0
13287,15.602755,0
13288,15.560619,0
13289,15.572107,0
13290,15.580693,0
13291,15.580692,0
13292,16.862072,0
13293,20.927074,0
13294,26.089740,0
13295,15.103309,0
13296,9.906618,0
13297,9.906618,0
13298,9.906499,0
13299,9.906502,0
13300,9.874501,0
13301,15.045471,0
13302,15.047069,0
13303,10.382487,0
13304,9.906420,0
13305,9.906521,0
13306,9.909800,0
13307,10.295502,0
13308,9.906233,0
13309,9.865934,0
13310,9.874717,0
13311,10.320091,0
13312,9.906060,0
13313,9.906085,0
13314,9.906024,0
13315,9.906132,0
13316,10.999953,0
13317,9.913537,0
13318,9.921385,0
13319,9.908500,0
13320,9.921398,0
13321,9.931679,0
13322,15.057458,0
13323,9.906250,0
13324,9.874492,0
13325,9.931832,0
13326,9.932300,0
13327,9.909691,0
13328,10.982618,0
13329,9.934764,0
13330,9.932022,0
13331,10.000527,0
13332,10.295418,0
13333,9.985854,0
13334,10.081606,0
13335,10.081617,0
13336,9.914330,0
13337,9.903840,0
13338,9.922547,0
13339,9.910870,0
13340,10.858675,0
13341,9.907741,0
13342,9.907747,0
13343,9.969504,0
13344,9.867782,0
13345,9.867785,0
13346,9.867782,0
13347,10.043098,0
13348,9.977573,0
13349,9.985843,0
13350,9.856286,0
13351,9.856283,0
13352,9.910877,0
13353,9.910876,0
13354,9.913707,0
13355,9.913715,0
13356,9.867814,0
13357,9.881973,0
13358,9.922406,0
13359,9.914324,0
13360,9.882033,0
13361,9.980127,0
13362,9.985841,0
13363,9.881994,0
13364,12.415239,0
13365,12.416456,0
13366,9.913700,0
13367,9.913688,0
13368,12.422150,0
13369,12.422240,0
13370,9.985810,0
13371,10.043129,0
13372,9.881977,0
13373,12.413043,0
13374,9.910851,0
13375,9.882026,0
13376,9.881976,0
13377,9.907707,0
13378,9.847534,0
13379,9.847534,0
13380,9.847534,0
13381,9.847534,0
13382,9.847534,0
13383,9.847534,0
13384,9.847534,0
13385,9.847534,0
13386,12.422125,0
13387,9.881971,0
13388,9.910910,0
13389,9.907766,0
13390,9.856300,0
13391,9.965613,0
13392,9.965613,0
13393,10.011154,0
13394,9.913690,0
13395,9.913718,0
13396,11.020918,0
13397,9.967353,0
13398,9.985845,0
13399,9.875702,0
13400,9.913714,0
13401,9.840610,0
13402,9.914417,0
13403,9.992046,0
13404,9.967943,0
13405,10.005050,0
13406,9.903851,0
13407,9.920298,0
13408,9.920298,0
13409,9.904445,0
13410,9.928692,0
13411,9.928712,0
13412,9.918467,0
13413,9.907713,0
13414,9.985827,0
13415,9.985829,0
13416,9.847519,0
13417,9.967382,0
13418,9.841473,0
13419,9.907687,0
13420,9.847533,0
13421,9.977136,0
13422,9.910862,0
13423,10.858663,0
13424,9.971192,0
13425,9.977182,0
13426,9.977163,0
13427,9.971185,0
13428,9.971185,0
13429,9.971206,0
13430,9.903852,0
13431,12.422178,0
13432,9.907684,0
13433,9.977173,0
13434,9.910886,0
13435,9.967943,0
13436,9.903935,0
13437,9.895478,0
13438,9.906025,0
13439,10.043111,0
13440,10.120219,0
13441,9.967915,0
13442,9.856535,0
13443,9.903838,0
13444,9.856296,0
13445,9.841489,0
13446,9.907728,0
13447,12.440182,0
13448,9.913688,0
13449,9.913697,0
13450,9.913720,0
13451,9.922396,0
13452,9.969547,0
13453,9.971194,0
13454,9.971194,0
13455,12.443262,0
13456,9.971200,0
13457,9.907689,0
13458,9.985841,0
13459,9.904444,0
13460,9.904444,0
13461,9.905981,0
13462,9.947913,0
13463,9.985816,0
13464,9.985813,0
13465,9.985812,0
13466,9.907721,0
13467,9.907721,0
13468,9.971206,0
13469,9.967434,0
13470,10.047159,0
13471,10.088440,0
13472,9.977124,0
13473,9.918430,0
13474,9.967340,0
13475,10.715507,0
13476,10.731857,0
13477,10.735057,0
13478,10.708098,0
13479,10.710744,0
13480,10.708403,0
13481,10.732553,0
13482,10.716768,0
13483,10.708580,0
13484,10.708582,0
13485,10.717007,0
13486,10.715279,0
13487,10.708321,0
13488,10.732555,0
13489,10.759073,0
13490,10.759246,0
13491,10.735158,0
13492,10.715392,0
13493,10.766459,0
13494,10.732143,0
13495,10.724767,0
13496,10.715289,0
13497,10.734936,0
13498,10.722520,0
13499,10.710836,0
13500,10.763041,0
13501,10.710678,0
13502,10.716814,0
13503,10.716814,0
13504,10.722819,0
13505,10.724749,0
13506,10.715457,0
13507,10.715264,0
13508,10.722508,0
13509,10.805421,0
13510,10.734847,0
13511,10.732289,0
13512,10.732028,0
13513,10.715275,0
13514,10.710950,0
13515,10.724541,0
13516,10.722497,0
13517,10.711369,0
13518,10.722488,0
13519,10.842926,0
13520,10.715289,0
13521,13.427397,0
13522,13.470168,0
13523,20.476641,0
13524,13.452487,0
13525,13.482548,0
13526,13.286236,0
13527,13.768382,0
13528,13.509219,0
13529,13.509581,0
13530,13.419495,0
13531,13.480241,0
13532,16.169765,0
13533,13.354245,0
13534,13.258210,0
13535,12.542969,0
13536,12.536471,0
13537,13.327454,0
13538,13.432167,0
13539,13.298578,0
13540,13.298578,0
13541,13.455750,0
13542,13.454722,0
13543,13.456216,0
13544,13.425799,0
13545,13.464591,0
13546,13.530559,0
13547,13.449491,0
13548,12.558205,0
13549,13.448441,0
13550,13.449460,0
13551,12.563239,0
13552,13.449487,0
13553,13.457758,0
13554,16.083062,0
13555,12.536432,0
13556,12.536427,0
13557,16.180936,0
13558,16.009289,0
13559,12.529607,0
13560,13.332874,0
13561,13.332874,0
13562,13.362558,0
13563,12.529361,0
13564,12.529531,0
13565,13.446556,0
13566,13.446547,0
13567,13.446329,0
13568,13.442343,0
13569,22.907729,0
13570,22.134416,0
13571,20.861159,0
13572,20.860550,0
13573,20.860550,0
13574,22.140715,0
13575,24.553644,0
13576,24.551676,0
13577,26.140276,0
13578,22.132023,0
13579,29.326941,0
13580,27.291683,0
13581,29.291165,0
13582,17.623482,0
13583,17.623482,0
13584,21.654266,0
13585,17.686020,0
13586,17.832339,0
13587,17.623980,0
13588,21.655433,0
13589,21.662030,0
13590,21.653707,0
13591,17.827078,0
13592,17.833891,0
13593,17.637047,0
13594,17.626690,0
13595,17.641666,0
13596,31.897381,0
13597,31.899317,0
13598,31.899238,0
13599,37.588574,1
13600,27.670544,0
13601,27.701042,0
13602,29.837181,0
13603,29.907491,0
13604,23.430361,0
13605,29.838389,0
13606,23.459044,0
13607,29.843489,0
13608,48.619477,1
13609,48.619425,1
13610,48.619458,1
13611,48.619458,1
13612,48.619458,1
13613,48.619520,1
13614,48.619520,1
13615,48.619458,1
13616,48.619459,1
13617,23.427743,0
13618,104.569381,1
13619,9.066522,0
13620,8.562503,0
13621,9.066518,0
13622,8.574790,0
13623,8.574790,0
13624,9.066522,0
13625,9.060236,0
13626,12.733856,0
13627,8.562533,0
13628,9.066570,0
13629,8.621772,0
13630,12.733839,0
13631,12.733839,0
13632,8.577916,0
13633,8.578025,0
13634,8.562261,0
13635,8.615430,0
13636,9.066496,0
13637,12.744993,0
13638,12.733872,0
13639,12.733924,0
13640,12.733924,0
13641,12.738414,0
13642,12.731503,0
13643,9.060110,0
13644,8.565211,0
13645,8.565094,0
13646,8.565115,0
13647,8.547458,0
13648,8.547031,0
13649,8.545168,0
13650,8.547514,0
13651,12.731519,0
13652,8.553374,0
13653,9.102710,0
13654,9.087614,0
13655,9.087627,0
13656,12.733764,0
13657,9.066084,0
13658,9.075482,0
13659,9.075350,0
13660,9.075362,0
13661,9.056555,0
13662,8.548536,0
13663,9.059847,0
13664,12.731440,0
13665,12.733790,0
13666,9.066457,0
13667,9.075641,0
13668,8.768463,0
13669,13.762779,0
13670,12.744952,0
13671,8.570534,0
13672,9.075723,0
13673,9.075461,0
13674,8.707152,0
13675,8.544815,0
13676,8.544815,0
13677,8.611808,0
13678,8.611808,0
13679,8.611647,0
13680,8.611348,0
13681,8.562589,0
13682,8.628867,0
13683,8.629144,0
13684,8.629064,0
13685,8.620178,0
13686,8.620098,0
13687,12.733815,0
13688,8.614150,0
13689,8.614290,0
13690,8.641200,0
13691,8.641216,0
13692,8.620182,0
13693,8.620189,0
13694,9.059941,0
13695,8.555057,0
13696,8.544660,0
13697,8.608018,0
13698,8.608018,0
13699,14.233206,0
13700,8.544324,0
13701,13.833937,0
13702,9.102605,0
13703,9.073588,0
13704,8.548263,0
13705,8.614052,0
13706,8.614103,0
13707,8.611584,0
13708,8.620180,0
13709,8.620167,0
13710,8.620204,0
13711,8.611464,0
13712,8.620070,0
13713,8.620037,0
13714,8.620187,0
13715,8.620205,0
13716,12.731533,0
13717,8.611640,0
13718,8.611642,0
13719,8.629052,0
13720,12.733759,0
13721,8.547835,0
13722,8.562524,0
13723,8.562650,0
13724,8.548672,0
13725,8.553368,0
13726,9.075230,0
13727,12.731596,0
13728,9.061178,0
13729,8.545007,0
13730,12.733869,0
13731,13.713168,0
13732,8.615484,0
13733,8.574929,0
13734,8.574929,0
13735,12.731493,0
13736,9.060182,0
13737,9.060127,0
13738,9.155556,0
13739,12.733771,0
13740,8.548591,0
13741,8.548439,0
13742,8.574851,0
13743,8.552868,0
13744,8.553127,0
13745,8.544658,0
13746,8.574382,0
13747,8.631243,0
13748,8.676968,0
13749,12.733851,0
13750,8.615415,0
13751,8.577544,0
13752,8.574324,0
13753,14.226475,0
13754,8.553264,0
13755,8.574178,0
13756,13.741003,0
13757,8.562317,0
13758,8.562356,0
13759,8.562371,0
13760,9.060198,0
13761,9.075746,0
13762,9.075750,0
13763,9.075405,0
13764,9.087527,0
13765,13.686613,0
13766,12.738418,0
13767,8.622001,0
13768,9.084630,0
13769,8.544643,0
13770,8.748934,0
13771,8.574497,0
13772,8.574167,0
13773,8.553469,0
13774,8.553157,0
13775,13.681054,0
13776,8.552981,0
13777,8.553240,0
13778,8.815155,0
13779,8.574435,0
13780,9.056492,0
13781,8.544606,0
13782,8.553014,0
13783,12.731480,0
13784,8.648912,0
13785,8.608154,0
13786,8.607857,0
13787,8.553047,0
13788,8.553027,0
13789,8.553129,0
13790,8.547069,0
13791,8.547281,0
13792,8.544800,0
13793,8.544610,0
13794,9.823163,0
13795,9.087580,0
13796,8.874381,0
13797,9.075271,0
13798,9.066420,0
13799,8.615249,0
13800,8.631598,0
13801,8.621785,0
13802,8.621785,0
13803,8.574933,0
13804,8.612070,0
13805,8.612118,0
13806,8.612072,0
13807,8.574329,0
13808,8.615327,0
13809,8.631578,0
13810,8.631689,0
13811,8.631643,0
13812,8.615384,0
13813,8.574759,0
13814,8.619961,0
13815,8.619961,0
13816,8.619751,0
13817,8.613795,0
13818,8.621894,0
13819,9.060181,0
13820,8.544488,0
13821,8.615202,0
13822,9.066485,0
13823,9.066451,0
13824,8.615336,0
13825,8.621732,0
13826,8.555542,0
13827,12.733860,0
13828,8.631665,0
13829,8.548672,0
13830,8.562552,0
13831,12.733872,0
13832,8.574668,0
13833,8.574669,0
13834,8.574669,0
13835,8.614225,0
13836,8.544802,0
13837,8.544937,0
13838,12.731266,0
13839,8.544703,0
13840,8.544703,0
13841,8.621933,0
13842,8.574718,0
13843,8.574616,0
13844,8.621836,0
13845,8.562378,0
13846,8.615251,0
13847,8.555341,0
13848,9.066507,0
13849,12.731499,0
13850,12.733851,0
13851,8.547597,0
13852,8.547392,0
13853,8.613852,0
13854,9.060214,0
13855,12.733848,0
13856,8.548426,0
13857,9.060177,0
13858,8.548244,0
13859,8.544924,0
13860,9.060159,0
13861,9.060159,0
13862,9.060194,0
13863,8.544933,0
13864,8.544798,0
13865,12.731430,0
13866,8.547406,0
13867,8.548350,0
13868,12.733867,0
13869,8.611953,0
13870,8.615381,0
13871,8.622102,0
13872,8.622102,0
13873,8.615381,0
13874,8.553007,0
13875,9.075433,0
13876,8.544788,0
13877,8.544787,0
13878,12.733867,0
13879,9.075707,0
13880,9.075804,0
13881,9.075804,0
13882,9.060270,0
13883,8.547441,0
13884,8.544703,0
13885,8.544703,0
13886,8.611375,0
13887,8.611564,0
13888,8.611564,0
13889,8.612984,0
13890,9.075305,0
13891,9.066464,0
13892,9.066497,0
13893,12.733728,0
13894,8.555375,0
13895,8.548740,0
13896,12.731422,0
13897,12.731645,0
13898,12.731489,0
13899,12.731498,0
13900,12.731441,0
13901,8.554800,0
13902,13.681054,0
13903,13.681895,0
13904,9.060105,0
13905,9.060047,0
13906,9.060051,0
13907,13.681689,0
13908,9.066338,0
13909,13.681224,0
13910,9.075672,0
13911,9.066392,0
13912,9.066382,0
13913,9.060209,0
13914,9.060176,0
13915,9.060209,0
13916,9.060138,0
13917,9.060020,0
13918,8.644064,0
13919,9.075226,0
13920,8.564674,0
13921,8.656061,0
13922,8.793456,0
13923,8.651536,0
13924,8.651536,0
13925,8.685039,0
13926,8.717135,0
13927,8.717119,0
13928,8.717123,0
13929,8.717128,0
13930,8.717122,0
13931,8.717128,0
13932,8.717134,0
13933,8.783144,0
13934,8.741140,0
13935,8.741087,0
13936,8.717143,0
13937,8.717130,0
13938,8.717069,0
13939,8.663297,0
13940,8.663310,0
13941,8.696152,0
13942,8.696129,0
13943,8.738688,0
13944,8.738824,0
13945,8.738688,0
13946,8.731279,0
13947,8.786653,0
13948,8.782330,0
13949,8.793507,0
13950,8.784789,0
13951,8.738582,0
13952,8.803303,0
13953,8.786669,0
13954,8.726759,0
13955,8.793395,0
13956,8.731029,0
13957,8.784762,0
13958,8.790252,0
13959,8.803656,0
13960,8.930287,0
13961,8.786633,0
13962,8.639248,0
13963,8.786716,0
13964,8.726724,0
13965,8.970886,0
13966,8.810994,0
13967,8.803658,0
13968,8.726738,0
13969,8.786698,0
13970,8.786643,0
13971,8.786638,0
13972,8.642834,0
13973,8.647434,0
13974,8.832640,0
13975,8.832640,0
13976,9.142516,0
13977,11.478925,0
13978,8.663290,0
13979,8.786686,0
13980,8.710309,0
13981,8.970922,0
13982,8.786669,0
13983,8.639239,0
13984,8.639244,0
13985,8.866004,0
13986,11.483026,0
13987,8.770950,0
13988,8.897707,0
13989,8.782348,0
13990,8.782348,0
13991,8.726931,0
13992,8.771065,0
13993,8.803253,0
13994,8.656294,0
13995,8.798839,0
13996,8.651537,0
13997,8.656265,0
13998,8.656252,0
13999,8.646238,0
14000,8.831983,0
14001,8.718166,0
14002,8.718119,0
14003,8.790250,0
14004,8.790236,0
14005,8.782984,0
14006,8.803239,0
14007,8.793420,0
14008,8.710180,0
14009,8.726765,0
14010,8.718407,0
14011,8.718407,0
14012,8.859858,0
14013,8.790339,0
14014,9.829347,0
14015,9.813415,0
14016,9.813415,0
14017,8.678316,0
14018,8.696104,0
14019,8.696193,0
14020,8.696161,0
14021,8.678178,0
14022,8.678178,0
14023,8.784934,0
14024,9.028847,0
14025,8.651732,0
14026,8.678153,0
14027,9.567872,0
14028,9.567872,0
14029,9.567588,0
14030,9.567588,0
14031,9.567330,0
14032,9.567566,0
14033,9.523907,0
14034,9.526770,0
14035,9.530952,0
14036,9.584752,0
14037,9.681502,0
14038,9.681502,0
14039,9.553036,0
14040,9.553102,0
14041,9.550647,0
14042,9.523308,0
14043,9.526933,0
14044,11.591812,0
14045,73.808280,1
14046,73.478590,1
14047,28.865728,0
14048,40.750908,1
14049,27.018175,0
14050,16.929902,0
14051,17.172720,0
14052,96.000005,1
14053,107.961254,1
14054,50.512369,1
14055,38.266725,1
14056,26.399800,0
14057,26.371764,0
14058,26.392650,0
14059,26.205035,0
14060,26.208903,0
14061,26.222358,0
14062,26.222358,0
14063,26.280598,0
14064,26.311645,0
14065,26.263487,0
14066,26.221195,0
14067,26.277962,0
14068,26.223774,0
14069,26.223886,0
14070,26.205759,0
14071,26.201953,0
14072,26.373860,0
14073,26.381187,0
14074,26.201901,0
14075,26.213996,0
14076,26.371856,0
14077,26.199972,0
14078,26.205519,0
14079,26.204877,0
14080,26.200143,0
14081,26.208971,0
14082,27.848433,0
14083,26.246471,0
14084,26.199191,0
14085,26.373948,0
14086,26.200329,0
14087,26.200046,0
14088,27.847321,0
14089,26.201945,0
14090,26.208936,0
14091,26.201893,0
14092,26.202332,0
14093,26.370602,0
14094,26.284071,0
14095,26.319270,0
14096,26.259200,0
14097,26.309746,0
14098,27.323637,0
14099,23.072310,0
14100,21.052257,0
14101,21.052257,0
14102,21.052009,0
14103,21.055896,0
14104,21.055613,0
14105,21.055881,0
14106,21.055881,0
14107,21.059563,0
14108,21.064389,0
14109,21.265251,0
14110,21.055557,0
14111,21.053251,0
14112,21.053747,0
14113,21.265253,0
14114,21.266499,0
14115,21.065534,0
14116,21.052246,0
14117,21.266615,0
14118,21.273128,0
14119,21.060275,0
14120,21.278376,0
14121,21.052102,0
14122,21.273112,0
14123,21.268479,0
14124,21.059449,0
14125,21.055776,0
14126,21.055776,0
14127,21.053294,0
14128,21.064321,0
14129,21.064302,0
14130,21.053222,0
14131,21.268312,0
14132,21.055610,0
14133,21.077986,0
14134,21.055610,0
14135,21.191949,0
14136,21.266372,0
14137,21.055530,0
14138,21.055796,0
14139,21.053145,0
14140,21.052283,0
14141,21.052296,0
14142,21.091624,0
14143,21.105773,0
14144,21.085436,0
14145,21.143342,0
14146,21.155324,0
14147,21.082488,0
14148,21.082466,0
14149,21.105782,0
14150,21.116468,0
14151,21.164470,0
14152,21.164483,0
14153,21.136598,0
14154,21.104917,0
14155,21.136422,0
14156,21.143512,0
14157,21.108046,0
14158,21.139412,0
14159,21.136598,0
14160,21.105763,0
14161,21.139434,0
14162,21.104918,0
14163,21.518835,0
14164,53.747578,1
14165,22.956794,0
14166,14.319110,0
14167,14.315052,0
14168,14.315067,0
14169,14.315029,0
14170,13.996795,0
14171,16.884921,0
14172,16.885039,0
14173,16.879583,0
14174,13.999808,0
14175,14.000770,0
14176,13.999808,0
14177,14.012782,0
14178,14.012781,0
14179,13.999808,0
14180,14.012757,0
14181,14.005351,0
14182,14.005362,0
14183,13.994540,0
14184,14.005326,0
14185,14.005326,0
14186,14.005326,0
14187,14.005283,0
14188,14.005334,0
14189,13.999879,0
14190,13.999849,0
14191,13.996293,0
14192,14.005332,0
14193,14.005398,0
14194,14.005459,0
14195,14.005459,0
14196,14.012818,0
14197,13.996218,0
14198,14.012861,0
14199,14.012781,0
14200,14.000810,0
14201,16.884897,0
14202,13.994529,0
14203,14.035577,0
14204,16.881459,0
14205,14.035412,0
14206,16.881458,0
14207,14.314965,0
14208,14.314984,0
14209,14.314983,0
14210,14.318969,0
14211,14.314343,0
14212,14.312826,0
14213,14.312912,0
14214,14.318960,0
14215,13.996976,0
14216,14.000719,0
14217,14.102239,0
14218,14.314996,0
14219,14.035610,0
14220,14.035610,0
14221,14.318896,0
14222,17.733958,0
14223,14.037700,0
14224,14.315015,0
14225,13.996410,0
14226,14.315021,0
14227,16.881397,0
14228,16.881397,0
14229,14.315060,0
14230,13.996731,0
14231,14.315060,0
14232,18.031497,0
14233,16.881468,0
14234,13.994446,0
14235,16.879608,0
14236,14.312915,0
14237,14.312860,0
14238,14.312976,0
14239,14.312976,0
14240,14.312900,0
14241,16.879763,0
14242,14.312930,0
14243,13.994419,0
14244,14.312883,0
14245,13.996247,0
14246,14.811438,0
14247,13.994688,0
14248,13.994688,0
14249,14.037583,0
14250,14.315259,0
14251,14.315056,0
14252,14.315074,0
14253,16.884832,0
14254,14.312928,0
14255,14.036309,0
14256,14.315028,0
14257,13.994577,0
14258,16.879706,0
14259,13.994596,0
14260,14.312905,0
14261,14.055764,0
14262,14.055696,0
14263,14.005318,0
14264,13.996089,0
14265,13.996144,0
14266,14.315024,0
14267,14.005514,0
14268,14.005514,0
14269,13.994460,0
14270,13.999807,0
14271,13.999865,0
14272,14.037668,0
14273,14.317956,0
14274,14.012727,0
14275,14.012774,0
14276,13.999875,0
14277,13.999875,0
14278,13.999721,0
14279,13.999885,0
14280,13.999885,0
14281,14.005313,0
14282,14.005374,0
14283,14.005357,0
14284,14.012665,0
14285,13.996177,0
14286,13.996144,0
14287,14.151705,0
14288,14.080545,0
14289,14.174698,0
14290,14.807290,0
14291,14.241570,0
14292,14.170151,0
14293,14.182885,0
14294,14.176652,0
14295,14.170166,0
14296,14.125169,0
14297,14.125163,0
14298,15.984098,0
14299,14.089160,0
14300,14.130091,0
14301,14.810291,0
14302,14.151843,0
14303,14.170174,0
14304,14.176701,0
14305,14.130093,0
14306,14.080314,0
14307,14.176650,0
14308,14.176650,0
14309,14.176657,0
14310,14.182749,0
14311,14.631981,0
14312,14.632145,0
14313,14.632145,0
14314,14.631999,0
14315,16.009071,0
14316,29.026393,0
14317,20.245120,0
14318,20.236256,0
14319,60.175405,1
14320,27.671211,0
14321,27.507132,0
14322,27.507126,0
14323,27.507179,0
14324,27.676675,0
14325,27.507113,0
14326,27.676682,0
14327,27.537276,0
14328,27.507486,0
14329,27.516467,0
14330,27.516581,0
14331,27.527935,0
14332,27.507161,0
14333,27.509900,0
14334,27.516561,0
14335,27.671277,0
14336,27.670449,0
14337,27.673077,0
14338,27.526898,0
14339,27.516424,0
14340,27.508007,0
14341,27.507973,0
14342,27.507160,0
14343,27.507283,0
14344,27.512789,0
14345,27.657473,0
14346,27.590229,0
14347,27.590345,0
14348,27.543629,0
14349,27.583777,0
14350,27.564325,0
14351,27.574409,0
14352,27.592552,0
14353,27.587114,0
14354,27.842049,0
14355,27.883158,0
14356,27.841938,0
14357,27.847850,0
14358,29.008659,0
14359,30.494666,0
14360,30.339504,0
14361,30.493578,0
14362,30.487622,0
14363,30.355040,0
14364,30.345464,0
14365,30.345402,0
14366,30.342068,0
14367,30.497890,0
14368,30.490121,0
14369,30.503085,0
14370,30.345525,0
14371,30.493528,0
14372,30.490198,0
14373,30.490154,0
14374,30.493452,0
14375,30.487603,0
14376,30.339399,0
14377,30.493591,0
14378,30.490108,0
14379,30.493532,0
14380,30.493568,0
14381,30.337092,0
14382,30.490127,0
14383,30.339389,0
14384,30.485873,0
14385,30.493503,0
14386,30.487583,0
14387,30.349725,0
14388,30.337136,0
14389,30.394862,0
14390,30.464271,0
14391,14.694334,0
14392,14.694266,0
14393,14.693931,0
14394,14.665382,0
14395,14.665464,0
14396,14.959412,0
14397,14.655082,0
14398,14.655082,0
14399,14.655070,0
14400,14.655147,0
14401,14.655147,0
14402,17.431265,0
14403,14.694079,0
14404,14.694077,0
14405,14.694342,0
14406,14.694398,0
14407,14.694398,0
14408,14.694330,0
14409,14.965194,0
14410,14.959362,0
14411,14.959378,0
14412,14.655076,0
14413,17.432909,0
14414,14.695593,0
14415,14.695593,0
14416,14.959427,0
14417,14.960830,0
14418,14.960754,0
14419,14.960754,0
14420,14.960770,0
14421,14.695752,0
14422,14.695753,0
14423,14.695727,0
14424,14.695752,0
14425,14.655095,0
14426,14.655065,0
14427,14.960703,0
14428,14.694214,0
14429,14.694001,0
14430,14.694001,0
14431,14.655205,0
14432,14.655205,0
14433,14.959234,0
14434,14.695422,0
14435,14.695553,0
14436,14.695706,0
14437,14.660024,0
14438,14.656578,0
14439,14.656578,0
14440,14.699018,0
14441,14.705807,0
14442,14.655060,0
14443,14.655112,0
14444,14.655112,0
14445,14.661668,0
14446,14.705627,0
14447,14.672532,0
14448,14.959355,0
14449,14.958982,0
14450,14.958982,0
14451,14.959328,0
14452,14.705847,0
14453,14.660172,0
14454,14.959440,0
14455,14.961437,0
14456,14.961435,0
14457,14.961435,0
14458,14.713421,0
14459,14.713421,0
14460,14.713549,0
14461,14.713549,0
14462,14.696221,0
14463,14.656639,0
14464,14.959377,0
14465,14.959431,0
14466,14.959319,0
14467,14.655084,0
14468,14.959402,0
14469,14.959409,0
14470,14.959429,0
14471,14.959383,0
14472,14.959399,0
14473,14.959373,0
14474,14.959563,0
14475,14.959563,0
14476,14.959508,0
14477,14.961489,0
14478,14.961489,0
14479,14.961424,0
14480,14.696213,0
14481,14.696213,0
14482,14.667109,0
14483,14.959491,0
14484,14.959380,0
14485,14.959438,0
14486,14.959400,0
14487,14.959416,0
14488,14.959431,0
14489,14.959399,0
14490,14.959399,0
14491,14.959385,0
14492,14.959516,0
14493,14.959516,0
14494,14.657362,0
14495,14.657105,0
14496,14.961443,0
14497,14.959366,0
14498,14.959373,0
14499,14.959375,0
14500,14.657403,0
14501,14.959348,0
14502,14.959412,0
14503,14.959409,0
14504,14.959409,0
14505,14.959412,0
14506,14.961435,0
14507,14.959407,0
14508,14.959397,0
14509,14.959536,0
14510,14.959536,0
14511,14.959352,0
14512,14.961446,0
14513,14.830903,0
14514,14.830887,0
14515,14.833461,0
14516,14.833461,0
14517,14.833461,0
14518,14.833461,0
14519,14.833461,0
14520,14.833461,0
14521,14.833458,0
14522,14.753775,0
14523,14.833460,0
14524,14.832311,0
14525,14.793211,0
14526,14.830979,0
14527,14.843279,0
14528,14.832336,0
14529,14.832338,0
14530,20.697113,0
14531,11.360452,0
14532,11.577835,0
14533,11.412335,0
14534,11.552463,0
14535,11.500198,0
14536,11.400122,0
14537,11.400182,0
14538,11.400231,0
14539,11.362427,0
14540,11.752004,0
14541,12.359230,0
14542,12.359413,0
14543,12.359494,0
14544,14.761643,0
14545,11.405161,0
14546,12.359230,0
14547,11.404985,0
14548,11.404985,0
14549,11.369481,0
14550,11.369470,0
14551,11.759193,0
14552,11.783490,0
14553,12.350846,0
14554,11.750253,0
14555,11.759104,0
14556,11.744664,0
14557,11.759493,0
14558,11.400186,0
14559,12.344789,0
14560,11.740000,0
14561,12.359466,0
14562,11.751767,0
14563,11.422116,0
14564,16.067127,0
14565,11.353264,0
14566,11.412698,0
14567,11.412698,0
14568,11.412640,0
14569,11.400087,0
14570,11.743395,0
14571,11.744930,0
14572,11.772881,0
14573,11.397666,0
14574,11.412484,0
14575,11.400392,0
14576,11.870265,0
14577,11.425771,0
14578,11.346936,0
14579,11.349814,0
14580,14.759090,0
14581,11.369721,0
14582,11.400070,0
14583,11.353275,0
14584,11.394691,0
14585,16.095615,0
14586,11.395007,0
14587,11.395083,0
14588,11.369188,0
14589,16.066018,0
14590,11.589610,0
14591,11.395120,0
14592,12.411098,0
14593,11.737528,0
14594,11.737528,0
14595,11.737504,0
14596,11.737428,0
14597,12.350876,0
14598,11.751756,0
14599,12.359486,0
14600,12.359481,0
14601,11.426014,0
14602,12.359088,0
14603,11.369740,0
14604,12.382458,0
14605,12.359184,0
14606,12.382605,0
14607,11.752013,0
14608,11.751926,0
14609,16.061493,0
14610,11.737395,0
14611,11.737332,0
14612,11.737395,0
14613,11.400162,0
14614,11.412513,0
14615,11.412581,0
14616,11.422151,0
14617,16.072774,0
14618,11.743862,0
14619,11.590899,0
14620,11.597157,0
14621,11.578481,0
14622,11.578481,0
14623,11.441532,0
14624,11.515820,0
14625,11.439108,0
14626,11.336307,0
14627,11.323951,0
14628,11.336308,0
14629,11.390404,0
14630,11.390394,0
14631,11.449418,0
14632,11.578477,0
14633,11.336306,0
14634,11.416370,0
14635,11.323456,0
14636,11.578492,0
14637,11.540669,0
14638,11.497362,0
14639,11.336309,0
14640,11.336306,0
14641,11.336306,0
14642,11.336311,0
14643,11.328691,0
14644,11.383810,0
14645,11.336319,0
14646,11.336313,0
14647,11.578494,0
14648,11.433969,0
14649,11.549199,0
14650,11.549231,0
14651,11.549225,0
14652,11.424311,0
14653,11.336306,0
14654,11.336462,0
14655,11.336324,0
14656,11.336312,0
14657,11.534296,0
14658,11.320088,0
14659,11.578483,0
14660,11.399355,0
14661,11.323449,0
14662,11.399394,0
14663,11.336423,0
14664,11.336423,0
14665,11.323432,0
14666,11.323432,0
14667,11.323434,0
14668,11.381041,0
14669,11.358654,0
14670,11.358653,0
14671,11.358646,0
14672,11.358646,0
14673,11.358646,0
14674,11.390371,0
14675,11.336309,0
14676,11.336309,0
14677,11.393843,0
14678,11.393843,0
14679,11.393843,0
14680,11.393843,0
14681,11.436376,0
14682,11.471236,0
14683,11.328680,0
14684,11.358679,0
14685,11.358679,0
14686,11.578517,0
14687,11.336310,0
14688,11.328694,0
14689,11.358649,0
14690,11.358657,0
14691,11.358665,0
14692,11.358659,0
14693,11.424288,0
14694,11.347038,0
14695,11.347038,0
14696,11.441992,0
14697,11.336309,0
14698,11.554853,0
14699,12.220142,0
14700,11.346313,0
14701,11.449113,0
14702,11.336309,0
14703,11.336310,0
14704,11.336356,0
14705,11.336312,0
14706,11.358661,0
14707,11.449084,0
14708,11.328686,0
14709,11.578511,0
14710,12.215450,0
14711,11.358653,0
14712,12.274055,0
14713,12.274055,0
14714,11.386807,0
14715,11.399314,0
14716,11.435566,0
14717,11.399323,0
14718,13.626228,0
14719,12.274082,0
14720,11.336309,0
14721,12.227250,0
14722,12.227250,0
14723,11.336317,0
14724,11.336317,0
14725,11.326186,0
14726,11.358837,0
14727,11.435006,0
14728,11.435047,0
14729,11.399314,0
14730,11.454596,0
14731,11.441609,0
14732,11.440300,0
14733,11.512138,0
14734,11.386840,0
14735,12.199483,0
14736,12.124676,0
14737,12.115733,0
14738,12.115162,0
14739,12.113326,0
14740,12.203170,0
14741,12.265908,0
14742,12.265751,0
14743,12.107183,0
14744,12.102850,0
14745,12.132746,0
14746,12.191060,0
14747,12.305450,0
14748,12.288106,0
14749,12.116975,0
14750,12.190891,0
14751,12.102887,0
14752,13.741373,0
14753,14.580723,0
14754,14.581571,0
14755,13.752403,0
14756,14.585495,0
14757,21.609861,0
14758,28.757769,0
14759,18.699616,0
14760,18.505043,0
14761,22.374499,0
14762,18.504982,0
14763,38.004802,1
14764,59.613219,1
14765,28.265632,0
14766,24.189923,0
14767,30.364809,0
14768,30.364809,0
14769,122.266395,1
14770,64.335287,1
14771,10.663787,0
14772,10.700621,0
14773,10.680561,0
14774,10.610251,0
14775,10.680293,0
14776,10.610362,0
14777,10.610362,0
14778,10.619940,0
14779,10.602837,0
14780,10.620185,0
14781,65.489721,1
14782,10.609878,0
14783,10.609878,0
14784,11.068531,0
14785,10.664331,0
14786,10.619923,0
14787,10.733588,0
14788,10.673714,0
14789,10.656408,0
14790,10.676436,0
14791,10.658049,0
14792,10.620110,0
14793,11.036104,0
14794,10.652647,0
14795,11.078858,0
14796,10.652699,0
14797,10.620104,0
14798,11.673528,0
14799,11.673528,0
14800,10.632342,0
14801,10.632354,0
14802,10.632650,0
14803,10.647416,0
14804,11.728148,0
14805,11.698365,0
14806,11.035632,0
14807,10.620192,0
14808,10.647398,0
14809,10.632227,0
14810,10.610030,0
14811,10.677376,0
14812,10.633900,0
14813,10.593213,0
14814,10.722412,0
14815,10.634020,0
14816,10.695204,0
14817,10.671475,0
14818,10.671499,0
14819,10.722794,0
14820,13.017002,0
14821,13.072213,0
14822,10.695268,0
14823,10.888280,0
14824,10.633926,0
14825,10.657799,0
14826,10.657799,0
14827,10.610038,0
14828,10.758991,0
14829,10.716885,0
14830,10.610027,0
14831,10.657796,0
14832,10.716849,0
14833,10.596291,0
14834,10.716832,0
14835,11.562492,0
14836,10.610069,0
14837,10.620732,0
14838,10.620732,0
14839,10.601935,0
14840,10.601890,0
14841,10.620731,0
14842,10.620793,0
14843,10.620700,0
14844,10.868517,0
14845,10.671477,0
14846,10.730475,0
14847,10.730475,0
14848,10.881662,0
14849,10.610035,0
14850,10.730483,0
14851,10.682116,0
14852,10.654747,0
14853,13.016349,0
14854,10.610026,0
14855,10.610026,0
14856,10.610030,0
14857,10.601881,0
14858,10.601881,0
14859,10.601881,0
14860,10.601883,0
14861,10.671474,0
14862,13.017062,0
14863,10.593282,0
14864,10.593282,0
14865,10.620705,0
14866,10.654755,0
14867,10.722438,0
14868,10.610042,0
14869,10.649602,0
14870,10.881668,0
14871,10.633898,0
14872,10.722407,0
14873,10.730447,0
14874,10.663375,0
14875,10.722400,0
14876,10.663975,0
14877,13.072518,0
14878,10.722395,0
14879,10.601915,0
14880,10.610169,0
14881,10.716886,0
14882,10.716882,0
14883,10.596394,0
14884,10.713831,0
14885,10.855646,0
14886,13.047663,0
14887,10.726920,0
14888,10.730465,0
14889,10.610199,0
14890,10.610196,0
14891,10.730615,0
14892,10.671476,0
14893,10.671476,0
14894,10.730485,0
14895,10.633921,0
14896,10.610075,0
14897,10.601917,0
14898,10.671490,0
14899,10.730488,0
14900,10.730475,0
14901,13.047665,0
14902,10.722432,0
14903,10.610078,0
14904,10.610078,0
14905,10.754105,0
14906,11.557134,0
14907,10.730436,0
14908,10.754042,0
14909,10.730443,0
14910,10.741001,0
14911,10.888337,0
14912,10.730452,0
14913,10.657797,0
14914,10.783801,0
14915,10.716862,0
14916,10.677326,0
14917,10.664303,0
14918,10.596302,0
14919,10.596274,0
14920,10.754051,0
14921,10.610051,0
14922,10.762914,0
14923,10.716852,0
14924,10.596274,0
14925,10.610033,0
14926,10.671476,0
14927,11.404755,0
14928,11.422650,0
14929,11.413321,0
14930,11.460911,0
14931,11.402940,0
14932,11.422577,0
14933,11.463410,0
14934,11.422214,0
14935,11.447316,0
14936,11.447705,0
14937,11.447713,0
14938,11.563008,0
14939,11.422302,0
14940,11.422111,0
14941,11.592265,0
14942,11.592265,0
14943,11.592265,0
14944,11.592077,0
14945,11.585794,0
14946,11.580199,0
14947,11.563558,0
14948,11.429245,0
14949,11.415072,0
14950,11.405131,0
14951,11.433695,0
14952,11.580693,0
14953,11.421660,0
14954,11.433522,0
14955,11.414983,0
14956,11.406257,0
14957,11.413153,0
14958,11.413408,0
14959,11.436683,0
14960,11.436893,0
14961,11.635691,0
14962,11.635738,0
14963,11.478162,0
14964,11.421670,0
14965,11.422297,0
14966,11.422492,0
14967,11.503827,0
14968,11.433817,0
14969,11.434123,0
14970,11.636090,0
14971,11.422314,0
14972,11.422435,0
14973,11.422630,0
14974,11.642455,0
14975,11.414987,0
14976,11.568908,0
14977,11.422494,0
14978,11.424717,0
14979,11.580443,0
14980,11.401563,0
14981,11.422310,0
14982,11.414857,0
14983,11.447448,0
14984,11.447448,0
14985,11.503825,0
14986,11.422183,0
14987,11.406219,0
14988,11.433649,0
14989,11.447648,0
14990,11.433491,0
14991,11.424898,0
14992,11.424898,0
14993,11.433676,0
14994,11.422174,0
14995,11.580174,0
14996,11.580174,0
14997,13.825341,0
14998,21.009350,0
14999,13.126184,0
15000,13.126109,0
15001,13.123564,0
15002,13.125739,0
15003,14.003253,0
15004,13.277435,0
15005,13.124993,0
15006,13.822752,0
15007,16.644777,0
15008,13.125086,0
15009,14.003783,0
15010,13.125105,0
15011,13.124962,0
15012,14.002882,0
15013,13.125121,0
15014,14.003433,0
15015,14.024906,0
15016,13.125105,0
15017,13.126241,0
15018,13.125159,0
15019,13.142057,0
15020,13.203444,0
15021,14.017171,0
15022,14.016913,0
15023,14.069675,0
15024,13.214818,0
15025,13.320430,0
15026,13.320430,0
15027,13.120931,0
15028,13.821940,0
15029,14.087665,0
15030,13.967752,0
15031,14.003418,0
15032,13.331677,0
15033,16.613695,0
15034,14.003678,0
15035,23.216586,0
15036,21.228839,0
15037,24.862351,0
15038,22.477731,0
15039,21.225250,0
15040,21.224589,0
15041,21.224589,0
15042,22.474558,0
15043,21.349428,0
15044,18.253296,0
15045,18.253557,0
15046,18.065002,0
15047,18.049470,0
15048,21.635384,0
15049,18.821452,0
15050,21.639119,0
15051,21.643453,0
15052,21.644500,0
15053,19.056901,0
15054,18.830917,0
15055,18.821471,0
15056,21.642939,0
15057,21.634714,0
15058,21.635317,0
15059,21.634867,0
15060,18.821456,0
15061,18.821431,0
15062,19.059616,0
15063,21.650644,0
15064,18.819109,0
15065,19.056626,0
15066,19.056626,0
15067,21.643031,0
15068,18.831073,0
15069,18.832493,0
15070,18.880500,0
15071,18.821223,0
15072,18.821384,0
15073,21.638236,0
15074,18.826746,0
15075,18.831965,0
15076,21.667054,0
15077,18.877925,0
15078,18.827211,0
15079,18.821427,0
15080,21.053138,0
15081,21.638954,0
15082,21.632366,0
15083,21.733060,0
15084,18.826661,0
15085,19.064337,0
15086,18.821383,0
15087,18.941837,0
15088,21.055778,0
15089,18.818689,0
15090,18.817494,0
15091,19.070186,0
15092,18.817535,0
15093,18.817459,0
15094,18.825476,0
15095,19.057039,0
15096,19.057039,0
15097,19.060076,0
15098,19.060148,0
15099,18.848549,0
15100,18.826708,0
15101,19.057103,0
15102,18.857162,0
15103,18.857031,0
15104,18.879084,0
15105,18.879084,0
15106,18.870297,0
15107,18.879087,0
15108,18.879087,0
15109,18.878893,0
15110,18.870297,0
15111,18.879031,0
15112,21.055911,0
15113,21.053181,0
15114,21.053181,0
15115,21.053157,0
15116,18.969472,0
15117,19.064471,0
15118,21.632709,0
15119,21.053165,0
15120,19.057039,0
15121,18.970527,0
15122,18.900561,0
15123,19.048847,0
15124,18.896711,0
15125,18.912753,0
15126,18.964444,0
15127,19.052572,0
15128,18.964460,0
15129,19.296306,0
15130,75.765544,1
15131,46.288401,1
15132,13.204418,0
15133,13.236180,0
15134,13.236351,0
15135,13.541154,0
15136,13.238707,0
15137,13.541302,0
15138,13.541194,0
15139,14.075256,0
15140,14.075256,0
15141,13.541317,0
15142,13.541224,0
15143,14.061300,0
15144,13.238462,0
15145,13.241757,0
15146,13.241461,0
15147,13.235752,0
15148,13.235999,0
15149,13.542846,0
15150,13.237913,0
15151,13.237935,0
15152,13.237843,0
15153,13.237944,0
15154,13.237944,0
15155,13.247335,0
15156,13.247545,0
15157,13.247545,0
15158,13.204498,0
15159,13.204498,0
15160,13.241580,0
15161,13.241757,0
15162,13.238620,0
15163,13.204473,0
15164,16.970946,0
15165,13.204484,0
15166,13.257718,0
15167,13.204479,0
15168,13.247476,0
15169,13.236149,0
15170,13.204543,0
15171,13.204474,0
15172,16.981533,0
15173,13.195115,0
15174,13.204377,0
15175,13.204377,0
15176,13.204361,0
15177,13.204361,0
15178,13.536610,0
15179,13.198322,0
15180,13.204472,0
15181,13.212080,0
15182,13.204070,0
15183,13.212447,0
15184,13.212447,0
15185,13.212420,0
15186,13.234026,0
15187,14.093492,0
15188,13.277096,0
15189,13.198752,0
15190,13.373284,0
15191,13.176285,0
15192,13.176211,0
15193,13.176232,0
15194,13.275576,0
15195,13.271035,0
15196,13.190083,0
15197,13.268133,0
15198,13.176250,0
15199,13.399004,0
15200,13.176237,0
15201,13.227872,0
15202,13.275514,0
15203,13.462487,0
15204,13.946684,0
15205,13.248893,0
15206,13.181927,0
15207,13.185041,0
15208,13.184942,0
15209,13.173941,0
15210,13.223379,0
15211,13.223379,0
15212,13.268151,0
15213,13.204180,0
15214,13.271027,0
15215,13.275518,0
15216,13.271040,0
15217,13.271040,0
15218,13.334391,0
15219,13.268588,0
15220,13.282042,0
15221,13.253555,0
15222,13.253554,0
15223,13.253554,0
15224,13.227891,0
15225,13.399003,0
15226,13.220929,0
15227,13.220922,0
15228,13.220922,0
15229,13.290530,0
15230,13.193515,0
15231,13.291482,0
15232,13.275508,0
15233,13.275509,0
15234,13.275510,0
15235,13.275511,0
15236,13.220974,0
15237,13.220959,0
15238,13.220984,0
15239,13.275525,0
15240,13.275507,0
15241,13.409832,0
15242,13.407664,0
15243,13.225944,0
15244,13.227875,0
15245,13.275516,0
15246,13.950149,0
15247,13.275523,0
15248,13.181949,0
15249,13.178369,0
15250,13.223576,0
15251,13.178445,0
15252,13.189695,0
15253,13.275580,0
15254,13.275530,0
15255,13.171422,0
15256,13.301105,0
15257,13.234419,0
15258,13.184914,0
15259,13.291508,0
15260,13.360987,0
15261,13.204121,0
15262,13.223467,0
15263,13.325219,0
15264,13.404392,0
15265,13.204124,0
15266,13.204124,0
15267,13.268191,0
15268,13.329343,0
15269,13.173877,0
15270,13.173866,0
15271,13.305087,0
15272,13.404393,0
15273,13.223431,0
15274,14.000525,0
15275,14.000525,0
15276,13.865375,0
15277,13.857522,0
15278,13.857516,0
15279,13.858290,0
15280,13.886081,0
15281,13.857902,0
15282,13.874754,0
15283,13.885932,0
15284,13.864816,0
15285,13.857283,0
15286,13.885981,0
15287,13.865018,0
15288,13.865389,0
15289,13.936327,0
15290,16.792429,0
15291,15.303206,0
15292,16.058812,0
15293,16.057207,0
15294,16.069368,0
15295,15.303406,0
15296,26.079939,0
15297,26.079846,0
15298,23.809852,0
15299,19.883113,0
15300,19.690121,0
15301,173.067993,1
15302,46.987885,1
15303,46.987885,1
15304,33.085333,1
15305,29.323554,0
15306,25.053822,0
15307,11.336716,0
15308,11.322555,0
15309,11.288407,0
15310,16.026813,0
15311,11.361426,0
15312,11.301757,0
15313,11.311015,0
15314,11.311099,0
15315,11.311339,0
15316,11.311051,0
15317,11.311051,0
15318,11.361214,0
15319,11.310856,0
15320,11.301916,0
15321,11.311009,0
15322,16.024338,0
15323,11.339018,0
15324,11.295052,0
15325,11.311121,0
15326,11.294824,0
15327,11.680755,0
15328,11.341728,0
15329,11.341625,0
15330,11.341635,0
15331,11.338852,0
15332,11.681141,0
15333,11.341828,0
15334,11.680838,0
15335,11.338861,0
15336,11.680782,0
15337,11.680782,0
15338,11.680789,0
15339,11.352473,0
15340,11.354269,0
15341,11.336672,0
15342,11.338731,0
15343,11.338786,0
15344,11.340870,0
15345,11.346176,0
15346,11.346744,0
15347,11.346744,0
15348,11.352035,0
15349,11.339177,0
15350,11.294735,0
15351,11.294735,0
15352,11.302045,0
15353,11.347057,0
15354,11.339303,0
15355,11.339277,0
15356,11.339277,0
15357,11.341613,0
15358,11.311093,0
15359,11.294979,0
15360,11.301951,0
15361,11.311168,0
15362,12.284748,0
15363,11.342016,0
15364,11.339122,0
15365,11.345349,0
15366,11.376026,0
15367,11.318405,0
15368,11.340974,0
15369,11.504291,0
15370,11.431385,0
15371,11.453508,0
15372,11.453513,0
15373,11.431360,0
15374,11.453550,0
15375,11.412998,0
15376,11.423820,0
15377,11.376036,0
15378,11.318409,0
15379,11.363209,0
15380,11.431355,0
15381,13.815710,0
15382,11.365948,0
15383,11.431350,0
15384,11.372550,0
15385,11.453509,0
15386,11.318737,0
15387,11.359829,0
15388,13.599972,0
15389,11.453537,0
15390,11.340780,0
15391,11.368982,0
15392,11.368982,0
15393,11.368987,0
15394,11.376036,0
15395,11.318430,0
15396,11.423876,0
15397,11.441343,0
15398,11.381525,0
15399,11.310775,0
15400,11.305510,0
15401,13.619673,0
15402,11.305510,0
15403,11.415769,0
15404,11.415768,0
15405,11.431400,0
15406,11.421363,0
15407,11.392845,0
15408,11.365977,0
15409,11.361759,0
15410,11.366026,0
15411,11.417143,0
15412,11.318406,0
15413,11.417162,0
15414,11.417122,0
15415,11.626408,0
15416,11.359897,0
15417,11.415270,0
15418,11.361725,0
15419,11.361792,0
15420,11.469146,0
15421,11.328427,0
15422,11.310800,0
15423,11.376043,0
15424,11.318406,0
15425,11.318420,0
15426,11.318402,0
15427,11.318409,0
15428,11.318406,0
15429,11.368995,0
15430,11.340798,0
15431,11.340785,0
15432,11.310802,0
15433,11.363194,0
15434,11.310791,0
15435,11.310788,0
15436,11.431409,0
15437,11.328463,0
15438,13.597817,0
15439,11.302135,0
15440,11.368990,0
15441,11.418605,0
15442,11.302658,0
15443,11.457282,0
15444,11.398288,0
15445,11.328443,0
15446,11.318435,0
15447,13.653385,0
15448,11.369012,0
15449,11.363280,0
15450,11.340805,0
15451,11.376058,0
15452,11.340783,0
15453,11.415350,0
15454,11.431423,0
15455,11.376028,0
15456,11.318408,0
15457,11.417136,0
15458,12.081163,0
15459,12.060468,0
15460,12.110900,0
15461,12.058556,0
15462,12.094843,0
15463,12.060711,0
15464,12.058546,0
15465,12.052411,0
15466,12.097719,0
15467,12.069773,0
15468,12.094754,0
15469,12.120530,0
15470,12.046111,0
15471,12.046113,0
15472,12.048936,0
15473,12.045956,0
15474,12.047899,0
15475,12.091358,0
15476,12.091358,0
15477,12.053800,0
15478,12.053800,0
15479,12.081251,0
15480,12.060571,0
15481,12.206272,0
15482,12.046311,0
15483,12.048932,0
15484,12.120468,0
15485,12.222734,0
15486,12.067245,0
15487,12.067779,0
15488,12.067737,0
15489,12.078339,0
15490,12.201501,0
15491,12.048077,0
15492,12.094798,0
15493,12.132498,0
15494,12.058554,0
15495,12.067498,0
15496,12.069807,0
15497,12.157390,0
15498,12.222528,0
15499,12.094539,0
15500,12.060503,0
15501,12.069753,0
15502,12.222593,0
15503,12.129006,0
15504,12.128818,0
15505,12.045821,0
15506,12.091401,0
15507,12.081187,0
15508,12.046425,0
15509,12.046538,0
15510,12.048765,0
15511,12.053634,0
15512,12.069525,0
15513,13.841311,0
15514,14.384628,0
15515,14.679838,0
15516,16.942234,0
15517,14.501245,0
15518,14.364590,0
15519,14.534247,0
15520,14.360580,0
15521,14.381848,0
15522,17.028753,0
15523,13.772708,0
15524,13.861445,0
15525,13.861546,0
15526,23.575483,0
15527,24.168049,0
15528,24.307214,0
15529,33.079363,1
15530,44.770471,1
15531,21.580054,0
15532,22.809161,0
15533,41.412958,1
15534,18.660496,0
15535,22.348995,0
15536,22.391544,0
15537,22.391519,0
15538,18.679876,0
15539,18.491215,0
15540,28.222067,0
15541,28.216253,0
15542,28.517972,0
15543,24.061294,0
15544,24.076505,0
15545,24.069376,0
15546,83.795363,1
15547,191.621734,1
15548,108.209449,1
15549,11.671529,0
15550,11.671847,0
15551,11.671379,0
15552,11.656080,0
15553,11.656094,0
15554,15.797862,0
15555,11.655983,0
15556,16.292383,0
15557,11.671347,0
15558,11.671347,0
15559,11.671613,0
15560,12.035541,0
15561,11.671950,0
15562,16.292579,0
15563,12.054459,0
15564,11.675127,0
15565,12.053843,0
15566,11.655801,0
15567,11.657454,0
15568,11.662616,0
15569,12.030384,0
15570,11.674057,0
15571,11.664646,0
15572,12.032339,0
15573,11.948623,0
15574,11.651447,0
15575,11.874419,0
15576,12.638235,0
15577,14.995171,0
15578,12.031981,0
15579,11.713642,0
15580,11.713385,0
15581,22.487493,0
15582,22.487493,0
15583,22.487553,0
15584,22.487553,0
15585,11.663803,0
15586,11.656353,0
15587,11.656438,0
15588,11.696565,0
15589,11.726333,0
15590,11.696684,0
15591,11.682833,0
15592,12.637752,0
15593,12.637752,0
15594,15.805952,0
15595,11.837906,0
15596,11.705139,0
15597,11.705139,0
15598,11.705134,0
15599,12.032560,0
15600,11.662488,0
15601,11.662295,0
15602,12.032764,0
15603,15.005783,0
15604,11.664803,0
15605,11.671285,0
15606,12.044280,0
15607,11.671316,0
15608,11.662535,0
15609,11.662454,0
15610,15.005778,0
15611,11.837885,0
15612,11.655749,0
15613,12.065523,0
15614,12.032377,0
15615,11.674476,0
15616,11.651716,0
15617,11.671480,0
15618,12.050949,0
15619,12.050949,0
15620,11.671568,0
15621,22.480712,0
15622,11.671537,0
15623,11.656886,0
15624,11.740022,0
15625,11.626523,0
15626,11.698582,0
15627,11.638870,0
15628,11.829032,0
15629,11.744755,0
15630,11.752326,0
15631,11.752326,0
15632,11.685829,0
15633,11.685829,0
15634,13.871577,0
15635,11.829031,0
15636,11.794361,0
15637,11.884174,0
15638,11.788864,0
15639,11.632416,0
15640,11.632420,0
15641,11.783528,0
15642,11.744778,0
15643,11.744778,0
15644,11.866522,0
15645,11.736465,0
15646,11.890266,0
15647,11.742413,0
15648,11.794335,0
15649,11.638926,0
15650,11.778263,0
15651,11.672055,0
15652,11.628397,0
15653,11.647633,0
15654,11.829033,0
15655,11.835147,0
15656,11.739776,0
15657,11.811287,0
15658,11.773683,0
15659,11.773683,0
15660,11.638896,0
15661,11.835199,0
15662,11.788113,0
15663,11.739682,0
15664,11.773702,0
15665,11.783474,0
15666,11.752106,0
15667,11.763624,0
15668,11.763624,0
15669,11.647630,0
15670,11.626466,0
15671,11.647745,0
15672,11.739688,0
15673,11.682566,0
15674,11.833050,0
15675,11.752355,0
15676,11.672056,0
15677,11.672232,0
15678,11.890288,0
15679,11.890273,0
15680,11.890273,0
15681,11.757519,0
15682,11.647710,0
15683,11.762400,0
15684,11.739115,0
15685,11.632462,0
15686,12.502324,0
15687,11.639017,0
15688,11.628304,0
15689,11.658695,0
15690,11.632448,0
15691,11.829055,0
15692,11.752188,0
15693,11.774005,0
15694,11.841319,0
15695,11.647748,0
15696,11.648259,0
15697,11.647990,0
15698,11.647657,0
15699,11.626472,0
15700,11.794333,0
15701,11.647907,0
15702,11.658753,0
15703,11.658792,0
15704,11.849722,0
15705,11.811285,0
15706,11.752237,0
15707,11.629764,0
15708,11.739709,0
15709,11.739709,0
15710,11.647697,0
15711,11.739685,0
15712,11.823098,0
15713,11.823056,0
15714,11.823056,0
15715,11.817155,0
15716,11.897996,0
15717,12.531731,0
15718,12.531731,0
15719,12.531742,0
15720,12.531742,0
15721,12.531742,0
15722,12.531742,0
15723,11.884203,0
15724,11.811307,0
15725,11.823051,0
15726,11.823051,0
15727,11.823051,0
15728,11.823051,0
15729,11.823077,0
15730,11.629028,0
15731,11.629038,0
15732,12.562828,0
15733,12.552432,0
15734,12.562477,0
15735,12.557239,0
15736,12.551854,0
15737,12.551854,0
15738,12.562578,0
15739,12.429092,0
15740,12.405604,0
15741,12.388022,0
15742,12.557340,0
15743,12.557340,0
15744,12.458553,0
15745,12.428789,0
15746,12.563050,0
15747,12.557093,0
15748,12.557197,0
15749,12.557049,0
15750,12.562605,0
15751,12.562605,0
15752,12.551902,0
15753,12.551738,0
15754,12.551738,0
15755,12.551882,0
15756,12.557357,0
15757,12.557358,0
15758,12.557358,0
15759,12.546373,0
15760,12.546373,0
15761,12.546778,0
15762,14.816736,0
15763,14.816721,0
15764,14.644786,0
15765,13.987792,0
15766,18.691113,0
15767,18.690272,0
15768,51.302162,1
15769,32.512998,0
15770,32.512998,0
15771,28.364254,0
15772,28.736573,0
15773,24.235695,0
15774,83.854723,1
15775,83.860447,1
15776,19.052604,0
15777,16.830936,0
15778,16.556096,0
15779,19.054255,0
15780,16.556091,0
15781,19.054311,0
15782,16.826023,0
15783,16.552833,0
15784,16.552852,0
15785,19.054284,0
15786,19.054293,0
15787,19.054293,0
15788,16.552498,0
15789,19.054272,0
15790,19.054227,0
15791,19.054304,0
15792,16.552681,0
15793,16.822658,0
15794,19.052643,0
15795,19.052716,0
15796,19.054295,0
15797,16.552666,0
15798,19.054304,0
15799,19.054260,0
15800,16.822663,0
15801,16.822655,0
15802,16.552626,0
15803,19.054295,0
15804,16.822615,0
15805,16.822615,0
15806,16.822624,0
15807,19.054288,0
15808,16.552674,0
15809,19.054272,0
15810,16.552628,0
15811,19.054310,0
15812,19.054269,0
15813,19.052678,0
15814,16.552725,0
15815,16.552534,0
15816,19.054274,0
15817,19.054251,0
15818,19.054305,0
15819,19.054301,0
15820,16.566496,0
15821,19.054255,0
15822,19.054269,0
15823,16.822641,0
15824,19.054288,0
15825,19.054226,0
15826,19.054310,0
15827,19.054287,0
15828,19.054287,0
15829,16.700616,0
15830,19.052684,0
15831,19.052620,0
15832,19.052638,0
15833,16.555112,0
15834,16.830830,0
15835,16.822630,0
15836,16.820557,0
15837,19.054284,0
15838,16.561378,0
15839,16.831022,0
15840,16.826041,0
15841,19.057293,0
15842,19.054292,0
15843,19.057254,0
15844,17.245545,0
15845,16.552847,0
15846,16.595850,0
15847,16.595850,0
15848,16.595850,0
15849,17.247011,0
15850,19.061416,0
15851,19.052715,0
15852,16.550892,0
15853,19.057305,0
15854,19.057234,0
15855,19.060521,0
15856,17.245722,0
15857,19.057296,0
15858,16.555251,0
15859,19.057183,0
15860,16.826023,0
15861,16.826021,0
15862,16.561274,0
15863,16.595829,0
15864,16.595829,0
15865,16.595862,0
15866,16.559996,0
15867,16.559936,0
15868,16.595829,0
15869,16.552162,0
15870,16.559981,0
15871,16.822021,0
15872,19.057230,0
15873,16.550607,0
15874,16.559896,0
15875,16.555142,0
15876,19.057305,0
15877,16.559862,0
15878,16.559864,0
15879,16.550847,0
15880,17.306377,0
15881,16.738102,0
15882,17.101421,0
15883,75.713702,1
15884,22.078392,0
15885,6.654315,0
15886,6.564840,0
15887,7.209452,0
15888,7.201542,0
15889,6.564680,0
15890,11.490936,0
15891,6.564557,0
15892,6.628568,0
15893,7.209360,0
15894,7.304164,0
15895,7.201564,0
15896,12.653207,0
15897,6.624289,0
15898,6.600437,0
15899,6.600437,0
15900,7.250939,0
15901,6.555599,0
15902,8.145214,0
15903,7.209319,0
15904,6.568171,0
15905,6.568338,0
15906,6.552134,0
15907,6.639764,0
15908,6.552442,0
15909,7.221161,0
15910,6.555660,0
15911,6.555623,0
15912,6.564569,0
15913,6.564385,0
15914,6.600444,0
15915,6.552716,0
15916,12.527895,0
15917,7.206055,0
15918,7.201718,0
15919,6.541287,0
15920,11.485208,0
15921,7.201414,0
15922,6.546527,0
15923,6.966893,0
15924,6.804768,0
15925,6.564298,0
15926,6.551551,0
15927,7.201719,0
15928,7.201769,0
15929,7.201757,0
15930,7.201764,0
15931,7.201764,0
15932,7.201464,0
15933,7.209654,0
15934,7.209706,0
15935,7.209706,0
15936,7.197559,0
15937,6.564001,0
15938,6.552406,0
15939,7.201666,0
15940,11.486051,0
15941,7.201672,0
15942,7.201718,0
15943,6.567738,0
15944,7.201724,0
15945,7.201711,0
15946,7.201794,0
15947,6.564102,0
15948,6.544469,0
15949,6.563783,0
15950,6.541186,0
15951,7.201698,0
15952,6.568172,0
15953,7.221233,0
15954,7.209632,0
15955,11.483204,0
15956,6.628980,0
15957,6.629257,0
15958,6.629182,0
15959,6.564367,0
15960,6.564042,0
15961,6.552804,0
15962,6.544963,0
15963,6.544509,0
15964,6.676806,0
15965,6.552261,0
15966,6.541771,0
15967,6.546587,0
15968,11.485898,0
15969,7.209725,0
15970,6.545092,0
15971,7.220857,0
15972,6.639440,0
15973,6.639422,0
15974,6.628291,0
15975,6.633051,0
15976,6.633540,0
15977,6.541332,0
15978,6.541332,0
15979,6.631767,0
15980,6.552718,0
15981,6.552435,0
15982,6.552794,0
15983,6.580409,0
15984,6.631699,0
15985,6.541199,0
15986,6.545032,0
15987,6.639283,0
15988,6.639276,0
15989,6.631471,0
15990,11.483400,0
15991,6.564144,0
15992,6.564393,0
15993,6.564411,0
15994,6.564421,0
15995,6.564435,0
15996,7.209108,0
15997,12.534493,0
15998,12.534493,0
15999,6.623905,0
16000,6.544710,0
16001,6.544921,0
16002,6.623987,0
16003,6.623793,0
16004,6.624557,0
16005,6.581050,0
16006,13.183558,0
16007,6.654831,0
16008,6.654663,0
16009,6.580281,0
16010,6.624732,0
16011,6.580590,0
16012,6.671186,0
16013,6.564606,0
16014,6.671445,0
16015,11.486080,0
16016,11.486060,0
16017,6.552783,0
16018,6.541549,0
16019,6.631498,0
16020,6.631491,0
16021,6.552857,0
16022,6.641936,0
16023,6.579751,0
16024,6.624534,0
16025,7.200148,0
16026,7.209683,0
16027,13.120156,0
16028,6.580280,0
16029,6.580335,0
16030,11.486144,0
16031,6.632599,0
16032,6.633292,0
16033,6.553043,0
16034,6.628299,0
16035,6.568615,0
16036,7.232550,0
16037,6.564273,0
16038,7.201484,0
16039,6.641988,0
16040,6.641988,0
16041,6.641988,0
16042,6.552428,0
16043,8.141443,0
16044,6.552108,0
16045,6.564193,0
16046,6.564649,0
16047,6.552730,0
16048,6.552172,0
16049,6.564291,0
16050,6.564510,0
16051,6.544931,0
16052,6.541422,0
16053,6.544698,0
16054,6.544639,0
16055,6.580115,0
16056,6.580418,0
16057,6.544560,0
16058,6.541070,0
16059,7.201470,0
16060,6.546425,0
16061,6.564651,0
16062,6.552835,0
16063,6.564742,0
16064,11.485931,0
16065,6.564314,0
16066,6.623917,0
16067,6.579890,0
16068,8.150706,0
16069,6.552461,0
16070,6.552438,0
16071,6.564019,0
16072,6.564322,0
16073,6.544828,0
16074,6.545459,0
16075,6.544633,0
16076,12.516114,0
16077,6.545108,0
16078,6.564816,0
16079,6.628714,0
16080,6.628450,0
16081,6.628169,0
16082,6.628194,0
16083,6.628713,0
16084,6.628474,0
16085,6.628713,0
16086,6.628713,0
16087,6.565071,0
16088,6.564429,0
16089,6.628823,0
16090,6.641853,0
16091,11.486004,0
16092,6.552914,0
16093,6.628301,0
16094,6.632165,0
16095,11.482896,0
16096,6.552722,0
16097,6.628952,0
16098,7.201804,0
16099,7.197446,0
16100,6.624144,0
16101,6.541631,0
16102,6.580643,0
16103,6.552747,0
16104,6.670626,0
16105,6.552343,0
16106,6.624310,0
16107,6.624321,0
16108,6.580234,0
16109,6.580104,0
16110,6.552906,0
16111,6.651702,0
16112,6.651702,0
16113,6.633335,0
16114,6.564218,0
16115,6.652187,0
16116,6.580233,0
16117,7.209690,0
16118,6.553010,0
16119,6.541814,0
16120,6.564463,0
16121,6.564307,0
16122,6.564436,0
16123,6.564295,0
16124,6.544940,0
16125,6.541154,0
16126,7.220655,0
16127,6.552526,0
16128,6.552477,0
16129,6.580110,0
16130,6.630165,0
16131,6.552477,0
16132,6.552578,0
16133,6.552495,0
16134,6.552753,0
16135,6.564841,0
16136,6.553199,0
16137,6.631896,0
16138,6.564371,0
16139,6.628785,0
16140,6.624503,0
16141,6.624503,0
16142,6.624138,0
16143,6.580698,0
16144,6.601148,0
16145,6.564419,0
16146,7.298799,0
16147,6.631446,0
16148,6.545060,0
16149,6.545263,0
16150,6.545084,0
16151,6.552970,0
16152,6.552970,0
16153,6.552791,0
16154,6.552672,0
16155,6.552687,0
16156,7.201836,0
16157,6.563899,0
16158,7.236238,0
16159,6.564462,0
16160,6.552652,0
16161,7.201147,0
16162,6.624285,0
16163,6.639351,0
16164,13.126570,0
16165,7.255340,0
16166,6.599783,0
16167,7.197425,0
16168,6.812915,0
16169,6.564095,0
16170,6.564095,0
16171,6.580088,0
16172,6.564794,0
16173,6.552676,0
16174,6.541440,0
16175,6.545149,0
16176,7.209025,0
16177,6.552923,0
16178,6.552905,0
16179,6.546661,0
16180,6.545005,0
16181,6.541163,0
16182,11.483472,0
16183,11.483472,0
16184,6.580587,0
16185,7.200979,0
16186,6.628145,0
16187,6.628190,0
16188,7.209671,0
16189,7.197686,0
16190,7.209671,0
16191,7.201696,0
16192,6.584318,0
16193,7.221368,0
16194,6.698831,0
16195,6.631699,0
16196,6.555362,0
16197,6.544884,0
16198,11.483482,0
16199,6.555238,0
16200,11.491107,0
16201,6.555095,0
16202,6.555238,0
16203,11.491107,0
16204,11.491107,0
16205,11.491107,0
16206,6.555232,0
16207,11.491081,0
16208,7.197638,0
16209,7.201777,0
16210,11.483135,0
16211,6.555040,0
16212,6.580468,0
16213,6.541434,0
16214,11.486050,0
16215,11.486050,0
16216,11.486082,0
16217,11.486050,0
16218,6.546453,0
16219,6.541434,0
16220,12.514136,0
16221,11.486159,0
16222,7.201747,0
16223,6.546170,0
16224,7.201747,0
16225,6.546151,0
16226,7.201747,0
16227,7.201747,0
16228,11.486044,0
16229,6.545843,0
16230,7.201718,0
16231,6.552910,0
16232,11.483303,0
16233,11.483298,0
16234,6.654774,0
16235,6.654862,0
16236,6.546562,0
16237,6.541415,0
16238,6.633215,0
16239,6.541630,0
16240,7.197287,0
16241,6.541138,0
16242,7.197228,0
16243,6.541247,0
16244,7.201671,0
16245,11.483225,0
16246,7.197228,0
16247,6.633193,0
16248,6.555382,0
16249,6.555279,0
16250,6.546488,0
16251,6.541191,0
16252,6.541181,0
16253,11.483421,0
16254,6.541723,0
16255,11.483470,0
16256,6.541627,0
16257,6.628366,0
16258,6.628033,0
16259,6.632957,0
16260,11.485888,0
16261,6.546585,0
16262,7.197360,0
16263,11.486076,0
16264,11.486131,0
16265,6.628199,0
16266,6.628119,0
16267,6.627937,0
16268,6.628199,0
16269,6.641885,0
16270,11.486036,0
16271,6.628409,0
16272,6.633479,0
16273,11.483342,0
16274,11.483421,0
16275,6.546598,0
16276,11.485933,0
16277,11.498157,0
16278,11.498157,0
16279,11.483384,0
16280,11.483091,0
16281,11.483300,0
16282,11.483377,0
16283,6.541518,0
16284,11.483409,0
16285,11.483355,0
16286,11.483418,0
16287,6.654913,0
16288,11.483268,0
16289,11.485803,0
16290,11.483451,0
16291,11.483445,0
16292,6.654739,0
16293,6.654699,0
16294,6.541655,0
16295,6.541655,0
16296,6.541607,0
16297,6.546228,0
16298,6.555535,0
16299,6.555474,0
16300,6.633619,0
16301,6.633017,0
16302,6.541588,0
16303,6.544643,0
16304,6.541437,0
16305,6.628556,0
16306,6.564701,0
16307,7.196959,0
16308,11.483405,0
16309,6.628199,0
16310,6.633401,0
16311,6.631353,0
16312,6.541417,0
16313,6.564770,0
16314,6.552952,0
16315,6.628306,0
16316,6.541232,0
16317,6.628283,0
16318,6.631699,0
16319,6.631762,0
16320,13.115521,0
16321,11.483060,0
16322,6.628408,0
16323,6.545044,0
16324,6.628066,0
16325,6.628035,0
16326,6.628038,0
16327,6.628096,0
16328,6.633257,0
16329,6.633463,0
16330,6.633463,0
16331,11.483382,0
16332,6.633463,0
16333,11.483445,0
16334,13.115540,0
16335,13.115540,0
16336,6.642121,0
16337,6.642121,0
16338,6.654770,0
16339,6.628607,0
16340,6.633506,0
16341,6.633506,0
16342,6.633379,0
16343,6.633506,0
16344,6.633506,0
16345,6.632892,0
16346,6.633377,0
16347,6.692226,0
16348,6.654642,0
16349,6.654538,0
16350,11.486004,0
16351,11.486029,0
16352,7.201751,0
16353,6.553079,0
16354,6.564961,0
16355,6.564961,0
16356,6.564961,0
16357,6.654433,0
16358,6.541844,0
16359,6.564909,0
16360,7.201609,0
16361,6.553196,0
16362,6.553196,0
16363,6.552992,0
16364,11.486154,0
16365,11.486042,0
16366,6.633224,0
16367,6.554643,0
16368,6.546551,0
16369,6.555332,0
16370,11.483169,0
16371,11.483394,0
16372,6.775337,0
16373,6.675447,0
16374,6.675372,0
16375,7.059396,0
16376,6.781841,0
16377,6.800844,0
16378,6.704060,0
16379,6.684900,0
16380,6.684757,0
16381,6.893038,0
16382,6.684801,0
16383,6.859485,0
16384,6.653541,0
16385,6.748576,0
16386,6.839133,0
16387,6.748608,0
16388,6.843887,0
16389,6.662412,0
16390,6.745401,0
16391,6.843954,0
16392,6.658239,0
16393,6.843912,0
16394,6.746195,0
16395,6.766823,0
16396,6.839181,0
16397,6.865515,0
16398,6.760846,0
16399,6.760862,0
16400,6.713227,0
16401,6.843844,0
16402,6.662414,0
16403,6.800825,0
16404,6.755654,0
16405,6.647740,0
16406,6.865275,0
16407,6.675363,0
16408,6.675357,0
16409,6.675357,0
16410,6.675365,0
16411,6.675838,0
16412,6.781846,0
16413,10.120314,0
16414,6.755692,0
16415,6.755683,0
16416,6.755655,0
16417,6.662421,0
16418,10.069607,0
16419,10.069612,0
16420,6.755709,0
16421,6.880981,0
16422,6.945368,0
16423,6.902027,0
16424,6.937196,0
16425,6.901959,0
16426,6.766792,0
16427,6.843958,0
16428,6.843859,0
16429,6.745468,0
16430,6.662420,0
16431,6.859406,0
16432,8.091668,0
16433,8.091672,0
16434,6.781895,0
16435,6.662398,0
16436,6.985935,0
16437,6.850439,0
16438,6.945387,0
16439,6.945402,0
16440,6.653465,0
16441,7.027317,0
16442,6.653476,0
16443,6.930048,0
16444,6.766851,0
16445,6.865192,0
16446,6.692320,0
16447,6.996031,0
16448,6.996031,0
16449,6.772593,0
16450,6.865125,0
16451,6.843875,0
16452,6.781888,0
16453,6.755678,0
16454,7.012577,0
16455,7.003674,0
16456,6.843936,0
16457,6.653480,0
16458,6.843923,0
16459,6.781961,0
16460,6.648872,0
16461,6.838297,0
16462,6.762400,0
16463,6.781960,0
16464,6.782084,0
16465,6.843848,0
16466,6.867168,0
16467,6.663019,0
16468,6.663019,0
16469,8.120152,0
16470,6.748511,0
16471,6.766777,0
16472,6.766759,0
16473,6.755647,0
16474,6.755645,0
16475,6.781908,0
16476,6.839154,0
16477,6.839623,0
16478,6.902020,0
16479,7.116857,0
16480,6.843922,0
16481,6.755653,0
16482,6.838332,0
16483,6.841677,0
16484,7.078826,0
16485,6.844909,0
16486,6.966096,0
16487,6.945350,0
16488,6.865379,0
16489,6.684726,0
16490,6.800835,0
16491,7.027346,0
16492,6.844273,0
16493,6.727176,0
16494,6.653542,0
16495,6.649201,0
16496,6.800796,0
16497,6.865378,0
16498,6.865189,0
16499,6.865237,0
16500,7.099010,0
16501,7.078817,0
16502,6.902018,0
16503,6.843847,0
16504,6.781828,0
16505,6.745376,0
16506,7.049749,0
16507,6.662478,0
16508,6.823684,0
16509,7.196595,0
16510,7.198147,0
16511,6.653541,0
16512,6.901950,0
16513,6.713231,0
16514,6.675356,0
16515,6.662474,0
16516,6.669447,0
16517,10.085844,0
16518,6.901975,0
16519,10.293883,0
16520,10.293867,0
16521,7.208133,0
16522,6.662475,0
16523,6.745371,0
16524,6.852566,0
16525,6.839132,0
16526,6.653465,0
16527,6.937174,0
16528,6.755663,0
16529,8.082338,0
16530,6.675562,0
16531,6.859477,0
16532,6.653541,0
16533,8.104251,0
16534,6.841435,0
16535,6.838326,0
16536,6.781879,0
16537,6.848475,0
16538,6.823736,0
16539,6.841418,0
16540,6.874795,0
16541,6.848720,0
16542,6.838269,0
16543,6.841436,0
16544,7.099022,0
16545,6.848465,0
16546,6.892954,0
16547,6.781927,0
16548,6.874286,0
16549,6.781943,0
16550,7.059329,0
16551,6.865279,0
16552,6.755672,0
16553,6.746203,0
16554,6.865137,0
16555,6.766844,0
16556,7.030786,0
16557,6.838314,0
16558,7.109422,0
16559,8.082373,0
16560,6.843847,0
16561,6.843847,0
16562,6.838383,0
16563,6.755679,0
16564,6.848479,0
16565,6.848496,0
16566,10.314832,0
16567,7.116851,0
16568,6.755822,0
16569,6.848465,0
16570,6.767375,0
16571,6.767375,0
16572,6.843876,0
16573,6.748630,0
16574,6.843900,0
16575,8.074497,0
16576,8.074489,0
16577,6.945384,0
16578,6.848445,0
16579,7.921873,0
16580,7.809745,0
16581,7.813077,0
16582,7.812950,0
16583,7.809193,0
16584,8.014682,0
16585,7.830679,0
16586,7.787510,0
16587,7.865686,0
16588,7.875803,0
16589,7.830164,0
16590,7.780570,0
16591,7.809113,0
16592,7.812830,0
16593,7.795424,0
16594,7.990546,0
16595,7.812518,0
16596,7.781001,0
16597,8.064447,0
16598,7.934724,0
16599,7.830282,0
16600,7.780507,0
16601,7.787658,0
16602,7.922231,0
16603,7.922224,0
16604,7.830437,0
16605,7.780378,0
16606,7.812704,0
16607,7.875704,0
16608,8.072940,0
16609,8.005966,0
16610,7.875545,0
16611,7.781322,0
16612,7.781322,0
16613,7.787878,0
16614,8.064054,0
16615,7.778912,0
16616,7.812701,0
16617,7.830794,0
16618,8.006245,0
16619,7.875801,0
16620,19.257519,0
16621,10.158023,0
16622,11.686248,0
16623,11.060691,0
16624,10.190231,0
16625,14.333286,0
16626,19.080695,0
16627,11.511389,0
16628,10.135335,0
16629,11.271950,0
16630,10.136689,0
16631,10.136689,0
16632,10.136689,0
16633,10.209145,0
16634,30.151610,0
16635,29.842815,0
16636,22.457940,0
16637,22.165456,0
16638,46.199190,1
16639,30.132136,0
16640,43.728704,1
16641,19.625592,0
16642,23.503216,0
16643,20.871720,0
16644,23.420637,0
16645,28.339225,0
16646,40.379056,1
16647,26.350440,0
16648,26.347632,0
16649,26.256835,0
16650,27.215236,0
16651,40.378747,1
16652,20.414074,0
16653,20.363889,0
16654,16.011232,0
16655,16.297127,0
16656,70.543846,1
16657,20.363221,0
16658,20.364835,0
16659,16.240032,0
16660,16.296076,0
16661,20.417141,0
16662,16.012842,0
16663,50.371017,1
16664,16.240244,0
16665,70.543747,1
16666,16.019842,0
16667,16.250970,0
16668,16.023097,0
16669,16.013704,0
16670,16.012775,0
16671,16.014709,0
16672,16.159521,0
16673,22.324405,0
16674,26.681275,0
16675,22.313778,0
16676,63.636556,1
16677,95.855809,1
16678,50.208675,1
16679,37.888389,1
16680,37.819321,1
16681,71.683160,1
16682,11.107652,0
16683,10.431920,0
16684,10.047889,0
16685,10.053178,0
16686,10.044478,0
16687,10.062133,0
16688,10.047976,0
16689,10.045029,0
16690,10.053733,0
16691,10.053861,0
16692,10.048129,0
16693,10.005341,0
16694,10.044686,0
16695,10.047760,0
16696,10.048101,0
16697,10.048101,0
16698,10.048101,0
16699,10.048101,0
16700,10.044921,0
16701,10.047665,0
16702,10.429064,0
16703,10.429064,0
16704,10.047925,0
16705,10.047670,0
16706,10.047979,0
16707,10.048085,0
16708,10.047808,0
16709,10.437269,0
16710,10.431911,0
16711,15.137614,0
16712,10.429020,0
16713,10.456803,0
16714,10.456110,0
16715,10.044068,0
16716,10.044577,0
16717,10.044559,0
16718,10.044541,0
16719,10.044541,0
16720,10.044547,0
16721,10.044631,0
16722,10.428675,0
16723,10.428748,0
16724,9.990940,0
16725,9.987671,0
16726,10.046865,0
16727,10.046932,0
16728,9.987280,0
16729,10.044981,0
16730,10.044998,0
16731,10.044445,0
16732,10.045117,0
16733,10.044998,0
16734,10.045265,0
16735,9.987078,0
16736,9.987356,0
16737,10.044681,0
16738,10.044511,0
16739,10.044725,0
16740,10.044725,0
16741,10.429020,0
16742,10.044734,0
16743,10.044805,0
16744,10.044243,0
16745,10.044638,0
16746,10.045088,0
16747,10.044805,0
16748,10.048175,0
16749,10.044635,0
16750,10.044783,0
16751,10.048129,0
16752,10.044952,0
16753,10.044558,0
16754,10.431937,0
16755,10.047785,0
16756,10.045117,0
16757,10.048129,0
16758,10.053644,0
16759,10.053609,0
16760,10.045117,0
16761,10.045117,0
16762,10.045117,0
16763,10.045117,0
16764,10.045117,0
16765,10.048101,0
16766,10.045074,0
16767,9.995180,0
16768,10.048324,0
16769,10.048324,0
16770,10.002850,0
16771,10.429164,0
16772,10.053538,0
16773,10.013217,0
16774,10.053740,0
16775,10.047920,0
16776,10.047937,0
16777,10.047808,0
16778,10.047956,0
16779,10.048129,0
16780,10.062180,0
16781,10.061953,0
16782,10.047937,0
16783,10.047692,0
16784,10.002980,0
16785,9.995159,0
16786,9.995342,0
16787,10.062027,0
16788,9.995286,0
16789,13.741536,0
16790,9.995204,0
16791,10.429028,0
16792,10.429028,0
16793,9.994947,0
16794,10.047819,0
16795,9.990714,0
16796,10.047909,0
16797,10.428912,0
16798,9.987757,0
16799,9.987407,0
16800,9.996482,0
16801,9.996734,0
16802,10.437411,0
16803,13.747818,0
16804,10.445456,0
16805,10.445463,0
16806,10.431758,0
16807,10.431997,0
16808,10.432023,0
16809,14.741680,0
16810,9.991023,0
16811,10.428995,0
16812,10.429000,0
16813,10.431919,0
16814,10.431650,0
16815,10.431897,0
16816,10.432002,0
16817,10.431905,0
16818,10.053306,0
16819,10.044779,0
16820,10.044542,0
16821,10.072963,0
16822,10.002815,0
16823,10.445540,0
16824,10.445536,0
16825,10.445536,0
16826,10.445508,0
16827,10.445508,0
16828,10.431555,0
16829,10.432026,0
16830,10.431892,0
16831,10.431548,0
16832,10.431888,0
16833,10.047976,0
16834,10.047937,0
16835,10.047764,0
16836,10.047937,0
16837,10.047937,0
16838,10.048209,0
16839,9.995033,0
16840,10.002521,0
16841,10.445072,0
16842,10.437372,0
16843,10.437355,0
16844,9.996459,0
16845,10.437389,0
16846,10.044608,0
16847,10.044608,0
16848,10.044783,0
16849,10.044620,0
16850,10.044546,0
16851,10.044689,0
16852,10.044689,0
16853,10.044746,0
16854,10.044751,0
16855,10.431981,0
16856,9.987538,0
16857,10.445119,0
16858,10.142439,0
16859,10.053651,0
16860,9.995294,0
16861,9.995294,0
16862,10.456105,0
16863,10.437368,0
16864,10.445471,0
16865,10.456142,0
16866,10.456142,0
16867,10.047846,0
16868,10.044457,0
16869,10.047932,0
16870,10.045125,0
16871,10.044791,0
16872,10.044705,0
16873,9.990903,0
16874,9.990513,0
16875,10.013271,0
16876,9.989683,0
16877,10.047093,0
16878,10.062174,0
16879,10.048123,0
16880,10.048123,0
16881,10.048021,0
16882,10.048123,0
16883,10.048123,0
16884,9.996620,0
16885,13.743762,0
16886,9.990815,0
16887,13.743776,0
16888,9.987583,0
16889,9.987696,0
16890,13.741526,0
16891,9.995006,0
16892,9.987663,0
16893,9.996414,0
16894,13.747845,0
16895,9.990909,0
16896,9.990925,0
16897,13.743693,0
16898,9.990946,0
16899,13.741508,0
16900,9.987484,0
16901,10.208489,0
16902,10.215949,0
16903,10.208496,0
16904,10.146480,0
16905,10.151279,0
16906,10.213194,0
16907,10.144377,0
16908,10.144383,0
16909,10.208525,0
16910,10.206427,0
16911,10.181344,0
16912,10.151300,0
16913,10.144381,0
16914,10.220548,0
16915,10.132334,0
16916,11.085277,0
16917,12.601924,0
16918,11.078501,0
16919,10.215943,0
16920,10.249184,0
16921,10.215955,0
16922,10.215955,0
16923,10.089441,0
16924,10.144968,0
16925,10.206941,0
16926,10.213217,0
16927,10.369086,0
16928,10.086610,0
16929,10.210169,0
16930,10.210127,0
16931,10.206983,0
16932,10.210111,0
16933,10.502257,0
16934,10.208507,0
16935,10.283766,0
16936,10.210117,0
16937,10.215969,0
16938,10.224435,0
16939,10.224437,0
16940,10.098009,0
16941,10.208514,0
16942,10.094087,0
16943,10.181368,0
16944,10.210207,0
16945,10.272963,0
16946,10.220915,0
16947,10.162890,0
16948,10.362342,0
16949,10.144396,0
16950,10.209234,0
16951,11.074827,0
16952,10.213308,0
16953,10.210176,0
16954,10.210292,0
16955,10.210142,0
16956,10.375958,0
16957,10.375958,0
16958,10.153988,0
16959,10.207005,0
16960,10.207005,0
16961,10.144364,0
16962,10.151217,0
16963,10.153846,0
16964,10.158604,0
16965,10.158604,0
16966,10.862635,0
16967,10.875476,0
16968,10.875362,0
16969,10.875690,0
16970,10.852618,0
16971,11.038434,0
16972,10.852800,0
16973,10.852799,0
16974,10.955281,0
16975,11.032475,0
16976,10.845028,0
16977,10.837026,0
16978,10.875478,0
16979,11.098521,0
16980,11.098693,0
16981,11.098693,0
16982,12.634254,0
16983,12.638388,0
16984,12.639019,0
16985,13.631804,0
16986,12.642573,0
16987,73.617445,1
16988,22.194347,0
16989,21.778689,0
16990,17.784720,0
16991,50.767953,1
16992,50.767953,1
16993,38.558409,1
16994,13.273264,0
16995,13.273155,0
16996,13.270946,0
16997,13.270682,0
16998,13.271140,0
16999,13.273212,0
17000,13.229044,0
17001,13.270401,0
17002,13.227463,0
17003,13.270696,0
17004,13.270575,0
17005,13.227437,0
17006,16.994794,0
17007,16.994885,0
17008,17.004705,0
17009,16.994773,0
17010,13.272749,0
17011,13.273239,0
17012,13.270686,0
17013,16.993492,0
17014,16.993492,0
17015,16.993331,0
17016,17.008572,0
17017,13.229259,0
17018,17.445291,0
17019,16.993442,0
17020,16.994623,0
17021,13.238903,0
17022,17.016064,0
17023,17.008585,0
17024,13.320909,0
17025,17.465230,0
17026,17.445274,0
17027,13.239061,0
17028,13.283761,0
17029,13.283755,0
17030,13.268918,0
17031,13.270592,0
17032,13.247072,0
17033,13.270720,0
17034,13.270681,0
17035,13.270841,0
17036,13.270802,0
17037,13.270854,0
17038,13.276427,0
17039,13.276427,0
17040,13.271101,0
17041,13.271101,0
17042,13.271101,0
17043,13.270944,0
17044,13.270849,0
17045,13.270849,0
17046,13.270849,0
17047,13.239148,0
17048,13.239119,0
17049,13.247155,0
17050,13.272484,0
17051,13.272479,0
17052,13.270997,0
17053,13.270898,0
17054,13.270898,0
17055,13.271123,0
17056,13.270530,0
17057,13.276111,0
17058,13.233118,0
17059,13.233290,0
17060,13.233098,0
17061,13.233403,0
17062,13.233401,0
17063,13.233402,0
17064,13.233402,0
17065,13.233345,0
17066,13.233395,0
17067,13.233395,0
17068,13.233345,0
17069,13.247058,0
17070,16.993781,0
17071,13.227476,0
17072,16.993394,0
17073,16.993447,0
17074,17.002165,0
17075,13.233237,0
17076,13.233361,0
17077,13.233403,0
17078,13.233502,0
17079,16.993509,0
17080,13.246988,0
17081,13.247131,0
17082,13.247131,0
17083,13.247002,0
17084,13.233109,0
17085,16.997776,0
17086,16.997770,0
17087,13.275697,0
17088,17.008459,0
17089,13.276453,0
17090,13.239217,0
17091,13.247122,0
17092,13.247050,0
17093,13.247145,0
17094,13.239268,0
17095,13.229298,0
17096,17.008423,0
17097,13.229255,0
17098,16.993723,0
17099,17.002229,0
17100,13.282110,0
17101,13.239031,0
17102,13.238844,0
17103,13.282051,0
17104,13.272595,0
17105,13.276325,0
17106,13.275918,0
17107,13.256849,0
17108,13.272379,0
17109,16.994786,0
17110,16.994828,0
17111,16.994828,0
17112,16.994949,0
17113,13.272688,0
17114,13.282065,0
17115,13.281969,0
17116,17.008424,0
17117,16.997931,0
17118,16.997600,0
17119,17.008407,0
17120,17.008435,0
17121,13.281576,0
17122,17.008367,0
17123,13.289835,0
17124,13.289823,0
17125,13.276220,0
17126,16.994857,0
17127,17.025569,0
17128,17.025497,0
17129,17.472135,0
17130,13.415506,0
17131,13.413077,0
17132,13.413122,0
17133,13.414247,0
17134,13.414247,0
17135,13.414266,0
17136,13.365947,0
17137,13.365526,0
17138,13.383956,0
17139,13.367111,0
17140,15.382515,0
17141,13.405277,0
17142,13.415512,0
17143,13.365516,0
17144,13.365941,0
17145,13.367110,0
17146,13.412693,0
17147,13.365513,0
17148,13.414282,0
17149,13.419918,0
17150,13.419918,0
17151,14.089629,0
17152,13.413092,0
17153,13.413074,0
17154,14.083142,0
17155,14.083152,0
17156,13.910220,0
17157,13.910561,0
17158,15.326584,0
17159,48.539525,1
17160,48.539525,1
17161,44.782181,1
17162,30.585929,0
17163,42.919812,1
17164,23.408232,0
17165,23.383671,0
17166,19.709298,0
17167,19.628623,0
17168,19.627144,0
17169,19.396499,0
17170,19.396194,0
17171,19.397503,0
17172,19.628606,0
17173,19.628777,0
17174,19.396152,0
17175,19.627190,0
17176,19.628714,0
17177,19.628787,0
17178,19.628719,0
17179,19.396238,0
17180,19.427400,0
17181,19.427400,0
17182,19.427480,0
17183,19.427480,0
17184,19.396232,0
17185,19.397360,0
17186,19.627147,0
17187,19.627133,0
17188,19.397434,0
17189,19.397282,0
17190,19.396224,0
17191,19.396170,0
17192,19.396105,0
17193,19.627190,0
17194,19.627190,0
17195,19.396295,0
17196,19.425804,0
17197,19.425785,0
17198,19.425986,0
17199,19.425784,0
17200,19.397428,0
17201,19.397393,0
17202,19.397409,0
17203,19.397312,0
17204,19.627222,0
17205,19.397427,0
17206,19.397474,0
17207,19.628176,0
17208,19.400840,0
17209,19.396157,0
17210,19.395985,0
17211,19.397362,0
17212,19.397393,0
17213,19.631620,0
17214,19.635872,0
17215,19.628716,0
17216,19.427500,0
17217,19.427505,0
17218,19.396089,0
17219,19.396227,0
17220,19.397900,0
17221,19.628804,0
17222,21.571955,0
17223,19.628745,0
17224,19.626909,0
17225,19.627094,0
17226,19.396231,0
17227,19.396242,0
17228,19.396178,0
17229,19.627156,0
17230,19.396121,0
17231,19.631602,0
17232,19.400887,0
17233,19.400829,0
17234,19.628394,0
17235,20.882104,0
17236,19.997078,0
17237,19.506072,0
17238,19.506072,0
17239,19.506072,0
17240,19.506072,0
17241,19.506072,0
17242,19.502231,0
17243,19.502223,0
17244,33.711824,1
17245,24.339229,0
17246,26.702660,0
17247,26.702368,0
17248,26.683812,0
17249,26.683797,0
17250,26.683665,0
17251,26.683678,0
17252,26.683688,0
17253,26.683688,0
17254,26.533832,0
17255,26.533788,0
17256,26.533825,0
17257,26.533825,0
17258,26.533825,0
17259,26.533825,0
17260,26.533825,0
17261,26.533825,0
17262,26.512102,0
17263,26.532557,0
17264,26.532557,0
17265,26.532557,0
17266,26.681539,0
17267,26.681527,0
17268,26.681497,0
17269,26.681565,0
17270,26.680379,0
17271,28.141986,0
17272,26.681540,0
17273,26.681538,0
17274,26.681543,0
17275,26.683693,0
17276,26.683690,0
17277,26.683673,0
17278,26.661123,0
17279,26.670918,0
17280,26.670756,0
17281,26.603534,0
17282,26.603563,0
17283,26.603522,0
17284,26.603522,0
17285,26.864200,0
17286,206.866538,1
17287,48.657541,1
17288,12.080931,0
17289,12.119337,0
17290,12.072373,0
17291,13.002695,0
17292,12.997024,0
17293,12.997024,0
17294,12.997032,0
17295,13.002729,0
17296,13.002729,0
17297,13.008639,0
17298,13.008639,0
17299,12.104655,0
17300,12.065819,0
17301,12.065819,0
17302,12.471273,0
17303,12.104854,0
17304,15.323608,0
17305,16.118466,0
17306,16.576433,0
17307,12.091754,0
17308,13.016550,0
17309,12.091686,0
17310,13.016711,0
17311,13.016670,0
17312,13.016761,0
17313,12.080900,0
17314,12.080871,0
17315,12.080776,0
17316,12.109528,0
17317,13.002607,0
17318,12.080892,0
17319,12.128072,0
17320,12.128072,0
17321,12.433591,0
17322,12.151598,0
17323,12.080766,0
17324,12.072071,0
17325,12.072298,0
17326,12.072248,0
17327,13.008526,0
17328,13.008526,0
17329,13.002601,0
17330,13.002601,0
17331,13.002601,0
17332,13.038805,0
17333,12.080987,0
17334,12.080982,0
17335,12.080941,0
17336,12.106883,0
17337,12.106883,0
17338,12.448221,0
17339,13.038898,0
17340,13.038898,0
17341,12.070918,0
17342,12.104861,0
17343,12.080981,0
17344,12.107063,0
17345,12.107065,0
17346,12.107096,0
17347,13.008616,0
17348,12.065780,0
17349,12.080788,0
17350,12.119153,0
17351,12.106234,0
17352,12.106527,0
17353,12.427450,0
17354,12.080795,0
17355,12.081118,0
17356,12.065556,0
17357,12.080634,0
17358,12.447843,0
17359,12.108715,0
17360,12.065599,0
17361,12.112867,0
17362,12.112819,0
17363,12.065857,0
17364,12.072230,0
17365,12.072184,0
17366,12.072189,0
17367,12.072116,0
17368,12.072112,0
17369,12.106779,0
17370,12.427744,0
17371,12.072476,0
17372,12.072261,0
17373,12.127928,0
17374,12.135042,0
17375,14.242013,0
17376,12.135042,0
17377,14.251963,0
17378,12.166101,0
17379,12.186936,0
17380,14.221508,0
17381,12.123482,0
17382,12.106977,0
17383,12.161411,0
17384,12.175449,0
17385,12.047978,0
17386,12.060042,0
17387,12.060108,0
17388,12.060087,0
17389,12.099471,0
17390,12.114156,0
17391,12.159034,0
17392,12.154128,0
17393,12.154128,0
17394,12.159026,0
17395,12.159026,0
17396,12.052861,0
17397,12.052861,0
17398,12.052861,0
17399,12.047949,0
17400,14.223111,0
17401,12.102082,0
17402,12.102082,0
17403,12.159061,0
17404,12.052858,0
17405,12.052856,0
17406,12.047919,0
17407,12.099066,0
17408,12.135045,0
17409,12.135077,0
17410,12.047919,0
17411,12.081050,0
17412,12.135045,0
17413,12.135045,0
17414,12.161415,0
17415,12.060025,0
17416,12.060029,0
17417,14.234113,0
17418,12.114138,0
17419,12.186939,0
17420,12.168222,0
17421,12.069428,0
17422,12.081077,0
17423,12.060018,0
17424,12.081049,0
17425,12.045276,0
17426,12.158998,0
17427,14.251874,0
17428,14.251874,0
17429,12.135024,0
17430,12.081041,0
17431,12.081067,0
17432,12.161398,0
17433,12.107541,0
17434,12.081025,0
17435,12.081025,0
17436,12.047941,0
17437,12.158993,0
17438,12.166117,0
17439,12.060042,0
17440,12.154101,0
17441,12.154101,0
17442,12.135022,0
17443,12.114176,0
17444,12.102093,0
17445,12.159021,0
17446,12.166129,0
17447,12.166125,0
17448,12.135045,0
17449,14.227931,0
17450,12.094911,0
17451,12.166099,0
17452,12.060017,0
17453,12.047924,0
17454,12.047924,0
17455,12.047913,0
17456,12.152692,0
17457,12.154095,0
17458,12.154089,0
17459,12.154084,0
17460,12.102067,0
17461,12.047915,0
17462,12.047915,0
17463,12.047915,0
17464,14.227914,0
17465,12.075897,0
17466,12.100664,0
17467,14.251746,0
17468,14.251773,0
17469,12.152705,0
17470,12.783322,0
17471,12.777524,0
17472,12.793692,0
17473,12.785126,0
17474,12.791833,0
17475,12.791652,0
17476,12.791331,0
17477,12.778803,0
17478,12.898956,0
17479,12.777319,0
17480,12.777319,0
17481,12.771558,0
17482,14.336636,0
17483,15.141061,0
17484,15.144723,0
17485,14.332760,0
17486,14.332696,0
17487,14.332778,0
17488,14.332772,0
17489,14.332758,0
17490,15.141062,0
17491,14.332696,0
17492,14.333622,0
17493,25.517511,0
17494,23.236931,0
17495,18.948410,0
17496,19.140219,0
17497,30.634568,0
17498,24.435127,0
17499,27.020887,0
17500,26.860298,0
17501,26.954247,0
17502,33.024753,1
17503,26.875497,0
17504,26.875497,0
17505,26.875497,0
17506,26.874763,0
17507,26.874763,0
17508,27.294307,0
17509,27.294296,0
17510,26.874869,0
17511,26.865368,0
17512,26.919216,0
17513,26.924624,0
17514,26.919251,0
17515,26.919251,0
17516,26.919236,0
17517,26.943513,0
17518,26.913991,0
17519,26.862019,0
17520,26.885525,0
17521,26.894956,0
17522,27.309003,0
17523,26.837676,0
17524,26.837676,0
17525,27.235280,0
17526,26.837695,0
17527,26.913981,0
17528,26.837673,0
17529,26.837725,0
17530,26.911425,0
17531,26.911432,0
17532,26.879816,0
17533,26.906425,0
17534,27.249393,0
17535,27.192265,0
17536,27.946004,0
17537,30.573017,0
17538,30.571391,0
17539,30.703510,0
17540,27.870526,0
17541,27.870514,0
17542,27.870640,0
17543,27.870636,0
17544,27.870637,0
17545,27.870609,0
17546,27.882750,0
17547,27.882730,0
17548,27.882738,0
17549,27.882760,0
17550,28.022574,0
17551,27.862540,0
17552,27.870656,0
17553,28.023806,0
17554,27.867596,0
17555,28.028648,0
17556,28.022607,0
17557,27.864126,0
17558,27.884559,0
17559,27.884589,0
17560,29.416449,0
17561,27.881856,0
17562,27.886055,0
17563,27.884546,0
17564,27.887251,0
17565,27.862202,0
17566,27.862188,0
17567,27.882734,0
17568,27.882840,0
17569,27.862203,0
17570,27.950762,0
17571,27.946717,0
17572,27.924087,0
17573,27.950754,0
17574,27.944389,0
17575,27.944187,0
17576,27.944375,0
17577,39.199251,1
17578,11.234238,0
17579,10.061193,0
17580,10.060894,0
17581,10.111548,0
17582,10.100063,0
17583,10.128105,0
17584,10.071444,0
17585,10.071454,0
17586,10.071454,0
17587,11.167546,0
17588,11.167534,0
17589,11.167534,0
17590,10.061012,0
17591,10.061076,0
17592,10.060995,0
17593,10.061150,0
17594,10.060996,0
17595,10.060996,0
17596,10.084455,0
17597,15.180464,0
17598,10.061059,0
17599,10.071433,0
17600,10.487706,0
17601,10.487706,0
17602,10.103045,0
17603,10.103045,0
17604,10.104674,0
17605,10.486850,0
17606,10.484830,0
17607,10.484830,0
17608,10.484853,0
17609,10.484853,0
17610,10.484853,0
17611,10.484781,0
17612,10.484781,0
17613,10.484875,0
17614,10.102507,0
17615,10.484848,0
17616,10.484861,0
17617,10.105855,0
17618,10.102546,0
17619,10.102467,0
17620,10.102546,0
17621,10.102467,0
17622,10.102616,0
17623,10.102616,0
17624,10.102695,0
17625,10.487867,0
17626,10.102590,0
17627,10.102695,0
17628,10.102616,0
17629,10.061032,0
17630,10.060806,0
17631,10.060833,0
17632,10.060868,0
17633,10.061004,0
17634,10.061004,0
17635,10.061066,0
17636,10.060944,0
17637,10.075348,0
17638,10.063393,0
17639,10.063393,0
17640,10.060725,0
17641,10.060978,0
17642,10.060881,0
17643,10.053217,0
17644,15.175350,0
17645,10.118323,0
17646,10.071487,0
17647,10.053371,0
17648,10.061196,0
17649,10.061073,0
17650,10.061169,0
17651,10.049189,0
17652,10.061163,0
17653,10.061163,0
17654,10.071531,0
17655,10.071531,0
17656,10.071428,0
17657,10.071525,0
17658,10.060989,0
17659,10.060989,0
17660,10.061071,0
17661,10.061162,0
17662,10.061162,0
17663,10.117291,0
17664,10.061324,0
17665,10.071522,0
17666,10.061274,0
17667,10.060941,0
17668,10.061115,0
17669,10.102322,0
17670,10.061169,0
17671,10.061189,0
17672,10.061230,0
17673,10.061230,0
17674,10.061230,0
17675,10.053345,0
17676,15.174586,0
17677,10.048420,0
17678,10.048477,0
17679,10.061176,0
17680,10.061176,0
17681,10.061189,0
17682,10.061189,0
17683,10.061189,0
17684,10.053324,0
17685,10.053324,0
17686,10.053494,0
17687,10.045833,0
17688,10.045833,0
17689,10.045808,0
17690,10.060878,0
17691,10.060950,0
17692,10.053114,0
17693,10.060887,0
17694,10.104878,0
17695,10.061019,0
17696,10.061150,0
17697,10.061214,0
17698,10.048560,0
17699,10.048423,0
17700,10.048477,0
17701,10.048570,0
17702,10.061064,0
17703,10.061064,0
17704,10.053051,0
17705,10.060750,0
17706,10.053118,0
17707,10.045829,0
17708,10.053200,0
17709,10.053200,0
17710,10.060969,0
17711,10.060780,0
17712,10.048206,0
17713,10.487699,0
17714,10.102558,0
17715,10.102534,0
17716,10.102822,0
17717,10.484525,0
17718,15.172404,0
17719,10.071248,0
17720,10.071281,0
17721,10.071281,0
17722,10.060996,0
17723,10.060996,0
17724,13.783946,0
17725,10.060811,0
17726,10.071164,0
17727,10.053154,0
17728,10.052889,0
17729,10.052889,0
17730,10.045897,0
17731,10.048058,0
17732,10.048058,0
17733,10.053464,0
17734,10.053477,0
17735,13.786083,0
17736,10.061053,0
17737,10.053255,0
17738,10.071282,0
17739,14.670918,0
17740,10.762705,0
17741,10.053343,0
17742,10.060745,0
17743,10.060416,0
17744,10.048101,0
17745,10.053311,0
17746,10.052748,0
17747,10.060785,0
17748,10.060869,0
17749,10.061088,0
17750,10.061088,0
17751,10.053157,0
17752,10.053101,0
17753,10.053698,0
17754,10.061045,0
17755,10.053294,0
17756,10.071180,0
17757,10.060808,0
17758,10.060808,0
17759,10.045846,0
17760,10.052975,0
17761,10.052975,0
17762,10.060884,0
17763,10.060904,0
17764,10.053206,0
17765,10.060704,0
17766,10.060882,0
17767,10.060940,0
17768,10.060902,0
17769,10.045630,0
17770,10.045630,0
17771,10.060683,0
17772,10.060683,0
17773,10.047940,0
17774,10.047940,0
17775,10.060845,0
17776,10.048017,0
17777,10.048029,0
17778,10.048146,0
17779,10.048146,0
17780,10.048152,0
17781,10.048152,0
17782,15.170408,0
17783,10.048217,0
17784,10.060874,0
17785,10.060831,0
17786,10.071102,0
17787,10.071183,0
17788,10.071297,0
17789,13.783889,0
17790,13.783889,0
17791,10.061013,0
17792,10.053049,0
17793,10.060839,0
17794,10.060839,0
17795,10.053188,0
17796,10.102570,0
17797,10.102668,0
17798,10.053196,0
17799,10.105976,0
17800,10.105976,0
17801,10.053320,0
17802,10.071315,0
17803,10.060734,0
17804,10.071214,0
17805,10.071131,0
17806,10.154448,0
17807,10.219291,0
17808,10.280196,0
17809,10.162956,0
17810,10.280202,0
17811,10.280213,0
17812,10.280225,0
17813,10.277434,0
17814,10.187881,0
17815,10.277490,0
17816,10.288601,0
17817,10.288585,0
17818,10.274435,0
17819,10.162958,0
17820,10.272768,0
17821,10.233209,0
17822,10.215875,0
17823,10.520723,0
17824,10.280355,0
17825,10.299588,0
17826,10.280195,0
17827,10.162945,0
17828,10.245787,0
17829,10.162950,0
17830,10.162950,0
17831,12.654557,0
17832,10.288619,0
17833,10.288619,0
17834,10.216264,0
17835,12.654578,0
17836,10.280217,0
17837,10.280185,0
17838,10.280223,0
17839,10.280225,0
17840,10.274438,0
17841,10.148580,0
17842,10.148580,0
17843,10.274401,0
17844,10.272779,0
17845,10.274397,0
17846,10.288579,0
17847,10.227971,0
17848,10.280206,0
17849,10.280252,0
17850,10.280252,0
17851,10.344246,0
17852,11.133495,0
17853,11.133495,0
17854,10.148707,0
17855,10.376382,0
17856,10.280194,0
17857,11.131542,0
17858,10.280230,0
17859,10.145380,0
17860,10.151709,0
17861,10.272808,0
17862,10.280189,0
17863,11.137816,0
17864,10.288656,0
17865,10.890885,0
17866,10.904373,0
17867,11.085162,0
17868,11.085283,0
17869,10.906465,0
17870,10.897051,0
17871,10.897132,0
17872,10.904346,0
17873,10.904346,0
17874,13.967748,0
17875,58.359429,1
17876,12.685588,0
17877,20.955486,0
17878,29.347361,0
17879,17.959392,0
17880,21.743764,0
17881,17.754208,0
17882,28.054839,0
17883,28.053547,0
17884,29.899321,0
17885,30.655069,0
17886,1.517724,0
17887,1.477625,0
17888,1.477757,0
17889,1.477638,0
17890,1.477638,0
17891,3.400165,0
17892,1.477891,0
17893,1.472923,0
17894,3.400159,0
17895,1.477274,0
17896,3.408103,0
17897,3.402044,0
17898,3.402051,0
17899,9.680738,0
17900,1.518594,0
17901,1.517496,0
17902,1.517306,0
17903,3.406060,0
17904,3.400091,0
17905,1.517323,0
17906,1.517323,0
17907,3.405897,0
17908,1.517835,0
17909,1.472560,0
17910,1.477443,0
17911,1.477378,0
17912,1.472612,0
17913,2.532126,0
17914,25.787549,0
17915,25.612220,0
17916,25.612172,0
17917,25.612221,0
17918,25.612263,0
17919,25.612215,0
17920,25.615144,0
17921,25.616763,0
17922,25.623179,0
17923,25.613143,0
17924,26.066653,0
17925,27.295915,0
17926,25.790924,0
17927,25.615143,0
17928,25.675833,0
17929,25.675895,0
17930,25.787780,0
17931,25.794191,0
17932,25.622160,0
17933,25.612272,0
17934,25.695686,0
17935,25.794196,0
17936,25.618606,0
17937,25.618948,0
17938,25.618189,0
17939,25.787513,0
17940,25.794142,0
17941,25.622238,0
17942,25.810152,0
17943,25.788350,0
17944,25.613146,0
17945,25.613668,0
17946,26.067928,0
17947,25.789336,0
17948,25.794450,0
17949,25.791028,0
17950,25.790942,0
17951,25.627250,0
17952,25.628675,0
17953,25.612248,0
17954,25.794253,0
17955,25.676488,0
17956,25.755087,0
17957,33.417942,1
17958,73.203066,1
17959,12.349891,0
17960,12.363787,0
17961,12.363805,0
17962,12.363830,0
17963,12.363830,0
17964,12.363830,0
17965,12.363830,0
17966,12.372778,0
17967,12.349919,0
17968,11.993793,0
17969,12.351971,0
17970,12.352454,0
17971,12.352337,0
17972,12.185675,0
17973,16.524951,0
17974,12.349860,0
17975,12.349919,0
17976,12.349919,0
17977,12.352397,0
17978,12.352375,0
17979,11.982338,0
17980,12.352311,0
17981,12.352377,0
17982,12.352001,0
17983,12.372763,0
17984,11.982079,0
17985,12.352233,0
17986,11.982319,0
17987,12.356618,0
17988,12.352369,0
17989,12.352277,0
17990,11.993944,0
17991,15.252770,0
17992,11.985779,0
17993,11.982156,0
17994,12.003077,0
17995,12.002964,0
17996,12.003051,0
17997,12.363371,0
17998,12.352369,0
17999,12.363483,0
18000,12.363483,0
18001,12.363483,0
18002,11.993780,0
18003,61.655186,1
18004,12.363665,0
18005,12.372530,0
18006,12.003019,0
18007,12.396865,0
18008,11.993900,0
18009,12.372535,0
18010,12.372535,0
18011,12.363459,0
18012,12.363438,0
18013,12.003062,0
18014,12.356667,0
18015,12.356667,0
18016,12.356667,0
18017,12.363486,0
18018,12.003265,0
18019,12.003086,0
18020,12.363952,0
18021,12.003087,0
18022,12.003034,0
18023,11.993805,0
18024,12.363800,0
18025,12.134961,0
18026,12.003061,0
18027,11.981984,0
18028,11.982043,0
18029,12.352067,0
18030,12.366819,0
18031,12.372582,0
18032,16.077689,0
18033,12.372483,0
18034,12.014501,0
18035,12.014501,0
18036,12.014526,0
18037,12.014526,0
18038,11.981924,0
18039,11.982058,0
18040,12.003083,0
18041,11.982034,0
18042,12.014786,0
18043,12.383702,0
18044,12.383596,0
18045,12.355444,0
18046,12.000803,0
18047,12.924424,0
18048,11.985792,0
18049,12.361734,0
18050,11.992041,0
18051,11.992293,0
18052,11.992062,0
18053,11.985820,0
18054,12.934152,0
18055,11.985457,0
18056,12.942661,0
18057,12.942661,0
18058,12.352099,0
18059,11.985543,0
18060,12.363644,0
18061,12.349808,0
18062,15.252684,0
18063,12.349913,0
18064,15.252755,0
18065,12.363650,0
18066,12.357112,0
18067,12.000595,0
18068,12.349889,0
18069,12.352184,0
18070,12.352423,0
18071,12.352142,0
18072,11.994135,0
18073,11.979163,0
18074,11.982247,0
18075,11.981657,0
18076,12.356600,0
18077,12.351571,0
18078,11.992114,0
18079,12.001233,0
18080,12.001231,0
18081,12.025110,0
18082,11.985339,0
18083,11.982610,0
18084,12.370812,0
18085,12.356377,0
18086,12.001363,0
18087,11.986353,0
18088,11.992711,0
18089,12.370454,0
18090,12.370494,0
18091,11.992278,0
18092,12.000991,0
18093,12.370810,0
18094,12.370810,0
18095,11.985945,0
18096,11.985994,0
18097,12.355851,0
18098,12.355933,0
18099,11.985660,0
18100,12.355928,0
18101,12.370852,0
18102,12.001243,0
18103,12.362088,0
18104,12.356028,0
18105,12.370644,0
18106,12.370644,0
18107,12.370532,0
18108,12.355531,0
18109,12.059954,0
18110,12.059935,0
18111,12.060026,0
18112,12.059936,0
18113,12.059928,0
18114,12.059928,0
18115,12.059931,0
18116,12.923064,0
18117,12.059970,0
18118,12.059968,0
18119,12.070621,0
18120,12.070621,0
18121,12.059968,0
18122,12.059971,0
18123,12.229408,0
18124,12.229425,0
18125,12.051508,0
18126,12.051516,0
18127,12.051464,0
18128,12.051465,0
18129,12.249871,0
18130,12.239598,0
18131,12.166262,0
18132,12.148899,0
18133,12.148921,0
18134,12.070630,0
18135,12.045272,0
18136,12.045272,0
18137,12.045272,0
18138,12.046223,0
18139,12.160890,0
18140,12.093728,0
18141,12.059967,0
18142,12.145713,0
18143,12.051504,0
18144,12.160917,0
18145,12.060002,0
18146,12.151500,0
18147,12.054783,0
18148,12.160890,0
18149,12.148911,0
18150,12.151479,0
18151,12.059966,0
18152,12.176622,0
18153,12.312010,0
18154,12.300350,0
18155,12.223849,0
18156,12.223719,0
18157,12.223716,0
18158,12.241125,0
18159,12.288563,0
18160,12.253183,0
18161,12.042693,0
18162,12.235251,0
18163,12.709451,0
18164,12.742026,0
18165,12.742026,0
18166,12.842927,0
18167,12.739156,0
18168,12.729006,0
18169,12.702021,0
18170,14.309966,0
18171,41.607330,1
18172,11.788023,0
18173,11.451475,0
18174,12.377318,0
18175,11.399968,0
18176,11.399576,0
18177,11.777642,0
18178,11.444291,0
18179,11.465353,0
18180,11.451585,0
18181,11.451585,0
18182,11.439065,0
18183,11.399393,0
18184,11.436262,0
18185,11.436769,0
18186,11.436501,0
18187,11.436501,0
18188,11.777881,0
18189,11.439194,0
18190,11.439403,0
18191,11.444136,0
18192,11.451655,0
18193,11.451482,0
18194,11.451784,0
18195,11.439138,0
18196,11.439138,0
18197,11.439273,0
18198,11.439273,0
18199,11.439273,0
18200,11.439209,0
18201,11.458694,0
18202,11.436666,0
18203,11.436672,0
18204,11.442518,0
18205,11.436430,0
18206,11.436494,0
18207,11.438492,0
18208,11.449332,0
18209,11.388297,0
18210,11.442836,0
18211,11.436412,0
18212,11.444252,0
18213,11.439276,0
18214,11.438437,0
18215,11.388484,0
18216,11.438129,0
18217,11.772120,0
18218,11.438410,0
18219,11.775349,0
18220,11.436749,0
18221,11.436350,0
18222,11.442828,0
18223,11.443001,0
18224,11.442982,0
18225,11.399795,0
18226,11.408660,0
18227,11.408660,0
18228,11.408993,0
18229,11.443032,0
18230,11.443032,0
18231,11.443032,0
18232,11.442910,0
18233,11.449606,0
18234,11.449800,0
18235,11.442799,0
18236,11.436367,0
18237,11.439337,0
18238,11.438085,0
18239,11.438085,0
18240,11.436439,0
18241,11.438258,0
18242,11.438191,0
18243,11.442578,0
18244,11.514452,0
18245,11.494563,0
18246,11.439488,0
18247,12.275904,0
18248,11.446062,0
18249,11.446057,0
18250,11.446050,0
18251,11.454965,0
18252,11.454965,0
18253,11.446057,0
18254,11.446051,0
18255,11.446059,0
18256,11.454966,0
18257,11.454966,0
18258,11.454966,0
18259,11.494497,0
18260,11.671222,0
18261,11.454972,0
18262,11.491851,0
18263,12.269832,0
18264,12.269767,0
18265,11.488519,0
18266,11.438511,0
18267,11.488480,0
18268,11.488519,0
18269,11.583044,0
18270,11.494528,0
18271,11.494557,0
18272,11.491824,0
18273,11.488582,0
18274,11.454965,0
18275,11.454965,0
18276,11.509931,0
18277,11.509917,0
18278,11.439483,0
18279,11.449565,0
18280,11.449493,0
18281,11.441998,0
18282,11.441998,0
18283,11.435294,0
18284,11.439519,0
18285,11.439517,0
18286,11.439499,0
18287,11.441974,0
18288,11.491804,0
18289,11.488965,0
18290,11.436783,0
18291,11.489007,0
18292,11.488994,0
18293,11.436769,0
18294,11.436764,0
18295,11.433416,0
18296,11.491783,0
18297,11.491819,0
18298,11.439507,0
18299,11.384668,0
18300,11.379448,0
18301,11.379447,0
18302,11.392306,0
18303,11.491798,0
18304,11.488941,0
18305,11.488976,0
18306,11.488968,0
18307,11.441990,0
18308,11.490334,0
18309,11.488484,0
18310,11.488485,0
18311,11.433438,0
18312,11.433438,0
18313,11.433438,0
18314,11.496969,0
18315,11.436744,0
18316,11.488474,0
18317,11.436746,0
18318,13.664409,0
18319,11.436755,0
18320,11.433911,0
18321,11.433907,0
18322,11.491826,0
18323,11.497002,0
18324,11.441944,0
18325,11.491804,0
18326,11.491804,0
18327,11.488984,0
18328,11.488973,0
18329,11.433899,0
18330,11.436748,0
18331,11.436748,0
18332,11.454982,0
18333,11.504511,0
18334,11.449628,0
18335,11.433905,0
18336,11.441992,0
18337,11.449496,0
18338,11.436751,0
18339,11.436767,0
18340,11.392306,0
18341,11.392256,0
18342,11.449493,0
18343,11.436750,0
18344,11.379444,0
18345,11.392242,0
18346,11.443463,0
18347,11.392254,0
18348,11.449494,0
18349,11.379431,0
18350,12.145426,0
18351,12.318672,0
18352,12.152341,0
18353,12.319178,0
18354,12.319178,0
18355,12.152322,0
18356,12.172895,0
18357,12.145225,0
18358,12.152155,0
18359,12.152205,0
18360,12.172725,0
18361,12.235772,0
18362,12.152427,0
18363,12.152482,0
18364,12.140669,0
18365,12.152336,0
18366,12.138055,0
18367,12.152565,0
18368,12.152349,0
18369,12.152400,0
18370,12.152400,0
18371,12.152400,0
18372,12.152454,0
18373,12.137882,0
18374,12.139962,0
18375,12.140022,0
18376,12.313145,0
18377,12.144231,0
18378,12.139621,0
18379,12.139621,0
18380,12.158807,0
18381,12.159020,0
18382,12.211903,0
18383,12.159089,0
18384,13.774046,0
18385,13.782470,0
18386,13.767078,0
18387,14.613470,0
18388,13.777569,0
18389,14.652645,0
18390,15.281917,0
18391,14.467067,0
18392,14.467067,0
18393,14.467067,0
18394,14.467067,0
18395,14.615546,0
18396,14.459607,0
18397,13.845801,0
18398,23.736850,0
18399,27.216937,0
18400,44.810061,1
18401,44.051997,1
18402,44.086151,1
18403,43.880318,1
18404,43.666164,1
18405,21.628534,0
18406,28.766453,0
18407,22.392526,0
18408,18.527608,0
18409,18.831214,0
18410,16.825680,0
18411,16.865809,0
18412,16.832053,0
18413,16.831947,0
18414,16.832164,0
18415,16.832155,0
18416,16.832185,0
18417,16.832260,0
18418,16.832100,0
18419,16.839965,0
18420,16.831779,0
18421,16.873802,0
18422,16.873788,0
18423,16.873788,0
18424,16.831974,0
18425,16.831939,0
18426,16.865979,0
18427,16.818110,0
18428,16.825943,0
18429,16.852173,0
18430,18.435307,0
18431,18.435283,0
18432,16.861676,0
18433,16.899036,0
18434,16.893905,0
18435,16.817685,0
18436,16.812213,0
18437,16.876673,0
18438,16.876673,0
18439,16.876673,0
18440,18.454191,0
18441,16.822962,0
18442,16.888137,0
18443,17.031625,0
18444,17.031625,0
18445,17.031625,0
18446,17.031625,0
18447,16.824047,0
18448,16.822848,0
18449,16.899034,0
18450,16.899036,0
18451,16.837998,0
18452,16.868360,0
18453,16.914047,0
18454,16.899103,0
18455,16.822927,0
18456,16.822927,0
18457,16.814151,0
18458,16.817688,0
18459,16.899040,0
18460,16.899035,0
18461,16.899218,0
18462,16.899122,0
18463,16.899047,0
18464,16.888457,0
18465,16.893930,0
18466,16.822839,0
18467,16.823148,0
18468,16.822820,0
18469,18.568845,0
18470,16.822824,0
18471,16.822846,0
18472,16.888491,0
18473,16.812216,0
18474,16.852036,0
18475,16.851993,0
18476,17.349439,0
18477,17.334501,0
18478,17.334501,0
18479,17.343388,0
18480,17.343388,0
18481,17.461499,0
18482,17.477647,0
18483,17.490614,0
18484,17.461734,0
18485,17.349175,0
18486,17.465652,0
18487,19.032387,0
18488,19.160899,0
18489,24.725517,0
18490,18.623162,0
18491,26.696417,0
18492,26.644041,0
18493,24.920337,0
18494,24.926030,0
18495,31.332262,0
18496,25.593934,0
18497,25.593630,0
18498,25.593630,0
18499,22.443379,0
18500,100.478702,1
18501,22.280646,0
18502,22.443899,0
18503,25.586483,0
18504,25.610477,0
18505,25.588536,0
18506,22.449611,0
18507,101.543737,1
18508,101.083034,1
18509,31.126881,0
18510,50.439994,1
18511,27.128200,0
18512,27.106045,0
18513,105.447736,1
18514,196.640312,1
18515,97.085921,1
18516,47.518440,1
18517,47.520575,1
18518,47.520575,1
18519,47.536010,1
18520,47.630682,1
18521,47.615326,1
18522,47.615321,1
18523,47.520597,1
18524,47.611770,1
18525,47.518808,1
18526,47.613951,1
18527,47.579559,1
18528,47.579559,1
18529,20.117439,0
18530,19.892480,0
18531,20.118662,0
18532,19.893495,0
18533,19.893630,0
18534,19.896162,0
18535,19.893662,0
18536,19.893634,0
18537,19.893677,0
18538,20.118631,0
18539,20.118631,0
18540,20.119119,0
18541,20.119099,0
18542,20.117730,0
18543,19.894104,0
18544,19.893462,0
18545,19.894069,0
18546,20.122213,0
18547,19.892424,0
18548,19.892432,0
18549,20.118664,0
18550,19.892451,0
18551,19.892403,0
18552,19.896049,0
18553,19.892258,0
18554,19.892259,0
18555,22.572354,0
18556,22.572491,0
18557,19.892668,0
18558,19.893969,0
18559,20.119158,0
18560,19.900026,0
18561,19.896106,0
18562,19.892421,0
18563,19.892399,0
18564,19.896272,0
18565,19.896063,0
18566,19.892416,0
18567,19.892303,0
18568,19.892303,0
18569,19.892201,0
18570,19.900830,0
18571,22.573968,0
18572,19.900042,0
18573,20.121228,0
18574,19.892283,0
18575,19.900908,0
18576,19.894229,0
18577,19.893780,0
18578,19.894145,0
18579,19.892436,0
18580,20.117508,0
18581,20.117508,0
18582,20.119227,0
18583,19.896254,0
18584,20.117600,0
18585,19.895086,0
18586,19.896185,0
18587,19.896185,0
18588,19.892374,0
18589,19.894086,0
18590,19.893560,0
18591,19.892424,0
18592,22.573961,0
18593,20.117555,0
18594,19.892359,0
18595,20.117669,0
18596,20.117656,0
18597,20.117621,0
18598,20.045618,0
18599,20.048457,0
18600,20.437072,0
18601,20.437121,0
18602,20.433800,0
18603,24.686505,0
18604,22.843781,0
18605,22.843762,0
18606,22.832754,0
18607,22.832757,0
18608,25.486301,0
18609,22.833560,0
18610,22.810791,0
18611,22.814138,0
18612,22.808524,0
18613,22.818535,0
18614,22.818689,0
18615,22.932375,0
18616,22.932375,0
18617,22.810741,0
18618,22.835850,0
18619,22.810674,0
18620,22.814050,0
18621,22.818666,0
18622,22.814152,0
18623,22.831388,0
18624,22.808512,0
18625,22.814111,0
18626,22.808489,0
18627,22.808545,0
18628,22.808510,0
18629,23.003997,0
18630,22.810781,0
18631,22.870774,0
18632,22.870777,0
18633,22.867002,0
18634,22.870779,0
18635,22.864399,0
18636,22.864399,0
18637,22.863034,0
18638,22.864383,0
18639,22.862953,0
18640,22.814550,0
18641,22.808120,0
18642,22.864478,0
18643,22.864441,0
18644,22.864478,0
18645,22.870760,0
18646,22.864388,0
18647,22.825646,0
18648,22.841433,0
18649,22.814531,0
18650,22.881977,0
18651,22.843360,0
18652,22.806456,0
18653,22.858349,0
18654,22.892625,0
18655,23.210201,0
18656,23.202732,0
18657,23.210108,0
18658,23.204217,0
18659,27.220889,0
18660,27.093660,0
18661,26.171572,0
18662,26.171462,0
18663,26.143557,0
18664,26.154354,0
18665,26.154496,0
18666,26.154411,0
18667,26.143315,0
18668,23.882003,0
18669,26.143355,0
18670,26.143376,0
18671,26.143412,0
18672,26.143416,0
18673,23.863340,0
18674,23.868010,0
18675,23.867765,0
18676,23.863292,0
18677,23.863265,0
18678,23.867889,0
18679,26.436639,0
18680,23.863503,0
18681,23.863538,0
18682,23.867609,0
18683,23.867925,0
18684,23.867906,0
18685,23.881172,0
18686,23.873419,0
18687,23.860296,0
18688,23.860284,0
18689,23.860300,0
18690,23.860258,0
18691,23.860262,0
18692,23.970596,0
18693,25.077466,0
18694,24.345625,0
18695,24.345624,0
18696,24.345624,0
18697,24.345624,0
18698,24.345648,0
18699,24.345626,0
18700,23.915778,0
18701,23.938542,0
18702,23.942158,0
18703,24.008667,0
18704,23.946888,0
18705,23.960208,0
18706,23.980030,0
18707,23.912415,0
18708,24.292162,0
18709,24.249111,0
18710,24.232184,0
18711,25.570084,0
18712,27.983979,0
18713,11.887808,0
18714,11.887837,0
18715,11.887668,0
18716,11.887668,0
18717,11.887771,0
18718,11.887810,0
18719,11.502646,0
18720,11.887774,0
18721,14.878969,0
18722,11.889845,0
18723,11.890377,0
18724,11.890376,0
18725,11.890331,0
18726,11.890298,0
18727,11.502582,0
18728,11.509091,0
18729,11.504622,0
18730,11.887813,0
18731,11.887813,0
18732,11.890440,0
18733,11.515763,0
18734,11.889783,0
18735,11.509084,0
18736,11.509084,0
18737,11.890359,0
18738,11.890360,0
18739,11.505239,0
18740,11.890367,0
18741,11.554071,0
18742,11.554024,0
18743,11.554024,0
18744,11.553996,0
18745,11.558420,0
18746,11.558420,0
18747,11.558420,0
18748,11.558388,0
18749,11.508848,0
18750,11.508875,0
18751,11.887913,0
18752,11.887902,0
18753,11.887800,0
18754,11.887857,0
18755,11.888806,0
18756,11.887752,0
18757,11.890260,0
18758,11.890319,0
18759,11.502229,0
18760,11.887833,0
18761,11.515704,0
18762,11.889596,0
18763,11.893725,0
18764,11.524645,0
18765,11.693421,0
18766,11.524708,0
18767,11.890352,0
18768,11.890352,0
18769,11.524800,0
18770,11.554059,0
18771,11.553895,0
18772,11.553898,0
18773,11.554059,0
18774,11.554064,0
18775,11.554064,0
18776,11.502335,0
18777,11.502381,0
18778,11.889509,0
18779,11.889509,0
18780,11.887350,0
18781,11.887359,0
18782,11.887489,0
18783,11.887443,0
18784,11.890256,0
18785,11.504429,0
18786,11.524646,0
18787,11.749711,0
18788,11.524850,0
18789,11.894848,0
18790,11.502369,0
18791,11.502383,0
18792,11.890487,0
18793,11.508774,0
18794,11.515621,0
18795,11.515918,0
18796,11.515630,0
18797,11.895152,0
18798,11.515588,0
18799,11.890366,0
18800,11.508992,0
18801,11.502159,0
18802,11.502551,0
18803,11.515718,0
18804,11.893851,0
18805,11.536055,0
18806,11.502212,0
18807,11.549441,0
18808,11.508962,0
18809,11.890354,0
18810,11.509047,0
18811,11.890442,0
18812,11.894069,0
18813,11.887705,0
18814,11.555272,0
18815,11.555272,0
18816,11.552404,0
18817,11.552587,0
18818,11.504448,0
18819,11.553926,0
18820,11.509217,0
18821,11.509217,0
18822,11.890273,0
18823,11.887712,0
18824,11.515291,0
18825,11.502371,0
18826,11.502654,0
18827,11.887456,0
18828,11.887446,0
18829,11.890338,0
18830,11.508865,0
18831,11.525175,0
18832,11.550124,0
18833,11.515417,0
18834,11.502227,0
18835,11.502375,0
18836,11.668332,0
18837,11.888716,0
18838,11.508857,0
18839,11.508877,0
18840,11.508852,0
18841,11.502447,0
18842,11.508974,0
18843,11.508960,0
18844,11.508972,0
18845,11.502537,0
18846,11.515608,0
18847,11.508979,0
18848,11.508979,0
18849,11.508970,0
18850,11.508963,0
18851,11.890223,0
18852,11.508516,0
18853,11.502296,0
18854,11.524756,0
18855,11.508632,0
18856,11.502312,0
18857,11.502451,0
18858,11.508944,0
18859,11.508932,0
18860,11.508953,0
18861,11.515699,0
18862,11.504353,0
18863,11.554282,0
18864,11.554456,0
18865,11.554456,0
18866,11.508952,0
18867,11.508952,0
18868,11.508969,0
18869,11.508963,0
18870,11.551839,0
18871,11.551922,0
18872,11.887838,0
18873,11.554021,0
18874,11.554021,0
18875,11.554021,0
18876,11.889425,0
18877,11.502534,0
18878,11.508921,0
18879,11.671917,0
18880,11.616328,0
18881,11.674631,0
18882,11.684437,0
18883,11.684443,0
18884,11.669120,0
18885,11.705386,0
18886,11.684620,0
18887,11.590450,0
18888,11.685053,0
18889,11.685053,0
18890,11.671260,0
18891,11.689783,0
18892,11.685567,0
18893,11.733414,0
18894,11.733414,0
18895,11.733414,0
18896,11.623036,0
18897,11.672557,0
18898,11.672203,0
18899,11.684438,0
18900,11.722694,0
18901,11.564039,0
18902,11.684433,0
18903,11.579347,0
18904,11.834075,0
18905,11.766305,0
18906,11.583859,0
18907,11.672043,0
18908,11.558149,0
18909,11.767900,0
18910,11.672063,0
18911,11.616255,0
18912,11.616265,0
18913,11.616268,0
18914,11.755845,0
18915,11.672233,0
18916,11.767895,0
18917,11.684534,0
18918,11.564006,0
18919,11.672100,0
18920,11.674602,0
18921,11.573916,0
18922,11.755731,0
18923,11.671911,0
18924,11.671909,0
18925,11.671913,0
18926,11.671916,0
18927,11.668638,0
18928,11.684402,0
18929,11.671915,0
18930,11.671915,0
18931,11.671916,0
18932,11.671912,0
18933,11.677008,0
18934,11.677008,0
18935,11.677008,0
18936,11.761756,0
18937,11.669114,0
18938,11.669114,0
18939,11.684402,0
18940,11.671914,0
18941,11.671914,0
18942,12.267450,0
18943,12.264434,0
18944,14.568885,0
18945,18.293031,0
18946,17.665599,0
18947,17.665599,0
18948,17.665599,0
18949,17.665530,0
18950,17.665525,0
18951,17.665512,0
18952,17.661223,0
18953,17.656959,0
18954,17.656857,0
18955,17.665617,0
18956,17.639135,0
18957,17.665623,0
18958,17.883301,0
18959,17.883301,0
18960,17.625819,0
18961,17.883136,0
18962,17.668648,0
18963,17.628780,0
18964,17.626452,0
18965,19.996948,0
18966,19.996948,0
18967,19.996913,0
18968,17.690174,0
18969,19.996952,0
18970,17.690050,0
18971,17.666603,0
18972,17.629608,0
18973,17.888054,0
18974,17.628908,0
18975,17.892675,0
18976,17.757250,0
18977,17.892781,0
18978,17.626469,0
18979,17.626422,0
18980,20.736910,0
18981,17.633171,0
18982,17.888085,0
18983,20.610252,0
18984,17.880101,0
18985,20.603479,0
18986,20.603310,0
18987,17.880134,0
18988,20.610204,0
18989,20.606185,0
18990,17.880108,0
18991,17.629312,0
18992,20.610022,0
18993,17.628619,0
18994,17.723602,0
18995,17.665499,0
18996,17.665521,0
18997,17.632623,0
18998,17.648059,0
18999,17.882327,0
19000,19.992550,0
19001,17.883348,0
19002,20.974565,0
19003,21.068109,0
19004,17.880177,0
19005,17.626389,0
19006,20.610234,0
19007,17.888005,0
19008,17.888005,0
19009,17.880142,0
19010,17.883298,0
19011,17.883308,0
19012,17.883316,0
19013,17.883292,0
19014,17.883425,0
19015,20.606209,0
19016,20.606281,0
19017,17.634300,0
19018,17.880083,0
19019,17.880079,0
19020,17.626393,0
19021,17.811514,0
19022,17.711578,0
19023,19.248159,0
19024,17.711505,0
19025,17.789569,0
19026,17.737886,0
19027,17.784084,0
19028,17.771443,0
19029,17.897526,0
19030,17.860894,0
19031,17.910983,0
19032,17.879128,0
19033,18.151466,0
19034,18.151667,0
19035,18.151667,0
19036,19.278756,0
19037,44.446989,1
19038,26.160332,0
19039,26.132267,0
19040,31.567581,0
19041,18.893224,0
19042,18.218163,0
19043,18.258912,0
19044,18.503656,0
19045,18.857194,0
19046,18.437354,0
19047,18.437357,0
19048,18.437368,0
19049,18.437787,0
19050,18.433896,0
19051,18.287880,0
19052,18.366403,0
19053,18.397205,0
19054,18.366302,0
19055,18.231846,0
19056,18.806498,0
19057,19.744734,0
19058,18.367551,0
19059,18.270915,0
19060,18.806539,0
19061,18.806539,0
19062,18.801924,0
19063,18.286153,0
19064,18.289550,0
19065,18.812534,0
19066,18.812525,0
19067,18.806510,0
19068,18.812523,0
19069,18.836999,0
19070,18.819979,0
19071,18.323980,0
19072,18.323976,0
19073,19.757553,0
19074,19.886076,0
19075,18.310141,0
19076,18.736867,0
19077,18.795527,0
19078,18.795527,0
19079,18.716193,0
19080,18.716179,0
19081,18.716149,0
19082,18.702611,0
19083,18.692953,0
19084,18.690181,0
19085,18.737096,0
19086,18.736810,0
19087,25.741719,0
19088,19.880308,0
19089,22.291781,0
19090,20.443134,0
19091,28.940876,0
19092,43.815373,1
19093,31.278291,0
19094,31.278291,0
19095,31.278291,0
19096,31.278440,0
19097,31.313717,0
19098,23.363778,0
19099,76.414521,1
19100,49.316816,1
19101,54.691688,1
19102,49.316427,1
19103,35.385159,1
19104,35.384404,1
19105,35.385967,1
19106,49.380866,1
19107,49.451962,1
19108,40.584355,1
19109,31.630125,0
19110,31.624569,0
19111,31.642560,0
19112,31.898942,0
19113,31.622183,0
19114,44.453204,1
19115,31.624353,0
19116,31.627758,0
19117,31.627758,0
19118,31.627758,0
19119,31.905847,0
19120,28.004518,0
19121,28.001666,0
19122,33.533263,1
19123,33.549966,1
19124,29.061155,0
19125,33.560622,1
19126,27.985595,0
19127,27.986519,0
19128,33.582478,1
19129,33.535894,1
19130,41.458766,1
19131,12.221738,0
19132,12.221738,0
19133,12.221738,0
19134,12.221775,0
19135,12.221775,0
19136,12.221995,0
19137,12.224484,0
19138,13.104189,0
19139,12.222871,0
19140,12.187282,0
19141,12.187461,0
19142,12.221918,0
19143,12.221785,0
19144,12.234134,0
19145,12.175025,0
19146,12.227928,0
19147,12.227928,0
19148,12.181165,0
19149,12.181149,0
19150,12.177038,0
19151,12.224452,0
19152,12.228967,0
19153,12.229112,0
19154,12.224718,0
19155,12.187532,0
19156,13.109780,0
19157,12.221505,0
19158,12.229018,0
19159,12.559994,0
19160,13.123745,0
19161,13.145904,0
19162,12.227949,0
19163,12.220068,0
19164,12.227938,0
19165,12.206710,0
19166,12.253448,0
19167,12.551677,0
19168,12.189468,0
19169,12.242722,0
19170,12.253546,0
19171,12.187624,0
19172,12.551741,0
19173,12.234214,0
19174,13.133701,0
19175,12.560027,0
19176,12.234504,0
19177,12.234504,0
19178,12.223837,0
19179,12.227878,0
19180,12.227878,0
19181,12.242760,0
19182,12.236213,0
19183,12.187547,0
19184,12.228246,0
19185,12.187431,0
19186,12.187406,0
19187,12.224535,0
19188,12.224410,0
19189,12.195945,0
19190,12.203343,0
19191,12.251804,0
19192,12.200197,0
19193,12.253558,0
19194,12.251822,0
19195,12.251812,0
19196,12.254901,0
19197,12.220415,0
19198,12.253556,0
19199,12.442291,0
19200,12.152202,0
19201,12.212056,0
19202,12.212055,0
19203,12.212055,0
19204,12.170966,0
19205,12.266838,0
19206,12.230928,0
19207,12.200206,0
19208,12.200206,0
19209,12.149639,0
19210,12.387662,0
19211,12.182599,0
19212,12.170945,0
19213,12.205873,0
19214,12.149614,0
19215,12.254938,0
19216,12.146939,0
19217,12.161615,0
19218,12.266983,0
19219,12.266983,0
19220,12.266823,0
19221,12.287467,0
19222,12.208205,0
19223,12.311882,0
19224,12.203326,0
19225,12.146936,0
19226,12.149637,0
19227,12.146944,0
19228,12.146944,0
19229,12.146935,0
19230,12.146935,0
19231,12.220398,0
19232,12.170954,0
19233,12.170954,0
19234,12.154548,0
19235,12.161643,0
19236,12.161619,0
19237,12.161641,0
19238,12.149645,0
19239,12.149645,0
19240,12.208184,0
19241,12.149647,0
19242,12.346373,0
19243,12.149640,0
19244,12.226455,0
19245,12.266826,0
19246,12.182483,0
19247,12.182455,0
19248,12.266881,0
19249,12.149651,0
19250,12.230925,0
19251,12.215286,0
19252,12.984894,0
19253,14.328316,0
19254,12.287449,0
19255,12.182440,0
19256,12.161629,0
19257,12.161629,0
19258,12.287537,0
19259,12.387702,0
19260,12.154528,0
19261,12.220380,0
19262,12.154515,0
19263,12.146497,0
19264,12.205897,0
19265,12.146934,0
19266,12.236025,0
19267,12.161618,0
19268,12.200175,0
19269,12.230941,0
19270,12.200194,0
19271,12.146951,0
19272,12.146951,0
19273,12.149621,0
19274,12.154520,0
19275,12.154572,0
19276,12.203312,0
19277,12.161632,0
19278,12.161621,0
19279,12.161621,0
19280,12.154515,0
19281,12.254946,0
19282,12.146941,0
19283,12.203329,0
19284,12.149639,0
19285,12.161635,0
19286,12.161612,0
19287,12.396109,0
19288,12.396333,0
19289,12.230944,0
19290,12.220392,0
19291,12.161623,0
19292,12.900548,0
19293,12.900582,0
19294,12.880794,0
19295,12.880837,0
19296,12.910540,0
19297,12.925847,0
19298,12.950960,0
19299,12.882447,0
19300,12.900501,0
19301,12.922839,0
19302,12.923190,0
19303,12.913262,0
19304,12.886204,0
19305,12.886204,0
19306,12.900223,0
19307,12.950274,0
19308,12.880731,0
19309,12.900607,0
19310,12.892536,0
19311,12.902870,0
19312,12.902873,0
19313,12.886543,0
19314,12.913297,0
19315,14.452579,0
19316,14.452573,0
19317,14.452573,0
19318,14.452597,0
19319,14.452601,0
19320,14.452592,0
19321,14.437231,0
19322,28.205666,0
19323,29.089351,0
19324,51.397564,1
19325,19.018837,0
19326,38.262672,1
19327,47.415471,1
19328,47.414059,1
19329,24.503902,0
19330,24.530640,0
19331,30.708044,0
19332,24.501207,0
19333,24.501554,0
19334,24.491147,0
19335,30.726987,0
19336,24.543078,0
19337,72.410308,1
19338,10.942393,0
19339,10.941062,0
19340,11.311164,0
19341,10.937178,0
19342,10.934460,0
19343,10.934397,0
19344,10.948197,0
19345,10.948197,0
19346,10.948074,0
19347,10.937516,0
19348,10.937515,0
19349,10.986768,0
19350,10.957774,0
19351,10.884089,0
19352,10.934437,0
19353,10.934437,0
19354,10.934737,0
19355,10.942566,0
19356,10.890057,0
19357,10.942566,0
19358,10.942566,0
19359,10.942566,0
19360,10.942544,0
19361,10.942493,0
19362,10.937317,0
19363,10.934446,0
19364,10.934752,0
19365,11.918852,0
19366,10.905615,0
19367,10.933957,0
19368,11.336848,0
19369,10.934519,0
19370,10.934223,0
19371,10.937289,0
19372,10.950180,0
19373,10.889000,0
19374,11.925108,0
19375,10.934752,0
19376,10.934752,0
19377,10.934566,0
19378,10.934520,0
19379,10.934431,0
19380,10.934380,0
19381,10.934566,0
19382,10.934476,0
19383,10.937365,0
19384,10.937457,0
19385,10.934726,0
19386,10.934726,0
19387,10.934632,0
19388,10.934419,0
19389,10.934471,0
19390,10.934442,0
19391,10.934515,0
19392,10.934463,0
19393,10.934414,0
19394,10.934424,0
19395,10.934278,0
19396,10.950338,0
19397,10.934446,0
19398,10.940126,0
19399,10.934419,0
19400,10.934566,0
19401,10.934566,0
19402,10.934419,0
19403,10.934419,0
19404,10.934432,0
19405,10.934363,0
19406,10.934500,0
19407,10.934500,0
19408,10.936350,0
19409,10.936419,0
19410,10.888815,0
19411,10.936463,0
19412,10.934409,0
19413,11.291359,0
19414,11.288869,0
19415,10.937507,0
19416,10.937507,0
19417,10.937497,0
19418,10.934305,0
19419,10.935296,0
19420,11.291367,0
19421,10.941144,0
19422,10.934177,0
19423,10.888662,0
19424,10.941095,0
19425,10.941095,0
19426,10.888683,0
19427,10.888683,0
19428,10.934510,0
19429,10.934863,0
19430,10.941201,0
19431,10.941201,0
19432,10.941146,0
19433,10.934444,0
19434,10.934296,0
19435,10.934419,0
19436,10.934419,0
19437,10.936044,0
19438,10.883847,0
19439,10.941050,0
19440,10.934179,0
19441,10.933923,0
19442,10.936463,0
19443,10.936436,0
19444,10.934331,0
19445,10.934331,0
19446,10.936521,0
19447,10.936527,0
19448,10.936473,0
19449,11.290595,0
19450,10.937254,0
19451,10.931986,0
19452,10.934437,0
19453,10.895919,0
19454,10.895919,0
19455,10.934450,0
19456,10.934419,0
19457,10.936574,0
19458,10.934695,0
19459,10.938311,0
19460,10.932222,0
19461,10.957656,0
19462,10.895621,0
19463,10.905689,0
19464,10.948216,0
19465,10.957730,0
19466,10.896197,0
19467,10.949087,0
19468,10.917776,0
19469,10.964120,0
19470,10.932026,0
19471,10.984022,0
19472,10.905628,0
19473,10.942763,0
19474,11.912443,0
19475,10.934353,0
19476,10.942736,0
19477,10.889062,0
19478,10.905747,0
19479,11.933770,0
19480,11.295123,0
19481,15.741343,0
19482,10.934396,0
19483,10.934350,0
19484,10.999664,0
19485,10.999664,0
19486,10.923239,0
19487,10.989288,0
19488,10.996067,0
19489,10.986507,0
19490,10.929742,0
19491,10.989263,0
19492,10.940115,0
19493,11.043686,0
19494,10.989255,0
19495,11.005360,0
19496,11.005366,0
19497,11.005345,0
19498,11.106876,0
19499,11.043711,0
19500,11.116152,0
19501,11.049093,0
19502,13.291861,0
19503,11.005361,0
19504,11.005394,0
19505,11.005367,0
19506,11.005349,0
19507,11.005361,0
19508,11.005339,0
19509,11.005354,0
19510,11.119842,0
19511,10.989262,0
19512,10.989243,0
19513,10.996104,0
19514,11.040258,0
19515,11.040774,0
19516,11.043666,0
19517,11.042159,0
19518,10.982930,0
19519,10.982913,0
19520,11.040724,0
19521,11.043717,0
19522,10.989259,0
19523,11.040759,0
19524,10.983444,0
19525,10.984878,0
19526,10.940058,0
19527,11.049093,0
19528,11.049153,0
19529,10.963221,0
19530,10.932160,0
19531,10.932161,0
19532,10.926742,0
19533,11.017085,0
19534,11.051748,0
19535,10.940083,0
19536,10.932165,0
19537,11.230251,0
19538,11.043702,0
19539,10.993214,0
19540,11.079787,0
19541,11.079785,0
19542,11.009964,0
19543,10.940070,0
19544,10.940070,0
19545,10.940067,0
19546,10.940064,0
19547,11.066707,0
19548,10.940092,0
19549,10.940086,0
19550,10.926722,0
19551,10.996121,0
19552,10.989246,0
19553,11.017083,0
19554,11.056880,0
19555,11.056897,0
19556,10.983513,0
19557,10.983451,0
19558,10.986396,0
19559,10.986389,0
19560,10.926736,0
19561,10.926727,0
19562,10.932165,0
19563,11.043735,0
19564,11.040253,0
19565,11.040253,0
19566,11.702139,0
19567,11.681027,0
19568,11.759218,0
19569,11.702220,0
19570,11.702122,0
19571,11.690438,0
19572,11.690438,0
19573,11.668162,0
19574,11.673808,0
19575,11.673883,0
19576,11.690145,0
19577,11.732698,0
19578,11.690333,0
19579,11.690333,0
19580,11.680858,0
19581,11.680989,0
19582,11.712822,0
19583,11.848349,0
19584,11.688098,0
19585,11.672502,0
19586,11.688065,0
19587,11.672347,0
19588,11.668081,0
19589,14.299980,0
19590,14.088568,0
19591,13.358130,0
19592,42.226805,1
19593,18.267805,0
19594,18.482349,0
19595,32.262018,0
19596,49.794333,1
19597,32.231821,0
19598,96.243097,1
19599,36.678715,1
19600,36.551024,1
19601,41.305595,1
19602,36.553441,1
19603,36.551951,1
19604,36.553486,1
19605,36.680979,1
19606,36.557918,1
19607,36.558032,1
19608,36.674050,1
19609,36.674976,1
19610,36.553313,1
19611,36.676109,1
19612,36.553095,1
19613,36.578199,1
19614,36.578199,1
19615,37.752171,1
19616,36.553065,1
19617,36.553151,1
19618,36.551792,1
19619,36.550987,1
19620,36.557871,1
19621,20.666933,0
19622,20.450576,0
19623,20.665495,0
19624,20.666773,0
19625,20.673787,0
19626,20.673878,0
19627,20.666941,0
19628,22.520791,0
19629,20.667005,0
19630,20.667047,0
19631,20.666982,0
19632,20.667002,0
19633,20.475854,0
19634,20.475850,0
19635,20.475852,0
19636,20.475886,0
19637,20.475854,0
19638,20.475848,0
19639,20.669593,0
19640,20.475864,0
19641,20.475864,0
19642,20.669759,0
19643,20.454938,0
19644,20.497342,0
19645,20.669773,0
19646,22.523422,0
19647,20.454706,0
19648,22.519347,0
19649,20.665550,0
19650,20.447861,0
19651,20.669740,0
19652,20.478710,0
19653,20.478699,0
19654,20.669729,0
19655,20.666943,0
19656,20.669789,0
19657,20.667051,0
19658,20.446238,0
19659,20.446335,0
19660,20.449806,0
19661,20.446172,0
19662,20.446187,0
19663,20.446447,0
19664,20.446289,0
19665,20.447926,0
19666,20.447750,0
19667,20.447929,0
19668,20.446246,0
19669,20.450695,0
19670,20.450615,0
19671,20.450708,0
19672,22.519481,0
19673,20.450677,0
19674,20.446163,0
19675,20.454652,0
19676,20.673813,0
19677,20.673813,0
19678,20.673813,0
19679,20.673813,0
19680,20.673813,0
19681,20.580385,0
19682,20.575477,0
19683,20.509249,0
19684,20.571760,0
19685,20.575491,0
19686,20.544722,0
19687,20.571761,0
19688,20.571741,0
19689,20.571762,0
19690,20.571768,0
19691,25.194629,0
19692,9.709833,0
19693,9.709779,0
19694,9.709680,0
19695,9.709775,0
19696,9.709916,0
19697,9.709933,0
19698,9.698968,0
19699,9.698968,0
19700,9.709826,0
19701,9.709826,0
19702,9.709754,0
19703,10.789698,0
19704,9.640251,0
19705,14.911869,0
19706,14.911868,0
19707,9.699052,0
19708,9.699102,0
19709,14.931105,0
19710,10.789733,0
19711,9.640064,0
19712,9.640064,0
19713,14.904702,0
19714,14.943503,0
19715,9.650614,0
19716,9.650763,0
19717,9.701290,0
19718,65.352031,1
19719,9.709705,0
19720,9.699897,0
19721,10.799354,0
19722,9.650827,0
19723,9.642492,0
19724,9.626984,0
19725,10.799332,0
19726,10.789420,0
19727,9.632196,0
19728,9.632190,0
19729,9.632190,0
19730,9.632096,0
19731,9.632037,0
19732,14.896205,0
19733,9.683280,0
19734,9.698974,0
19735,9.640204,0
19736,9.640224,0
19737,9.640129,0
19738,9.651098,0
19739,9.640018,0
19740,9.640196,0
19741,9.640196,0
19742,9.626882,0
19743,9.626823,0
19744,9.627033,0
19745,9.640337,0
19746,9.640327,0
19747,9.650976,0
19748,9.640004,0
19749,9.698911,0
19750,9.632098,0
19751,9.632229,0
19752,9.632243,0
19753,9.632243,0
19754,9.632200,0
19755,9.650913,0
19756,9.650929,0
19757,9.650907,0
19758,9.726470,0
19759,14.898594,0
19760,10.789223,0
19761,9.640135,0
19762,9.631909,0
19763,9.632172,0
19764,9.650936,0
19765,9.632063,0
19766,9.687161,0
19767,9.650702,0
19768,9.680502,0
19769,9.683413,0
19770,9.683342,0
19771,9.683413,0
19772,9.683413,0
19773,9.683413,0
19774,9.683390,0
19775,9.683390,0
19776,9.717485,0
19777,10.081349,0
19778,10.081349,0
19779,10.081286,0
19780,9.685693,0
19781,10.088785,0
19782,10.088785,0
19783,9.651188,0
19784,9.651209,0
19785,9.651065,0
19786,9.709783,0
19787,9.650962,0
19788,9.683450,0
19789,9.683413,0
19790,9.683413,0
19791,9.683413,0
19792,9.685966,0
19793,9.685807,0
19794,9.685807,0
19795,9.685807,0
19796,10.084931,0
19797,9.624768,0
19798,9.632282,0
19799,9.632029,0
19800,9.650850,0
19801,9.650850,0
19802,9.650766,0
19803,9.640059,0
19804,9.640186,0
19805,9.640192,0
19806,9.640209,0
19807,9.639786,0
19808,9.640140,0
19809,9.640093,0
19810,9.632050,0
19811,9.631937,0
19812,9.640041,0
19813,9.686583,0
19814,10.081333,0
19815,10.081432,0
19816,10.096602,0
19817,9.626887,0
19818,9.626887,0
19819,14.905115,0
19820,9.640348,0
19821,9.683328,0
19822,9.683328,0
19823,9.650929,0
19824,9.717043,0
19825,9.632117,0
19826,9.650933,0
19827,9.683733,0
19828,9.640101,0
19829,9.640101,0
19830,9.640156,0
19831,9.743933,0
19832,9.743975,0
19833,9.743908,0
19834,9.744024,0
19835,9.743966,0
19836,9.611150,0
19837,9.663865,0
19838,9.705089,0
19839,9.622945,0
19840,9.622930,0
19841,9.735026,0
19842,9.705145,0
19843,9.714814,0
19844,9.843855,0
19845,9.769898,0
19846,9.637545,0
19847,9.622937,0
19848,10.701119,0
19849,10.701119,0
19850,9.714763,0
19851,9.611119,0
19852,10.647471,0
19853,9.637461,0
19854,9.637461,0
19855,9.685482,0
19856,9.735044,0
19857,9.674820,0
19858,9.674870,0
19859,9.659917,0
19860,9.728955,0
19861,9.659873,0
19862,9.591943,0
19863,9.678931,0
19864,9.743950,0
19865,9.743942,0
19866,9.602132,0
19867,9.611125,0
19868,9.602163,0
19869,9.602163,0
19870,9.678931,0
19871,9.611151,0
19872,12.228487,0
19873,9.722339,0
19874,9.735033,0
19875,9.611130,0
19876,9.735052,0
19877,9.802601,0
19878,9.705068,0
19879,9.895724,0
19880,9.595949,0
19881,9.637470,0
19882,9.637470,0
19883,9.611142,0
19884,9.769858,0
19885,9.769858,0
19886,9.637479,0
19887,9.622903,0
19888,12.221393,0
19889,9.802616,0
19890,9.611188,0
19891,9.623185,0
19892,9.895610,0
19893,9.611125,0
19894,10.671195,0
19895,10.671195,0
19896,10.647443,0
19897,9.659929,0
19898,9.611154,0
19899,9.611182,0
19900,9.678917,0
19901,9.725586,0
19902,10.633659,0
19903,9.725009,0
19904,10.633669,0
19905,9.660455,0
19906,9.802855,0
19907,9.595926,0
19908,9.667202,0
19909,9.595950,0
19910,9.617678,0
19911,9.619017,0
19912,9.617673,0
19913,9.617672,0
19914,9.725015,0
19915,9.607041,0
19916,9.611154,0
19917,9.663875,0
19918,9.685425,0
19919,9.728976,0
19920,9.728945,0
19921,9.728977,0
19922,9.728946,0
19923,9.728926,0
19924,9.685395,0
19925,9.735056,0
19926,9.728973,0
19927,9.725589,0
19928,9.725578,0
19929,9.725598,0
19930,9.595951,0
19931,9.595966,0
19932,9.728943,0
19933,9.728917,0
19934,9.743916,0
19935,9.685459,0
19936,9.611115,0
19937,12.228467,0
19938,12.215808,0
19939,9.743937,0
19940,9.743937,0
19941,9.602354,0
19942,9.727228,0
19943,10.671223,0
19944,9.611117,0
19945,9.622903,0
19946,9.735011,0
19947,9.678904,0
19948,12.228454,0
19949,9.685393,0
19950,9.599608,0
19951,9.617670,0
19952,9.725016,0
19953,9.725010,0
19954,9.728900,0
19955,9.725002,0
19956,9.733527,0
19957,9.743875,0
19958,9.743895,0
19959,9.769941,0
19960,9.725027,0
19961,9.617618,0
19962,9.728931,0
19963,9.631022,0
19964,9.632115,0
19965,9.631027,0
19966,9.698704,0
19967,9.631070,0
19968,9.725593,0
19969,9.631049,0
19970,9.617642,0
19971,9.685367,0
19972,9.631015,0
19973,9.735027,0
19974,9.735025,0
19975,9.602142,0
19976,9.602142,0
19977,9.602142,0
19978,9.735046,0
19979,9.735035,0
19980,9.725631,0
19981,9.728928,0
19982,9.735022,0
19983,9.611169,0
19984,9.611169,0
19985,9.727200,0
19986,9.735047,0
19987,9.735040,0
19988,9.596016,0
19989,9.755547,0
19990,9.735037,0
19991,9.735037,0
19992,9.735037,0
19993,9.735030,0
19994,9.611123,0
19995,9.662129,0
19996,10.554430,0
19997,10.542816,0
19998,10.539294,0
19999,10.554540,0
20000,10.554540,0
20001,10.539062,0
20002,10.686085,0
20003,10.686085,0
20004,10.606197,0
20005,10.526768,0
20006,10.509597,0
20007,10.698351,0
20008,10.529830,0
20009,10.711191,0
20010,10.526629,0
20011,10.730806,0
20012,10.529897,0
20013,10.568639,0
20014,10.516992,0
20015,10.517262,0
20016,10.527166,0
20017,10.527166,0
20018,10.542757,0
20019,12.369743,0
20020,12.355222,0
20021,15.874597,0
20022,13.328368,0
20023,13.328375,0
20024,13.106384,0
20025,41.925095,1
20026,17.707482,0
20027,21.555836,0
20028,17.711892,0
20029,27.903582,0
20030,27.593128,0
20031,27.588377,0
20032,29.760312,0
20033,9.568822,0
20034,9.568777,0
20035,9.568626,0
20036,9.568626,0
20037,9.572820,0
20038,9.085879,0
20039,9.085879,0
20040,9.368579,0
20041,9.565507,0
20042,9.565507,0
20043,13.098187,0
20044,9.565443,0
20045,9.098678,0
20046,9.098790,0
20047,9.110003,0
20048,9.110304,0
20049,9.098774,0
20050,13.098202,0
20051,9.090463,0
20052,9.144944,0
20053,9.144944,0
20054,9.084806,0
20055,14.554685,0
20056,9.090132,0
20057,9.110217,0
20058,9.110265,0
20059,9.090344,0
20060,9.110257,0
20061,9.110307,0
20062,9.110548,0
20063,9.110386,0
20064,9.110584,0
20065,9.110505,0
20066,9.110505,0
20067,9.110415,0
20068,9.110506,0
20069,9.110543,0
20070,9.110545,0
20071,9.110595,0
20072,9.110394,0
20073,9.090344,0
20074,9.090242,0
20075,9.099099,0
20076,9.110640,0
20077,9.110640,0
20078,9.110512,0
20079,9.110434,0
20080,9.110495,0
20081,9.152961,0
20082,9.110471,0
20083,9.152982,0
20084,9.110194,0
20085,9.110206,0
20086,9.110144,0
20087,9.090134,0
20088,9.090254,0
20089,9.110552,0
20090,9.110589,0
20091,9.110504,0
20092,9.110485,0
20093,9.110410,0
20094,9.110401,0
20095,9.110467,0
20096,9.110467,0
20097,9.099054,0
20098,9.099054,0
20099,9.099063,0
20100,9.110509,0
20101,9.110527,0
20102,9.099053,0
20103,9.099030,0
20104,9.110492,0
20105,9.090545,0
20106,9.090542,0
20107,9.082094,0
20108,9.148343,0
20109,9.148543,0
20110,9.090396,0
20111,9.090181,0
20112,9.098904,0
20113,9.098898,0
20114,9.098825,0
20115,9.098825,0
20116,9.147401,0
20117,9.147448,0
20118,9.147448,0
20119,9.148373,0
20120,9.148373,0
20121,9.090499,0
20122,9.090494,0
20123,9.090494,0
20124,9.090611,0
20125,9.090432,0
20126,9.090554,0
20127,9.090554,0
20128,9.110520,0
20129,9.145135,0
20130,9.145188,0
20131,9.110428,0
20132,9.148607,0
20133,9.098845,0
20134,9.090443,0
20135,9.090509,0
20136,9.110446,0
20137,9.099023,0
20138,9.099004,0
20139,9.098927,0
20140,9.161017,0
20141,9.099014,0
20142,9.090411,0
20143,9.090383,0
20144,9.565467,0
20145,9.082119,0
20146,9.081873,0
20147,13.097933,0
20148,9.085438,0
20149,9.110288,0
20150,9.582968,0
20151,9.090201,0
20152,9.110421,0
20153,9.565354,0
20154,9.109951,0
20155,9.110244,0
20156,9.110244,0
20157,9.110467,0
20158,9.099049,0
20159,9.099049,0
20160,9.090592,0
20161,9.090592,0
20162,9.090727,0
20163,9.090727,0
20164,9.148580,0
20165,9.082127,0
20166,9.091890,0
20167,9.574598,0
20168,9.099152,0
20169,9.098998,0
20170,9.110152,0
20171,9.090190,0
20172,9.098637,0
20173,9.110613,0
20174,9.110562,0
20175,9.098893,0
20176,9.098922,0
20177,9.098922,0
20178,9.090301,0
20179,9.110124,0
20180,9.090501,0
20181,9.090347,0
20182,9.090203,0
20183,9.098987,0
20184,9.098823,0
20185,9.084957,0
20186,9.090385,0
20187,9.090562,0
20188,9.145018,0
20189,9.098985,0
20190,9.098944,0
20191,9.099104,0
20192,9.110338,0
20193,9.124287,0
20194,9.124287,0
20195,9.164005,0
20196,9.110051,0
20197,9.098723,0
20198,9.098706,0
20199,9.098727,0
20200,9.098727,0
20201,9.099009,0
20202,9.099069,0
20203,9.090226,0
20204,9.090226,0
20205,9.110190,0
20206,9.173021,0
20207,9.173021,0
20208,9.090318,0
20209,9.572762,0
20210,9.581273,0
20211,9.090455,0
20212,9.090656,0
20213,9.090629,0
20214,9.098834,0
20215,9.124627,0
20216,9.110320,0
20217,9.110319,0
20218,9.098713,0
20219,9.098756,0
20220,9.098756,0
20221,9.110486,0
20222,14.555438,0
20223,13.098362,0
20224,9.084687,0
20225,9.084757,0
20226,9.090233,0
20227,9.090265,0
20228,9.084621,0
20229,9.145364,0
20230,9.145410,0
20231,9.110004,0
20232,9.110211,0
20233,9.098883,0
20234,9.090383,0
20235,9.090112,0
20236,9.090152,0
20237,9.098802,0
20238,9.098916,0
20239,9.110332,0
20240,9.110279,0
20241,9.110485,0
20242,9.110465,0
20243,9.110358,0
20244,9.110237,0
20245,9.090223,0
20246,9.090244,0
20247,9.090669,0
20248,9.090254,0
20249,9.090254,0
20250,9.098919,0
20251,9.090145,0
20252,9.090389,0
20253,9.098841,0
20254,9.574598,0
20255,9.110356,0
20256,9.383601,0
20257,9.383719,0
20258,9.383719,0
20259,9.164136,0
20260,9.099042,0
20261,9.099042,0
20262,9.084403,0
20263,13.098213,0
20264,13.098220,0
20265,13.098220,0
20266,9.110167,0
20267,9.098771,0
20268,9.090270,0
20269,9.090137,0
20270,9.090137,0
20271,9.084716,0
20272,9.084992,0
20273,9.084992,0
20274,9.084985,0
20275,9.084985,0
20276,9.098927,0
20277,9.098857,0
20278,9.090461,0
20279,9.090533,0
20280,9.090533,0
20281,9.090286,0
20282,13.100465,0
20283,9.085589,0
20284,9.124698,0
20285,9.110659,0
20286,9.110729,0
20287,9.110248,0
20288,9.568651,0
20289,9.082235,0
20290,9.354688,0
20291,13.100559,0
20292,9.147577,0
20293,9.572578,0
20294,13.098253,0
20295,13.098253,0
20296,9.569044,0
20297,9.144694,0
20298,9.144694,0
20299,9.090493,0
20300,9.084891,0
20301,9.084891,0
20302,9.144565,0
20303,9.082389,0
20304,9.082283,0
20305,9.565391,0
20306,9.099047,0
20307,13.111452,0
20308,9.583678,0
20309,9.154705,0
20310,13.098297,0
20311,13.098235,0
20312,9.090332,0
20313,9.090126,0
20314,13.100536,0
20315,13.098195,0
20316,13.098200,0
20317,13.100500,0
20318,13.100511,0
20319,13.100505,0
20320,13.100509,0
20321,9.148439,0
20322,9.148138,0
20323,13.098146,0
20324,13.098169,0
20325,9.427094,0
20326,9.427153,0
20327,9.427117,0
20328,9.427143,0
20329,9.267640,0
20330,9.352856,0
20331,9.343703,0
20332,9.269605,0
20333,9.337223,0
20334,11.926658,0
20335,11.906256,0
20336,11.906256,0
20337,9.352862,0
20338,9.337261,0
20339,9.352849,0
20340,9.337230,0
20341,9.343608,0
20342,9.352873,0
20343,9.348712,0
20344,9.280888,0
20345,9.373326,0
20346,9.353031,0
20347,9.352874,0
20348,9.380323,0
20349,9.352887,0
20350,9.343637,0
20351,9.333215,0
20352,11.906218,0
20353,9.221238,0
20354,9.221238,0
20355,11.906237,0
20356,9.343734,0
20357,11.911955,0
20358,9.337236,0
20359,9.342191,0
20360,9.221299,0
20361,9.214485,0
20362,9.343713,0
20363,9.346262,0
20364,9.202008,0
20365,9.343788,0
20366,9.198600,0
20367,9.235380,0
20368,9.337227,0
20369,9.337231,0
20370,9.337254,0
20371,9.337231,0
20372,9.337284,0
20373,9.305776,0
20374,9.337254,0
20375,9.337232,0
20376,9.337227,0
20377,9.352928,0
20378,11.911976,0
20379,11.912005,0
20380,11.912005,0
20381,9.419902,0
20382,9.343593,0
20383,10.274905,0
20384,9.359671,0
20385,10.272845,0
20386,9.340730,0
20387,9.340730,0
20388,9.333167,0
20389,9.210210,0
20390,9.352990,0
20391,9.198671,0
20392,9.333762,0
20393,9.343622,0
20394,9.267579,0
20395,9.267579,0
20396,10.050190,0
20397,10.066918,0
20398,10.066889,0
20399,10.066979,0
20400,10.066979,0
20401,10.066721,0
20402,10.050286,0
20403,10.025957,0
20404,10.025974,0
20405,10.011838,0
20406,20.543416,0
20407,24.268773,0
20408,17.418461,0
20409,17.419539,0
20410,17.207802,0
20411,27.720215,0
20412,27.720215,0
20413,27.719144,0
20414,69.147843,1
20415,16.837034,0
20416,16.836971,0
20417,16.807470,0
20418,16.812143,0
20419,16.812143,0
20420,16.812143,0
20421,16.811976,0
20422,16.836994,0
20423,16.812118,0
20424,16.837080,0
20425,16.837321,0
20426,16.839782,0
20427,16.840666,0
20428,16.840666,0
20429,16.840666,0
20430,17.493592,0
20431,16.841142,0
20432,16.837041,0
20433,16.805811,0
20434,16.803203,0
20435,16.802947,0
20436,16.802760,0
20437,17.068772,0
20438,16.802913,0
20439,16.803005,0
20440,16.802764,0
20441,19.917740,0
20442,16.837427,0
20443,16.837407,0
20444,17.070699,0
20445,17.073936,0
20446,16.838366,0
20447,17.072481,0
20448,16.837224,0
20449,16.837250,0
20450,17.072423,0
20451,16.840631,0
20452,16.840654,0
20453,16.837789,0
20454,16.856923,0
20455,16.808248,0
20456,16.839944,0
20457,16.839944,0
20458,16.839944,0
20459,16.839945,0
20460,16.839951,0
20461,16.839977,0
20462,16.842441,0
20463,16.842416,0
20464,16.836824,0
20465,16.841356,0
20466,16.841393,0
20467,16.837157,0
20468,16.837226,0
20469,16.837028,0
20470,16.837064,0
20471,16.838176,0
20472,16.837277,0
20473,16.836872,0
20474,16.837175,0
20475,16.916377,0
20476,16.919868,0
20477,16.919865,0
20478,16.876760,0
20479,16.887663,0
20480,16.915832,0
20481,16.876865,0
20482,16.884415,0
20483,16.876780,0
20484,16.880944,0
20485,16.915864,0
20486,17.000621,0
20487,17.004624,0
20488,17.004624,0
20489,17.004624,0
20490,17.004624,0
20491,17.004624,0
20492,16.914119,0
20493,16.915407,0
20494,16.916945,0
20495,16.891345,0
20496,16.915348,0
20497,16.915361,0
20498,16.914474,0
20499,18.457774,0
20500,16.914453,0
20501,16.977670,0
20502,16.914100,0
20503,16.878034,0
20504,16.878021,0
20505,17.387164,0
20506,17.429219,0
20507,17.330068,0
20508,17.320949,0
20509,17.321113,0
20510,17.323954,0
20511,17.373271,0
20512,17.345506,0
20513,17.337634,0
20514,19.134970,0
20515,54.722764,1
20516,46.306088,1
20517,31.308573,0
20518,101.058892,1
20519,175.029866,1
20520,86.065208,1
20521,8.466254,0
20522,8.397786,0
20523,8.901200,0
20524,8.901200,0
20525,8.410155,0
20526,14.160856,0
20527,8.443935,0
20528,8.443878,0
20529,8.425692,0
20530,8.410115,0
20531,8.511381,0
20532,8.409879,0
20533,8.397421,0
20534,8.409639,0
20535,8.425631,0
20536,14.160824,0
20537,14.126663,0
20538,8.397086,0
20539,8.397280,0
20540,8.409937,0
20541,8.410179,0
20542,8.388080,0
20543,8.444063,0
20544,8.409966,0
20545,8.410026,0
20546,8.410046,0
20547,8.410198,0
20548,8.477700,0
20549,8.456099,0
20550,8.410150,0
20551,8.477517,0
20552,8.410013,0
20553,8.443923,0
20554,8.387877,0
20555,8.409780,0
20556,8.410098,0
20557,8.477542,0
20558,8.410213,0
20559,8.388362,0
20560,8.397815,0
20561,8.410270,0
20562,9.736420,0
20563,14.185809,0
20564,8.410330,0
20565,8.410165,0
20566,8.410116,0
20567,8.410116,0
20568,8.477744,0
20569,8.477557,0
20570,8.409542,0
20571,8.901268,0
20572,8.444134,0
20573,8.409576,0
20574,8.477697,0
20575,8.410019,0
20576,8.409947,0
20577,8.493343,0
20578,8.410240,0
20579,8.410128,0
20580,8.409854,0
20581,8.409831,0
20582,9.772581,0
20583,8.397397,0
20584,8.397940,0
20585,8.397316,0
20586,9.706651,0
20587,9.706693,0
20588,8.444534,0
20589,8.410165,0
20590,9.706504,0
20591,9.706504,0
20592,9.706406,0
20593,8.410156,0
20594,8.410339,0
20595,8.410365,0
20596,8.410030,0
20597,9.736397,0
20598,8.397616,0
20599,8.398319,0
20600,8.492995,0
20601,8.456253,0
20602,8.388352,0
20603,8.397545,0
20604,9.706622,0
20605,9.687891,0
20606,8.397600,0
20607,8.409966,0
20608,9.695683,0
20609,8.425506,0
20610,8.444088,0
20611,8.382404,0
20612,8.409596,0
20613,8.444057,0
20614,9.720254,0
20615,8.444459,0
20616,8.410052,0
20617,8.410029,0
20618,8.929807,0
20619,8.397396,0
20620,8.397561,0
20621,8.409995,0
20622,8.397700,0
20623,8.410246,0
20624,8.425648,0
20625,8.397516,0
20626,8.444504,0
20627,8.486321,0
20628,8.397797,0
20629,8.397858,0
20630,9.695760,0
20631,9.695760,0
20632,9.695760,0
20633,8.388468,0
20634,8.409879,0
20635,8.409879,0
20636,8.388506,0
20637,8.397766,0
20638,9.687718,0
20639,9.687722,0
20640,8.410198,0
20641,8.410198,0
20642,8.410107,0
20643,8.410226,0
20644,9.706449,0
20645,8.410070,0
20646,9.706460,0
20647,9.706460,0
20648,8.409968,0
20649,8.409968,0
20650,8.410020,0
20651,14.140336,0
20652,8.465171,0
20653,8.465171,0
20654,8.388333,0
20655,8.397613,0
20656,8.410236,0
20657,8.410249,0
20658,9.719898,0
20659,8.410259,0
20660,8.410110,0
20661,8.397516,0
20662,8.443979,0
20663,8.382468,0
20664,8.410384,0
20665,9.687721,0
20666,9.687695,0
20667,9.687721,0
20668,9.687659,0
20669,9.687652,0
20670,8.388478,0
20671,8.388298,0
20672,8.388386,0
20673,14.140591,0
20674,8.410026,0
20675,8.410196,0
20676,8.929578,0
20677,8.929578,0
20678,8.397566,0
20679,8.398074,0
20680,8.397572,0
20681,8.410255,0
20682,8.410229,0
20683,8.410050,0
20684,8.410072,0
20685,8.409940,0
20686,8.410309,0
20687,8.410309,0
20688,8.409403,0
20689,8.409976,0
20690,8.397765,0
20691,8.397765,0
20692,8.410079,0
20693,8.410294,0
20694,8.397857,0
20695,8.397763,0
20696,8.467870,0
20697,8.397742,0
20698,8.397820,0
20699,8.397839,0
20700,8.917553,0
20701,8.410191,0
20702,8.410179,0
20703,8.486125,0
20704,8.397806,0
20705,8.410019,0
20706,8.388157,0
20707,11.282544,0
20708,8.556557,0
20709,8.540181,0
20710,11.269742,0
20711,11.268897,0
20712,8.576089,0
20713,8.364396,0
20714,8.559463,0
20715,8.556689,0
20716,11.292683,0
20717,8.556507,0
20718,8.505721,0
20719,11.269293,0
20720,8.556378,0
20721,11.268871,0
20722,8.516532,0
20723,8.433116,0
20724,8.526737,0
20725,8.374679,0
20726,8.452375,0
20727,8.526715,0
20728,8.509598,0
20729,8.452381,0
20730,8.374668,0
20731,8.374638,0
20732,8.352667,0
20733,8.526691,0
20734,8.374638,0
20735,8.526715,0
20736,8.526771,0
20737,8.374661,0
20738,8.452433,0
20739,8.526750,0
20740,8.452377,0
20741,8.374850,0
20742,8.526739,0
20743,8.364331,0
20744,8.526747,0
20745,8.526747,0
20746,8.404858,0
20747,8.526712,0
20748,8.526671,0
20749,8.526671,0
20750,8.526708,0
20751,8.724489,0
20752,8.526750,0
20753,8.526662,0
20754,8.526667,0
20755,8.526667,0
20756,8.556775,0
20757,8.374633,0
20758,8.593743,0
20759,11.282589,0
20760,8.374677,0
20761,8.452347,0
20762,8.442176,0
20763,8.374669,0
20764,8.374652,0
20765,8.556374,0
20766,8.442915,0
20767,8.374668,0
20768,8.540000,0
20769,8.374648,0
20770,8.374674,0
20771,8.526734,0
20772,8.526690,0
20773,8.526717,0
20774,8.526672,0
20775,8.509546,0
20776,8.374645,0
20777,8.374646,0
20778,8.482293,0
20779,8.442865,0
20780,8.442914,0
20781,8.442906,0
20782,8.364331,0
20783,8.374640,0
20784,8.556402,0
20785,8.465770,0
20786,8.526711,0
20787,8.516583,0
20788,8.374644,0
20789,8.388187,0
20790,8.357286,0
20791,8.357204,0
20792,8.526670,0
20793,8.509594,0
20794,8.357202,0
20795,8.509538,0
20796,8.374640,0
20797,8.374640,0
20798,8.374634,0
20799,8.540026,0
20800,8.452390,0
20801,8.556376,0
20802,8.374651,0
20803,11.292605,0
20804,8.374659,0
20805,8.374659,0
20806,8.516523,0
20807,8.374667,0
20808,8.357241,0
20809,8.357241,0
20810,8.509575,0
20811,8.526666,0
20812,8.509563,0
20813,8.526736,0
20814,8.526708,0
20815,8.404860,0
20816,11.305061,0
20817,8.539949,0
20818,8.707948,0
20819,11.269659,0
20820,8.539963,0
20821,8.424763,0
20822,8.556388,0
20823,8.447666,0
20824,8.526663,0
20825,8.516678,0
20826,8.540076,0
20827,8.556402,0
20828,8.575867,0
20829,8.516582,0
20830,8.556348,0
20831,8.526733,0
20832,8.526690,0
20833,8.526668,0
20834,8.459757,0
20835,8.526667,0
20836,8.527966,0
20837,8.527966,0
20838,8.539940,0
20839,11.305011,0
20840,8.459784,0
20841,8.556397,0
20842,8.556373,0
20843,8.556697,0
20844,8.438788,0
20845,8.516645,0
20846,8.516604,0
20847,8.364820,0
20848,8.505728,0
20849,8.526678,0
20850,8.374636,0
20851,8.526703,0
20852,8.516547,0
20853,8.442135,0
20854,8.374667,0
20855,8.374638,0
20856,8.509592,0
20857,8.509538,0
20858,8.374656,0
20859,8.509576,0
20860,8.509617,0
20861,8.526739,0
20862,8.526700,0
20863,8.357217,0
20864,11.282567,0
20865,8.442122,0
20866,8.516582,0
20867,8.374671,0
20868,8.526709,0
20869,8.452386,0
20870,8.452407,0
20871,8.526670,0
20872,8.374634,0
20873,8.374645,0
20874,8.374645,0
20875,8.374645,0
20876,8.526660,0
20877,8.526666,0
20878,8.364358,0
20879,8.526730,0
20880,8.526689,0
20881,8.505751,0
20882,8.357231,0
20883,8.516602,0
20884,8.364313,0
20885,8.516554,0
20886,8.516550,0
20887,8.374632,0
20888,8.526731,0
20889,8.374751,0
20890,8.526705,0
20891,8.374634,0
20892,8.374676,0
20893,8.388250,0
20894,8.539995,0
20895,8.505783,0
20896,8.526725,0
20897,8.357211,0
20898,8.526713,0
20899,8.526761,0
20900,8.526661,0
20901,8.526691,0
20902,8.526712,0
20903,8.526678,0
20904,8.526701,0
20905,8.507625,0
20906,8.526680,0
20907,8.526682,0
20908,8.516581,0
20909,8.516588,0
20910,8.364336,0
20911,8.364336,0
20912,8.374647,0
20913,8.516561,0
20914,8.526690,0
20915,8.526690,0
20916,8.516563,0
20917,8.364406,0
20918,8.632405,0
20919,8.526722,0
20920,9.390938,0
20921,9.669176,0
20922,9.402645,0
20923,9.402263,0
20924,9.402008,0
20925,9.403185,0
20926,9.470096,0
20927,9.402617,0
20928,9.377986,0
20929,9.432984,0
20930,9.433248,0
20931,9.402736,0
20932,9.391020,0
20933,9.449508,0
20934,9.402502,0
20935,9.402502,0
20936,9.405752,0
20937,9.405752,0
20938,9.402332,0
20939,9.402332,0
20940,9.420173,0
20941,9.457812,0
20942,9.608062,0
20943,9.471017,0
20944,9.402005,0
20945,9.433301,0
20946,9.433261,0
20947,9.416314,0
20948,11.412394,0
20949,12.605782,0
20950,11.410692,0
20951,11.410926,0
20952,11.428315,0
20953,21.527308,0
20954,23.998965,0
20955,25.620025,0
20956,20.234761,0
20957,21.527622,0
20958,21.527622,0
20959,27.715483,0
20960,27.714828,0
20961,28.818998,0
20962,40.717583,1
20963,41.663742,1
20964,17.062306,0
20965,17.062859,0
20966,17.073782,0
20967,17.073736,0
20968,16.848293,0
20969,17.063331,0
20970,17.064484,0
20971,17.073459,0
20972,17.012580,0
20973,17.061542,0
20974,58.109205,1
20975,21.025615,0
20976,58.108556,1
20977,46.582300,1
20978,46.811331,1
20979,37.225899,1
20980,48.335404,1
20981,22.893787,0
20982,12.893722,0
20983,12.919760,0
20984,12.919760,0
20985,12.920573,0
20986,12.918001,0
20987,13.224508,0
20988,12.959900,0
20989,12.937604,0
20990,12.879524,0
20991,13.224597,0
20992,12.917722,0
20993,12.879560,0
20994,12.929897,0
20995,12.929600,0
20996,13.774267,0
20997,12.947706,0
20998,14.926224,0
20999,12.925070,0
21000,12.881244,0
21001,12.931796,0
21002,12.900770,0
21003,12.900776,0
21004,12.976113,0
21005,12.946554,0
21006,12.976059,0
21007,12.976059,0
21008,12.966738,0
21009,12.920460,0
21010,12.976095,0
21011,13.659819,0
21012,12.969263,0
21013,12.967928,0
21014,12.966318,0
21015,12.920486,0
21016,13.000038,0
21017,12.900802,0
21018,12.881108,0
21019,13.018783,0
21020,12.900778,0
21021,14.926234,0
21022,14.926234,0
21023,14.974567,0
21024,14.974580,0
21025,12.869761,0
21026,12.881090,0
21027,14.974539,0
21028,14.974539,0
21029,14.925845,0
21030,12.925076,0
21031,12.931749,0
21032,12.889917,0
21033,12.976099,0
21034,12.976110,0
21035,13.024582,0
21036,12.951368,0
21037,12.951423,0
21038,12.925067,0
21039,12.951343,0
21040,12.951362,0
21041,12.951341,0
21042,12.931754,0
21043,12.925066,0
21044,14.925704,0
21045,12.940584,0
21046,12.900767,0
21047,12.900779,0
21048,12.980467,0
21049,12.951368,0
21050,12.931754,0
21051,12.922878,0
21052,12.969213,0
21053,12.925705,0
21054,12.931751,0
21055,12.931753,0
21056,12.936580,0
21057,12.889910,0
21058,12.964326,0
21059,12.951358,0
21060,12.951395,0
21061,14.974501,0
21062,12.874418,0
21063,12.874465,0
21064,12.874476,0
21065,12.869764,0
21066,12.874386,0
21067,12.925139,0
21068,14.925694,0
21069,12.973816,0
21070,12.951360,0
21071,12.881108,0
21072,12.951413,0
21073,12.951403,0
21074,12.925126,0
21075,12.874384,0
21076,12.940560,0
21077,12.973847,0
21078,13.695540,0
21079,13.583212,0
21080,13.548370,0
21081,13.548370,0
21082,13.583096,0
21083,13.608987,0
21084,13.609016,0
21085,13.608942,0
21086,13.608915,0
21087,13.583021,0
21088,13.583039,0
21089,13.571364,0
21090,13.571361,0
21091,13.571361,0
21092,13.608972,0
21093,13.583060,0
21094,13.583060,0
21095,13.561777,0
21096,15.035565,0
21097,15.037170,0
21098,15.042077,0
21099,15.042076,0
21100,15.042068,0
21101,15.045765,0
21102,15.817775,0
21103,15.024947,0
21104,15.025026,0
21105,15.024992,0
21106,15.024992,0
21107,15.024992,0
21108,15.024865,0
21109,15.797970,0
21110,15.797970,0
21111,15.797979,0
21112,15.797981,0
21113,15.797970,0
21114,15.797970,0
21115,15.798002,0
21116,15.798002,0
21117,15.809182,0
21118,15.797916,0
21119,15.797984,0
21120,15.797916,0
21121,15.797914,0
21122,15.797876,0
21123,15.797916,0
21124,15.797916,0
21125,15.639004,0
21126,15.638094,0
21127,15.639072,0
21128,15.797916,0
21129,15.797896,0
21130,15.797917,0
21131,15.797931,0
21132,15.024992,0
21133,15.024992,0
21134,15.024952,0
21135,15.797916,0
21136,15.797916,0
21137,15.645639,0
21138,15.797956,0
21139,15.024923,0
21140,15.797904,0
21141,15.797916,0
21142,15.797916,0
21143,15.797802,0
21144,15.797958,0
21145,15.836941,0
21146,15.797645,0
21147,15.797914,0
21148,15.797908,0
21149,15.797178,0
21150,15.024160,0
21151,15.797133,0
21152,15.797195,0
21153,22.448990,0
21154,23.634431,0
21155,22.449084,0
21156,25.912228,0
21157,25.914501,0
21158,25.912676,0
21159,19.663023,0
21160,19.668251,0
21161,50.272072,1
21162,28.883259,0
21163,29.183179,0
21164,30.963970,0
21165,72.529417,1
21166,36.344553,1
21167,30.915518,0
21168,30.915554,0
21169,30.851772,0
21170,30.836789,0
21171,31.236174,0
21172,30.908592,0
21173,30.862390,0
21174,30.865548,0
21175,30.904008,0
21176,30.904007,0
21177,30.894167,0
21178,30.892408,0
21179,30.852430,0
21180,30.845040,0
21181,30.856984,0
21182,30.844374,0
21183,31.156130,0
21184,31.177763,0
21185,31.136949,0
21186,31.131688,0
21187,31.122247,0
21188,32.087789,0
21189,33.323321,1
21190,35.761432,1
21191,64.912002,1
21192,64.912002,1
21193,64.912002,1
21194,64.912325,1
21195,36.371060,1
21196,34.123410,1
21197,10.830269,0
21198,10.848199,0
21199,10.421961,0
21200,10.825089,0
21201,10.830370,0
21202,10.838120,0
21203,10.821993,0
21204,10.421768,0
21205,10.824800,0
21206,10.824929,0
21207,10.824941,0
21208,10.828687,0
21209,10.828687,0
21210,10.830338,0
21211,10.830338,0
21212,10.828729,0
21213,10.400025,0
21214,10.821957,0
21215,10.828878,0
21216,10.828819,0
21217,10.825024,0
21218,10.830164,0
21219,10.824056,0
21220,10.405973,0
21221,10.830214,0
21222,10.830295,0
21223,10.835914,0
21224,10.825063,0
21225,10.822131,0
21226,10.830293,0
21227,10.466676,0
21228,10.825042,0
21229,10.825042,0
21230,10.838073,0
21231,10.828614,0
21232,10.828614,0
21233,10.824030,0
21234,10.824216,0
21235,10.824267,0
21236,10.422259,0
21237,10.479455,0
21238,10.479455,0
21239,10.479290,0
21240,10.479290,0
21241,10.424664,0
21242,10.468974,0
21243,10.830326,0
21244,10.830246,0
21245,10.828761,0
21246,10.404620,0
21247,10.422171,0
21248,10.825011,0
21249,10.469010,0
21250,10.828313,0
21251,10.411715,0
21252,10.828757,0
21253,10.824297,0
21254,10.838068,0
21255,10.830248,0
21256,10.452219,0
21257,10.452271,0
21258,10.452078,0
21259,10.400399,0
21260,10.825023,0
21261,10.411832,0
21262,10.411967,0
21263,10.422067,0
21264,10.411961,0
21265,10.404526,0
21266,10.822291,0
21267,10.412226,0
21268,10.399791,0
21269,10.399739,0
21270,10.397466,0
21271,10.661781,0
21272,10.661781,0
21273,10.822267,0
21274,10.602001,0
21275,15.415133,0
21276,10.492368,0
21277,10.838000,0
21278,10.837689,0
21279,10.492500,0
21280,10.822076,0
21281,10.476916,0
21282,10.422134,0
21283,10.830133,0
21284,10.830257,0
21285,10.830241,0
21286,10.404294,0
21287,10.595163,0
21288,10.649022,0
21289,10.830239,0
21290,10.830187,0
21291,10.822108,0
21292,10.822108,0
21293,10.414318,0
21294,10.425083,0
21295,10.425083,0
21296,10.425083,0
21297,10.468645,0
21298,10.860965,0
21299,10.468979,0
21300,10.827914,0
21301,10.827914,0
21302,10.414005,0
21303,10.824976,0
21304,10.824976,0
21305,10.830257,0
21306,10.468836,0
21307,10.460928,0
21308,10.830245,0
21309,10.838091,0
21310,10.824951,0
21311,10.824951,0
21312,10.824940,0
21313,10.455380,0
21314,10.601920,0
21315,10.667869,0
21316,10.829865,0
21317,10.829865,0
21318,10.479184,0
21319,10.479188,0
21320,10.821918,0
21321,10.608086,0
21322,10.412317,0
21323,10.822236,0
21324,10.830296,0
21325,10.830296,0
21326,10.824927,0
21327,10.830311,0
21328,10.830303,0
21329,10.836365,0
21330,10.488315,0
21331,10.503809,0
21332,10.503809,0
21333,10.495601,0
21334,10.489902,0
21335,10.490188,0
21336,10.539334,0
21337,10.386815,0
21338,10.386815,0
21339,10.399178,0
21340,10.399185,0
21341,10.594877,0
21342,10.693389,0
21343,10.492913,0
21344,10.492913,0
21345,10.492911,0
21346,10.377002,0
21347,10.486800,0
21348,10.372434,0
21349,10.372434,0
21350,10.386768,0
21351,10.500054,0
21352,10.493147,0
21353,10.495586,0
21354,10.487023,0
21355,10.488290,0
21356,10.500067,0
21357,10.503947,0
21358,10.492912,0
21359,10.386768,0
21360,10.538880,0
21361,10.489202,0
21362,10.492918,0
21363,10.492918,0
21364,10.495610,0
21365,10.495610,0
21366,10.532952,0
21367,10.492979,0
21368,10.527971,0
21369,10.583086,0
21370,10.372489,0
21371,10.493089,0
21372,10.495566,0
21373,10.495736,0
21374,10.495563,0
21375,10.495563,0
21376,10.489893,0
21377,10.495611,0
21378,10.372434,0
21379,10.489943,0
21380,10.489949,0
21381,10.489949,0
21382,10.493081,0
21383,10.503839,0
21384,10.503792,0
21385,10.491855,0
21386,10.486253,0
21387,10.603494,0
21388,10.488374,0
21389,10.414253,0
21390,10.376987,0
21391,10.654613,0
21392,10.603524,0
21393,10.503953,0
21394,10.495753,0
21395,10.495984,0
21396,10.495565,0
21397,10.377005,0
21398,10.570129,0
21399,10.490807,0
21400,10.492896,0
21401,10.503656,0
21402,10.596621,0
21403,10.386831,0
21404,10.386819,0
21405,10.386808,0
21406,10.414162,0
21407,10.386772,0
21408,10.669972,0
21409,10.372439,0
21410,10.521998,0
21411,10.494316,0
21412,10.452100,0
21413,10.638281,0
21414,10.386780,0
21415,10.386780,0
21416,10.386772,0
21417,10.386767,0
21418,10.486292,0
21419,10.399347,0
21420,10.414149,0
21421,10.369712,0
21422,10.386774,0
21423,10.386774,0
21424,10.386780,0
21425,10.387528,0
21426,10.399212,0
21427,10.399192,0
21428,10.492922,0
21429,10.495610,0
21430,10.569982,0
21431,10.386820,0
21432,10.532965,0
21433,10.532965,0
21434,10.532965,0
21435,10.386805,0
21436,10.386767,0
21437,10.386989,0
21438,10.414200,0
21439,10.414149,0
21440,10.489954,0
21441,10.386842,0
21442,10.603543,0
21443,10.484144,0
21444,10.386797,0
21445,10.386797,0
21446,10.499531,0
21447,10.499531,0
21448,10.500069,0
21449,10.500134,0
21450,10.500066,0
21451,10.509829,0
21452,10.386768,0
21453,10.386768,0
21454,10.664982,0
21455,10.386817,0
21456,10.369754,0
21457,10.369754,0
21458,10.489968,0
21459,10.484181,0
21460,10.489917,0
21461,10.603530,0
21462,10.376942,0
21463,10.369714,0
21464,10.369759,0
21465,10.500068,0
21466,10.492948,0
21467,10.492913,0
21468,10.492959,0
21469,10.492936,0
21470,10.386835,0
21471,10.493017,0
21472,10.492912,0
21473,11.240850,0
21474,11.240614,0
21475,11.229153,0
21476,11.229168,0
21477,11.264597,0
21478,11.308339,0
21479,11.223104,0
21480,11.231057,0
21481,11.280717,0
21482,17.942403,0
21483,18.148658,0
21484,18.143851,0
21485,18.144794,0
21486,8.331512,0
21487,8.311448,0
21488,8.372888,0
21489,8.399375,0
21490,8.399375,0
21491,8.331075,0
21492,8.387257,0
21493,8.387254,0
21494,8.387254,0
21495,8.387153,0
21496,8.387153,0
21497,8.377929,0
21498,8.377929,0
21499,8.377929,0
21500,8.318689,0
21501,8.318983,0
21502,8.318983,0
21503,8.318983,0
21504,8.309733,0
21505,8.309568,0
21506,8.855115,0
21507,8.347238,0
21508,8.347134,0
21509,8.347238,0
21510,8.347238,0
21511,8.347238,0
21512,8.318701,0
21513,8.311346,0
21514,8.309506,0
21515,8.309681,0
21516,8.331335,0
21517,8.331054,0
21518,8.331310,0
21519,8.309638,0
21520,8.309640,0
21521,8.309640,0
21522,8.331333,0
21523,8.331333,0
21524,8.300730,0
21525,8.372597,0
21526,8.331030,0
21527,8.309267,0
21528,8.331382,0
21529,8.303326,0
21530,8.318865,0
21531,8.331374,0
21532,8.331217,0
21533,8.309188,0
21534,8.309253,0
21535,8.834756,0
21536,8.309374,0
21537,8.309310,0
21538,8.309401,0
21539,8.309442,0
21540,8.331416,0
21541,8.331416,0
21542,8.330917,0
21543,8.331490,0
21544,8.318948,0
21545,8.319112,0
21546,8.386884,0
21547,8.377977,0
21548,8.309394,0
21549,8.372827,0
21550,8.309253,0
21551,8.309307,0
21552,8.309307,0
21553,8.309110,0
21554,8.318567,0
21555,8.371640,0
21556,14.080771,0
21557,8.377652,0
21558,8.377652,0
21559,8.377675,0
21560,8.377652,0
21561,8.318947,0
21562,8.318947,0
21563,8.318947,0
21564,8.318947,0
21565,8.318781,0
21566,8.318990,0
21567,8.318983,0
21568,8.347286,0
21569,8.347286,0
21570,8.869832,0
21571,8.408143,0
21572,8.347262,0
21573,8.379538,0
21574,8.331337,0
21575,8.330900,0
21576,8.330900,0
21577,8.331456,0
21578,8.318587,0
21579,8.369221,0
21580,8.389627,0
21581,8.389627,0
21582,8.318794,0
21583,12.568354,0
21584,8.318983,0
21585,8.318385,0
21586,8.331548,0
21587,8.501622,0
21588,8.318554,0
21589,8.318572,0
21590,9.638004,0
21591,8.331490,0
21592,8.399375,0
21593,8.386898,0
21594,8.330906,0
21595,8.331520,0
21596,8.331498,0
21597,8.331498,0
21598,8.309293,0
21599,12.571015,0
21600,8.389326,0
21601,8.318517,0
21602,8.318397,0
21603,8.309025,0
21604,8.331464,0
21605,8.321295,0
21606,8.300793,0
21607,12.575663,0
21608,12.575663,0
21609,8.369238,0
21610,12.569038,0
21611,8.308781,0
21612,12.571093,0
21613,8.318893,0
21614,8.304129,0
21615,12.568666,0
21616,8.318957,0
21617,8.318957,0
21618,8.318437,0
21619,14.080797,0
21620,8.318925,0
21621,8.319001,0
21622,8.318982,0
21623,8.309211,0
21624,8.309665,0
21625,8.309611,0
21626,8.331441,0
21627,8.331541,0
21628,8.331497,0
21629,8.331526,0
21630,8.331526,0
21631,8.331555,0
21632,8.331582,0
21633,8.331514,0
21634,8.331269,0
21635,8.318764,0
21636,8.318694,0
21637,12.571109,0
21638,8.843033,0
21639,8.321523,0
21640,8.331351,0
21641,8.331573,0
21642,9.633902,0
21643,8.379818,0
21644,8.309670,0
21645,8.309670,0
21646,8.331483,0
21647,8.331211,0
21648,8.331084,0
21649,8.372872,0
21650,8.372872,0
21651,8.372872,0
21652,8.318504,0
21653,8.304677,0
21654,8.372921,0
21655,8.318731,0
21656,8.318731,0
21657,8.330998,0
21658,8.331449,0
21659,8.331449,0
21660,8.303436,0
21661,9.629408,0
21662,8.318603,0
21663,8.331242,0
21664,8.331109,0
21665,8.331512,0
21666,8.331512,0
21667,8.331512,0
21668,8.318932,0
21669,8.318937,0
21670,8.318983,0
21671,8.318983,0
21672,8.318983,0
21673,8.318983,0
21674,8.303906,0
21675,8.318912,0
21676,8.318912,0
21677,8.318916,0
21678,8.318983,0
21679,8.331194,0
21680,8.331194,0
21681,8.304522,0
21682,9.638702,0
21683,9.638678,0
21684,9.638639,0
21685,9.638641,0
21686,9.638641,0
21687,8.318548,0
21688,9.619760,0
21689,9.619760,0
21690,9.619760,0
21691,9.619760,0
21692,9.619760,0
21693,9.619760,0
21694,9.627766,0
21695,9.627766,0
21696,9.627766,0
21697,9.627777,0
21698,9.627777,0
21699,9.652055,0
21700,9.652195,0
21701,8.309514,0
21702,8.309514,0
21703,8.309439,0
21704,8.309439,0
21705,8.309439,0
21706,8.843215,0
21707,8.843215,0
21708,8.873803,0
21709,8.887284,0
21710,8.887368,0
21711,8.887368,0
21712,8.826108,0
21713,8.308419,0
21714,8.331511,0
21715,8.331512,0
21716,8.331526,0
21717,8.334770,0
21718,8.334770,0
21719,8.829858,0
21720,8.309081,0
21721,8.836382,0
21722,8.826388,0
21723,8.331427,0
21724,8.331558,0
21725,8.834355,0
21726,8.834355,0
21727,8.830432,0
21728,8.845905,0
21729,8.845924,0
21730,8.318726,0
21731,8.303205,0
21732,8.303211,0
21733,8.303246,0
21734,8.300352,0
21735,8.303171,0
21736,8.539127,0
21737,8.613046,0
21738,8.834536,0
21739,8.309037,0
21740,8.826552,0
21741,8.309312,0
21742,8.309375,0
21743,8.309375,0
21744,8.309262,0
21745,8.318644,0
21746,8.318644,0
21747,8.318686,0
21748,8.318688,0
21749,8.318233,0
21750,8.318477,0
21751,8.369279,0
21752,8.369279,0
21753,8.371561,0
21754,8.318664,0
21755,8.318688,0
21756,8.318688,0
21757,8.318688,0
21758,8.371453,0
21759,8.372938,0
21760,8.834643,0
21761,8.836384,0
21762,8.330854,0
21763,8.303083,0
21764,8.828776,0
21765,8.309394,0
21766,8.368945,0
21767,8.368945,0
21768,8.309374,0
21769,8.372642,0
21770,8.372552,0
21771,8.309076,0
21772,8.309349,0
21773,8.309349,0
21774,8.309379,0
21775,8.309357,0
21776,8.309357,0
21777,9.638045,0
21778,8.855071,0
21779,8.855071,0
21780,8.855094,0
21781,8.855094,0
21782,8.855094,0
21783,8.855077,0
21784,8.854928,0
21785,8.369339,0
21786,8.855090,0
21787,8.309235,0
21788,8.309235,0
21789,8.318302,0
21790,8.843329,0
21791,8.368568,0
21792,8.368959,0
21793,8.368905,0
21794,12.568557,0
21795,14.159722,0
21796,8.562983,0
21797,8.309095,0
21798,8.829912,0
21799,8.302948,0
21800,8.302948,0
21801,8.308978,0
21802,8.843052,0
21803,8.600514,0
21804,8.515819,0
21805,8.515819,0
21806,8.534905,0
21807,8.534905,0
21808,8.369265,0
21809,8.524712,0
21810,8.661199,0
21811,8.732500,0
21812,8.517775,0
21813,8.378286,0
21814,8.378285,0
21815,8.378312,0
21816,8.616202,0
21817,8.378285,0
21818,8.402488,0
21819,8.524723,0
21820,8.548173,0
21821,8.548173,0
21822,8.534900,0
21823,8.361021,0
21824,8.363534,0
21825,8.390453,0
21826,8.513917,0
21827,8.517810,0
21828,8.517792,0
21829,8.513312,0
21830,8.517734,0
21831,8.517734,0
21832,8.517783,0
21833,8.369317,0
21834,8.524756,0
21835,8.524712,0
21836,8.524750,0
21837,8.524734,0
21838,8.361116,0
21839,8.524735,0
21840,8.534825,0
21841,8.524696,0
21842,8.515772,0
21843,8.542156,0
21844,8.390434,0
21845,8.524709,0
21846,8.534848,0
21847,8.534848,0
21848,8.534869,0
21849,8.524719,0
21850,11.281069,0
21851,8.390459,0
21852,8.524761,0
21853,8.571225,0
21854,11.275786,0
21855,8.524782,0
21856,8.390399,0
21857,8.378680,0
21858,8.378680,0
21859,8.515730,0
21860,8.542228,0
21861,8.535506,0
21862,8.535506,0
21863,8.523355,0
21864,8.523355,0
21865,8.424304,0
21866,8.424371,0
21867,8.424371,0
21868,8.515773,0
21869,8.648792,0
21870,8.513970,0
21871,8.534900,0
21872,8.515786,0
21873,11.281084,0
21874,8.382998,0
21875,8.640453,0
21876,8.517733,0
21877,8.524724,0
21878,8.530265,0
21879,8.383218,0
21880,8.390430,0
21881,8.524710,0
21882,8.534864,0
21883,11.275780,0
21884,8.524737,0
21885,8.424269,0
21886,8.390423,0
21887,8.390453,0
21888,8.525034,0
21889,8.585434,0
21890,8.365575,0
21891,8.390453,0
21892,8.390453,0
21893,8.619023,0
21894,8.534861,0
21895,8.534861,0
21896,8.534837,0
21897,11.275808,0
21898,11.275007,0
21899,8.534864,0
21900,8.534864,0
21901,8.534864,0
21902,8.534864,0
21903,8.517865,0
21904,8.524750,0
21905,8.524756,0
21906,8.405806,0
21907,8.409249,0
21908,8.756264,0
21909,8.518176,0
21910,8.513939,0
21911,8.525166,0
21912,8.523155,0
21913,8.524725,0
21914,8.738510,0
21915,8.517840,0
21916,8.378287,0
21917,8.378287,0
21918,8.378287,0
21919,8.521474,0
21920,8.524753,0
21921,8.405808,0
21922,8.405808,0
21923,8.556499,0
21924,8.534839,0
21925,8.369606,0
21926,11.275015,0
21927,8.515766,0
21928,8.517740,0
21929,8.517760,0
21930,8.517801,0
21931,8.524698,0
21932,8.513984,0
21933,8.524718,0
21934,8.534906,0
21935,8.517763,0
21936,8.515820,0
21937,8.517734,0
21938,11.413032,0
21939,8.563561,0
21940,8.563561,0
21941,8.369279,0
21942,8.363593,0
21943,8.714997,0
21944,9.346311,0
21945,9.553500,0
21946,11.347585,0
21947,20.177493,0
21948,21.093151,0
21949,17.023831,0
21950,16.808484,0
21951,16.808595,0
21952,35.311985,1
21953,9.286725,0
21954,9.275746,0
21955,9.244644,0
21956,9.244596,0
21957,9.306389,0
21958,9.306185,0
21959,9.244665,0
21960,9.306185,0
21961,9.233376,0
21962,9.233348,0
21963,9.244505,0
21964,9.258931,0
21965,9.258814,0
21966,9.244692,0
21967,9.244793,0
21968,9.244793,0
21969,9.244823,0
21970,9.244823,0
21971,9.276476,0
21972,9.244562,0
21973,9.313835,0
21974,14.652231,0
21975,9.324392,0
21976,9.320146,0
21977,9.258995,0
21978,9.276192,0
21979,9.276016,0
21980,9.275858,0
21981,9.276003,0
21982,9.276619,0
21983,9.233458,0
21984,9.306123,0
21985,9.233303,0
21986,9.233504,0
21987,9.233504,0
21988,9.244671,0
21989,9.244811,0
21990,9.233380,0
21991,9.233346,0
21992,9.233566,0
21993,9.219883,0
21994,9.233613,0
21995,9.233475,0
21996,9.233598,0
21997,9.244852,0
21998,9.233361,0
21999,9.233333,0
22000,9.244794,0
22001,9.244851,0
22002,9.244737,0
22003,9.244674,0
22004,9.244586,0
22005,9.233742,0
22006,9.244906,0
22007,9.244906,0
22008,9.233299,0
22009,9.244913,0
22010,9.225147,0
22011,9.225154,0
22012,9.224998,0
22013,9.219672,0
22014,9.219723,0
22015,9.219173,0
22016,9.233432,0
22017,9.233432,0
22018,9.233455,0
22019,9.275806,0
22020,9.244578,0
22021,9.244578,0
22022,9.711150,0
22023,9.244700,0
22024,9.233577,0
22025,10.413507,0
22026,10.413439,0
22027,10.413439,0
22028,9.233464,0
22029,9.233335,0
22030,9.217061,0
22031,9.217061,0
22032,9.244817,0
22033,9.244855,0
22034,9.244855,0
22035,9.244732,0
22036,9.244798,0
22037,9.244959,0
22038,9.244959,0
22039,9.244953,0
22040,9.244974,0
22041,9.244864,0
22042,9.244864,0
22043,9.245005,0
22044,9.233699,0
22045,9.225192,0
22046,9.225362,0
22047,9.244873,0
22048,9.224718,0
22049,9.224718,0
22050,9.244489,0
22051,9.233252,0
22052,9.282575,0
22053,9.282467,0
22054,9.288670,0
22055,9.288462,0
22056,9.288491,0
22057,9.244792,0
22058,9.244578,0
22059,9.498887,0
22060,9.297684,0
22061,9.278853,0
22062,9.278853,0
22063,9.244639,0
22064,9.244913,0
22065,9.286984,0
22066,9.225356,0
22067,9.225101,0
22068,9.224993,0
22069,9.224993,0
22070,9.506976,0
22071,9.278638,0
22072,9.244766,0
22073,9.224941,0
22074,9.711289,0
22075,9.233221,0
22076,9.233476,0
22077,9.233214,0
22078,9.233220,0
22079,9.279109,0
22080,9.278747,0
22081,9.295332,0
22082,9.295332,0
22083,9.295332,0
22084,9.286635,0
22085,9.278638,0
22086,9.225098,0
22087,9.233662,0
22088,9.233477,0
22089,9.233496,0
22090,9.233496,0
22091,9.233496,0
22092,9.224977,0
22093,9.297335,0
22094,9.297335,0
22095,9.297187,0
22096,9.276359,0
22097,9.276359,0
22098,9.244790,0
22099,9.795622,0
22100,9.233462,0
22101,9.233089,0
22102,9.258826,0
22103,9.244834,0
22104,9.425289,0
22105,9.697033,0
22106,9.697033,0
22107,9.233488,0
22108,9.233476,0
22109,9.233476,0
22110,9.411975,0
22111,9.233356,0
22112,9.258863,0
22113,9.233498,0
22114,9.693545,0
22115,9.693483,0
22116,9.278798,0
22117,9.278798,0
22118,9.693496,0
22119,9.233421,0
22120,9.233421,0
22121,9.233421,0
22122,10.420611,0
22123,9.282423,0
22124,9.233448,0
22125,9.233462,0
22126,9.233462,0
22127,9.233462,0
22128,9.233550,0
22129,9.233619,0
22130,9.233395,0
22131,9.278898,0
22132,9.278898,0
22133,9.697060,0
22134,9.244638,0
22135,9.357062,0
22136,9.264245,0
22137,9.431246,0
22138,9.545393,0
22139,9.246152,0
22140,9.246153,0
22141,9.246153,0
22142,10.294619,0
22143,9.272721,0
22144,9.289370,0
22145,9.225532,0
22146,9.225532,0
22147,9.357041,0
22148,9.357044,0
22149,9.369134,0
22150,9.369342,0
22151,9.445955,0
22152,9.446027,0
22153,9.461103,0
22154,9.230971,0
22155,9.453459,0
22156,9.357032,0
22157,9.218691,0
22158,9.209316,0
22159,9.369191,0
22160,9.246258,0
22161,9.500322,0
22162,9.246163,0
22163,10.319185,0
22164,9.529937,0
22165,9.438547,0
22166,11.977484,0
22167,9.370503,0
22168,9.604366,0
22169,9.364282,0
22170,9.384142,0
22171,9.214404,0
22172,9.214404,0
22173,9.214404,0
22174,9.358191,0
22175,9.507609,0
22176,9.453666,0
22177,9.280767,0
22178,11.922502,0
22179,9.384143,0
22180,9.418159,0
22181,9.418160,0
22182,9.347967,0
22183,9.445970,0
22184,9.209316,0
22185,9.347789,0
22186,9.357035,0
22187,9.280722,0
22188,9.280723,0
22189,9.296112,0
22190,9.347873,0
22191,9.341425,0
22192,9.357038,0
22193,9.357071,0
22194,9.445945,0
22195,9.445945,0
22196,11.908341,0
22197,9.357034,0
22198,9.445949,0
22199,9.340783,0
22200,9.347843,0
22201,9.316602,0
22202,9.316602,0
22203,9.461083,0
22204,9.206301,0
22205,9.218768,0
22206,9.545566,0
22207,9.410028,0
22208,9.357087,0
22209,9.357050,0
22210,9.270129,0
22211,9.270129,0
22212,9.270129,0
22213,12.082076,0
22214,9.532188,0
22215,9.341500,0
22216,9.357060,0
22217,9.357060,0
22218,9.357018,0
22219,9.461089,0
22220,9.461134,0
22221,9.218953,0
22222,9.289358,0
22223,9.289356,0
22224,9.289356,0
22225,9.357066,0
22226,9.357067,0
22227,9.357024,0
22228,9.357024,0
22229,9.218719,0
22230,9.218710,0
22231,9.509084,0
22232,9.369218,0
22233,9.383270,0
22234,9.341439,0
22235,9.273641,0
22236,9.273641,0
22237,9.273641,0
22238,9.273641,0
22239,9.273641,0
22240,9.273641,0
22241,9.202869,0
22242,9.431245,0
22243,9.431245,0
22244,9.438569,0
22245,9.507586,0
22246,9.273655,0
22247,9.273641,0
22248,9.256300,0
22249,9.341447,0
22250,9.341507,0
22251,9.341430,0
22252,9.225490,0
22253,9.357050,0
22254,9.201912,0
22255,9.341418,0
22256,9.341463,0
22257,9.214468,0
22258,9.202880,0
22259,9.214451,0
22260,9.347778,0
22261,9.347843,0
22262,9.347836,0
22263,9.537641,0
22264,9.347803,0
22265,9.347843,0
22266,9.339662,0
22267,9.344867,0
22268,9.344857,0
22269,9.341493,0
22270,9.341437,0
22271,9.341462,0
22272,9.341437,0
22273,9.337383,0
22274,9.341454,0
22275,9.341426,0
22276,9.357042,0
22277,9.357064,0
22278,9.453476,0
22279,9.218730,0
22280,9.476718,0
22281,9.453479,0
22282,9.537613,0
22283,9.218729,0
22284,9.347935,0
22285,9.239485,0
22286,9.344872,0
22287,9.344872,0
22288,9.344872,0
22289,9.357031,0
22290,9.384102,0
22291,9.369175,0
22292,9.369164,0
22293,9.445963,0
22294,9.206358,0
22295,9.341431,0
22296,9.431302,0
22297,9.431302,0
22298,9.347818,0
22299,9.347816,0
22300,9.417007,0
22301,9.347808,0
22302,9.337373,0
22303,9.383294,0
22304,10.145823,0
22305,10.145618,0
22306,10.145618,0
22307,10.346589,0
22308,10.145247,0
22309,10.218684,0
22310,10.339951,0
22311,10.145525,0
22312,10.138207,0
22313,10.145877,0
22314,10.145406,0
22315,10.145315,0
22316,10.155585,0
22317,10.145635,0
22318,20.340101,0
22319,25.905419,0
22320,21.858841,0
22321,20.571997,0
22322,32.774866,0
22323,17.488865,0
22324,17.296324,0
22325,17.489699,0
22326,48.439990,1
22327,9.116892,0
22328,9.131196,0
22329,9.131196,0
22330,9.142859,0
22331,9.142261,0
22332,9.142549,0
22333,9.142616,0
22334,9.142430,0
22335,9.122461,0
22336,9.122580,0
22337,9.122580,0
22338,9.142642,0
22339,9.142357,0
22340,9.142504,0
22341,9.142875,0
22342,9.122543,0
22343,9.131109,0
22344,9.122631,0
22345,9.122631,0
22346,9.599169,0
22347,9.180260,0
22348,9.130924,0
22349,9.131372,0
22350,9.131381,0
22351,9.131388,0
22352,9.122280,0
22353,9.142506,0
22354,9.122923,0
22355,9.122592,0
22356,9.122296,0
22357,9.122638,0
22358,9.142520,0
22359,9.142591,0
22360,9.142590,0
22361,9.142498,0
22362,9.142387,0
22363,9.142387,0
22364,9.599325,0
22365,9.131021,0
22366,9.124670,0
22367,9.131094,0
22368,9.130891,0
22369,9.676571,0
22370,9.114615,0
22371,9.122728,0
22372,9.122780,0
22373,9.131216,0
22374,9.131216,0
22375,9.186662,0
22376,9.131089,0
22377,9.131089,0
22378,9.122927,0
22379,9.122812,0
22380,9.122812,0
22381,9.131295,0
22382,9.131295,0
22383,13.126126,0
22384,9.131315,0
22385,9.622556,0
22386,9.117202,0
22387,9.131081,0
22388,9.122583,0
22389,9.131185,0
22390,9.117152,0
22391,9.122470,0
22392,9.117152,0
22393,9.122592,0
22394,9.122693,0
22395,9.122624,0
22396,9.184873,0
22397,9.142520,0
22398,9.133797,0
22399,9.195933,0
22400,9.142493,0
22401,9.142891,0
22402,10.347429,0
22403,9.142700,0
22404,9.131008,0
22405,9.130872,0
22406,9.130872,0
22407,9.131003,0
22408,9.122617,0
22409,9.142829,0
22410,9.142829,0
22411,10.329552,0
22412,10.329552,0
22413,9.131182,0
22414,9.131182,0
22415,9.131255,0
22416,9.142686,0
22417,9.122942,0
22418,9.131283,0
22419,9.131328,0
22420,9.131380,0
22421,9.131018,0
22422,9.131447,0
22423,9.122495,0
22424,9.122566,0
22425,9.122900,0
22426,9.114518,0
22427,9.131283,0
22428,9.131132,0
22429,9.114732,0
22430,9.131381,0
22431,9.131381,0
22432,9.142932,0
22433,9.131209,0
22434,9.194528,0
22435,9.180101,0
22436,9.131290,0
22437,9.131227,0
22438,9.131059,0
22439,9.131059,0
22440,9.130939,0
22441,9.184779,0
22442,9.122445,0
22443,9.122617,0
22444,9.131075,0
22445,9.131034,0
22446,9.130969,0
22447,9.130969,0
22448,9.142431,0
22449,9.142615,0
22450,9.116793,0
22451,9.131089,0
22452,13.131921,0
22453,9.131208,0
22454,13.125762,0
22455,13.126022,0
22456,13.125908,0
22457,9.122625,0
22458,9.122586,0
22459,9.122562,0
22460,9.122531,0
22461,9.122544,0
22462,9.180606,0
22463,9.142636,0
22464,9.122939,0
22465,9.142314,0
22466,9.142752,0
22467,9.177002,0
22468,9.142800,0
22469,9.142583,0
22470,9.142210,0
22471,9.142829,0
22472,9.142789,0
22473,9.142689,0
22474,9.142213,0
22475,9.122471,0
22476,9.195891,0
22477,10.347257,0
22478,9.297884,0
22479,13.120527,0
22480,9.611354,0
22481,13.120510,0
22482,9.603493,0
22483,9.613967,0
22484,9.622587,0
22485,9.131037,0
22486,9.131037,0
22487,9.131400,0
22488,9.142768,0
22489,9.131052,0
22490,9.131211,0
22491,9.131211,0
22492,9.113891,0
22493,9.113891,0
22494,9.131325,0
22495,9.131420,0
22496,9.131420,0
22497,9.122571,0
22498,9.122553,0
22499,9.117017,0
22500,9.122495,0
22501,9.122462,0
22502,9.122462,0
22503,9.179695,0
22504,9.142837,0
22505,9.142837,0
22506,9.142810,0
22507,9.179695,0
22508,9.131115,0
22509,9.131441,0
22510,9.131381,0
22511,9.131381,0
22512,9.131381,0
22513,9.131381,0
22514,9.131381,0
22515,9.117093,0
22516,9.117093,0
22517,9.117093,0
22518,9.117093,0
22519,9.131143,0
22520,9.131049,0
22521,9.122468,0
22522,9.122838,0
22523,13.120482,0
22524,9.603494,0
22525,13.122776,0
22526,9.180312,0
22527,9.180395,0
22528,9.130829,0
22529,13.122757,0
22530,13.122757,0
22531,9.117582,0
22532,13.122769,0
22533,9.130875,0
22534,9.212756,0
22535,9.177033,0
22536,9.176941,0
22537,9.177125,0
22538,9.451871,0
22539,9.114723,0
22540,9.599125,0
22541,9.595045,0
22542,14.173732,0
22543,9.599111,0
22544,9.599124,0
22545,9.603395,0
22546,9.599140,0
22547,13.122744,0
22548,13.122750,0
22549,9.134704,0
22550,9.134704,0
22551,9.134701,0
22552,9.293543,0
22553,9.284238,0
22554,9.293554,0
22555,9.138275,0
22556,9.277815,0
22557,9.277813,0
22558,9.277792,0
22559,9.277871,0
22560,9.293532,0
22561,9.277835,0
22562,9.273791,0
22563,11.872702,0
22564,9.277818,0
22565,9.284235,0
22566,9.277827,0
22567,9.277825,0
22568,9.277825,0
22569,9.277825,0
22570,9.154214,0
22571,11.865483,0
22572,9.154218,0
22573,9.154218,0
22574,9.284204,0
22575,9.293560,0
22576,9.293525,0
22577,9.284212,0
22578,9.284231,0
22579,9.284241,0
22580,9.452456,0
22581,9.138335,0
22582,9.141737,0
22583,9.293535,0
22584,9.274330,0
22585,9.274313,0
22586,9.141742,0
22587,9.273691,0
22588,9.277805,0
22589,9.154255,0
22590,9.273704,0
22591,9.273712,0
22592,9.293587,0
22593,9.277805,0
22594,9.277805,0
22595,9.277805,0
22596,9.277862,0
22597,9.277862,0
22598,9.273722,0
22599,9.284214,0
22600,9.284220,0
22601,9.277805,0
22602,9.277785,0
22603,9.277853,0
22604,9.277801,0
22605,9.149906,0
22606,9.284226,0
22607,9.277811,0
22608,9.467580,0
22609,9.141758,0
22610,9.277802,0
22611,9.277802,0
22612,9.277802,0
22613,9.277833,0
22614,9.206034,0
22615,9.289323,0
22616,9.277858,0
22617,9.293554,0
22618,9.293548,0
22619,9.305791,0
22620,9.406050,0
22621,9.305801,0
22622,9.293596,0
22623,9.293538,0
22624,9.284269,0
22625,11.860409,0
22626,9.144824,0
22627,9.141710,0
22628,9.141710,0
22629,9.293523,0
22630,9.141716,0
22631,9.284230,0
22632,9.284207,0
22633,9.277825,0
22634,9.293523,0
22635,9.284236,0
22636,9.284243,0
22637,9.284253,0
22638,9.284253,0
22639,11.859388,0
22640,9.277822,0
22641,9.289272,0
22642,9.460015,0
22643,9.305736,0
22644,9.166639,0
22645,9.463540,0
22646,9.307114,0
22647,9.293554,0
22648,9.293548,0
22649,9.277821,0
22650,9.149913,0
22651,9.284265,0
22652,9.284265,0
22653,9.293547,0
22654,9.293547,0
22655,9.293582,0
22656,9.154268,0
22657,9.293503,0
22658,9.293561,0
22659,9.293506,0
22660,9.293498,0
22661,9.277784,0
22662,9.136483,0
22663,9.467580,0
22664,9.212923,0
22665,9.274698,0
22666,9.293599,0
22667,9.149949,0
22668,9.149953,0
22669,9.136483,0
22670,9.175154,0
22671,9.276003,0
22672,9.207749,0
22673,9.141737,0
22674,9.289663,0
22675,9.141737,0
22676,9.141755,0
22677,9.274158,0
22678,9.161093,0
22679,9.273683,0
22680,9.281239,0
22681,9.212978,0
22682,9.212978,0
22683,9.141739,0
22684,9.141884,0
22685,10.292784,0
22686,9.390626,0
22687,9.460017,0
22688,9.154309,0
22689,9.284267,0
22690,9.281207,0
22691,9.281240,0
22692,10.062939,0
22693,10.062920,0
22694,10.063417,0
22695,10.054872,0
22696,10.066141,0
22697,10.052376,0
22698,10.039998,0
22699,10.037832,0
22700,11.976802,0
22701,21.815228,0
22702,27.972327,0
22703,27.972326,0
22704,17.237949,0
22705,17.345526,0
22706,17.431174,0
22707,17.225008,0
22708,21.417275,0
22709,8.851244,0
22710,9.335586,0
22711,8.840353,0
22712,8.899784,0
22713,8.900017,0
22714,9.335501,0
22715,9.327912,0
22716,9.354509,0
22717,12.927932,0
22718,12.932277,0
22719,8.834433,0
22720,9.331085,0
22721,8.848599,0
22722,8.835111,0
22723,8.840197,0
22724,8.848843,0
22725,8.834589,0
22726,8.892978,0
22727,8.896255,0
22728,8.896170,0
22729,8.896255,0
22730,8.895821,0
22731,8.901608,0
22732,8.898498,0
22733,8.898498,0
22734,8.898498,0
22735,8.898586,0
22736,8.898586,0
22737,8.898498,0
22738,8.898430,0
22739,8.899673,0
22740,8.899645,0
22741,8.835218,0
22742,8.899672,0
22743,9.337163,0
22744,8.860421,0
22745,8.860592,0
22746,8.898506,0
22747,8.898506,0
22748,8.898506,0
22749,8.895704,0
22750,8.898498,0
22751,8.898498,0
22752,8.898498,0
22753,8.896244,0
22754,8.899666,0
22755,8.860608,0
22756,9.354729,0
22757,9.354863,0
22758,9.355118,0
22759,9.355118,0
22760,9.355426,0
22761,9.355100,0
22762,9.346369,0
22763,9.346369,0
22764,8.848994,0
22765,8.841899,0
22766,8.839982,0
22767,8.848525,0
22768,8.848525,0
22769,8.906105,0
22770,8.839983,0
22771,8.839983,0
22772,8.839983,0
22773,8.839775,0
22774,8.839775,0
22775,8.839801,0
22776,8.839779,0
22777,8.839779,0
22778,9.343808,0
22779,8.899590,0
22780,8.831426,0
22781,12.932492,0
22782,9.337120,0
22783,8.860495,0
22784,8.860410,0
22785,8.860516,0
22786,8.860110,0
22787,8.839999,0
22788,12.927992,0
22789,8.834362,0
22790,8.897480,0
22791,12.925624,0
22792,9.331035,0
22793,12.925631,0
22794,12.927864,0
22795,8.831470,0
22796,8.831470,0
22797,8.834062,0
22798,8.860315,0
22799,9.335426,0
22800,8.833871,0
22801,9.329823,0
22802,9.327934,0
22803,9.330941,0
22804,8.840114,0
22805,9.335305,0
22806,8.860578,0
22807,8.860578,0
22808,8.851236,0
22809,9.327027,0
22810,8.849116,0
22811,8.849116,0
22812,9.329753,0
22813,9.329753,0
22814,8.860512,0
22815,9.331141,0
22816,8.848442,0
22817,8.848844,0
22818,8.848807,0
22819,8.839566,0
22820,8.860439,0
22821,8.848785,0
22822,8.848730,0
22823,8.851464,0
22824,9.343703,0
22825,9.329860,0
22826,8.899601,0
22827,9.330051,0
22828,8.899573,0
22829,8.899573,0
22830,8.860511,0
22831,8.848712,0
22832,8.905991,0
22833,8.841524,0
22834,8.899797,0
22835,8.899797,0
22836,8.848706,0
22837,8.848689,0
22838,8.839995,0
22839,8.834283,0
22840,8.839870,0
22841,8.834216,0
22842,8.839995,0
22843,8.839995,0
22844,8.839863,0
22845,8.839863,0
22846,8.839870,0
22847,8.839829,0
22848,8.839879,0
22849,8.840027,0
22850,8.840027,0
22851,8.839884,0
22852,8.839862,0
22853,8.875517,0
22854,8.834016,0
22855,8.848513,0
22856,8.839740,0
22857,8.835270,0
22858,9.331077,0
22859,9.345895,0
22860,8.848703,0
22861,9.331023,0
22862,9.331023,0
22863,8.899882,0
22864,8.899882,0
22865,8.899882,0
22866,8.927875,0
22867,8.860392,0
22868,9.354681,0
22869,8.848839,0
22870,8.848839,0
22871,9.327754,0
22872,9.327754,0
22873,9.327954,0
22874,8.839732,0
22875,14.399175,0
22876,8.839870,0
22877,8.839834,0
22878,8.830953,0
22879,9.327633,0
22880,8.848590,0
22881,8.839877,0
22882,9.345645,0
22883,8.839920,0
22884,8.860411,0
22885,8.848645,0
22886,9.134083,0
22887,9.133694,0
22888,9.141219,0
22889,8.833588,0
22890,8.848616,0
22891,8.860341,0
22892,8.860341,0
22893,8.860417,0
22894,8.953908,0
22895,8.860841,0
22896,8.860841,0
22897,8.831958,0
22898,8.860867,0
22899,8.860836,0
22900,8.915600,0
22901,8.860840,0
22902,8.860840,0
22903,9.372470,0
22904,8.839876,0
22905,8.899298,0
22906,8.899791,0
22907,9.345847,0
22908,8.833847,0
22909,8.833847,0
22910,8.833847,0
22911,9.330941,0
22912,9.330941,0
22913,9.337045,0
22914,8.848707,0
22915,8.848707,0
22916,9.327734,0
22917,9.327756,0
22918,9.331138,0
22919,9.327807,0
22920,9.327297,0
22921,9.324773,0
22922,9.330978,0
22923,9.344031,0
22924,8.833975,0
22925,8.833975,0
22926,8.833975,0
22927,8.860254,0
22928,8.840080,0
22929,8.840242,0
22930,8.840335,0
22931,8.840054,0
22932,8.848616,0
22933,8.840031,0
22934,9.327791,0
22935,9.331029,0
22936,9.330932,0
22937,9.330942,0
22938,8.831881,0
22939,8.860684,0
22940,9.343588,0
22941,9.327502,0
22942,9.331025,0
22943,9.330986,0
22944,9.164736,0
22945,9.329989,0
22946,9.329869,0
22947,9.335432,0
22948,8.861011,0
22949,8.860685,0
22950,8.860685,0
22951,8.860685,0
22952,8.860685,0
22953,8.860685,0
22954,9.328019,0
22955,8.936352,0
22956,9.131553,0
22957,9.000833,0
22958,9.002735,0
22959,9.000752,0
22960,9.118902,0
22961,9.359316,0
22962,9.006175,0
22963,8.998492,0
22964,9.000841,0
22965,9.000763,0
22966,8.862359,0
22967,9.014636,0
22968,9.014537,0
22969,9.018719,0
22970,9.202815,0
22971,9.068311,0
22972,9.057038,0
22973,8.896789,0
22974,8.896789,0
22975,8.896798,0
22976,8.882377,0
22977,8.882280,0
22978,8.896768,0
22979,8.999011,0
22980,8.999011,0
22981,9.088360,0
22982,9.000806,0
22983,8.896768,0
22984,9.000891,0
22985,9.000891,0
22986,8.999067,0
22987,8.999067,0
22988,8.999067,0
22989,9.014481,0
22990,9.014481,0
22991,8.998430,0
22992,8.865505,0
22993,8.928684,0
22994,11.645729,0
22995,11.643928,0
22996,8.999065,0
22997,8.999065,0
22998,9.126764,0
22999,9.126804,0
23000,9.018823,0
23001,9.095814,0
23002,9.032800,0
23003,8.865509,0
23004,9.081016,0
23005,9.126747,0
23006,9.026500,0
23007,8.870830,0
23008,9.009299,0
23009,11.806081,0
23010,8.928043,0
23011,9.000932,0
23012,9.018852,0
23013,9.018822,0
23014,9.006534,0
23015,9.006534,0
23016,9.018921,0
23017,9.088391,0
23018,9.095853,0
23019,9.134758,0
23020,9.023332,0
23021,9.002640,0
23022,9.126776,0
23023,9.000837,0
23024,8.999080,0
23025,9.002971,0
23026,9.002749,0
23027,9.002636,0
23028,9.006260,0
23029,8.862559,0
23030,9.018915,0
23031,8.998413,0
23032,8.857067,0
23033,8.936537,0
23034,8.862390,0
23035,8.862390,0
23036,8.893648,0
23037,8.944297,0
23038,8.932341,0
23039,8.932404,0
23040,9.002780,0
23041,9.002671,0
23042,9.002709,0
23043,9.006188,0
23044,8.875283,0
23045,8.928686,0
23046,9.103466,0
23047,8.882296,0
23048,8.882295,0
23049,9.002721,0
23050,9.018875,0
23051,8.875347,0
23052,9.002653,0
23053,9.190661,0
23054,9.009292,0
23055,9.006144,0
23056,8.935776,0
23057,8.935924,0
23058,8.935780,0
23059,8.935813,0
23060,8.935784,0
23061,9.111111,0
23062,9.118861,0
23063,9.118861,0
23064,9.118880,0
23065,8.882384,0
23066,8.882267,0
23067,8.882267,0
23068,9.002646,0
23069,9.059670,0
23070,9.002654,0
23071,9.002668,0
23072,9.002783,0
23073,9.126777,0
23074,8.998456,0
23075,8.995979,0
23076,9.009314,0
23077,8.862359,0
23078,8.854519,0
23079,8.857929,0
23080,9.190261,0
23081,8.862345,0
23082,8.995921,0
23083,9.009482,0
23084,9.032829,0
23085,9.000822,0
23086,9.239007,0
23087,9.126758,0
23088,8.854421,0
23089,9.009475,0
23090,9.009475,0
23091,9.073785,0
23092,9.073821,0
23093,9.007644,0
23094,8.882264,0
23095,8.984604,0
23096,9.009235,0
23097,9.118853,0
23098,9.118853,0
23099,9.006373,0
23100,9.001712,0
23101,9.211996,0
23102,9.211950,0
23103,9.031395,0
23104,9.031397,0
23105,9.031397,0
23106,9.796809,0
23107,11.747380,0
23108,27.913460,0
23109,27.884922,0
23110,27.004971,0
23111,26.952766,0
23112,27.643038,0
23113,59.187188,1
23114,23.025865,0
23115,23.042901,0
23116,23.032338,0
23117,69.113233,1
23118,8.646941,0
23119,8.647060,0
23120,8.647060,0
23121,8.630640,0
23122,8.630640,0
23123,8.630640,0
23124,8.568979,0
23125,8.627283,0
23126,9.837532,0
23127,8.577725,0
23128,8.563124,0
23129,8.646823,0
23130,8.590157,0
23131,8.590149,0
23132,8.635123,0
23133,8.569012,0
23134,9.844260,0
23135,8.562790,0
23136,8.562558,0
23137,9.102085,0
23138,8.577605,0
23139,8.570847,0
23140,12.748678,0
23141,9.074657,0
23142,8.564114,0
23143,8.562784,0
23144,8.889514,0
23145,9.078835,0
23146,8.560151,0
23147,8.636706,0
23148,8.646878,0
23149,8.646878,0
23150,8.646878,0
23151,8.646878,0
23152,8.568630,0
23153,8.568565,0
23154,8.623262,0
23155,8.568746,0
23156,8.577728,0
23157,8.589814,0
23158,8.577943,0
23159,8.577620,0
23160,8.568596,0
23161,8.562704,0
23162,8.562704,0
23163,8.562946,0
23164,8.589989,0
23165,8.589792,0
23166,8.559940,0
23167,8.559940,0
23168,9.071276,0
23169,9.079049,0
23170,9.079045,0
23171,9.079045,0
23172,9.078946,0
23173,8.568748,0
23174,8.568532,0
23175,9.071306,0
23176,8.577351,0
23177,8.577351,0
23178,9.862601,0
23179,9.862601,0
23180,9.071364,0
23181,8.568803,0
23182,8.568838,0
23183,8.568902,0
23184,8.568902,0
23185,9.078928,0
23186,8.568528,0
23187,8.568528,0
23188,8.568842,0
23189,8.589524,0
23190,8.776722,0
23191,8.562289,0
23192,8.568431,0
23193,8.589519,0
23194,8.590063,0
23195,8.589928,0
23196,8.589734,0
23197,8.590010,0
23198,8.568539,0
23199,8.568695,0
23200,8.568695,0
23201,8.568885,0
23202,14.235296,0
23203,8.568512,0
23204,8.568559,0
23205,8.568504,0
23206,8.568504,0
23207,8.568531,0
23208,8.589968,0
23209,8.577845,0
23210,8.577780,0
23211,8.590054,0
23212,8.568865,0
23213,8.568543,0
23214,8.560536,0
23215,8.559926,0
23216,8.577444,0
23217,8.577506,0
23218,8.589656,0
23219,8.589871,0
23220,8.577997,0
23221,8.577997,0
23222,8.626611,0
23223,8.626574,0
23224,8.626490,0
23225,8.630640,0
23226,8.626559,0
23227,8.627133,0
23228,8.590003,0
23229,8.577872,0
23230,8.560331,0
23231,8.568847,0
23232,8.568753,0
23233,8.568737,0
23234,8.568889,0
23235,8.568948,0
23236,8.568883,0
23237,8.568754,0
23238,8.577825,0
23239,8.577825,0
23240,8.629511,0
23241,8.629611,0
23242,8.629381,0
23243,8.629244,0
23244,8.589916,0
23245,8.637293,0
23246,8.590111,0
23247,8.589964,0
23248,8.568909,0
23249,8.568909,0
23250,8.568737,0
23251,8.577950,0
23252,8.577840,0
23253,8.568753,0
23254,8.629543,0
23255,8.563035,0
23256,8.629357,0
23257,8.629543,0
23258,8.560362,0
23259,8.560393,0
23260,9.070931,0
23261,8.630640,0
23262,8.562814,0
23263,8.589947,0
23264,8.589947,0
23265,8.589947,0
23266,8.577932,0
23267,8.578055,0
23268,8.569076,0
23269,8.568890,0
23270,8.569013,0
23271,8.569076,0
23272,8.590195,0
23273,8.626966,0
23274,8.626966,0
23275,8.589962,0
23276,8.630619,0
23277,8.630619,0
23278,8.627293,0
23279,8.629413,0
23280,8.629430,0
23281,8.629393,0
23282,8.627088,0
23283,8.627088,0
23284,8.627088,0
23285,8.627088,0
23286,8.627088,0
23287,8.637219,0
23288,8.637219,0
23289,8.627088,0
23290,9.071078,0
23291,8.627088,0
23292,8.627088,0
23293,8.627088,0
23294,8.630374,0
23295,8.626388,0
23296,8.626288,0
23297,8.562620,0
23298,8.577815,0
23299,9.071137,0
23300,8.568960,0
23301,8.569141,0
23302,8.568961,0
23303,8.577781,0
23304,8.577795,0
23305,8.577792,0
23306,8.577709,0
23307,8.569029,0
23308,8.568807,0
23309,8.577825,0
23310,8.577982,0
23311,8.590092,0
23312,8.590092,0
23313,8.590092,0
23314,8.568926,0
23315,8.568926,0
23316,8.568914,0
23317,8.568914,0
23318,9.074700,0
23319,8.630596,0
23320,8.630430,0
23321,9.074586,0
23322,9.074586,0
23323,8.627088,0
23324,8.627088,0
23325,8.626894,0
23326,8.626844,0
23327,8.626844,0
23328,8.626612,0
23329,9.071323,0
23330,9.071323,0
23331,9.071317,0
23332,8.630440,0
23333,8.568822,0
23334,8.589769,0
23335,8.589553,0
23336,8.589553,0
23337,8.589553,0
23338,8.590061,0
23339,8.589840,0
23340,8.577974,0
23341,8.577858,0
23342,8.578042,0
23343,9.071001,0
23344,8.590053,0
23345,8.675611,0
23346,8.562673,0
23347,8.562673,0
23348,8.562673,0
23349,8.559676,0
23350,8.559553,0
23351,8.577977,0
23352,12.744228,0
23353,8.589745,0
23354,8.589745,0
23355,8.627176,0
23356,8.635322,0
23357,8.635364,0
23358,8.635364,0
23359,14.234663,0
23360,8.564168,0
23361,9.081113,0
23362,8.626590,0
23363,8.626590,0
23364,8.626590,0
23365,8.577706,0
23366,8.577878,0
23367,8.577878,0
23368,8.562863,0
23369,8.568929,0
23370,8.560202,0
23371,8.560201,0
23372,8.577771,0
23373,8.577914,0
23374,9.099438,0
23375,8.577889,0
23376,8.578054,0
23377,8.577773,0
23378,8.562502,0
23379,8.568988,0
23380,8.562885,0
23381,8.569057,0
23382,8.569027,0
23383,8.568914,0
23384,9.074565,0
23385,8.577956,0
23386,8.626956,0
23387,8.578281,0
23388,8.578169,0
23389,8.646896,0
23390,8.568624,0
23391,8.577715,0
23392,8.578266,0
23393,8.578189,0
23394,8.590351,0
23395,8.656311,0
23396,8.626327,0
23397,8.644091,0
23398,8.644198,0
23399,8.644269,0
23400,8.635270,0
23401,8.635270,0
23402,8.635354,0
23403,8.568754,0
23404,8.577587,0
23405,8.568948,0
23406,8.568948,0
23407,8.577746,0
23408,9.074685,0
23409,8.568883,0
23410,9.071391,0
23411,9.074649,0
23412,8.787353,0
23413,8.780054,0
23414,8.780054,0
23415,8.795805,0
23416,8.787301,0
23417,8.787472,0
23418,11.477289,0
23419,8.997952,0
23420,8.783693,0
23421,8.790886,0
23422,8.790497,0
23423,8.800279,0
23424,8.784127,0
23425,8.790477,0
23426,8.800286,0
23427,8.856585,0
23428,11.474714,0
23429,9.791255,0
23430,8.780180,0
23431,8.728334,0
23432,8.800286,0
23433,8.800277,0
23434,8.800283,0
23435,8.634268,0
23436,8.790499,0
23437,8.779369,0
23438,8.718389,0
23439,8.790459,0
23440,8.783699,0
23441,8.783689,0
23442,8.783689,0
23443,8.783692,0
23444,8.783688,0
23445,8.800272,0
23446,8.779495,0
23447,11.490763,0
23448,8.800286,0
23449,8.767981,0
23450,8.790483,0
23451,8.790483,0
23452,8.790444,0
23453,8.779969,0
23454,8.800274,0
23455,8.779976,0
23456,8.779976,0
23457,8.849299,0
23458,8.781810,0
23459,8.800278,0
23460,8.800278,0
23461,8.800278,0
23462,8.728295,0
23463,8.787325,0
23464,8.781999,0
23465,8.781999,0
23466,8.715141,0
23467,8.781747,0
23468,8.709644,0
23469,8.709639,0
23470,8.783692,0
23471,8.790512,0
23472,8.790512,0
23473,8.631804,0
23474,8.780032,0
23475,8.783742,0
23476,8.790456,0
23477,8.783698,0
23478,8.787267,0
23479,8.709606,0
23480,8.779345,0
23481,8.790465,0
23482,8.800277,0
23483,8.800277,0
23484,8.800274,0
23485,8.790502,0
23486,8.800319,0
23487,8.787478,0
23488,8.787478,0
23489,11.490737,0
23490,8.800278,0
23491,8.790463,0
23492,8.643077,0
23493,8.790463,0
23494,11.512755,0
23495,8.800299,0
23496,8.715184,0
23497,8.780028,0
23498,8.639952,0
23499,8.639952,0
23500,8.790444,0
23501,8.902743,0
23502,8.781797,0
23503,8.783718,0
23504,8.790457,0
23505,8.790457,0
23506,8.783894,0
23507,8.682300,0
23508,8.780021,0
23509,8.780021,0
23510,8.879177,0
23511,8.643054,0
23512,8.790446,0
23513,8.894774,0
23514,8.787245,0
23515,8.643071,0
23516,8.643071,0
23517,8.790449,0
23518,8.910884,0
23519,8.643059,0
23520,9.202013,0
23521,8.779366,0
23522,8.648491,0
23523,8.639844,0
23524,8.783730,0
23525,8.800265,0
23526,8.636227,0
23527,8.783687,0
23528,8.636383,0
23529,8.910869,0
23530,8.715210,0
23531,8.643079,0
23532,8.675157,0
23533,9.563932,0
23534,9.759235,0
23535,9.656109,0
23536,9.661331,0
23537,11.544548,0
23538,11.542101,0
23539,21.589555,0
23540,20.285202,0
23541,28.879165,0
23542,21.098422,0
23543,21.098206,0
23544,17.163206,0
23545,17.162872,0
23546,16.938325,0
23547,16.940853,0
23548,17.163205,0
23549,16.935915,0
23550,16.936294,0
23551,16.937858,0
23552,27.556065,0
23553,22.916123,0
23554,16.856525,0
23555,16.850428,0
23556,16.850414,0
23557,16.841425,0
23558,16.845094,0
23559,20.295678,0
23560,16.845887,0
23561,16.841690,0
23562,16.841643,0
23563,16.841223,0
23564,16.841570,0
23565,16.841565,0
23566,16.841218,0
23567,16.843298,0
23568,16.841311,0
23569,16.868970,0
23570,16.870900,0
23571,16.879545,0
23572,16.868754,0
23573,16.874402,0
23574,16.874418,0
23575,16.874455,0
23576,16.874410,0
23577,16.870882,0
23578,18.452118,0
23579,16.878392,0
23580,16.870398,0
23581,18.455351,0
23582,16.868967,0
23583,16.868630,0
23584,16.870917,0
23585,16.870917,0
23586,16.869891,0
23587,16.868636,0
23588,16.910101,0
23589,16.870909,0
23590,16.870914,0
23591,16.870891,0
23592,16.870891,0
23593,16.905977,0
23594,16.868637,0
23595,16.868638,0
23596,16.908269,0
23597,17.338958,0
23598,17.334251,0
23599,17.334143,0
23600,17.334076,0
23601,17.327285,0
23602,17.329699,0
23603,17.327406,0
23604,17.340059,0
23605,17.335386,0
23606,17.327570,0
23607,21.031793,0
23608,19.230932,0
23609,19.025970,0
23610,18.508464,0
23611,19.141383,0
23612,18.506319,0
23613,19.057806,0
23614,19.139136,0
23615,19.139136,0
23616,19.139136,0
23617,19.139136,0
23618,21.371308,0
23619,19.145914,0
23620,19.140475,0
23621,19.141329,0
23622,26.829541,0
23623,33.604542,1
23624,24.914327,0
23625,22.273892,0
23626,73.896371,1
23627,51.415669,1
23628,48.808592,1
23629,31.118974,0
23630,30.845429,0
23631,12.208730,0
23632,12.208628,0
23633,12.228932,0
23634,12.208539,0
23635,12.208425,0
23636,12.217549,0
23637,16.291427,0
23638,12.535286,0
23639,12.535631,0
23640,12.168129,0
23641,12.515083,0
23642,12.153172,0
23643,12.512828,0
23644,12.153123,0
23645,12.150268,0
23646,12.519747,0
23647,12.519638,0
23648,12.147288,0
23649,12.147425,0
23650,12.512919,0
23651,12.147566,0
23652,12.150054,0
23653,12.149950,0
23654,12.154768,0
23655,12.154834,0
23656,12.154625,0
23657,12.512862,0
23658,15.382975,0
23659,15.382976,0
23660,12.197041,0
23661,12.515300,0
23662,12.182246,0
23663,12.159862,0
23664,12.546135,0
23665,16.290407,0
23666,12.280852,0
23667,12.512491,0
23668,12.533098,0
23669,12.512715,0
23670,12.519867,0
23671,12.149259,0
23672,12.149313,0
23673,12.168687,0
23674,12.285552,0
23675,12.290593,0
23676,12.546121,0
23677,16.179796,0
23678,12.236519,0
23679,12.178952,0
23680,12.149670,0
23681,16.169032,0
23682,15.388728,0
23683,15.388686,0
23684,12.515359,0
23685,12.220674,0
23686,12.311554,0
23687,12.311188,0
23688,15.382815,0
23689,12.147606,0
23690,13.090225,0
23691,12.515329,0
23692,12.339067,0
23693,12.147324,0
23694,12.194812,0
23695,12.194653,0
23696,12.194653,0
23697,12.194653,0
23698,12.194413,0
23699,12.194402,0
23700,12.518611,0
23701,12.196984,0
23702,12.196978,0
23703,12.526362,0
23704,12.159849,0
23705,12.147344,0
23706,12.149321,0
23707,12.149405,0
23708,12.147559,0
23709,12.153547,0
23710,12.153556,0
23711,12.200232,0
23712,12.515283,0
23713,12.147382,0
23714,12.194603,0
23715,12.153484,0
23716,12.153407,0
23717,12.215234,0
23718,12.215309,0
23719,12.159824,0
23720,12.153489,0
23721,12.153506,0
23722,12.153506,0
23723,12.333853,0
23724,12.159866,0
23725,12.149279,0
23726,12.149502,0
23727,12.196141,0
23728,12.196182,0
23729,12.194171,0
23730,12.147357,0
23731,12.206786,0
23732,12.153539,0
23733,12.168390,0
23734,12.153547,0
23735,12.159696,0
23736,12.153580,0
23737,12.197334,0
23738,13.097921,0
23739,12.168750,0
23740,12.168543,0
23741,12.154762,0
23742,12.524821,0
23743,12.197120,0
23744,12.197136,0
23745,15.392617,0
23746,12.515356,0
23747,12.147415,0
23748,12.168680,0
23749,12.168501,0
23750,12.519753,0
23751,12.171077,0
23752,12.153704,0
23753,12.194488,0
23754,12.194532,0
23755,12.515290,0
23756,12.316614,0
23757,12.147705,0
23758,12.161977,0
23759,12.149989,0
23760,12.519876,0
23761,12.526629,0
23762,12.515339,0
23763,12.147368,0
23764,12.515274,0
23765,12.515274,0
23766,15.394149,0
23767,15.385027,0
23768,12.149011,0
23769,15.385027,0
23770,15.385017,0
23771,12.150182,0
23772,12.327592,0
23773,12.274092,0
23774,12.274104,0
23775,12.242331,0
23776,12.200417,0
23777,12.356956,0
23778,12.327640,0
23779,12.311442,0
23780,13.031114,0
23781,12.303910,0
23782,12.462086,0
23783,12.204304,0
23784,12.403525,0
23785,12.462087,0
23786,12.318536,0
23787,12.287878,0
23788,12.303896,0
23789,12.303460,0
23790,12.272157,0
23791,12.260683,0
23792,12.255211,0
23793,12.460390,0
23794,12.460390,0
23795,12.201743,0
23796,12.453732,0
23797,12.453732,0
23798,12.306725,0
23799,12.200435,0
23800,12.339113,0
23801,12.306557,0
23802,13.035989,0
23803,12.272185,0
23804,12.272159,0
23805,12.219025,0
23806,12.372245,0
23807,12.311406,0
23808,12.210562,0
23809,12.391933,0
23810,12.454105,0
23811,12.453777,0
23812,12.447166,0
23813,12.210493,0
23814,12.309130,0
23815,12.397824,0
23816,12.255177,0
23817,12.218781,0
23818,12.218776,0
23819,12.252126,0
23820,12.263854,0
23821,12.381639,0
23822,12.381696,0
23823,12.257717,0
23824,12.327249,0
23825,12.323507,0
23826,12.257768,0
23827,12.309353,0
23828,12.327535,0
23829,12.887165,0
23830,12.887274,0
23831,12.887229,0
23832,12.876730,0
23833,12.868032,0
23834,14.404708,0
23835,19.004279,0
23836,32.680729,0
23837,28.870701,0
23838,10.487704,0
23839,10.476933,0
23840,10.449487,0
23841,15.440423,0
23842,10.449242,0
23843,10.461710,0
23844,10.476002,0
23845,10.432018,0
23846,10.449373,0
23847,10.449366,0
23848,10.477037,0
23849,10.481983,0
23850,10.477045,0
23851,10.476408,0
23852,10.424976,0
23853,10.503482,0
23854,10.449248,0
23855,10.476457,0
23856,10.449146,0
23857,10.448756,0
23858,10.448756,0
23859,10.564693,0
23860,15.427955,0
23861,14.919813,0
23862,10.449121,0
23863,15.427933,0
23864,10.503902,0
23865,10.431513,0
23866,10.439260,0
23867,15.434002,0
23868,10.531324,0
23869,10.449463,0
23870,10.449455,0
23871,10.449442,0
23872,10.476826,0
23873,10.476936,0
23874,10.476960,0
23875,10.476960,0
23876,10.476820,0
23877,10.477174,0
23878,10.531411,0
23879,10.516295,0
23880,10.516259,0
23881,11.518210,0
23882,10.449306,0
23883,11.573798,0
23884,10.510488,0
23885,11.574098,0
23886,10.449393,0
23887,10.449290,0
23888,10.449398,0
23889,10.481433,0
23890,11.529744,0
23891,10.564676,0
23892,10.503835,0
23893,10.449287,0
23894,10.503901,0
23895,10.503901,0
23896,10.449231,0
23897,10.449218,0
23898,10.516354,0
23899,10.449450,0
23900,10.449195,0
23901,10.449195,0
23902,10.449195,0
23903,10.449198,0
23904,11.573891,0
23905,10.449274,0
23906,10.431886,0
23907,10.509657,0
23908,10.509995,0
23909,11.518575,0
23910,11.518571,0
23911,11.518571,0
23912,10.449312,0
23913,11.518525,0
23914,11.518404,0
23915,11.509504,0
23916,11.509504,0
23917,11.509504,0
23918,10.439320,0
23919,10.516176,0
23920,10.441377,0
23921,10.441377,0
23922,10.449413,0
23923,10.503689,0
23924,10.503691,0
23925,10.486429,0
23926,10.486429,0
23927,10.486161,0
23928,10.486330,0
23929,10.854901,0
23930,11.518672,0
23931,11.518501,0
23932,11.518501,0
23933,11.518501,0
23934,10.476867,0
23935,10.461896,0
23936,10.461741,0
23937,10.461955,0
23938,10.531182,0
23939,10.462028,0
23940,10.503753,0
23941,10.449447,0
23942,10.449447,0
23943,10.449398,0
23944,10.449398,0
23945,10.449070,0
23946,10.531239,0
23947,10.449204,0
23948,11.518577,0
23949,10.503800,0
23950,10.449353,0
23951,10.449380,0
23952,11.518414,0
23953,10.449380,0
23954,10.449417,0
23955,11.518541,0
23956,10.449309,0
23957,10.449380,0
23958,10.449293,0
23959,10.503712,0
23960,10.503695,0
23961,10.503709,0
23962,10.503712,0
23963,10.449389,0
23964,10.449389,0
23965,10.439326,0
23966,10.449293,0
23967,10.431454,0
23968,10.486204,0
23969,10.486186,0
23970,10.486210,0
23971,10.419145,0
23972,10.486222,0
23973,10.495945,0
23974,10.549959,0
23975,10.549962,0
23976,12.899655,0
23977,10.573964,0
23978,10.427425,0
23979,10.427429,0
23980,10.514106,0
23981,10.413452,0
23982,12.875707,0
23983,10.489966,0
23984,10.419140,0
23985,10.544518,0
23986,10.549939,0
23987,10.550922,0
23988,10.514105,0
23989,10.514105,0
23990,10.451748,0
23991,10.500774,0
23992,10.489973,0
23993,10.574217,0
23994,10.438339,0
23995,10.573985,0
23996,10.451770,0
23997,10.549961,0
23998,10.490006,0
23999,10.549947,0
24000,10.467721,0
24001,10.451736,0
24002,10.541733,0
24003,10.552418,0
24004,10.427483,0
24005,10.549944,0
24006,10.490310,0
24007,10.427484,0
24008,10.544563,0
24009,10.544570,0
24010,10.451718,0
24011,10.451718,0
24012,10.451719,0
24013,10.573947,0
24014,10.549951,0
24015,10.427426,0
24016,10.427451,0
24017,10.573986,0
24018,10.514084,0
24019,10.482331,0
24020,10.427434,0
24021,10.544543,0
24022,10.427440,0
24023,10.549920,0
24024,10.573931,0
24025,10.573943,0
24026,10.451720,0
24027,10.482310,0
24028,10.482309,0
24029,10.604185,0
24030,10.604166,0
24031,10.549947,0
24032,10.427426,0
24033,10.544519,0
24034,10.544518,0
24035,10.451766,0
24036,10.427429,0
24037,10.544497,0
24038,10.544520,0
24039,10.427459,0
24040,10.549947,0
24041,10.438323,0
24042,10.472383,0
24043,10.536130,0
24044,12.867975,0
24045,12.868654,0
24046,10.482384,0
24047,10.604159,0
24048,10.604159,0
24049,10.482310,0
24050,10.604210,0
24051,10.413440,0
24052,10.549998,0
24053,10.427443,0
24054,10.427442,0
24055,10.427445,0
24056,10.481704,0
24057,10.427442,0
24058,10.549975,0
24059,10.427431,0
24060,10.413431,0
24061,10.536084,0
24062,11.389805,0
24063,12.880014,0
24064,10.427430,0
24065,10.427431,0
24066,11.389653,0
24067,10.427431,0
24068,10.451732,0
24069,11.411904,0
24070,10.514118,0
24071,10.500758,0
24072,10.500770,0
24073,10.560681,0
24074,10.514106,0
24075,10.573943,0
24076,10.549979,0
24077,10.549933,0
24078,10.696846,0
24079,10.628897,0
24080,10.549933,0
24081,10.544522,0
24082,10.550012,0
24083,10.427468,0
24084,10.427468,0
24085,10.549925,0
24086,10.549917,0
24087,10.438302,0
24088,10.451750,0
24089,10.514080,0
24090,10.574091,0
24091,10.451746,0
24092,10.514086,0
24093,10.642356,0
24094,10.427427,0
24095,10.536249,0
24096,10.604185,0
24097,11.288918,0
24098,11.263072,0
24099,11.288845,0
24100,11.263109,0
24101,11.263086,0
24102,11.263086,0
24103,11.263206,0
24104,11.263840,0
24105,11.263549,0
24106,11.320466,0
24107,11.243828,0
24108,11.245945,0
24109,11.320553,0
24110,11.320044,0
24111,11.266303,0
24112,11.289309,0
24113,11.263567,0
24114,11.320535,0
24115,11.263511,0
24116,11.253929,0
24117,13.720667,0
24118,13.002547,0
24119,13.783215,0
24120,12.987136,0
24121,12.987258,0
24122,21.149239,0
24123,24.786770,0
24124,18.180804,0
24125,18.149993,0
24126,18.148061,0
24127,18.148232,0
24128,18.146806,0
24129,18.148228,0
24130,18.148154,0
24131,18.124880,0
24132,18.148056,0
24133,18.152208,0
24134,18.148007,0
24135,18.152235,0
24136,18.151999,0
24137,18.118055,0
24138,18.216274,0
24139,18.157827,0
24140,18.157827,0
24141,18.171078,0
24142,18.202331,0
24143,18.192231,0
24144,18.192251,0
24145,18.157504,0
24146,18.194336,0
24147,18.159612,0
24148,18.123560,0
24149,18.715337,0
24150,18.137860,0
24151,18.287940,0
24152,18.159641,0
24153,18.159599,0
24154,18.163235,0
24155,19.644748,0
24156,18.163228,0
24157,18.131604,0
24158,18.162882,0
24159,18.145615,0
24160,18.131603,0
24161,18.131603,0
24162,19.636933,0
24163,18.131618,0
24164,19.636961,0
24165,18.123559,0
24166,18.159614,0
24167,18.159617,0
24168,18.161348,0
24169,18.161322,0
24170,18.161375,0
24171,18.161382,0
24172,18.126855,0
24173,18.126857,0
24174,18.617753,0
24175,18.613403,0
24176,18.646341,0
24177,18.612098,0
24178,18.603172,0
24179,18.606567,0
24180,18.618817,0
24181,18.735794,0
24182,18.603075,0
24183,18.612068,0
24184,18.611993,0
24185,18.611993,0
24186,18.611993,0
24187,18.598287,0
24188,18.619107,0
24189,18.602306,0
24190,18.600000,0
24191,18.751971,0
24192,18.751896,0
24193,18.695447,0
24194,18.620898,0
24195,20.353994,0
24196,20.299854,0
24197,20.192791,0
24198,20.361878,0
24199,20.307896,0
24200,20.299039,0
24201,19.815194,0
24202,19.703254,0
24203,19.804952,0
24204,19.726211,0
24205,34.180174,1
24206,27.557107,0
24207,55.981305,1
24208,26.460404,0
24209,23.280054,0
24210,26.458773,0
24211,23.275418,0
24212,40.544839,1
24213,31.843326,0
24214,27.926078,0
24215,27.925768,0
24216,16.604149,0
24217,16.678206,0
24218,16.604168,0
24219,16.604161,0
24220,16.604169,0
24221,16.670069,0
24222,16.678169,0
24223,16.793799,0
24224,16.523561,0
24225,16.629142,0
24226,16.665866,0
24227,16.665974,0
24228,16.665974,0
24229,16.665974,0
24230,16.666083,0
24231,16.666083,0
24232,16.665948,0
24233,16.661955,0
24234,16.665914,0
24235,16.665914,0
24236,16.665932,0
24237,16.781414,0
24238,16.539482,0
24239,16.787485,0
24240,16.523546,0
24241,16.778379,0
24242,16.794044,0
24243,16.794044,0
24244,16.576410,0
24245,16.779056,0
24246,16.523614,0
24247,16.576274,0
24248,16.576376,0
24249,16.777326,0
24250,16.787876,0
24251,16.531926,0
24252,16.531926,0
24253,16.506665,0
24254,19.705252,0
24255,19.799431,0
24256,16.604082,0
24257,16.836229,0
24258,16.569531,0
24259,16.811891,0
24260,16.811888,0
24261,16.531910,0
24262,16.531896,0
24263,16.794207,0
24264,16.794035,0
24265,16.778447,0
24266,16.541964,0
24267,16.566881,0
24268,16.566492,0
24269,16.616161,0
24270,16.563818,0
24271,16.555832,0
24272,16.541788,0
24273,16.541834,0
24274,16.809587,0
24275,16.531885,0
24276,16.713697,0
24277,16.713697,0
24278,16.777038,0
24279,16.619322,0
24280,16.507664,0
24281,16.781429,0
24282,16.608334,0
24283,16.553425,0
24284,16.572286,0
24285,17.262202,0
24286,16.717066,0
24287,16.670804,0
24288,17.297387,0
24289,16.702430,0
24290,16.612776,0
24291,16.550477,0
24292,16.716907,0
24293,17.284862,0
24294,17.284862,0
24295,16.571447,0
24296,16.638531,0
24297,16.721888,0
24298,16.712462,0
24299,16.599323,0
24300,17.269053,0
24301,16.584579,0
24302,16.584111,0
24303,16.550397,0
24304,16.658242,0
24305,16.613831,0
24306,16.666567,0
24307,16.571048,0
24308,16.721863,0
24309,16.572129,0
24310,16.693381,0
24311,16.560192,0
24312,16.578319,0
24313,16.610233,0
24314,16.599199,0
24315,16.598918,0
24316,16.607333,0
24317,16.646221,0
24318,16.583873,0
24319,16.720176,0
24320,16.721952,0
24321,16.716997,0
24322,16.716998,0
24323,181.091901,1
24324,22.044637,0
24325,22.048905,0
24326,11.847319,0
24327,11.842703,0
24328,11.873972,0
24329,11.873972,0
24330,11.792546,0
24331,11.863126,0
24332,11.868755,0
24333,11.868755,0
24334,11.837340,0
24335,11.847804,0
24336,11.847514,0
24337,11.896690,0
24338,12.058705,0
24339,11.921110,0
24340,11.921016,0
24341,11.921073,0
24342,11.921111,0
24343,11.920893,0
24344,11.921111,0
24345,11.837897,0
24346,11.837897,0
24347,11.837815,0
24348,11.837897,0
24349,11.858296,0
24350,11.858296,0
24351,11.858296,0
24352,11.858296,0
24353,11.858228,0
24354,11.858296,0
24355,11.863618,0
24356,11.863618,0
24357,11.863618,0
24358,11.880042,0
24359,11.880029,0
24360,11.880042,0
24361,11.880301,0
24362,11.880111,0
24363,11.837897,0
24364,11.837897,0
24365,11.837897,0
24366,11.838088,0
24367,11.837897,0
24368,11.837897,0
24369,11.837897,0
24370,11.837897,0
24371,11.837829,0
24372,11.837829,0
24373,11.837897,0
24374,11.837897,0
24375,11.837897,0
24376,11.837897,0
24377,11.837897,0
24378,11.837897,0
24379,11.837897,0
24380,11.852995,0
24381,11.853064,0
24382,11.852982,0
24383,11.853064,0
24384,11.858296,0
24385,11.858228,0
24386,11.853064,0
24387,11.837815,0
24388,11.837897,0
24389,11.837897,0
24390,11.838088,0
24391,11.837815,0
24392,11.837897,0
24393,11.853254,0
24394,11.869027,0
24395,11.868959,0
24396,11.869027,0
24397,11.869027,0
24398,11.837829,0
24399,11.837897,0
24400,11.837815,0
24401,11.837897,0
24402,11.837897,0
24403,11.838088,0
24404,11.837897,0
24405,11.837897,0
24406,11.814052,0
24407,11.814056,0
24408,11.805356,0
24409,11.805356,0
24410,11.809693,0
24411,11.809690,0
24412,11.809709,0
24413,11.822954,0
24414,11.823184,0
24415,11.823258,0
24416,11.823258,0
24417,22.488137,0
24418,11.656870,0
24419,11.852414,0
24420,11.852414,0
24421,12.042935,0
24422,11.747888,0
24423,11.748032,0
24424,11.748032,0
24425,11.747963,0
24426,11.748034,0
24427,11.753900,0
24428,11.753648,0
24429,11.753695,0
24430,11.753900,0
24431,11.753807,0
24432,11.753807,0
24433,11.754154,0
24434,11.754134,0
24435,11.754147,0
24436,11.739818,0
24437,11.739647,0
24438,11.740106,0
24439,11.740114,0
24440,11.739648,0
24441,11.739899,0
24442,11.740084,0
24443,11.740133,0
24444,11.740133,0
24445,11.739648,0
24446,11.740133,0
24447,11.753903,0
24448,11.753897,0
24449,11.753833,0
24450,11.753932,0
24451,11.753503,0
24452,11.750643,0
24453,11.739638,0
24454,11.739890,0
24455,11.739789,0
24456,11.796878,0
24457,11.796975,0
24458,11.796975,0
24459,11.705302,0
24460,11.796926,0
24461,11.797040,0
24462,11.797040,0
24463,11.753788,0
24464,11.753730,0
24465,11.784795,0
24466,11.770267,0
24467,11.785081,0
24468,11.770284,0
24469,11.770330,0
24470,11.753980,0
24471,11.753623,0
24472,11.704859,0
24473,11.769847,0
24474,11.770390,0
24475,11.770390,0
24476,11.721600,0
24477,11.721362,0
24478,12.099502,0
24479,12.099510,0
24480,12.099628,0
24481,12.099466,0
24482,12.099466,0
24483,11.739996,0
24484,11.832767,0
24485,11.832767,0
24486,12.721023,0
24487,12.721023,0
24488,11.809732,0
24489,11.810023,0
24490,11.818402,0
24491,11.797298,0
24492,11.797298,0
24493,11.796974,0
24494,11.796974,0
24495,11.797040,0
24496,11.797298,0
24497,11.797040,0
24498,11.793192,0
24499,11.797265,0
24500,12.709149,0
24501,12.709180,0
24502,12.709041,0
24503,12.709017,0
24504,12.708879,0
24505,11.805611,0
24506,11.809669,0
24507,11.809789,0
24508,11.809789,0
24509,11.805258,0
24510,11.852630,0
24511,11.852652,0
24512,11.805511,0
24513,11.800884,0
24514,12.712866,0
24515,12.712928,0
24516,12.712928,0
24517,12.712748,0
24518,11.857517,0
24519,12.801229,0
24520,12.785066,0
24521,12.785080,0
24522,12.779862,0
24523,11.853350,0
24524,11.887177,0
24525,11.887177,0
24526,11.900715,0
24527,12.023286,0
24528,12.676329,0
24529,12.692971,0
24530,12.692867,0
24531,12.703798,0
24532,12.703784,0
24533,12.703788,0
24534,12.703788,0
24535,12.703799,0
24536,12.703801,0
24537,11.837045,0
24538,11.837045,0
24539,12.692861,0
24540,12.692860,0
24541,12.692857,0
24542,12.692871,0
24543,12.692871,0
24544,11.837070,0
24545,12.692861,0
24546,11.848779,0
24547,12.692893,0
24548,12.759791,0
24549,12.774703,0
24550,29.940028,0
24551,36.650879,1
24552,35.075243,1
24553,35.075250,1
24554,35.075249,1
24555,35.089567,1
24556,35.112750,1
24557,35.099775,1
24558,35.099775,1
24559,35.068515,1
24560,35.012229,1
24561,35.112819,1
24562,35.061306,1
24563,35.148753,1
24564,73.500577,1
24565,35.112688,1
24566,35.075355,1
24567,35.062737,1
24568,35.385291,1
24569,35.066984,1
24570,35.051982,1
24571,35.041655,1
24572,35.035960,1
24573,35.265373,1
24574,40.236460,1
24575,45.835365,1
24576,45.792513,1
24577,45.835245,1
24578,45.848642,1
24579,45.799451,1
24580,45.855505,1
24581,45.806922,1
24582,45.802888,1
24583,45.802839,1
24584,45.816270,1
24585,45.796448,1
24586,45.867564,1
24587,45.857388,1
24588,48.066946,1
24589,12.860166,0
24590,11.897795,0
24591,11.945743,0
24592,12.089326,0
24593,11.990759,0
24594,11.898024,0
24595,12.847211,0
24596,11.897969,0
24597,12.868874,0
24598,12.932181,0
24599,12.037524,0
24600,12.037438,0
24601,12.239051,0
24602,12.046788,0
24603,12.239301,0
24604,11.946176,0
24605,12.860130,0
24606,12.259285,0
24607,12.143079,0
24608,12.142894,0
24609,12.143298,0
24610,12.143298,0
24611,12.143260,0
24612,12.149451,0
24613,12.149748,0
24614,12.149749,0
24615,12.149750,0
24616,12.149454,0
24617,12.149456,0
24618,12.149754,0
24619,12.149754,0
24620,12.149755,0
24621,12.149464,0
24622,12.149782,0
24623,12.149783,0
24624,12.149783,0
24625,12.149784,0
24626,12.149690,0
24627,12.149662,0
24628,12.149662,0
24629,12.836636,0
24630,12.259302,0
24631,12.238956,0
24632,12.102326,0
24633,12.083613,0
24634,12.236532,0
24635,11.994099,0
24636,11.994099,0
24637,11.994099,0
24638,11.993996,0
24639,12.895858,0
24640,12.895986,0
24641,12.895737,0
24642,12.860084,0
24643,12.860101,0
24644,12.860257,0
24645,11.979325,0
24646,11.979339,0
24647,11.979279,0
24648,12.899597,0
24649,12.899733,0
24650,12.899672,0
24651,12.047188,0
24652,12.827795,0
24653,12.827786,0
24654,12.827798,0
24655,12.860437,0
24656,11.960061,0
24657,12.847199,0
24658,12.847279,0
24659,12.847271,0
24660,12.868869,0
24661,11.913186,0
24662,11.913265,0
24663,11.946092,0
24664,12.860224,0
24665,12.032730,0
24666,12.032730,0
24667,11.954038,0
24668,11.946015,0
24669,11.946119,0
24670,12.056500,0
24671,12.056500,0
24672,12.018818,0
24673,12.006373,0
24674,12.006502,0
24675,12.006192,0
24676,12.005956,0
24677,12.006319,0
24678,12.028099,0
24679,12.006157,0
24680,12.006352,0
24681,12.006225,0
24682,12.006195,0
24683,12.006337,0
24684,12.006337,0
24685,12.006337,0
24686,12.006333,0
24687,12.006195,0
24688,12.006101,0
24689,12.006101,0
24690,12.006337,0
24691,12.028229,0
24692,11.895065,0
24693,12.010428,0
24694,12.037321,0
24695,12.037567,0
24696,12.042343,0
24697,11.877350,0
24698,11.862776,0
24699,11.969134,0
24700,12.089147,0
24701,12.827969,0
24702,12.827969,0
24703,12.006350,0
24704,11.975789,0
24705,11.975809,0
24706,11.975817,0
24707,11.975667,0
24708,11.869226,0
24709,11.897996,0
24710,12.041641,0
24711,11.959773,0
24712,11.945974,0
24713,12.078159,0
24714,12.078159,0
24715,12.078159,0
24716,11.959756,0
24717,11.959886,0
24718,12.037268,0
24719,11.883797,0
24720,11.897989,0
24721,12.077831,0
24722,11.923643,0
24723,11.915747,0
24724,11.923597,0
24725,11.999087,0
24726,12.077243,0
24727,11.929842,0
24728,12.804207,0
24729,12.804203,0
24730,11.938845,0
24731,11.923563,0
24732,11.923563,0
24733,11.923567,0
24734,11.923563,0
24735,12.804215,0
24736,12.787843,0
24737,12.797433,0
24738,11.923575,0
24739,11.923575,0
24740,11.956373,0
24741,11.938954,0
24742,11.910469,0
24743,11.923546,0
24744,11.923512,0
24745,11.923573,0
24746,12.140782,0
24747,12.140743,0
24748,12.140812,0
24749,12.140820,0
24750,12.140744,0
24751,12.140742,0
24752,12.140749,0
24753,12.751215,0
24754,12.773721,0
24755,12.773549,0
24756,11.967982,0
24757,12.815045,0
24758,12.784800,0
24759,12.773538,0
24760,11.967983,0
24761,11.972015,0
24762,11.956388,0
24763,11.956387,0
24764,11.972027,0
24765,12.787818,0
24766,11.956402,0
24767,11.938844,0
24768,11.938844,0
24769,11.956377,0
24770,11.938838,0
24771,11.923519,0
24772,11.923519,0
24773,11.923519,0
24774,11.938826,0
24775,11.881488,0
24776,12.800774,0
24777,12.800774,0
24778,11.956396,0
24779,12.804288,0
24780,12.804222,0
24781,11.923594,0
24782,11.910515,0
24783,11.910526,0
24784,11.910788,0
24785,11.910526,0
24786,11.910475,0
24787,11.923604,0
24788,11.923599,0
24789,11.923599,0
24790,11.923616,0
24791,12.147613,0
24792,12.787828,0
24793,12.020266,0
24794,12.147613,0
24795,12.895630,0
24796,11.923563,0
24797,11.923563,0
24798,11.923563,0
24799,11.923563,0
24800,11.923563,0
24801,11.923562,0
24802,11.923556,0
24803,12.632424,0
24804,30.021366,0
24805,18.945179,0
24806,18.851791,0
24807,17.374207,0
24808,17.627989,0
24809,17.639053,0
24810,19.768962,0
24811,17.370630,0
24812,17.624856,0
24813,17.374343,0
24814,17.366689,0
24815,19.765993,0
24816,17.380107,0
24817,17.469853,0
24818,17.387791,0
24819,17.396932,0
24820,19.783931,0
24821,20.758598,0
24822,17.443179,0
24823,17.488455,0
24824,17.422188,0
24825,17.375367,0
24826,17.469878,0
24827,17.636579,0
24828,17.628037,0
24829,17.422208,0
24830,17.380188,0
24831,17.380222,0
24832,17.374352,0
24833,19.768809,0
24834,17.365338,0
24835,19.764461,0
24836,17.628022,0
24837,17.400350,0
24838,17.398417,0
24839,17.398302,0
24840,19.764478,0
24841,17.369661,0
24842,17.534449,0
24843,17.472739,0
24844,17.637683,0
24845,19.766026,0
24846,17.374081,0
24847,17.624797,0
24848,19.765997,0
24849,17.370428,0
24850,17.628061,0
24851,17.380293,0
24852,17.380371,0
24853,17.380347,0
24854,17.627073,0
24855,17.387699,0
24856,17.374297,0
24857,17.481940,0
24858,17.485344,0
24859,17.482043,0
24860,17.482066,0
24861,17.482104,0
24862,17.380155,0
24863,17.374095,0
24864,17.374273,0
24865,17.408716,0
24866,17.408491,0
24867,17.366652,0
24868,17.366726,0
24869,17.632855,0
24870,17.369770,0
24871,17.637376,0
24872,17.567267,0
24873,17.567264,0
24874,19.765963,0
24875,17.534707,0
24876,17.373941,0
24877,17.532719,0
24878,17.367293,0
24879,17.624805,0
24880,17.624935,0
24881,17.624785,0
24882,17.426903,0
24883,17.466537,0
24884,17.462571,0
24885,17.508076,0
24886,17.561176,0
24887,17.535392,0
24888,17.439296,0
24889,17.433447,0
24890,17.498695,0
24891,17.476888,0
24892,17.426425,0
24893,17.582071,0
24894,18.017388,0
24895,17.523737,0
24896,17.503669,0
24897,17.504294,0
24898,17.504294,0
24899,18.056983,0
24900,31.613877,0
24901,31.613011,0
24902,22.703548,0
24903,22.696039,0
24904,22.696929,0
24905,22.698586,0
24906,20.302585,0
24907,20.432347,0
24908,20.304931,0
24909,20.893313,0
24910,23.062992,0
24911,20.432349,0
24912,20.524685,0
24913,22.939977,0
24914,20.389146,0
24915,20.389376,0
24916,20.385518,0
24917,20.365884,0
24918,20.368822,0
24919,20.532040,0
24920,20.310030,0
24921,20.335143,0
24922,20.306093,0
24923,20.524737,0
24924,23.268715,0
24925,20.399618,0
24926,20.306163,0
24927,20.306214,0
24928,20.523201,0
24929,20.524244,0
24930,20.303645,0
24931,20.303639,0
24932,20.303738,0
24933,20.316492,0
24934,20.304238,0
24935,20.523709,0
24936,20.523073,0
24937,20.302743,0
24938,23.062979,0
24939,23.059667,0
24940,23.062986,0
24941,23.062986,0
24942,22.391792,0
24943,20.303608,0
24944,20.306956,0
24945,20.922932,0
24946,20.922932,0
24947,20.525485,0
24948,20.394703,0
24949,20.311567,0
24950,20.536973,0
24951,20.523366,0
24952,20.315040,0
24953,20.329214,0
24954,20.566735,0
24955,20.315129,0
24956,20.475393,0
24957,20.475412,0
24958,20.475554,0
24959,20.315187,0
24960,20.310058,0
24961,20.527572,0
24962,20.381949,0
24963,20.381949,0
24964,20.381988,0
24965,20.527463,0
24966,20.527482,0
24967,20.339198,0
24968,20.303250,0
24969,20.407433,0
24970,20.408372,0
24971,20.376722,0
24972,20.449455,0
24973,20.994277,0
24974,20.411210,0
24975,20.408254,0
24976,47.733075,1
24977,34.242546,1
24978,19.516719,0
24979,19.410049,0
24980,19.632836,0
24981,19.632749,0
24982,19.451235,0
24983,19.451133,0
24984,19.451133,0
24985,19.451157,0
24986,19.451140,0
24987,19.404171,0
24988,19.404171,0
24989,19.557710,0
24990,19.526129,0
24991,19.632735,0
24992,19.434326,0
24993,19.434294,0
24994,19.552084,0
24995,19.547910,0
24996,19.536360,0
24997,19.536360,0
24998,19.536382,0
24999,19.408190,0
25000,19.408148,0
25001,19.428512,0
25002,19.428512,0
25003,22.489338,0
25004,19.413898,0
25005,19.536110,0
25006,19.536400,0
25007,19.506932,0
25008,19.631223,0
25009,19.404201,0
25010,19.428339,0
25011,27.319209,0
25012,19.519782,0
25013,20.053574,0
25014,19.483761,0
25015,19.483575,0
25016,19.486041,0
25017,19.486087,0
25018,19.486087,0
25019,20.009271,0
25020,19.486099,0
25021,19.486068,0
25022,19.507558,0
25023,19.505048,0
25024,19.510704,0
25025,19.536340,0
25026,19.536296,0
25027,19.536394,0
25028,19.536382,0
25029,19.536376,0
25030,20.053682,0
25031,19.519787,0
25032,20.048762,0
25033,19.437900,0
25034,20.051054,0
25035,20.046363,0
25036,19.532728,0
25037,19.408206,0
25038,19.632868,0
25039,19.547920,0
25040,19.523492,0
25041,19.496519,0
25042,19.484926,0
25043,19.480018,0
25044,19.538694,0
25045,19.538689,0
25046,19.494884,0
25047,20.104705,0
25048,19.614382,0
25049,19.614357,0
25050,19.459602,0
25051,19.488625,0
25052,19.579285,0
25053,20.893535,0
25054,33.718584,1
25055,53.568859,1
25056,28.813445,0
25057,40.396035,1
25058,40.462979,1
25059,40.440407,1
25060,40.441753,1
25061,40.441762,1
25062,40.441832,1
25063,40.441762,1
25064,40.441846,1
25065,40.443109,1
25066,40.445955,1
25067,40.445982,1
25068,40.445919,1
25069,40.445951,1
25070,40.450270,1
25071,40.456455,1
25072,40.456469,1
25073,40.456469,1
25074,40.456417,1
25075,23.027113,0
25076,23.210540,0
25077,23.210527,0
25078,23.210744,0
25079,25.443709,0
25080,23.015717,0
25081,23.541689,0
25082,23.118187,0
25083,23.014495,0
25084,23.082451,0
25085,23.082413,0
25086,23.131480,0
25087,23.131694,0
25088,23.202324,0
25089,23.089151,0
25090,23.202324,0
25091,23.007265,0
25092,23.073679,0
25093,23.040658,0
25094,23.115304,0
25095,23.087877,0
25096,23.145968,0
25097,23.046746,0
25098,23.073458,0
25099,23.096502,0
25100,23.271897,0
25101,23.131438,0
25102,23.199855,0
25103,23.082498,0
25104,23.200711,0
25105,23.077821,0
25106,23.003372,0
25107,23.059397,0
25108,23.031148,0
25109,23.105730,0
25110,23.051956,0
25111,23.544542,0
25112,23.154600,0
25113,23.015755,0
25114,23.078958,0
25115,23.547243,0
25116,23.025594,0
25117,23.025580,0
25118,23.074767,0
25119,23.074059,0
25120,23.154652,0
25121,23.154652,0
25122,23.072194,0
25123,23.062948,0
25124,23.076012,0
25125,23.076937,0
25126,23.072121,0
25127,23.391324,0
25128,23.390944,0
25129,33.402300,1
25130,27.258257,0
25131,27.325239,0
25132,27.166056,0
25133,27.168505,0
25134,27.332248,0
25135,27.166909,0
25136,27.325210,0
25137,27.332439,0
25138,27.172673,0
25139,27.167033,0
25140,27.327375,0
25141,27.156588,0
25142,27.166961,0
25143,27.165858,0
25144,27.323165,0
25145,29.234836,0
25146,27.162893,0
25147,27.162893,0
25148,27.328315,0
25149,27.159474,0
25150,29.182143,0
25151,27.161913,0
25152,27.161913,0
25153,29.212939,0
25154,29.213119,0
25155,27.193290,0
25156,27.172140,0
25157,27.159228,0
25158,27.159728,0
25159,27.160132,0
25160,27.157805,0
25161,27.325205,0
25162,29.228737,0
25163,27.217073,0
25164,27.217073,0
25165,27.271313,0
25166,27.235852,0
25167,27.494125,0
25168,27.486528,0
25169,28.239669,0
25170,48.226652,1
25171,76.577733,1
25172,76.577720,1
25173,76.576474,1
25174,76.570305,1
25175,76.736067,1
25176,11.653792,0
25177,11.260514,0
25178,11.653848,0
25179,11.663346,0
25180,11.663393,0
25181,11.675177,0
25182,11.282901,0
25183,11.282896,0
25184,11.689296,0
25185,11.689296,0
25186,11.653858,0
25187,11.646692,0
25188,15.995649,0
25189,11.646607,0
25190,11.646672,0
25191,11.646512,0
25192,11.253408,0
25193,11.646642,0
25194,11.646623,0
25195,11.646553,0
25196,11.646567,0
25197,11.646623,0
25198,11.450057,0
25199,11.445671,0
25200,11.646589,0
25201,11.663063,0
25202,11.270323,0
25203,11.270323,0
25204,11.663296,0
25205,11.663296,0
25206,11.663312,0
25207,11.248201,0
25208,11.653824,0
25209,11.653764,0
25210,11.663294,0
25211,11.663184,0
25212,11.252983,0
25213,11.646556,0
25214,11.646532,0
25215,11.646532,0
25216,11.720153,0
25217,11.647990,0
25218,11.657242,0
25219,11.641009,0
25220,11.297358,0
25221,11.260717,0
25222,11.647274,0
25223,11.647160,0
25224,11.347771,0
25225,11.347771,0
25226,11.347804,0
25227,11.347817,0
25228,11.376217,0
25229,11.347950,0
25230,11.347941,0
25231,11.375895,0
25232,11.347731,0
25233,11.489952,0
25234,11.675556,0
25235,11.245265,0
25236,11.333211,0
25237,11.333207,0
25238,11.333290,0
25239,11.405354,0
25240,11.414450,0
25241,11.247251,0
25242,11.646630,0
25243,11.674861,0
25244,11.663164,0
25245,11.297294,0
25246,11.646889,0
25247,11.695450,0
25248,11.663403,0
25249,11.663131,0
25250,11.663370,0
25251,11.270489,0
25252,11.663426,0
25253,11.663426,0
25254,11.429185,0
25255,11.270550,0
25256,11.420008,0
25257,11.419894,0
25258,11.554067,0
25259,11.554148,0
25260,11.392573,0
25261,11.392631,0
25262,11.396841,0
25263,11.397204,0
25264,11.397144,0
25265,11.397144,0
25266,11.397261,0
25267,11.502022,0
25268,11.414757,0
25269,11.321081,0
25270,11.311322,0
25271,11.321132,0
25272,11.333076,0
25273,11.341713,0
25274,11.414991,0
25275,11.344874,0
25276,11.347684,0
25277,11.333153,0
25278,11.405104,0
25279,11.497849,0
25280,11.663762,0
25281,11.270690,0
25282,11.695405,0
25283,11.321154,0
25284,11.405098,0
25285,11.400808,0
25286,11.400602,0
25287,11.258606,0
25288,11.410500,0
25289,12.302222,0
25290,12.350767,0
25291,12.350837,0
25292,11.350998,0
25293,11.701830,0
25294,11.422172,0
25295,11.357422,0
25296,11.695388,0
25297,11.401378,0
25298,11.401334,0
25299,11.401221,0
25300,11.347433,0
25301,11.461215,0
25302,11.347433,0
25303,11.424492,0
25304,11.333019,0
25305,11.429030,0
25306,11.424264,0
25307,11.347752,0
25308,12.308579,0
25309,11.364619,0
25310,12.308576,0
25311,12.308583,0
25312,12.308583,0
25313,12.308581,0
25314,11.364613,0
25315,11.364685,0
25316,11.357672,0
25317,11.307361,0
25318,11.314338,0
25319,11.333367,0
25320,11.297489,0
25321,11.297117,0
25322,11.297120,0
25323,11.347797,0
25324,11.347807,0
25325,12.308622,0
25326,11.314612,0
25327,11.364665,0
25328,12.308608,0
25329,11.364628,0
25330,12.308644,0
25331,12.259227,0
25332,11.297302,0
25333,11.297213,0
25334,11.314227,0
25335,11.364616,0
25336,12.337923,0
25337,12.287454,0
25338,12.289972,0
25339,12.290166,0
25340,12.290144,0
25341,12.298908,0
25342,11.354124,0
25343,12.298908,0
25344,12.279773,0
25345,12.305399,0
25346,11.297159,0
25347,11.297159,0
25348,11.689339,0
25349,12.305488,0
25350,12.305384,0
25351,11.675181,0
25352,11.294160,0
25353,11.283450,0
25354,11.247224,0
25355,11.639141,0
25356,11.646554,0
25357,11.282573,0
25358,11.660858,0
25359,11.663345,0
25360,11.688940,0
25361,11.415073,0
25362,11.419515,0
25363,12.382589,0
25364,12.382589,0
25365,11.492250,0
25366,11.515609,0
25367,11.515637,0
25368,11.534108,0
25369,11.594376,0
25370,11.475633,0
25371,11.382801,0
25372,11.382819,0
25373,11.382789,0
25374,11.382789,0
25375,11.382794,0
25376,11.353054,0
25377,11.353014,0
25378,12.255395,0
25379,11.436918,0
25380,11.382801,0
25381,11.481114,0
25382,11.430972,0
25383,11.366812,0
25384,11.366733,0
25385,11.366723,0
25386,11.389974,0
25387,11.389882,0
25388,11.389882,0
25389,11.382823,0
25390,11.353067,0
25391,11.353045,0
25392,11.353042,0
25393,11.353031,0
25394,12.310710,0
25395,12.393648,0
25396,12.287396,0
25397,11.513300,0
25398,12.287427,0
25399,11.401163,0
25400,11.435511,0
25401,11.401161,0
25402,11.401163,0
25403,12.280393,0
25404,12.280310,0
25405,11.459950,0
25406,11.459926,0
25407,11.382802,0
25408,11.594381,0
25409,11.383306,0
25410,11.385898,0
25411,11.460167,0
25412,11.566720,0
25413,11.417617,0
25414,11.658154,0
25415,11.658154,0
25416,11.658154,0
25417,12.393653,0
25418,13.654672,0
25419,49.476921,1
25420,49.550149,1
25421,49.548762,1
25422,49.550344,1
25423,49.550373,1
25424,49.548153,1
25425,49.550803,1
25426,49.549920,1
25427,50.610996,1
25428,49.482791,1
25429,49.482760,1
25430,49.479089,1
25431,121.025193,1
25432,123.858406,1
25433,23.493192,0
25434,20.913814,0
25435,20.913714,0
25436,21.111998,0
25437,20.919308,0
25438,20.929034,0
25439,21.007141,0
25440,20.980057,0
25441,20.980057,0
25442,20.930606,0
25443,21.109422,0
25444,21.019688,0
25445,21.107984,0
25446,20.929029,0
25447,20.929020,0
25448,20.940767,0
25449,21.112116,0
25450,21.112085,0
25451,21.112097,0
25452,21.115200,0
25453,21.116131,0
25454,20.934426,0
25455,21.112146,0
25456,20.929008,0
25457,21.112122,0
25458,21.116062,0
25459,21.116062,0
25460,21.116079,0
25461,21.116096,0
25462,21.016391,0
25463,20.897494,0
25464,21.112117,0
25465,20.897505,0
25466,20.896892,0
25467,21.121335,0
25468,21.127840,0
25469,20.897629,0
25470,20.936225,0
25471,20.940802,0
25472,21.121329,0
25473,21.107959,0
25474,20.901539,0
25475,21.109443,0
25476,20.952260,0
25477,20.992469,0
25478,20.977668,0
25479,21.013381,0
25480,21.013381,0
25481,20.895063,0
25482,21.534469,0
25483,20.933404,0
25484,20.969702,0
25485,21.055217,0
25486,21.521771,0
25487,21.058788,0
25488,20.993024,0
25489,21.041436,0
25490,21.490957,0
25491,20.933547,0
25492,20.994679,0
25493,21.002903,0
25494,20.994691,0
25495,20.997525,0
25496,20.999869,0
25497,20.936258,0
25498,33.717335,1
25499,28.514592,0
25500,25.498664,0
25501,23.510284,0
25502,25.248154,0
25503,25.810666,0
25504,23.609287,0
25505,23.609326,0
25506,23.615061,0
25507,23.598658,0
25508,23.416481,0
25509,23.601109,0
25510,23.509535,0
25511,23.502189,0
25512,23.408921,0
25513,23.598723,0
25514,23.909462,0
25515,23.909462,0
25516,23.598682,0
25517,23.555847,0
25518,23.555715,0
25519,23.555711,0
25520,23.492206,0
25521,23.597301,0
25522,23.515611,0
25523,23.515493,0
25524,23.515617,0
25525,23.478647,0
25526,23.909423,0
25527,23.909423,0
25528,23.909423,0
25529,23.531684,0
25530,23.949942,0
25531,23.504804,0
25532,23.504771,0
25533,23.600233,0
25534,23.909493,0
25535,23.481053,0
25536,23.481010,0
25537,23.601005,0
25538,23.601105,0
25539,23.518431,0
25540,23.417171,0
25541,23.598685,0
25542,23.456616,0
25543,23.619340,0
25544,23.615212,0
25545,23.518661,0
25546,23.470234,0
25547,23.475746,0
25548,23.492081,0
25549,23.515732,0
25550,23.490170,0
25551,23.482994,0
25552,24.652486,0
25553,35.299419,1
25554,27.607237,0
25555,9.585330,0
25556,9.585330,0
25557,8.338597,0
25558,8.338751,0
25559,8.338751,0
25560,8.338751,0
25561,8.338751,0
25562,8.338760,0
25563,8.338606,0
25564,8.338606,0
25565,8.444794,0
25566,8.452565,0
25567,8.445237,0
25568,8.337777,0
25569,8.337615,0
25570,8.337612,0
25571,8.337663,0
25572,8.337624,0
25573,8.368680,0
25574,8.337615,0
25575,8.338172,0
25576,8.337816,0
25577,9.584615,0
25578,8.338293,0
25579,8.349504,0
25580,8.349680,0
25581,8.350089,0
25582,8.356252,0
25583,8.350249,0
25584,8.350252,0
25585,8.350249,0
25586,8.401777,0
25587,8.401777,0
25588,8.401777,0
25589,8.321392,0
25590,8.321392,0
25591,8.757352,0
25592,8.766475,0
25593,8.766475,0
25594,8.326913,0
25595,8.326762,0
25596,8.326950,0
25597,8.338167,0
25598,8.236586,0
25599,8.332479,0
25600,8.305817,0
25601,8.316289,0
25602,8.316289,0
25603,8.306236,0
25604,9.556432,0
25605,8.744483,0
25606,8.744483,0
25607,8.709849,0
25608,8.709849,0
25609,8.176437,0
25610,8.176549,0
25611,8.484967,0
25612,8.337534,0
25613,8.415097,0
25614,8.262883,0
25615,8.709746,0
25616,8.422483,0
25617,8.757344,0
25618,8.310945,0
25619,8.236953,0
25620,8.310939,0
25621,8.368231,0
25622,8.145669,0
25623,8.681171,0
25624,8.687725,0
25625,8.333006,0
25626,8.333006,0
25627,8.681116,0
25628,8.141563,0
25629,8.694662,0
25630,8.697365,0
25631,8.387379,0
25632,8.387409,0
25633,8.415015,0
25634,8.697345,0
25635,8.697085,0
25636,8.387294,0
25637,8.400351,0
25638,8.680516,0
25639,8.697322,0
25640,8.709959,0
25641,8.208447,0
25642,8.368097,0
25643,8.367982,0
25644,8.362078,0
25645,8.356021,0
25646,8.415363,0
25647,8.408246,0
25648,8.387489,0
25649,8.387721,0
25650,8.263003,0
25651,8.282889,0
25652,8.245984,0
25653,8.246384,0
25654,8.246379,0
25655,8.246299,0
25656,8.246294,0
25657,8.246294,0
25658,8.677514,0
25659,8.282981,0
25660,8.282932,0
25661,8.263006,0
25662,8.262970,0
25663,8.246321,0
25664,8.697326,0
25665,8.162890,0
25666,8.245878,0
25667,8.208204,0
25668,8.150700,0
25669,8.141454,0
25670,8.163766,0
25671,8.232731,0
25672,8.361896,0
25673,8.361889,0
25674,8.361889,0
25675,8.246144,0
25676,8.697450,0
25677,8.160648,0
25678,8.262026,0
25679,8.793197,0
25680,8.700303,0
25681,8.282557,0
25682,8.744310,0
25683,8.150935,0
25684,8.361363,0
25685,8.280679,0
25686,8.355665,0
25687,8.282853,0
25688,8.709821,0
25689,8.709821,0
25690,8.176331,0
25691,8.460599,0
25692,8.262673,0
25693,8.321275,0
25694,8.362019,0
25695,8.437258,0
25696,8.145836,0
25697,8.677583,0
25698,8.163709,0
25699,8.163709,0
25700,8.163709,0
25701,8.368361,0
25702,8.697413,0
25703,8.152891,0
25704,8.152891,0
25705,8.685628,0
25706,8.681120,0
25707,8.493245,0
25708,8.437198,0
25709,8.141412,0
25710,8.687640,0
25711,8.681175,0
25712,8.145999,0
25713,8.246105,0
25714,8.245887,0
25715,8.246105,0
25716,8.246105,0
25717,8.468278,0
25718,8.369347,0
25719,8.697372,0
25720,8.687657,0
25721,8.697308,0
25722,8.697320,0
25723,8.697320,0
25724,8.681058,0
25725,8.246374,0
25726,8.487212,0
25727,8.487212,0
25728,8.343743,0
25729,8.141424,0
25730,8.150661,0
25731,8.679793,0
25732,12.466039,0
25733,8.694808,0
25734,8.680844,0
25735,8.141427,0
25736,8.150948,0
25737,8.282770,0
25738,8.312002,0
25739,8.173132,0
25740,8.681315,0
25741,8.725815,0
25742,8.697635,0
25743,8.726225,0
25744,8.712685,0
25745,8.697453,0
25746,8.681188,0
25747,8.680984,0
25748,8.679869,0
25749,8.152724,0
25750,8.677446,0
25751,8.152418,0
25752,8.681216,0
25753,8.408716,0
25754,8.141946,0
25755,8.689782,0
25756,8.262905,0
25757,8.361395,0
25758,8.384449,0
25759,8.232820,0
25760,8.685806,0
25761,8.685806,0
25762,8.713146,0
25763,8.706803,0
25764,20.891687,0
25765,8.144683,0
25766,20.891625,0
25767,8.246462,0
25768,8.677421,0
25769,8.160304,0
25770,8.246141,0
25771,8.141866,0
25772,8.685957,0
25773,8.189179,0
25774,8.687795,0
25775,8.232797,0
25776,8.232797,0
25777,8.394359,0
25778,8.162778,0
25779,8.697435,0
25780,8.152432,0
25781,8.407821,0
25782,8.152629,0
25783,8.687758,0
25784,8.687685,0
25785,8.141685,0
25786,8.232793,0
25787,8.710498,0
25788,8.677006,0
25789,20.886649,0
25790,8.160007,0
25791,8.468146,0
25792,8.468395,0
25793,8.468280,0
25794,8.685987,0
25795,20.879402,0
25796,8.145864,0
25797,8.145864,0
25798,8.680240,0
25799,12.478256,0
25800,8.220571,0
25801,8.232573,0
25802,8.150698,0
25803,8.362138,0
25804,8.686102,0
25805,8.274903,0
25806,13.422547,0
25807,20.880471,0
25808,8.193571,0
25809,8.262991,0
25810,8.262942,0
25811,8.262942,0
25812,8.262942,0
25813,8.262942,0
25814,8.282849,0
25815,8.282770,0
25816,8.282835,0
25817,8.282791,0
25818,8.306066,0
25819,8.306066,0
25820,8.306003,0
25821,8.306003,0
25822,8.306003,0
25823,8.306003,0
25824,8.343662,0
25825,20.882920,0
25826,8.338081,0
25827,8.349708,0
25828,8.710088,0
25829,8.710088,0
25830,8.710377,0
25831,8.173160,0
25832,8.343237,0
25833,8.487145,0
25834,8.487157,0
25835,8.296338,0
25836,9.544633,0
25837,9.544633,0
25838,9.544638,0
25839,9.540733,0
25840,9.540733,0
25841,9.540694,0
25842,9.540714,0
25843,8.361621,0
25844,8.368464,0
25845,9.544622,0
25846,8.361547,0
25847,8.361547,0
25848,8.146090,0
25849,8.374137,0
25850,8.362081,0
25851,8.374498,0
25852,8.374140,0
25853,8.349867,0
25854,9.519447,0
25855,9.505242,0
25856,9.505379,0
25857,8.177127,0
25858,9.536940,0
25859,8.725747,0
25860,8.744857,0
25861,8.282750,0
25862,8.361966,0
25863,8.291798,0
25864,8.291759,0
25865,8.349272,0
25866,8.283069,0
25867,8.282953,0
25868,8.283006,0
25869,8.332291,0
25870,8.282925,0
25871,8.719226,0
25872,8.176461,0
25873,8.709636,0
25874,8.162949,0
25875,8.262539,0
25876,8.262621,0
25877,8.193345,0
25878,8.193432,0
25879,9.519629,0
25880,9.519562,0
25881,9.536560,0
25882,9.536560,0
25883,8.355818,0
25884,8.355818,0
25885,8.144299,0
25886,9.519576,0
25887,8.725904,0
25888,8.374137,0
25889,9.519742,0
25890,8.213568,0
25891,8.193371,0
25892,8.193371,0
25893,8.193458,0
25894,8.368223,0
25895,8.725491,0
25896,9.519561,0
25897,8.325706,0
25898,9.519605,0
25899,9.519585,0
25900,8.142411,0
25901,9.519192,0
25902,9.519560,0
25903,8.429982,0
25904,8.415293,0
25905,8.415293,0
25906,8.444882,0
25907,8.444699,0
25908,8.282944,0
25909,8.263076,0
25910,8.262883,0
25911,8.262514,0
25912,8.162836,0
25913,8.362267,0
25914,8.173132,0
25915,8.150699,0
25916,8.687700,0
25917,8.274447,0
25918,8.274447,0
25919,8.766337,0
25920,8.744443,0
25921,8.400485,0
25922,8.725639,0
25923,8.725441,0
25924,8.193216,0
25925,8.213408,0
25926,8.429786,0
25927,8.305992,0
25928,8.408156,0
25929,8.437240,0
25930,8.437176,0
25931,9.566843,0
25932,8.398119,0
25933,8.398119,0
25934,9.561382,0
25935,9.546175,0
25936,8.392563,0
25937,8.374875,0
25938,8.374875,0
25939,8.451873,0
25940,8.363972,0
25941,9.556196,0
25942,9.556196,0
25943,9.556196,0
25944,9.556196,0
25945,9.561370,0
25946,9.673151,0
25947,8.298147,0
25948,9.638573,0
25949,9.632009,0
25950,9.612886,0
25951,9.612916,0
25952,9.625530,0
25953,9.625533,0
25954,9.612941,0
25955,8.298184,0
25956,8.472510,0
25957,8.316933,0
25958,9.506563,0
25959,9.680360,0
25960,8.423458,0
25961,8.519210,0
25962,8.395042,0
25963,8.275349,0
25964,8.270163,0
25965,8.635041,0
25966,9.556202,0
25967,9.566667,0
25968,9.566665,0
25969,8.282538,0
25970,8.298125,0
25971,8.544325,0
25972,8.282656,0
25973,9.687713,0
25974,9.687713,0
25975,8.361132,0
25976,8.261130,0
25977,8.282537,0
25978,8.535716,0
25979,8.625566,0
25980,9.594718,0
25981,8.398242,0
25982,8.424204,0
25983,8.635008,0
25984,8.635008,0
25985,8.257373,0
25986,8.436216,0
25987,8.519210,0
25988,9.695114,0
25989,9.695111,0
25990,8.409440,0
25991,9.577560,0
25992,9.572047,0
25993,9.652172,0
25994,8.316849,0
25995,8.316983,0
25996,9.659019,0
25997,9.632042,0
25998,9.680356,0
25999,9.658975,0
26000,8.348451,0
26001,8.348451,0
26002,9.600745,0
26003,9.612926,0
26004,9.702709,0
26005,8.298229,0
26006,8.338782,0
26007,8.298222,0
26008,9.495493,0
26009,9.495389,0
26010,8.316943,0
26011,8.317017,0
26012,8.298109,0
26013,8.316861,0
26014,8.316861,0
26015,9.514628,0
26016,8.338775,0
26017,8.519161,0
26018,8.316915,0
26019,8.472471,0
26020,8.625410,0
26021,8.472559,0
26022,8.316779,0
26023,8.465126,0
26024,8.316840,0
26025,8.392136,0
26026,8.392377,0
26027,8.386226,0
26028,8.436820,0
26029,8.487545,0
26030,8.338767,0
26031,8.395090,0
26032,8.395090,0
26033,8.316867,0
26034,9.172160,0
26035,41.611893,1
26036,17.064705,0
26037,20.956761,0
26038,16.946916,0
26039,27.143346,0
26040,26.557035,0
26041,26.556984,0
26042,26.557004,0
26043,26.535398,0
26044,26.556992,0
26045,26.557073,0
26046,26.695236,0
26047,26.700537,0
26048,26.624474,0
26049,26.583865,0
26050,26.556971,0
26051,26.700475,0
26052,26.525618,0
26053,26.693917,0
26054,26.587550,0
26055,26.568438,0
26056,26.558995,0
26057,26.568365,0
26058,26.715876,0
26059,26.546805,0
26060,26.632013,0
26061,26.531287,0
26062,26.531287,0
26063,26.709733,0
26064,26.540662,0
26065,26.540694,0
26066,26.546711,0
26067,26.546675,0
26068,26.540694,0
26069,26.540720,0
26070,26.535837,0
26071,26.535837,0
26072,26.945846,0
26073,26.540694,0
26074,26.564777,0
26075,26.546602,0
26076,26.546566,0
26077,26.553466,0
26078,26.553449,0
26079,26.532778,0
26080,26.546584,0
26081,26.535833,0
26082,27.551979,0
26083,27.681284,0
26084,27.514388,0
26085,27.514388,0
26086,27.579627,0
26087,27.531411,0
26088,27.681349,0
26089,27.525538,0
26090,27.678082,0
26091,29.552233,0
26092,27.677531,0
26093,27.613020,0
26094,27.612933,0
26095,27.526767,0
26096,27.519163,0
26097,29.545092,0
26098,27.686907,0
26099,27.538617,0
26100,27.520853,0
26101,27.525546,0
26102,27.677384,0
26103,27.685033,0
26104,27.675908,0
26105,27.519370,0
26106,27.681833,0
26107,27.511342,0
26108,27.677934,0
26109,27.535528,0
26110,27.535665,0
26111,27.985072,0
26112,27.990018,0
26113,27.990018,0
26114,27.990013,0
26115,27.989998,0
26116,27.989999,0
26117,27.989999,0
26118,27.990000,0
26119,27.544859,0
26120,27.579218,0
26121,18.518368,0
26122,18.434258,0
26123,18.455629,0
26124,18.687535,0
26125,18.414532,0
26126,18.436037,0
26127,18.455449,0
26128,18.428411,0
26129,18.457362,0
26130,18.489007,0
26131,18.419953,0
26132,18.536357,0
26133,21.414887,0
26134,21.333269,0
26135,18.467398,0
26136,18.414850,0
26137,18.418168,0
26138,21.419024,0
26139,18.417051,0
26140,18.665482,0
26141,18.428613,0
26142,18.679033,0
26143,18.678697,0
26144,18.436051,0
26145,18.417246,0
26146,18.525359,0
26147,18.525359,0
26148,18.518383,0
26149,18.685614,0
26150,18.689419,0
26151,18.685616,0
26152,18.678648,0
26153,18.678674,0
26154,18.678630,0
26155,18.678645,0
26156,18.693415,0
26157,18.678594,0
26158,18.671354,0
26159,18.671525,0
26160,18.671357,0
26161,18.418182,0
26162,18.665553,0
26163,20.704802,0
26164,18.688926,0
26165,18.687878,0
26166,18.493428,0
26167,18.413620,0
26168,18.498346,0
26169,18.498346,0
26170,18.498288,0
26171,18.493384,0
26172,18.665406,0
26173,18.683820,0
26174,18.657045,0
26175,18.657045,0
26176,18.463188,0
26177,18.543846,0
26178,18.473959,0
26179,18.491288,0
26180,18.491288,0
26181,18.594020,0
26182,18.495755,0
26183,18.514144,0
26184,18.589577,0
26185,18.448794,0
26186,18.457310,0
26187,18.491322,0
26188,19.921252,0
26189,18.437207,0
26190,18.467140,0
26191,18.467140,0
26192,18.484750,0
26193,18.602921,0
26194,18.457654,0
26195,18.457254,0
26196,18.554578,0
26197,18.556923,0
26198,18.568808,0
26199,18.479153,0
26200,18.479585,0
26201,18.468221,0
26202,18.486061,0
26203,18.589684,0
26204,18.491307,0
26205,18.491302,0
26206,18.488624,0
26207,53.837303,1
26208,44.808454,1
26209,35.788973,1
26210,35.789174,1
26211,35.771014,1
26212,35.765932,1
26213,35.890532,1
26214,35.890529,1
26215,35.892137,1
26216,35.765978,1
26217,35.892111,1
26218,35.768377,1
26219,35.771079,1
26220,35.764619,1
26221,35.764631,1
26222,35.781914,1
26223,35.782819,1
26224,35.801620,1
26225,35.801620,1
26226,35.779722,1
26227,35.848085,1
26228,35.836286,1
26229,35.867884,1
26230,36.035143,1
26231,81.349817,1
26232,17.768809,0
26233,17.756693,0
26234,17.809059,0
26235,17.756636,0
26236,17.767476,0
26237,17.991692,0
26238,17.991703,0
26239,17.981078,0
26240,17.985670,0
26241,17.985753,0
26242,17.985776,0
26243,17.985668,0
26244,17.774647,0
26245,17.999411,0
26246,18.439480,0
26247,17.985713,0
26248,18.397454,0
26249,17.756723,0
26250,17.747456,0
26251,18.008485,0
26252,18.008500,0
26253,17.742544,0
26254,17.756676,0
26255,17.981069,0
26256,17.739766,0
26257,17.991882,0
26258,17.977914,0
26259,17.977882,0
26260,17.991872,0
26261,17.981092,0
26262,17.788905,0
26263,17.725337,0
26264,17.728804,0
26265,17.738145,0
26266,17.725096,0
26267,17.732245,0
26268,17.820425,0
26269,17.889586,0
26270,17.728643,0
26271,17.727908,0
26272,17.823232,0
26273,20.084454,0
26274,17.868722,0
26275,17.861590,0
26276,17.981072,0
26277,17.981137,0
26278,20.084432,0
26279,17.981137,0
26280,17.981125,0
26281,17.977914,0
26282,17.825854,0
26283,17.820279,0
26284,17.868665,0
26285,17.819868,0
26286,18.397448,0
26287,18.436386,0
26288,17.876130,0
26289,17.828702,0
26290,17.728793,0
26291,17.747476,0
26292,17.828852,0
26293,17.828848,0
26294,17.747436,0
26295,17.747623,0
26296,18.397405,0
26297,17.841085,0
26298,17.841167,0
26299,17.889897,0
26300,17.921655,0
26301,17.841038,0
26302,17.981077,0
26303,17.826008,0
26304,17.991938,0
26305,17.747437,0
26306,18.366882,0
26307,18.482458,0
26308,17.812498,0
26309,18.392327,0
26310,17.848407,0
26311,17.802354,0
26312,17.802343,0
26313,17.946084,0
26314,17.913652,0
26315,17.897662,0
26316,17.838970,0
26317,17.802296,0
26318,18.382398,0
26319,17.852682,0
26320,17.905527,0
26321,17.893854,0
26322,17.893846,0
26323,17.839427,0
26324,17.838989,0
26325,17.845689,0
26326,17.786275,0
26327,13.771256,0
26328,13.439317,0
26329,14.291663,0
26330,13.452640,0
26331,13.619570,0
26332,13.462522,0
26333,13.568211,0
26334,13.568122,0
26335,13.439249,0
26336,13.507058,0
26337,13.767189,0
26338,13.439311,0
26339,13.438656,0
26340,14.368121,0
26341,13.592592,0
26342,13.592504,0
26343,13.446308,0
26344,13.446327,0
26345,13.568359,0
26346,13.464843,0
26347,13.651739,0
26348,13.771278,0
26349,13.439237,0
26350,13.446361,0
26351,13.575757,0
26352,13.771293,0
26353,13.624288,0
26354,13.624419,0
26355,13.624419,0
26356,13.771278,0
26357,13.560795,0
26358,13.560555,0
26359,13.560555,0
26360,13.462465,0
26361,13.462527,0
26362,13.462527,0
26363,13.623463,0
26364,13.462623,0
26365,13.462623,0
26366,13.560729,0
26367,13.575974,0
26368,13.568056,0
26369,13.609906,0
26370,13.568256,0
26371,13.610098,0
26372,13.474948,0
26373,13.506538,0
26374,13.506538,0
26375,13.435664,0
26376,14.287352,0
26377,13.444967,0
26378,13.765000,0
26379,14.282744,0
26380,13.533383,0
26381,13.500298,0
26382,13.651775,0
26383,13.651775,0
26384,13.592397,0
26385,14.300913,0
26386,13.767250,0
26387,13.640232,0
26388,13.452526,0
26389,13.605489,0
26390,13.576177,0
26391,13.767093,0
26392,13.519523,0
26393,13.619776,0
26394,13.614978,0
26395,13.549281,0
26396,13.614915,0
26397,13.614763,0
26398,13.587325,0
26399,13.507041,0
26400,13.507118,0
26401,13.771243,0
26402,13.506775,0
26403,13.775899,0
26404,13.605553,0
26405,13.439023,0
26406,13.610171,0
26407,13.610263,0
26408,13.610155,0
26409,13.638990,0
26410,13.629090,0
26411,13.462369,0
26412,13.507007,0
26413,13.560442,0
26414,13.474642,0
26415,13.582357,0
26416,13.564621,0
26417,13.564576,0
26418,13.564596,0
26419,13.564571,0
26420,13.564571,0
26421,13.564576,0
26422,13.614912,0
26423,13.452698,0
26424,13.462381,0
26425,13.764987,0
26426,13.614779,0
26427,13.614745,0
26428,13.452800,0
26429,13.629216,0
26430,13.568407,0
26431,13.628949,0
26432,13.497140,0
26433,13.497318,0
26434,13.549840,0
26435,13.572066,0
26436,13.777386,0
26437,13.494526,0
26438,14.391328,0
26439,14.381694,0
26440,14.381694,0
26441,13.692227,0
26442,13.486118,0
26443,13.475325,0
26444,13.517270,0
26445,13.494928,0
26446,13.534808,0
26447,13.479707,0
26448,14.350231,0
26449,13.642493,0
26450,13.637357,0
26451,13.642553,0
26452,13.581810,0
26453,13.581810,0
26454,13.637359,0
26455,13.575311,0
26456,13.494758,0
26457,13.487395,0
26458,13.504910,0
26459,13.553223,0
26460,13.629351,0
26461,13.486258,0
26462,13.629364,0
26463,13.629364,0
26464,15.503226,0
26465,14.318696,0
26466,15.450329,0
26467,13.629445,0
26468,13.479818,0
26469,13.622482,0
26470,14.326138,0
26471,14.391383,0
26472,14.391383,0
26473,13.612428,0
26474,13.612428,0
26475,15.503215,0
26476,13.637342,0
26477,13.637342,0
26478,13.479713,0
26479,13.530931,0
26480,13.581060,0
26481,13.627435,0
26482,13.627348,0
26483,14.391318,0
26484,13.504912,0
26485,13.494514,0
26486,14.081768,0
26487,51.298320,1
26488,19.851492,0
26489,19.940484,0
26490,23.556464,0
26491,34.485453,1
26492,47.750385,1
26493,25.141962,0
26494,123.871139,1
26495,12.904045,0
26496,12.944771,0
26497,12.944771,0
26498,12.944771,0
26499,12.944771,0
26500,12.944771,0
26501,12.944771,0
26502,12.944771,0
26503,12.944771,0
26504,23.040133,0
26505,23.040133,0
26506,12.810245,0
26507,23.045883,0
26508,12.834764,0
26509,12.742987,0
26510,12.742987,0
26511,12.742987,0
26512,12.742987,0
26513,13.622042,0
26514,13.622042,0
26515,13.622042,0
26516,13.622614,0
26517,13.622614,0
26518,13.622412,0
26519,12.775485,0
26520,13.591693,0
26521,13.591693,0
26522,13.591693,0
26523,12.781301,0
26524,12.857712,0
26525,12.867395,0
26526,12.867391,0
26527,12.734351,0
26528,12.944460,0
26529,12.944486,0
26530,12.944486,0
26531,12.944486,0
26532,12.753799,0
26533,23.035751,0
26534,23.035751,0
26535,12.877476,0
26536,12.766646,0
26537,12.766646,0
26538,13.613755,0
26539,12.753688,0
26540,12.857649,0
26541,12.877351,0
26542,12.887933,0
26543,23.029214,0
26544,12.753753,0
26545,12.753753,0
26546,12.848319,0
26547,12.848323,0
26548,12.687578,0
26549,13.039417,0
26550,12.887970,0
26551,12.781732,0
26552,12.798793,0
26553,12.798793,0
26554,12.798562,0
26555,12.778525,0
26556,12.882594,0
26557,12.877447,0
26558,12.877447,0
26559,13.631017,0
26560,13.613746,0
26561,12.781598,0
26562,13.627800,0
26563,13.627800,0
26564,12.687426,0
26565,23.032713,0
26566,12.920869,0
26567,12.872240,0
26568,12.872391,0
26569,13.640684,0
26570,12.848146,0
26571,12.862413,0
26572,12.681616,0
26573,13.026508,0
26574,13.046157,0
26575,23.040091,0
26576,23.040091,0
26577,23.040172,0
26578,23.035641,0
26579,23.035657,0
26580,13.026675,0
26581,12.950893,0
26582,13.028322,0
26583,23.029150,0
26584,12.696032,0
26585,12.944261,0
26586,13.039488,0
26587,12.862541,0
26588,12.867239,0
26589,13.082363,0
26590,13.624825,0
26591,13.071385,0
26592,13.570642,0
26593,23.040195,0
26594,23.032116,0
26595,12.872315,0
26596,23.035529,0
26597,12.857776,0
26598,12.862511,0
26599,13.028757,0
26600,13.033040,0
26601,12.882725,0
26602,23.035781,0
26603,12.822184,0
26604,23.030094,0
26605,13.026315,0
26606,12.877549,0
26607,12.857813,0
26608,12.882546,0
26609,12.857729,0
26610,12.814197,0
26611,23.071694,0
26612,13.028040,0
26613,12.926888,0
26614,12.926888,0
26615,12.810086,0
26616,12.677665,0
26617,23.030041,0
26618,23.029922,0
26619,12.892733,0
26620,23.040179,0
26621,12.822380,0
26622,13.032991,0
26623,12.814147,0
26624,12.676010,0
26625,12.877553,0
26626,12.892834,0
26627,12.877702,0
26628,23.035589,0
26629,12.682830,0
26630,12.862693,0
26631,12.823263,0
26632,23.032376,0
26633,23.032370,0
26634,23.076579,0
26635,12.817830,0
26636,23.032358,0
26637,12.862528,0
26638,12.867366,0
26639,17.096441,0
26640,12.872536,0
26641,13.027763,0
26642,12.882619,0
26643,12.687332,0
26644,13.031903,0
26645,23.030103,0
26646,12.687670,0
26647,12.687680,0
26648,13.047863,0
26649,12.889768,0
26650,12.769030,0
26651,12.871059,0
26652,12.794780,0
26653,12.837549,0
26654,12.821320,0
26655,12.898981,0
26656,13.711708,0
26657,13.009462,0
26658,12.806933,0
26659,13.736815,0
26660,12.806941,0
26661,12.807023,0
26662,13.702215,0
26663,12.884911,0
26664,12.837545,0
26665,12.806947,0
26666,12.855950,0
26667,13.711702,0
26668,13.671441,0
26669,13.564380,0
26670,12.779917,0
26671,13.659380,0
26672,12.767714,0
26673,12.872392,0
26674,13.667328,0
26675,12.767708,0
26676,12.845828,0
26677,12.837573,0
26678,12.846075,0
26679,13.374169,0
26680,84.064411,1
26681,14.854982,0
26682,42.725739,1
26683,29.099880,0
26684,15.387905,0
26685,15.387905,0
26686,15.989273,0
26687,15.244070,0
26688,15.233643,0
26689,15.237590,0
26690,15.237590,0
26691,15.244112,0
26692,15.237551,0
26693,15.232291,0
26694,15.232462,0
26695,15.231423,0
26696,15.415321,0
26697,15.387882,0
26698,15.275607,0
26699,15.252861,0
26700,15.286362,0
26701,15.232406,0
26702,16.154177,0
26703,15.244381,0
26704,15.244415,0
26705,15.293675,0
26706,15.237623,0
26707,15.237440,0
26708,15.237375,0
26709,15.263442,0
26710,15.263268,0
26711,15.244274,0
26712,15.387587,0
26713,15.522614,0
26714,15.232258,0
26715,15.232432,0
26716,15.457372,0
26717,15.457369,0
26718,15.244346,0
26719,15.375503,0
26720,15.375503,0
26721,15.267198,0
26722,15.381750,0
26723,19.006535,0
26724,15.343393,0
26725,15.244347,0
26726,15.367917,0
26727,15.346347,0
26728,15.893000,0
26729,15.893010,0
26730,15.228387,0
26731,15.271887,0
26732,15.266007,0
26733,15.266007,0
26734,15.311500,0
26735,15.232579,0
26736,15.306866,0
26737,15.228386,0
26738,15.228433,0
26739,15.228392,0
26740,15.306879,0
26741,15.426966,0
26742,15.426966,0
26743,15.235828,0
26744,15.245015,0
26745,15.266006,0
26746,16.031174,0
26747,15.427082,0
26748,15.228392,0
26749,15.218800,0
26750,15.228379,0
26751,15.228398,0
26752,15.222710,0
26753,15.228385,0
26754,15.245135,0
26755,15.228396,0
26756,15.312611,0
26757,15.256090,0
26758,15.255993,0
26759,17.026612,0
26760,17.026612,0
26761,15.228408,0
26762,15.245211,0
26763,15.222711,0
26764,15.222711,0
26765,15.306884,0
26766,15.245024,0
26767,15.245024,0
26768,15.218810,0
26769,15.357980,0
26770,15.228378,0
26771,15.309756,0
26772,17.040479,0
26773,15.245016,0
26774,15.235821,0
26775,15.228372,0
26776,15.266039,0
26777,15.228418,0
26778,15.228385,0
26779,15.312552,0
26780,16.035535,0
26781,15.228389,0
26782,15.245018,0
26783,15.228400,0
26784,16.035586,0
26785,16.035587,0
26786,15.308782,0
26787,15.859914,0
26788,15.859914,0
26789,15.813851,0
26790,15.813655,0
26791,15.806987,0
26792,15.813614,0
26793,15.813622,0
26794,15.813719,0
26795,15.843488,0
26796,15.832000,0
26797,15.854420,0
26798,15.854420,0
26799,15.831808,0
26800,15.813828,0
26801,15.813828,0
26802,15.813668,0
26803,15.854139,0
26804,23.715225,0
26805,17.089664,0
26806,17.135871,0
26807,17.112431,0
26808,17.112431,0
26809,17.084038,0
26810,24.590894,0
26811,21.287259,0
26812,30.004192,0
26813,30.324243,0
26814,121.336713,1
26815,123.651159,1
26816,16.733937,0
26817,16.830074,0
26818,16.798457,0
26819,16.994113,0
26820,16.729430,0
26821,16.874626,0
26822,16.874626,0
26823,17.002313,0
26824,16.729112,0
26825,16.740057,0
26826,20.226042,0
26827,16.830250,0
26828,16.830250,0
26829,16.996363,0
26830,16.997452,0
26831,16.810591,0
26832,16.805579,0
26833,16.730255,0
26834,16.757516,0
26835,16.726952,0
26836,16.997484,0
26837,16.725122,0
26838,16.997463,0
26839,16.902987,0
26840,16.863511,0
26841,16.992031,0
26842,16.784273,0
26843,16.776144,0
26844,25.485980,0
26845,16.997461,0
26846,16.794125,0
26847,16.878548,0
26848,17.001115,0
26849,17.007342,0
26850,16.852658,0
26851,17.009052,0
26852,16.784310,0
26853,16.827076,0
26854,16.794031,0
26855,16.796265,0
26856,16.852626,0
26857,16.845817,0
26858,17.002166,0
26859,16.769460,0
26860,16.898761,0
26861,16.992331,0
26862,16.724927,0
26863,17.457831,0
26864,16.729307,0
26865,16.734046,0
26866,16.993986,0
26867,16.994130,0
26868,16.724938,0
26869,16.740226,0
26870,16.740189,0
26871,16.992252,0
26872,16.740156,0
26873,16.994045,0
26874,16.725198,0
26875,17.001027,0
26876,16.856364,0
26877,16.992372,0
26878,17.008908,0
26879,17.002348,0
26880,17.002380,0
26881,17.002357,0
26882,16.794149,0
26883,19.205759,0
26884,17.002333,0
26885,16.997250,0
26886,17.002298,0
26887,16.992058,0
26888,16.724777,0
26889,17.002128,0
26890,16.850724,0
26891,16.763516,0
26892,16.765535,0
26893,16.845531,0
26894,18.428265,0
26895,16.845510,0
26896,16.930909,0
26897,17.514322,0
26898,16.954835,0
26899,16.954799,0
26900,17.490936,0
26901,16.840252,0
26902,17.399712,0
26903,16.813411,0
26904,16.789317,0
26905,16.904461,0
26906,16.808413,0
26907,16.829408,0
26908,16.767407,0
26909,16.848189,0
26910,16.848189,0
26911,17.483629,0
26912,17.483629,0
26913,16.949903,0
26914,16.954774,0
26915,16.843948,0
26916,17.431176,0
26917,16.854589,0
26918,16.777948,0
26919,18.431412,0
26920,32.256948,0
26921,43.213265,1
26922,31.266509,0
26923,19.075505,0
26924,19.173127,0
26925,21.867445,0
26926,19.028577,0
26927,19.061712,0
26928,19.025683,0
26929,19.101819,0
26930,19.178265,0
26931,19.170888,0
26932,19.173122,0
26933,19.036853,0
26934,19.028627,0
26935,19.004116,0
26936,19.004236,0
26937,26.989183,0
26938,26.989215,0
26939,18.936783,0
26940,19.191212,0
26941,19.068445,0
26942,19.058504,0
26943,19.052075,0
26944,19.178288,0
26945,18.977834,0
26946,19.025583,0
26947,19.022945,0
26948,19.051952,0
26949,19.170829,0
26950,19.028461,0
26951,19.039871,0
26952,19.034132,0
26953,19.028528,0
26954,19.028615,0
26955,19.028588,0
26956,19.028471,0
26957,19.010567,0
26958,19.045725,0
26959,26.984606,0
26960,19.173177,0
26961,26.986347,0
26962,26.993169,0
26963,26.993169,0
26964,26.993221,0
26965,19.182874,0
26966,26.986343,0
26967,26.986390,0
26968,18.941115,0
26969,26.986307,0
26970,18.946517,0
26971,19.173157,0
26972,26.993185,0
26973,19.197980,0
26974,19.207467,0
26975,26.989139,0
26976,26.989139,0
26977,19.169483,0
26978,18.940725,0
26979,26.986494,0
26980,26.986494,0
26981,26.989251,0
26982,18.933025,0
26983,26.993199,0
26984,19.220855,0
26985,19.197856,0
26986,26.993111,0
26987,19.045726,0
26988,19.564934,0
26989,19.552205,0
26990,19.564924,0
26991,19.048704,0
26992,26.984679,0
26993,19.005903,0
26994,19.064058,0
26995,19.009381,0
26996,19.625349,0
26997,19.024116,0
26998,19.076711,0
26999,19.545885,0
27000,19.588100,0
27001,19.602757,0
27002,19.099381,0
27003,19.647974,0
27004,19.634718,0
27005,85.231673,1
27006,20.610391,0
27007,20.821276,0
27008,20.598339,0
27009,20.598336,0
27010,20.631572,0
27011,20.618400,0
27012,20.728996,0
27013,20.729111,0
27014,20.729056,0
27015,20.729051,0
27016,20.729040,0
27017,20.729041,0
27018,20.725251,0
27019,20.729012,0
27020,20.729064,0
27021,20.729064,0
27022,20.729012,0
27023,20.729028,0
27024,20.590602,0
27025,20.820691,0
27026,20.615936,0
27027,20.827987,0
27028,20.591484,0
27029,20.666130,0
27030,20.603734,0
27031,20.668292,0
27032,21.202036,0
27033,20.816387,0
27034,20.631519,0
27035,20.809237,0
27036,20.815935,0
27037,20.631539,0
27038,20.626203,0
27039,20.626205,0
27040,20.626205,0
27041,20.603176,0
27042,20.631524,0
27043,20.626186,0
27044,20.626186,0
27045,20.626158,0
27046,20.626163,0
27047,20.631406,0
27048,20.631547,0
27049,21.160909,0
27050,20.603837,0
27051,20.815908,0
27052,21.160962,0
27053,21.166068,0
27054,20.631495,0
27055,20.811919,0
27056,20.821294,0
27057,20.631586,0
27058,20.631495,0
27059,20.625974,0
27060,20.603841,0
27061,20.631520,0
27062,20.631547,0
27063,20.718122,0
27064,20.655687,0
27065,20.652521,0
27066,20.763491,0
27067,20.683226,0
27068,20.751336,0
27069,21.259577,0
27070,20.666856,0
27071,20.674389,0
27072,20.660641,0
27073,20.660628,0
27074,60.725742,1
27075,32.785076,0
27076,12.752255,0
27077,12.808859,0
27078,12.802658,0
27079,12.802745,0
27080,12.808832,0
27081,12.808970,0
27082,12.808617,0
27083,12.679002,0
27084,12.731981,0
27085,12.674973,0
27086,12.678667,0
27087,12.622136,0
27088,12.717597,0
27089,12.712976,0
27090,12.667716,0
27091,12.667904,0
27092,12.576781,0
27093,12.576709,0
27094,12.650247,0
27095,12.605184,0
27096,12.650568,0
27097,12.565627,0
27098,12.635257,0
27099,12.565688,0
27100,12.565767,0
27101,12.635207,0
27102,12.576610,0
27103,12.635145,0
27104,12.675631,0
27105,12.667433,0
27106,12.796553,0
27107,12.796577,0
27108,12.699934,0
27109,12.653622,0
27110,12.699697,0
27111,12.650220,0
27112,12.650391,0
27113,12.679270,0
27114,12.675369,0
27115,12.675444,0
27116,12.650420,0
27117,12.667355,0
27118,12.650240,0
27119,12.650162,0
27120,12.660376,0
27121,12.660316,0
27122,12.663646,0
27123,12.663801,0
27124,12.650456,0
27125,12.650478,0
27126,12.667582,0
27127,12.635299,0
27128,12.635299,0
27129,12.635400,0
27130,12.635400,0
27131,12.635400,0
27132,12.635400,0
27133,12.712781,0
27134,12.622472,0
27135,12.635336,0
27136,12.611243,0
27137,12.704152,0
27138,12.656851,0
27139,12.656851,0
27140,12.656851,0
27141,12.656851,0
27142,12.656797,0
27143,12.656851,0
27144,12.656851,0
27145,12.657201,0
27146,12.657079,0
27147,12.650354,0
27148,12.650354,0
27149,12.699948,0
27150,12.699961,0
27151,12.650260,0
27152,12.650210,0
27153,12.635248,0
27154,12.699626,0
27155,12.699626,0
27156,12.635260,0
27157,12.814900,0
27158,12.814900,0
27159,12.821094,0
27160,12.821088,0
27161,12.695324,0
27162,12.653419,0
27163,12.653412,0
27164,12.576675,0
27165,12.622028,0
27166,12.622028,0
27167,12.622220,0
27168,12.576739,0
27169,12.674878,0
27170,12.675234,0
27171,12.674850,0
27172,12.674912,0
27173,12.667254,0
27174,12.695725,0
27175,12.695526,0
27176,12.695653,0
27177,12.695826,0
27178,12.695586,0
27179,12.675437,0
27180,12.675408,0
27181,12.695713,0
27182,12.695715,0
27183,12.699905,0
27184,12.717516,0
27185,12.717485,0
27186,12.717499,0
27187,12.717471,0
27188,12.675396,0
27189,12.675396,0
27190,12.675116,0
27191,12.675338,0
27192,12.717632,0
27193,13.505291,0
27194,13.519630,0
27195,12.601137,0
27196,12.601128,0
27197,12.601121,0
27198,13.524562,0
27199,12.601150,0
27200,12.601125,0
27201,12.615620,0
27202,12.588775,0
27203,12.588775,0
27204,12.588707,0
27205,12.588777,0
27206,13.437442,0
27207,12.621969,0
27208,12.621968,0
27209,13.421829,0
27210,12.601059,0
27211,12.632155,0
27212,12.588713,0
27213,13.455018,0
27214,12.601430,0
27215,12.601169,0
27216,12.601475,0
27217,12.612677,0
27218,13.524584,0
27219,13.524581,0
27220,13.437419,0
27221,13.500672,0
27222,13.437422,0
27223,13.437424,0
27224,13.437442,0
27225,13.437442,0
27226,12.601142,0
27227,12.602307,0
27228,12.601156,0
27229,12.601147,0
27230,12.602490,0
27231,12.601157,0
27232,12.601104,0
27233,13.440783,0
27234,13.437424,0
27235,12.601138,0
27236,13.440778,0
27237,13.440778,0
27238,12.618757,0
27239,12.618762,0
27240,12.615597,0
27241,12.616051,0
27242,12.615634,0
27243,12.601117,0
27244,12.601107,0
27245,12.601125,0
27246,12.601126,0
27247,12.601106,0
27248,12.601105,0
27249,12.601105,0
27250,12.601105,0
27251,12.601102,0
27252,12.601114,0
27253,12.601111,0
27254,12.601152,0
27255,12.615641,0
27256,12.615615,0
27257,12.643185,0
27258,12.615603,0
27259,12.615611,0
27260,12.615612,0
27261,12.615646,0
27262,12.615612,0
27263,12.616668,0
27264,13.519620,0
27265,13.294313,0
27266,102.641513,1
27267,81.871637,1
27268,81.871637,1
27269,102.190436,1
27270,33.071733,1
27271,33.084308,1
27272,33.084385,1
27273,33.012399,1
27274,33.154954,1
27275,33.018863,1
27276,33.151591,1
27277,33.151570,1
27278,33.028093,1
27279,33.099518,1
27280,33.037333,1
27281,33.012955,1
27282,33.149098,1
27283,33.045324,1
27284,33.040276,1
27285,33.040276,1
27286,33.022931,1
27287,33.146420,1
27288,33.151615,1
27289,33.151615,1
27290,33.154016,1
27291,34.693923,1
27292,33.012846,1
27293,33.159099,1
27294,33.022957,1
27295,34.335469,1
27296,33.125213,1
27297,25.003069,0
27298,25.006331,0
27299,24.927630,0
27300,24.872882,0
27301,24.924900,0
27302,25.000672,0
27303,24.937100,0
27304,25.006336,0
27305,25.006359,0
27306,24.913067,0
27307,25.002981,0
27308,25.002995,0
27309,24.922386,0
27310,25.287260,0
27311,24.889362,0
27312,24.887478,0
27313,25.006515,0
27314,24.999465,0
27315,24.904760,0
27316,24.904801,0
27317,27.123238,0
27318,24.927529,0
27319,24.897995,0
27320,24.922303,0
27321,24.922342,0
27322,24.922284,0
27323,25.006326,0
27324,24.872820,0
27325,24.848541,0
27326,24.858600,0
27327,24.858556,0
27328,24.858600,0
27329,24.858498,0
27330,24.869654,0
27331,24.869687,0
27332,31.399474,0
27333,24.905869,0
27334,24.863193,0
27335,24.863193,0
27336,24.858018,0
27337,24.858005,0
27338,25.298397,0
27339,25.300057,0
27340,24.869482,0
27341,24.869482,0
27342,24.869487,0
27343,24.869485,0
27344,24.869467,0
27345,26.608764,0
27346,28.629995,0
27347,26.574547,0
27348,28.681634,0
27349,26.684460,0
27350,26.516470,0
27351,26.566313,0
27352,26.535571,0
27353,26.695213,0
27354,26.721376,0
27355,28.615948,0
27356,26.552677,0
27357,26.551782,0
27358,26.518881,0
27359,26.612149,0
27360,28.855182,0
27361,26.576593,0
27362,26.535888,0
27363,26.535888,0
27364,26.691421,0
27365,26.555191,0
27366,26.535957,0
27367,26.524725,0
27368,26.607329,0
27369,26.609839,0
27370,26.609751,0
27371,26.609854,0
27372,26.686317,0
27373,26.685700,0
27374,26.595880,0
27375,26.595880,0
27376,26.520813,0
27377,26.629235,0
27378,26.634373,0
27379,26.603698,0
27380,26.546232,0
27381,26.663221,0
27382,26.663172,0
27383,26.663201,0
27384,26.660225,0
27385,26.613909,0
27386,26.666099,0
27387,29.114210,0
27388,29.031893,0
27389,29.053976,0
27390,29.438063,0
27391,29.434017,0
27392,29.089148,0
27393,29.089324,0
27394,29.433667,0
27395,29.091107,0
27396,29.433679,0
27397,29.183841,0
27398,29.101170,0
27399,29.099153,0
27400,29.099153,0
27401,29.099113,0
27402,29.080423,0
27403,29.183846,0
27404,29.183846,0
27405,29.458949,0
27406,29.458949,0
27407,29.433652,0
27408,29.107356,0
27409,29.107356,0
27410,29.118861,0
27411,29.023261,0
27412,29.493274,0
27413,29.493274,0
27414,29.493274,0
27415,29.490905,0
27416,29.082076,0
27417,29.115195,0
27418,29.115195,0
27419,174.067911,1
27420,39.115787,1
27421,36.007913,1
27422,65.965845,1
27423,17.442341,0
27424,13.309332,0
27425,13.299087,0
27426,17.442722,0
27427,13.230747,0
27428,13.254123,0
27429,13.418689,0
27430,13.244367,0
27431,13.254192,0
27432,13.253981,0
27433,13.244380,0
27434,13.254098,0
27435,13.236389,0
27436,17.470565,0
27437,14.096018,0
27438,13.299434,0
27439,13.274911,0
27440,13.299236,0
27441,13.236034,0
27442,13.266205,0
27443,14.115308,0
27444,13.254230,0
27445,13.377696,0
27446,13.254318,0
27447,13.280390,0
27448,17.442382,0
27449,13.412321,0
27450,13.244348,0
27451,13.244403,0
27452,13.244422,0
27453,13.236346,0
27454,13.566564,0
27455,13.265977,0
27456,13.265920,0
27457,13.236237,0
27458,13.236237,0
27459,13.244414,0
27460,14.090178,0
27461,13.561385,0
27462,13.236410,0
27463,13.244234,0
27464,14.103111,0
27465,13.266255,0
27466,13.265909,0
27467,14.084808,0
27468,14.086542,0
27469,13.226612,0
27470,13.428489,0
27471,13.391155,0
27472,13.428480,0
27473,13.230763,0
27474,17.442685,0
27475,13.253987,0
27476,13.244465,0
27477,17.442404,0
27478,13.299485,0
27479,13.409055,0
27480,13.299579,0
27481,13.244441,0
27482,13.244137,0
27483,13.266065,0
27484,13.574108,0
27485,13.280175,0
27486,13.561406,0
27487,13.292876,0
27488,13.254179,0
27489,13.254275,0
27490,13.254315,0
27491,13.440532,0
27492,13.440523,0
27493,13.440523,0
27494,13.440669,0
27495,13.440633,0
27496,13.226702,0
27497,13.433701,0
27498,13.433654,0
27499,13.433654,0
27500,13.433689,0
27501,13.227078,0
27502,13.562973,0
27503,14.155057,0
27504,14.155057,0
27505,13.280070,0
27506,13.244244,0
27507,13.567789,0
27508,13.361680,0
27509,14.097372,0
27510,15.227495,0
27511,15.226982,0
27512,13.279262,0
27513,13.279262,0
27514,14.136589,0
27515,14.136622,0
27516,13.238190,0
27517,14.141417,0
27518,13.248873,0
27519,13.334875,0
27520,13.230029,0
27521,13.261341,0
27522,13.215660,0
27523,13.215660,0
27524,13.248727,0
27525,13.248745,0
27526,15.227464,0
27527,13.312937,0
27528,13.223184,0
27529,13.229583,0
27530,14.146267,0
27531,13.238158,0
27532,13.249028,0
27533,13.375533,0
27534,13.279124,0
27535,13.345431,0
27536,13.223053,0
27537,13.223166,0
27538,13.224352,0
27539,13.326353,0
27540,13.357907,0
27541,13.229585,0
27542,13.229585,0
27543,14.136597,0
27544,13.238187,0
27545,13.229632,0
27546,13.229632,0
27547,13.238145,0
27548,13.238285,0
27549,13.279167,0
27550,13.279130,0
27551,13.229588,0
27552,13.345383,0
27553,13.248744,0
27554,13.249900,0
27555,13.276129,0
27556,13.261370,0
27557,13.261359,0
27558,13.238146,0
27559,13.451634,0
27560,13.445477,0
27561,13.445477,0
27562,13.452309,0
27563,13.451627,0
27564,13.445477,0
27565,13.452110,0
27566,13.451576,0
27567,13.451594,0
27568,13.451594,0
27569,13.451628,0
27570,13.451585,0
27571,13.451562,0
27572,13.451727,0
27573,13.451638,0
27574,13.451591,0
27575,13.451954,0
27576,13.315632,0
27577,13.216127,0
27578,13.216127,0
27579,13.312945,0
27580,13.218555,0
27581,13.216142,0
27582,13.216088,0
27583,14.146265,0
27584,13.375608,0
27585,14.141390,0
27586,13.890265,0
27587,51.190929,1
27588,22.430379,0
27589,26.088802,0
27590,29.552015,0
27591,59.001755,1
27592,19.710727,0
27593,51.690655,1
27594,23.382930,0
27595,25.089949,0
27596,17.404652,0
27597,17.549556,0
27598,17.537499,0
27599,17.441074,0
27600,20.492775,0
27601,20.455551,0
27602,20.452799,0
27603,17.413632,0
27604,17.413762,0
27605,17.508348,0
27606,17.651694,0
27607,17.529891,0
27608,17.446407,0
27609,17.413649,0
27610,17.421031,0
27611,17.446204,0
27612,17.398216,0
27613,17.663877,0
27614,17.413734,0
27615,17.467037,0
27616,17.497094,0
27617,17.508277,0
27618,20.537750,0
27619,20.538476,0
27620,17.390818,0
27621,25.924066,0
27622,20.454291,0
27623,17.399472,0
27624,17.484926,0
27625,17.484939,0
27626,17.482197,0
27627,17.487721,0
27628,17.512345,0
27629,17.512366,0
27630,17.487703,0
27631,20.541522,0
27632,20.541522,0
27633,20.452154,0
27634,20.460617,0
27635,20.459886,0
27636,20.452682,0
27637,20.452642,0
27638,17.489923,0
27639,20.488093,0
27640,17.404728,0
27641,17.447653,0
27642,17.423010,0
27643,19.786003,0
27644,17.661249,0
27645,17.389389,0
27646,17.389571,0
27647,17.529793,0
27648,17.662813,0
27649,17.461548,0
27650,17.564360,0
27651,18.082387,0
27652,18.082387,0
27653,17.449595,0
27654,17.453210,0
27655,17.432694,0
27656,17.537105,0
27657,17.481728,0
27658,17.488679,0
27659,17.488679,0
27660,17.468056,0
27661,17.448863,0
27662,17.485037,0
27663,17.515698,0
27664,17.515698,0
27665,17.515697,0
27666,17.410150,0
27667,17.382355,0
27668,17.444671,0
27669,17.511695,0
27670,17.564372,0
27671,17.559664,0
27672,17.511942,0
27673,17.483806,0
27674,18.101122,0
27675,18.147477,0
27676,18.147476,0
27677,18.147477,0
27678,18.147476,0
27679,18.147476,0
27680,18.147483,0
27681,18.147476,0
27682,18.147478,0
27683,18.147483,0
27684,18.147487,0
27685,18.147476,0
27686,18.147476,0
27687,18.113066,0
27688,18.113066,0
27689,18.105047,0
27690,18.152046,0
27691,18.152046,0
27692,18.152046,0
27693,18.152047,0
27694,22.880390,0
27695,22.256664,0
27696,24.651534,0
27697,22.212914,0
27698,24.751337,0
27699,24.685256,0
27700,22.426448,0
27701,22.424324,0
27702,22.450544,0
27703,24.724400,0
27704,22.274757,0
27705,22.223417,0
27706,24.644708,0
27707,22.250340,0
27708,22.250347,0
27709,22.250322,0
27710,22.250322,0
27711,22.250331,0
27712,22.250319,0
27713,22.230699,0
27714,22.303371,0
27715,22.303393,0
27716,22.421457,0
27717,22.224612,0
27718,22.421466,0
27719,22.421482,0
27720,22.417710,0
27721,22.417698,0
27722,22.421811,0
27723,22.417728,0
27724,22.417728,0
27725,22.417717,0
27726,22.219631,0
27727,24.712015,0
27728,22.218587,0
27729,22.230833,0
27730,22.230726,0
27731,22.417724,0
27732,24.675879,0
27733,22.215876,0
27734,22.417736,0
27735,22.238238,0
27736,22.217601,0
27737,22.285024,0
27738,22.238219,0
27739,22.238255,0
27740,22.439821,0
27741,22.238252,0
27742,22.426226,0
27743,22.302185,0
27744,22.432332,0
27745,22.212037,0
27746,22.224510,0
27747,22.432402,0
27748,22.223576,0
27749,22.421475,0
27750,22.739557,0
27751,22.258841,0
27752,22.308577,0
27753,22.782213,0
27754,22.357514,0
27755,61.499884,1
27756,61.268226,1
27757,61.476428,1
27758,60.612589,1
27759,60.615114,1
27760,60.538105,1
27761,60.541248,1
27762,60.541230,1
27763,16.208879,0
27764,16.122116,0
27765,16.109674,0
27766,16.137180,0
27767,16.150073,0
27768,16.128981,0
27769,16.131493,0
27770,16.131493,0
27771,16.131493,0
27772,16.131673,0
27773,16.109733,0
27774,16.080534,0
27775,16.194948,0
27776,16.258524,0
27777,16.223602,0
27778,16.185153,0
27779,16.353704,0
27780,16.258551,0
27781,16.201940,0
27782,16.209003,0
27783,16.077725,0
27784,16.131646,0
27785,16.109822,0
27786,16.173243,0
27787,16.179229,0
27788,16.173278,0
27789,16.173356,0
27790,16.359098,0
27791,16.184912,0
27792,16.288602,0
27793,16.131574,0
27794,16.204438,0
27795,16.204438,0
27796,16.355553,0
27797,16.239556,0
27798,16.216114,0
27799,16.091594,0
27800,16.091594,0
27801,16.195155,0
27802,16.212853,0
27803,16.173089,0
27804,16.173089,0
27805,16.122101,0
27806,16.116822,0
27807,16.109587,0
27808,16.212304,0
27809,16.274132,0
27810,16.176200,0
27811,16.182317,0
27812,16.182317,0
27813,16.182181,0
27814,16.182020,0
27815,16.204981,0
27816,16.191715,0
27817,16.191518,0
27818,16.191756,0
27819,16.371005,0
27820,16.150007,0
27821,16.353525,0
27822,16.091550,0
27823,16.208335,0
27824,16.159565,0
27825,16.085279,0
27826,16.231613,0
27827,16.212296,0
27828,16.355583,0
27829,16.212206,0
27830,16.364871,0
27831,16.077175,0
27832,16.191676,0
27833,16.212829,0
27834,16.365028,0
27835,16.121142,0
27836,16.212453,0
27837,16.212428,0
27838,16.223749,0
27839,16.212514,0
27840,16.212514,0
27841,16.212231,0
27842,16.131655,0
27843,16.131701,0
27844,16.128955,0
27845,16.252869,0
27846,16.180612,0
27847,16.180612,0
27848,16.123307,0
27849,16.168363,0
27850,17.807402,0
27851,16.212281,0
27852,16.320442,0
27853,16.148550,0
27854,16.168365,0
27855,16.828981,0
27856,16.206161,0
27857,16.159121,0
27858,16.148604,0
27859,16.212288,0
27860,16.219395,0
27861,16.123254,0
27862,16.212293,0
27863,16.188983,0
27864,16.888619,0
27865,16.828964,0
27866,16.203630,0
27867,16.165683,0
27868,16.158989,0
27869,16.125852,0
27870,16.219261,0
27871,16.127476,0
27872,16.132944,0
27873,16.263877,0
27874,16.725493,0
27875,16.649193,0
27876,20.441580,0
27877,21.749047,0
27878,30.779287,0
27879,20.367801,0
27880,17.415956,0
27881,17.415960,0
27882,17.415960,0
27883,17.464443,0
27884,20.387534,0
27885,17.396843,0
27886,20.374220,0
27887,17.396835,0
27888,17.363823,0
27889,17.409375,0
27890,17.409372,0
27891,17.426164,0
27892,17.385677,0
27893,17.385566,0
27894,17.388453,0
27895,17.388575,0
27896,17.385688,0
27897,17.385575,0
27898,17.385533,0
27899,17.385836,0
27900,17.385794,0
27901,17.385714,0
27902,17.385722,0
27903,17.385780,0
27904,17.385791,0
27905,17.385685,0
27906,17.426240,0
27907,17.377393,0
27908,17.419569,0
27909,17.433538,0
27910,17.385812,0
27911,17.403364,0
27912,17.403210,0
27913,17.403210,0
27914,17.349114,0
27915,17.323826,0
27916,17.396985,0
27917,17.388393,0
27918,17.388394,0
27919,17.388212,0
27920,17.406340,0
27921,17.406321,0
27922,17.412661,0
27923,20.372784,0
27924,17.412674,0
27925,17.412674,0
27926,17.419376,0
27927,17.419307,0
27928,17.419307,0
27929,17.397176,0
27930,17.397107,0
27931,17.403452,0
27932,17.406345,0
27933,17.406345,0
27934,17.400226,0
27935,17.403294,0
27936,17.403279,0
27937,17.403159,0
27938,17.403159,0
27939,17.403039,0
27940,17.349962,0
27941,17.349962,0
27942,20.694145,0
27943,17.334572,0
27944,17.387811,0
27945,17.384905,0
27946,17.390773,0
27947,18.025784,0
27948,17.392019,0
27949,17.389205,0
27950,17.398934,0
27951,17.405427,0
27952,17.422921,0
27953,17.449447,0
27954,17.437600,0
27955,17.497593,0
27956,17.497621,0
27957,17.497621,0
27958,17.497621,0
27959,17.497572,0
27960,17.497609,0
27961,17.497609,0
27962,17.497609,0
27963,17.497609,0
27964,17.449645,0
27965,17.389599,0
27966,18.022144,0
27967,17.980205,0
27968,18.022226,0
27969,18.022226,0
27970,17.422730,0
27971,17.502286,0
27972,17.408748,0
27973,18.018597,0
27974,18.018622,0
27975,17.388014,0
27976,31.691508,0
27977,60.085356,1
27978,27.472843,0
27979,27.932305,0
27980,27.858378,0
27981,27.941064,0
27982,27.943416,0
27983,27.943425,0
27984,27.941143,0
27985,27.943473,0
27986,27.941148,0
27987,27.941097,0
27988,27.943437,0
27989,27.943400,0
27990,27.943437,0
27991,27.943409,0
27992,27.875161,0
27993,27.875161,0
27994,27.875142,0
27995,27.970780,0
27996,27.866082,0
27997,28.020150,0
27998,27.875035,0
27999,27.888298,0
28000,27.955233,0
28001,27.955233,0
28002,27.955215,0
28003,27.957721,0
28004,27.957721,0
28005,27.962813,0
28006,27.962795,0
28007,27.957702,0
28008,27.957703,0
28009,27.957703,0
28010,27.957721,0
28011,28.356792,0
28012,28.354433,0
28013,28.354433,0
28014,28.190566,0
28015,31.577976,0
28016,38.035173,1
28017,123.747242,1
28018,130.031268,1
28019,65.610895,1
28020,64.726564,1
28021,64.726564,1
28022,64.758607,1
28023,64.749129,1
28024,65.162022,1
28025,66.374996,1
28026,27.502652,0
28027,27.500947,0
28028,27.502653,0
28029,27.542063,0
28030,27.501278,0
28031,27.502740,0
28032,27.535931,0
28033,27.669666,0
28034,27.535961,0
28035,27.535853,0
28036,27.535979,0
28037,27.535974,0
28038,27.500811,0
28039,27.500759,0
28040,29.074588,0
28041,27.678581,0
28042,27.669672,0
28043,27.502777,0
28044,27.664872,0
28045,27.502631,0
28046,29.562443,0
28047,27.663342,0
28048,27.500835,0
28049,27.502761,0
28050,27.666598,0
28051,27.501427,0
28052,27.515777,0
28053,27.683091,0
28054,27.509249,0
28055,27.506431,0
28056,27.506390,0
28057,27.533450,0
28058,27.528793,0
28059,27.606224,0
28060,27.581032,0
28061,27.612947,0
28062,27.569749,0
28063,28.569975,0
28064,31.146624,0
28065,13.441932,0
28066,13.676532,0
28067,13.451397,0
28068,13.623172,0
28069,14.347151,0
28070,13.767058,0
28071,66.022853,1
28072,13.756558,0
28073,13.660014,0
28074,13.660009,0
28075,13.585948,0
28076,14.354107,0
28077,13.594809,0
28078,13.594702,0
28079,13.772945,0
28080,13.772951,0
28081,13.773019,0
28082,13.441697,0
28083,13.441903,0
28084,13.599272,0
28085,13.599559,0
28086,13.599559,0
28087,13.599549,0
28088,13.599169,0
28089,13.599522,0
28090,13.618259,0
28091,13.618259,0
28092,13.628403,0
28093,13.628180,0
28094,14.343907,0
28095,13.595090,0
28096,13.595112,0
28097,13.594913,0
28098,13.595018,0
28099,13.595110,0
28100,13.595104,0
28101,13.561302,0
28102,14.283129,0
28103,14.283102,0
28104,14.283102,0
28105,14.283102,0
28106,14.283102,0
28107,13.435461,0
28108,14.283031,0
28109,14.283072,0
28110,13.766767,0
28111,13.756506,0
28112,14.343925,0
28113,13.754245,0
28114,13.760636,0
28115,13.754334,0
28116,13.755944,0
28117,13.754316,0
28118,13.756015,0
28119,14.314544,0
28120,13.774868,0
28121,13.774868,0
28122,13.754270,0
28123,13.756522,0
28124,13.766750,0
28125,14.283089,0
28126,13.599173,0
28127,13.784574,0
28128,13.424580,0
28129,13.772694,0
28130,13.755848,0
28131,13.581558,0
28132,13.500744,0
28133,13.766772,0
28134,13.435917,0
28135,13.435917,0
28136,13.760646,0
28137,13.435249,0
28138,13.435413,0
28139,13.766734,0
28140,13.435696,0
28141,13.766764,0
28142,13.486230,0
28143,14.283002,0
28144,13.608778,0
28145,13.765165,0
28146,13.760650,0
28147,13.585899,0
28148,13.546341,0
28149,13.486363,0
28150,13.546522,0
28151,13.546540,0
28152,13.599403,0
28153,14.343972,0
28154,13.569129,0
28155,13.759424,0
28156,13.613594,0
28157,13.486432,0
28158,13.766793,0
28159,13.613540,0
28160,13.654253,0
28161,13.628321,0
28162,13.618457,0
28163,13.546166,0
28164,13.546121,0
28165,13.595060,0
28166,13.595060,0
28167,13.756513,0
28168,13.628307,0
28169,13.573155,0
28170,17.593592,0
28171,13.765380,0
28172,23.459232,0
28173,13.604116,0
28174,13.618542,0
28175,13.618542,0
28176,13.618542,0
28177,13.772776,0
28178,17.270104,0
28179,13.617932,0
28180,14.354377,0
28181,13.433960,0
28182,14.357877,0
28183,13.433900,0
28184,13.623342,0
28185,13.594785,0
28186,13.613404,0
28187,13.613389,0
28188,13.618516,0
28189,13.618516,0
28190,13.608689,0
28191,13.618341,0
28192,13.601526,0
28193,13.598292,0
28194,13.500414,0
28195,14.415545,0
28196,14.405780,0
28197,13.516927,0
28198,13.511335,0
28199,13.493802,0
28200,13.498219,0
28201,13.548653,0
28202,13.494686,0
28203,13.569369,0
28204,14.387319,0
28205,13.495238,0
28206,13.601789,0
28207,13.684044,0
28208,13.573734,0
28209,13.695301,0
28210,13.624064,0
28211,13.511337,0
28212,13.511434,0
28213,15.476652,0
28214,13.500319,0
28215,13.610337,0
28216,13.637993,0
28217,13.637993,0
28218,13.668022,0
28219,13.555013,0
28220,13.594411,0
28221,13.609794,0
28222,14.410597,0
28223,13.532400,0
28224,13.498090,0
28225,14.396236,0
28226,14.076727,0
28227,16.120843,0
28228,15.528851,0
28229,30.671450,0
28230,19.880578,0
28231,19.842878,0
28232,39.590601,1
28233,19.109870,0
28234,19.109669,0
28235,19.058175,0
28236,19.176458,0
28237,19.109613,0
28238,19.109869,0
28239,19.109738,0
28240,19.065686,0
28241,19.086501,0
28242,19.725121,0
28243,19.725293,0
28244,19.725297,0
28245,19.196478,0
28246,19.196478,0
28247,19.196478,0
28248,19.109879,0
28249,19.109748,0
28250,19.059483,0
28251,22.193479,0
28252,19.071302,0
28253,19.105033,0
28254,19.071389,0
28255,19.116409,0
28256,19.086537,0
28257,19.059124,0
28258,19.173412,0
28259,19.176554,0
28260,19.176554,0
28261,19.061911,0
28262,19.065997,0
28263,19.065997,0
28264,19.306212,0
28265,19.086640,0
28266,19.071342,0
28267,19.212370,0
28268,19.212415,0
28269,19.071518,0
28270,19.086532,0
28271,19.086532,0
28272,19.061276,0
28273,19.071603,0
28274,19.078112,0
28275,19.292928,0
28276,19.064024,0
28277,20.550849,0
28278,20.530898,0
28279,20.534795,0
28280,20.531046,0
28281,19.091635,0
28282,19.193285,0
28283,19.163295,0
28284,19.749454,0
28285,19.735365,0
28286,20.530888,0
28287,19.102094,0
28288,19.130420,0
28289,19.126163,0
28290,19.109424,0
28291,19.096178,0
28292,19.096181,0
28293,19.096151,0
28294,19.701165,0
28295,19.158804,0
28296,19.088592,0
28297,19.143598,0
28298,19.143598,0
28299,19.096247,0
28300,19.197797,0
28301,19.529512,0
28302,19.529410,0
28303,19.529410,0
28304,19.658176,0
28305,21.024646,0
28306,26.292027,0
28307,30.811501,0
28308,32.575181,0
28309,44.170774,1
28310,24.016954,0
28311,24.168139,0
28312,32.147865,0
28313,28.545901,0
28314,28.545901,0
28315,23.728714,0
28316,23.657381,0
28317,23.650385,0
28318,23.661182,0
28319,23.734231,0
28320,23.661327,0
28321,23.661307,0
28322,23.661307,0
28323,23.657411,0
28324,23.734081,0
28325,23.623345,0
28326,23.712748,0
28327,23.816878,0
28328,25.435497,0
28329,23.810951,0
28330,23.619646,0
28331,23.619642,0
28332,23.655851,0
28333,23.655861,0
28334,23.743008,0
28335,23.765033,0
28336,23.765033,0
28337,23.765131,0
28338,23.765131,0
28339,23.765040,0
28340,23.768380,0
28341,23.768469,0
28342,23.768469,0
28343,23.765164,0
28344,23.765134,0
28345,23.765134,0
28346,23.765134,0
28347,23.765122,0
28348,23.768426,0
28349,23.768469,0
28350,23.768469,0
28351,23.768469,0
28352,23.764978,0
28353,23.765134,0
28354,23.765134,0
28355,23.765134,0
28356,23.765134,0
28357,23.765134,0
28358,23.765022,0
28359,23.764949,0
28360,23.765076,0
28361,23.765082,0
28362,23.764966,0
28363,23.718855,0
28364,23.773219,0
28365,23.773206,0
28366,23.819297,0
28367,24.028256,0
28368,17.082309,0
28369,16.809226,0
28370,17.075216,0
28371,16.811409,0
28372,17.089896,0
28373,17.098011,0
28374,16.926478,0
28375,17.551750,0
28376,17.549048,0
28377,16.812463,0
28378,16.997544,0
28379,16.997544,0
28380,16.892435,0
28381,17.525825,0
28382,16.807485,0
28383,17.074532,0
28384,17.073366,0
28385,17.075098,0
28386,17.083366,0
28387,16.860474,0
28388,16.852128,0
28389,16.906539,0
28390,16.923653,0
28391,16.874869,0
28392,17.495231,0
28393,16.910120,0
28394,17.517690,0
28395,19.007749,0
28396,86.111121,1
28397,32.002567,0
28398,33.617811,1
28399,31.858341,0
28400,33.627146,1
28401,31.869960,0
28402,33.596095,1
28403,33.652562,1
28404,33.650460,1
28405,33.650460,1
28406,31.861207,0
28407,33.611515,1
28408,31.870442,0
28409,31.859081,0
28410,32.005936,0
28411,33.638116,1
28412,33.612416,1
28413,31.884311,0
28414,33.633482,1
28415,33.630604,1
28416,33.254843,1
28417,32.016524,0
28418,33.623675,1
28419,33.613081,1
28420,33.608978,1
28421,33.599792,1
28422,31.877710,0
28423,31.877710,0
28424,124.190138,1
28425,108.942247,1
28426,35.901801,1
28427,35.819255,1
28428,35.773412,1
28429,35.771743,1
28430,35.786614,1
28431,35.786600,1
28432,35.778487,1
28433,35.899579,1
28434,35.819259,1
28435,35.820638,1
28436,35.763839,1
28437,35.763839,1
28438,35.784761,1
28439,35.766309,1
28440,35.787087,1
28441,35.790171,1
28442,36.554834,1
28443,36.092344,1
28444,36.093835,1
28445,36.093853,1
28446,36.095371,1
28447,40.895272,1
28448,38.736808,1
28449,13.507007,0
28450,13.545864,0
28451,13.545864,0
28452,13.472160,0
28453,13.472160,0
28454,13.351982,0
28455,17.145000,0
28456,13.731252,0
28457,17.237928,0
28458,13.486417,0
28459,23.397681,0
28460,17.146728,0
28461,13.332166,0
28462,13.665964,0
28463,13.671407,0
28464,13.460476,0
28465,13.460351,0
28466,13.671399,0
28467,13.487809,0
28468,13.467903,0
28469,13.467899,0
28470,13.467936,0
28471,13.467751,0
28472,13.468105,0
28473,13.464331,0
28474,13.468139,0
28475,13.488254,0
28476,13.484147,0
28477,13.468206,0
28478,13.468206,0
28479,13.464399,0
28480,13.464399,0
28481,13.464399,0
28482,13.488326,0
28483,13.488326,0
28484,13.505833,0
28485,13.501380,0
28486,13.501251,0
28487,13.666008,0
28488,13.441224,0
28489,13.357953,0
28490,13.343540,0
28491,13.343650,0
28492,13.343650,0
28493,13.677151,0
28494,13.453892,0
28495,13.483576,0
28496,13.483579,0
28497,13.479486,0
28498,13.667802,0
28499,13.458442,0
28500,17.076352,0
28501,13.337411,0
28502,13.363926,0
28503,13.361337,0
28504,13.333596,0
28505,13.534090,0
28506,13.684589,0
28507,13.487830,0
28508,13.440920,0
28509,13.486718,0
28510,13.449488,0
28511,17.203739,0
28512,17.203739,0
28513,17.156775,0
28514,13.433114,0
28515,13.496451,0
28516,13.719118,0
28517,13.396770,0
28518,13.363763,0
28519,13.363682,0
28520,13.376093,0
28521,13.337918,0
28522,13.424352,0
28523,13.684542,0
28524,13.399047,0
28525,13.373141,0
28526,13.501036,0
28527,13.501022,0
28528,13.450051,0
28529,17.164199,0
28530,13.361064,0
28531,13.334016,0
28532,13.351391,0
28533,13.399330,0
28534,13.399352,0
28535,13.496510,0
28536,13.399352,0
28537,13.458336,0
28538,13.386925,0
28539,13.361068,0
28540,13.492067,0
28541,13.487748,0
28542,13.361111,0
28543,13.343252,0
28544,13.351466,0
28545,13.351235,0
28546,13.361083,0
28547,13.568276,0
28548,13.568122,0
28549,13.568122,0
28550,13.490680,0
28551,13.535500,0
28552,13.455964,0
28553,14.119661,0
28554,13.456064,0
28555,13.482366,0
28556,13.432869,0
28557,13.506422,0
28558,13.462182,0
28559,13.505950,0
28560,14.266889,0
28561,13.568157,0
28562,13.436545,0
28563,13.476018,0
28564,13.511671,0
28565,13.480778,0
28566,13.500857,0
28567,13.462209,0
28568,13.500755,0
28569,13.500738,0
28570,13.463222,0
28571,13.568029,0
28572,13.568009,0
28573,13.568009,0
28574,13.567969,0
28575,14.212029,0
28576,14.216191,0
28577,13.446509,0
28578,13.417423,0
28579,13.417695,0
28580,13.449697,0
28581,13.516724,0
28582,13.453816,0
28583,13.436539,0
28584,13.511147,0
28585,13.511143,0
28586,13.495741,0
28587,13.397077,0
28588,13.387594,0
28589,13.387594,0
28590,14.220450,0
28591,13.562199,0
28592,13.466664,0
28593,13.464020,0
28594,13.475997,0
28595,13.480809,0
28596,13.480801,0
28597,13.490596,0
28598,13.339976,0
28599,13.379440,0
28600,13.486814,0
28601,13.379565,0
28602,13.521900,0
28603,13.485690,0
28604,13.485705,0
28605,13.506019,0
28606,13.476095,0
28607,13.561984,0
28608,13.505923,0
28609,13.379440,0
28610,13.458300,0
28611,13.550192,0
28612,13.390907,0
28613,13.476062,0
28614,13.438631,0
28615,13.444008,0
28616,51.262164,1
28617,15.440216,0
28618,42.922238,1
28619,19.964118,0
28620,23.100411,0
28621,23.100560,0
28622,23.100560,0
28623,23.100491,0
28624,23.100502,0
28625,23.076259,0
28626,22.991374,0
28627,23.064568,0
28628,23.097614,0
28629,23.097617,0
28630,23.100515,0
28631,23.097669,0
28632,23.064536,0
28633,23.064726,0
28634,23.064486,0
28635,23.064486,0
28636,23.064590,0
28637,23.062263,0
28638,23.024606,0
28639,23.062339,0
28640,23.062339,0
28641,23.100541,0
28642,23.110406,0
28643,23.110406,0
28644,23.086458,0
28645,23.075786,0
28646,23.182128,0
28647,23.113872,0
28648,23.503115,0
28649,23.100424,0
28650,23.024645,0
28651,23.097514,0
28652,23.097586,0
28653,23.097586,0
28654,23.097586,0
28655,23.097586,0
28656,23.103637,0
28657,23.184639,0
28658,23.062309,0
28659,23.181729,0
28660,22.992132,0
28661,23.503025,0
28662,23.191841,0
28663,23.024721,0
28664,23.024733,0
28665,23.081661,0
28666,23.548789,0
28667,23.585753,0
28668,23.071503,0
28669,23.050189,0
28670,27.461886,0
28671,34.769491,1
28672,34.758646,1
28673,34.754349,1
28674,31.334283,0
28675,31.363730,0
28676,12.089172,0
28677,12.088695,0
28678,12.040994,0
28679,12.191252,0
28680,12.191252,0
28681,12.092170,0
28682,12.091761,0
28683,12.014341,0
28684,12.016279,0
28685,12.016441,0
28686,12.069356,0
28687,12.064776,0
28688,12.069426,0
28689,12.059901,0
28690,13.014790,0
28691,16.543629,0
28692,12.027121,0
28693,12.020617,0
28694,12.016315,0
28695,12.021969,0
28696,12.016170,0
28697,12.016406,0
28698,12.016450,0
28699,12.046731,0
28700,12.414932,0
28701,12.014422,0
28702,12.046583,0
28703,12.016239,0
28704,12.027325,0
28705,12.156755,0
28706,12.156755,0
28707,12.391025,0
28708,12.035899,0
28709,12.027462,0
28710,12.027290,0
28711,12.391124,0
28712,12.097181,0
28713,12.097181,0
28714,12.386498,0
28715,12.036056,0
28716,12.096582,0
28717,12.096532,0
28718,12.096385,0
28719,12.046704,0
28720,12.027330,0
28721,12.035906,0
28722,13.047112,0
28723,12.232983,0
28724,12.232983,0
28725,12.220559,0
28726,12.222109,0
28727,12.404234,0
28728,12.020604,0
28729,12.059689,0
28730,12.227342,0
28731,12.227420,0
28732,12.059889,0
28733,12.096544,0
28734,12.096288,0
28735,12.089147,0
28736,12.035920,0
28737,12.089134,0
28738,12.096954,0
28739,12.035904,0
28740,12.036049,0
28741,12.227695,0
28742,12.227526,0
28743,12.227544,0
28744,12.096838,0
28745,12.258075,0
28746,12.088974,0
28747,12.197106,0
28748,12.096421,0
28749,12.023190,0
28750,16.555631,0
28751,12.096598,0
28752,12.027139,0
28753,12.020574,0
28754,12.074407,0
28755,12.027004,0
28756,12.027195,0
28757,12.089187,0
28758,12.089065,0
28759,12.089069,0
28760,12.096448,0
28761,12.096350,0
28762,12.178172,0
28763,12.096462,0
28764,12.035657,0
28765,12.414749,0
28766,12.035970,0
28767,12.035854,0
28768,12.257812,0
28769,12.257826,0
28770,12.257971,0
28771,12.257939,0
28772,12.257941,0
28773,12.143860,0
28774,12.143811,0
28775,12.096329,0
28776,12.143288,0
28777,12.169067,0
28778,12.206687,0
28779,12.217064,0
28780,12.383981,0
28781,12.156583,0
28782,12.016655,0
28783,12.018702,0
28784,12.035812,0
28785,12.015036,0
28786,12.015036,0
28787,12.152329,0
28788,12.089085,0
28789,12.068006,0
28790,12.068006,0
28791,12.068147,0
28792,12.068075,0
28793,12.076414,0
28794,15.280287,0
28795,12.076373,0
28796,12.076525,0
28797,12.105734,0
28798,12.087500,0
28799,12.157389,0
28800,12.059360,0
28801,12.066615,0
28802,12.172526,0
28803,12.172504,0
28804,12.066505,0
28805,12.066693,0
28806,12.226988,0
28807,12.183061,0
28808,12.183058,0
28809,12.316985,0
28810,14.229257,0
28811,12.213350,0
28812,12.316274,0
28813,12.316274,0
28814,13.059803,0
28815,12.075903,0
28816,12.087739,0
28817,12.087739,0
28818,12.066678,0
28819,12.067395,0
28820,12.113488,0
28821,12.075931,0
28822,12.283822,0
28823,12.101631,0
28824,13.092582,0
28825,14.392541,0
28826,12.114734,0
28827,12.087488,0
28828,13.044451,0
28829,12.088148,0
28830,12.252679,0
28831,12.051239,0
28832,12.051256,0
28833,12.157387,0
28834,13.070394,0
28835,13.070394,0
28836,12.075898,0
28837,13.065051,0
28838,12.120844,0
28839,12.122689,0
28840,12.122708,0
28841,12.228696,0
28842,12.193393,0
28843,12.193370,0
28844,12.226349,0
28845,12.226349,0
28846,12.120905,0
28847,13.065066,0
28848,12.202864,0
28849,13.070440,0
28850,13.070407,0
28851,13.070398,0
28852,12.087925,0
28853,12.087723,0
28854,12.066552,0
28855,12.155566,0
28856,14.228794,0
28857,12.066530,0
28858,12.054519,0
28859,12.054519,0
28860,12.316180,0
28861,12.087697,0
28862,12.114085,0
28863,12.120798,0
28864,12.729137,0
28865,12.799303,0
28866,12.731542,0
28867,50.891607,1
28868,50.891613,1
28869,50.891593,1
28870,14.300851,0
28871,14.308282,0
28872,14.294964,0
28873,14.359631,0
28874,28.130768,0
28875,30.128177,0
28876,51.357388,1
28877,51.357388,1
28878,22.720613,0
28879,32.640602,0
28880,32.652222,0
28881,32.630836,0
28882,28.814687,0
28883,28.855529,0
28884,42.193656,1
28885,42.193656,1
28886,108.287556,1
28887,39.132191,1
28888,13.189747,0
28889,13.170285,0
28890,13.170151,0
28891,13.514470,0
28892,13.514470,0
28893,13.202318,0
28894,13.311224,0
28895,13.179078,0
28896,13.214630,0
28897,16.208258,0
28898,13.244994,0
28899,13.199387,0
28900,13.181827,0
28901,13.181776,0
28902,16.212033,0
28903,13.510423,0
28904,13.175822,0
28905,13.224834,0
28906,13.181732,0
28907,16.202936,0
28908,13.189730,0
28909,13.172632,0
28910,13.510362,0
28911,13.175922,0
28912,16.208367,0
28913,13.342209,0
28914,13.189472,0
28915,13.189702,0
28916,16.202911,0
28917,13.171938,0
28918,13.510426,0
28919,13.175818,0
28920,13.189655,0
28921,13.392742,0
28922,13.513430,0
28923,13.518988,0
28924,13.175845,0
28925,13.296118,0
28926,13.296486,0
28927,13.292624,0
28928,13.292574,0
28929,14.108159,0
28930,13.296335,0
28931,13.296335,0
28932,13.296335,0
28933,13.296335,0
28934,13.319619,0
28935,13.514601,0
28936,13.514557,0
28937,13.510477,0
28938,13.528980,0
28939,13.429530,0
28940,13.435187,0
28941,13.435187,0
28942,13.245484,0
28943,13.199537,0
28944,13.379858,0
28945,13.359700,0
28946,14.075316,0
28947,14.122350,0
28948,13.514446,0
28949,13.189817,0
28950,13.177191,0
28951,14.054036,0
28952,13.514562,0
28953,13.514556,0
28954,13.514450,0
28955,13.520752,0
28956,13.520765,0
28957,13.520658,0
28958,13.336601,0
28959,13.514430,0
28960,23.328110,0
28961,14.063822,0
28962,13.514493,0
28963,17.516043,0
28964,13.520660,0
28965,13.514458,0
28966,13.526712,0
28967,13.364608,0
28968,13.359809,0
28969,13.225611,0
28970,13.199451,0
28971,13.175645,0
28972,14.063797,0
28973,13.172397,0
28974,13.172470,0
28975,13.510300,0
28976,13.201998,0
28977,13.202324,0
28978,13.510235,0
28979,13.515050,0
28980,13.507784,0
28981,13.172696,0
28982,13.510242,0
28983,13.507761,0
28984,13.392420,0
28985,16.202861,0
28986,13.176021,0
28987,13.176067,0
28988,16.202835,0
28989,13.392401,0
28990,16.208261,0
28991,13.514421,0
28992,14.063774,0
28993,13.311151,0
28994,14.063654,0
28995,13.202210,0
28996,13.183317,0
28997,13.514484,0
28998,13.520723,0
28999,13.172076,0
29000,13.189691,0
29001,13.303255,0
29002,16.202818,0
29003,13.514484,0
29004,13.176924,0
29005,13.245495,0
29006,13.191632,0
29007,13.191431,0
29008,13.324586,0
29009,13.213974,0
29010,13.254518,0
29011,13.267854,0
29012,13.276335,0
29013,13.254090,0
29014,13.236544,0
29015,13.362057,0
29016,13.333051,0
29017,13.227870,0
29018,13.271083,0
29019,13.221252,0
29020,13.221305,0
29021,13.324749,0
29022,13.227788,0
29023,13.313606,0
29024,13.324850,0
29025,13.227803,0
29026,13.374210,0
29027,13.321593,0
29028,14.125567,0
29029,13.449782,0
29030,13.449782,0
29031,13.219116,0
29032,13.318358,0
29033,13.449816,0
29034,13.449816,0
29035,13.221336,0
29036,13.221826,0
29037,13.221605,0
29038,13.283631,0
29039,14.134915,0
29040,13.242345,0
29041,13.242916,0
29042,13.365255,0
29043,13.254325,0
29044,13.227892,0
29045,13.254164,0
29046,13.254144,0
29047,13.254082,0
29048,14.036646,0
29049,13.254046,0
29050,13.254107,0
29051,13.254107,0
29052,13.254054,0
29053,13.254054,0
29054,13.254121,0
29055,13.254054,0
29056,13.254268,0
29057,13.242283,0
29058,22.619886,0
29059,30.564121,0
29060,30.558794,0
29061,19.882988,0
29062,23.392033,0
29063,16.238655,0
29064,16.238809,0
29065,16.243805,0
29066,16.243999,0
29067,16.238642,0
29068,16.238633,0
29069,16.238630,0
29070,16.235173,0
29071,16.148728,0
29072,16.015391,0
29073,16.238638,0
29074,15.962675,0
29075,16.231601,0
29076,16.238608,0
29077,16.690282,0
29078,16.243606,0
29079,16.243645,0
29080,16.235141,0
29081,16.235061,0
29082,15.963988,0
29083,16.131058,0
29084,16.237638,0
29085,16.234557,0
29086,16.122182,0
29087,16.122182,0
29088,16.238656,0
29089,15.970955,0
29090,16.101955,0
29091,16.060599,0
29092,16.060599,0
29093,16.015454,0
29094,16.037596,0
29095,16.037538,0
29096,16.015384,0
29097,16.015395,0
29098,16.015402,0
29099,16.258884,0
29100,16.015395,0
29101,16.250402,0
29102,16.250455,0
29103,15.970817,0
29104,16.250390,0
29105,15.979673,0
29106,15.979415,0
29107,16.698515,0
29108,16.719812,0
29109,16.719865,0
29110,16.243742,0
29111,16.066497,0
29112,16.080135,0
29113,16.237671,0
29114,15.970973,0
29115,15.970973,0
29116,15.979596,0
29117,16.698548,0
29118,16.122331,0
29119,15.979656,0
29120,16.037642,0
29121,16.037655,0
29122,16.060165,0
29123,16.051087,0
29124,15.989880,0
29125,15.970929,0
29126,16.237612,0
29127,15.970958,0
29128,16.006775,0
29129,15.985557,0
29130,16.015399,0
29131,16.079781,0
29132,16.243822,0
29133,15.979705,0
29134,19.243195,0
29135,19.273214,0
29136,19.609112,0
29137,16.643737,0
29138,16.643737,0
29139,16.056925,0
29140,16.643722,0
29141,15.973530,0
29142,16.754168,0
29143,16.754168,0
29144,15.978944,0
29145,16.684480,0
29146,16.684480,0
29147,16.115503,0
29148,16.066049,0
29149,16.000655,0
29150,16.041459,0
29151,16.749940,0
29152,16.000649,0
29153,16.000643,0
29154,16.000657,0
29155,16.000668,0
29156,16.000649,0
29157,16.000651,0
29158,16.052936,0
29159,15.975697,0
29160,16.025160,0
29161,16.000861,0
29162,16.725814,0
29163,16.659515,0
29164,16.000650,0
29165,16.000651,0
29166,16.000651,0
29167,16.675624,0
29168,16.000649,0
29169,16.000651,0
29170,16.052878,0
29171,16.012099,0
29172,15.990950,0
29173,15.990950,0
29174,15.984533,0
29175,16.000691,0
29176,16.031918,0
29177,15.982884,0
29178,16.000662,0
29179,15.990987,0
29180,21.677043,0
29181,17.870673,0
29182,17.858033,0
29183,17.912450,0
29184,17.915025,0
29185,17.915025,0
29186,17.880397,0
29187,17.870731,0
29188,20.878117,0
29189,17.873002,0
29190,18.083067,0
29191,17.920628,0
29192,17.967586,0
29193,17.967586,0
29194,17.967586,0
29195,17.920311,0
29196,17.956921,0
29197,17.953652,0
29198,17.957014,0
29199,17.957014,0
29200,18.101408,0
29201,18.121075,0
29202,17.964005,0
29203,17.963999,0
29204,17.934737,0
29205,17.934636,0
29206,17.919654,0
29207,17.960463,0
29208,18.002361,0
29209,18.002361,0
29210,17.918785,0
29211,17.931841,0
29212,17.931881,0
29213,17.931719,0
29214,17.934858,0
29215,17.934740,0
29216,17.934858,0
29217,17.928840,0
29218,17.928857,0
29219,17.928905,0
29220,17.928797,0
29221,17.928947,0
29222,17.928947,0
29223,17.943826,0
29224,17.943809,0
29225,17.943809,0
29226,17.950302,0
29227,17.953638,0
29228,17.953609,0
29229,17.953655,0
29230,17.934542,0
29231,17.934558,0
29232,17.937631,0
29233,17.934670,0
29234,17.934325,0
29235,17.953627,0
29236,17.960527,0
29237,17.932192,0
29238,17.963910,0
29239,17.964203,0
29240,17.979864,0
29241,17.901153,0
29242,17.909340,0
29243,17.909779,0
29244,17.913813,0
29245,18.490455,0
29246,18.490455,0
29247,17.911689,0
29248,17.905315,0
29249,17.905332,0
29250,17.905315,0
29251,17.921273,0
29252,17.915788,0
29253,17.960510,0
29254,17.961037,0
29255,17.960489,0
29256,18.570560,0
29257,18.570560,0
29258,18.546763,0
29259,18.570801,0
29260,17.950859,0
29261,18.525008,0
29262,18.525036,0
29263,17.942435,0
29264,18.518194,0
29265,17.942965,0
29266,17.942427,0
29267,17.942461,0
29268,17.939005,0
29269,17.937120,0
29270,18.524972,0
29271,18.524967,0
29272,17.848675,0
29273,60.528038,1
29274,97.285119,1
