row,score,flagged
0,1.349566,0
1,1.029940,0
2,1.355408,0
3,0.765020,0
4,1.583777,0
5,2.304735,1
6,1.475724,0
7,1.013993,0
8,1.345151,0
9,1.027793,0
10,1.380299,0
11,1.309239,0
12,0.685675,0
13,1.305063,0
14,1.329571,0
15,1.014321,0
16,1.909753,0
17,1.341190,0
18,1.857241,0
19,1.370130,0
20,1.370130,0
21,1.370130,0
22,0.807248,0
23,0.785660,0
24,1.541792,0
25,0.781043,0
26,1.067196,0
27,2.465083,1
28,3.732602,1
29,3.285061,1
30,1.019393,0
31,1.028455,0
32,1.358832,0
33,0.523143,0
34,3.553507,1
35,0.546132,0
36,2.381122,1
37,1.021931,0
38,1.020099,0
39,1.223494,0
40,0.697276,0
41,1.097540,0
42,0.720994,0
43,2.025033,0
44,4.163559,1
45,1.347049,0
46,5.154851,1
47,0.901406,0
48,2.173448,1
49,1.072068,0
50,1.903549,0
51,0.876587,0
52,1.402107,0
53,0.721055,0
54,0.697921,0
55,0.867313,0
56,1.030402,0
57,1.549810,0
58,0.932682,0
59,1.028345,0
60,1.358933,0
61,0.879963,0
62,0.920699,0
63,0.920699,0
64,0.978438,0
65,1.393376,0
66,1.441449,0
67,0.699345,0
68,1.384608,0
69,1.186246,0
70,2.494854,1
71,0.160924,0
72,0.393816,0
73,1.035874,0
74,1.892175,0
75,1.340594,0
76,1.374606,0
77,1.372787,0
78,2.196116,1
79,1.310147,0
80,1.360276,0
81,1.911909,0
82,1.911909,0
83,1.726581,0
84,1.960760,0
85,1.456662,0
86,3.041865,1
87,1.353915,0
88,0.758022,0
89,1.340443,0
90,1.479626,0
91,0.889467,0
92,5.028729,1
93,19.403124,1
94,2.418577,1
95,1.838342,0
96,2.696372,1
97,2.667572,1
98,3.148845,1
99,5.576205,1
100,12.784968,1
101,4.140981,1
102,2.515119,1
103,0.397824,0
104,10.030278,1
105,7.795063,1
106,27.693970,1
107,16.684341,1
108,40.852022,1
109,15.968377,1
110,0.683013,0
111,4.654469,1
112,26.025809,1
113,3.633330,1
114,2.490784,1
115,1.755252,0
116,1.755252,0
117,1.020141,0
118,3.397477,1
119,1.285753,0
120,6.937217,1
121,0.940118,0
122,0.386378,0
123,0.899207,0
124,0.689919,0
125,1.012061,0
126,1.306139,0
127,1.012117,0
128,0.523787,0
129,1.359961,0
130,0.700472,0
131,1.312247,0
132,1.881634,0
133,1.439267,0
134,0.692041,0
135,1.029378,0
136,1.386202,0
137,1.343722,0
138,1.374646,0
139,1.374384,0
140,1.345108,0
141,1.343838,0
142,1.374311,0
143,1.309321,0
144,1.307201,0
145,1.372216,0
146,1.305309,0
147,3.224165,1
148,6.991759,1
149,1.347413,0
150,1.703086,0
151,2.232592,1
152,2.425898,1
153,1.344648,0
154,3.690758,1
155,4.423286,1
156,1.075604,0
157,1.318041,0
158,2.007354,0
159,1.310291,0
160,1.314220,0
161,1.314220,0
162,1.017638,0
163,1.015595,0
164,1.375155,0
165,1.344617,0
166,1.339752,0
167,0.686856,0
168,1.013865,0
169,0.684854,0
170,1.373992,0
171,1.373314,0
172,1.174813,0
173,1.308925,0
174,1.373946,0
175,1.371810,0
176,1.371251,0
177,1.011034,0
178,1.346669,0
179,0.851287,0
180,1.965825,0
181,1.115111,0
182,1.444743,0
183,2.256970,1
184,2.416599,1
185,1.048522,0
186,1.859510,0
187,2.418997,1
188,0.664331,0
189,2.407286,1
190,4.792230,1
191,1.456413,0
192,1.352785,0
193,4.630034,1
194,0.878004,0
195,0.703874,0
196,1.995262,0
197,1.038894,0
198,1.016174,0
199,1.015870,0
200,1.015679,0
201,1.309607,0
202,1.375294,0
203,1.375378,0
204,1.374684,0
205,1.374785,0
206,1.374687,0
207,1.371765,0
208,1.043199,0
209,1.339046,0
210,1.372543,0
211,1.882192,0
212,1.339322,0
213,1.011390,0
214,1.371655,0
215,1.371655,0
216,0.880481,0
217,1.011778,0
218,1.372010,0
219,1.371886,0
220,1.372554,0
221,1.011324,0
222,1.306578,0
223,1.372235,0
224,1.307892,0
225,1.372321,0
226,1.017677,0
227,1.043923,0
228,1.010663,0
229,1.043628,0
230,1.338982,0
231,1.010743,0
232,1.011475,0
233,1.011524,0
234,1.946946,0
235,1.011076,0
236,1.010992,0
237,1.010992,0
238,1.947426,0
239,1.956679,0
240,1.047717,0
241,1.047717,0
242,2.015926,0
243,1.054685,0
244,1.016695,0
245,1.016222,0
246,1.341256,0
247,1.592677,0
248,1.033364,0
249,1.080456,0
250,0.370347,0
251,1.047373,0
252,1.341716,0
253,1.344434,0
254,1.015541,0
255,1.483169,0
256,1.425114,0
257,1.381531,0
258,1.399622,0
259,1.701745,0
260,1.015171,0
261,0.398737,0
262,1.827602,0
263,1.048475,0
264,1.158212,0
265,1.014632,0
266,1.144736,0
267,1.012435,0
268,1.013880,0
269,1.067806,0
270,1.015318,0
271,1.143994,0
272,0.231616,0
273,1.022297,0
274,1.144777,0
275,1.049461,0
276,1.145054,0
277,1.145054,0
278,1.049443,0
279,1.014738,0
280,1.034583,0
281,1.144139,0
282,1.144139,0
283,1.048790,0
284,1.392645,0
285,1.310300,0
286,1.399538,0
287,1.115616,0
288,0.593129,0
289,0.716569,0
290,1.258433,0
291,1.279184,0
292,1.780405,0
293,2.278493,1
294,0.689729,0
295,2.206009,1
296,1.018990,0
297,1.055461,0
298,1.388539,0
299,1.350837,0
300,8.415590,1
301,8.372119,1
302,8.452926,1
303,8.308334,1
304,8.438838,1
305,8.216040,1
306,11.150040,1
307,26.950614,1
308,26.950614,1
309,26.950614,1
310,11.137057,1
311,2.790808,1
312,6.349310,1
313,1.937485,0
314,2.792194,1
315,1.046739,0
316,1.345491,0
317,1.745133,0
318,1.055462,0
319,1.806713,0
320,1.345965,0
321,1.046329,0
322,0.573052,0
323,1.085557,0
324,0.818384,0
325,0.887737,0
326,0.887737,0
327,1.068603,0
328,0.699832,0
329,1.673548,0
330,1.020999,0
331,1.020971,0
332,1.322419,0
333,1.670674,0
334,1.340575,0
335,1.371983,0
336,1.815985,0
337,1.305518,0
338,1.371212,0
339,3.394195,1
340,2.220796,1
341,2.217109,1
342,2.376736,1
343,2.159213,1
344,1.147539,0
345,2.671080,1
346,1.124570,0
347,1.864034,0
348,2.018620,0
349,2.076772,0
350,1.743706,0
351,2.045010,0
352,2.045365,0
353,2.006165,0
354,1.069984,0
355,1.341635,0
356,0.614087,0
357,1.170869,0
358,1.071332,0
359,1.022183,0
360,1.022164,0
361,1.408961,0
362,0.812318,0
363,1.460679,0
364,1.460679,0
365,1.669317,0
366,1.669317,0
367,2.381450,1
368,1.116225,0
369,1.588842,0
370,1.589765,0
371,1.589029,0
372,2.438832,1
373,1.668807,0
374,1.014855,0
375,2.021261,0
376,2.017717,0
377,1.993111,0
378,2.515727,1
379,2.137298,0
380,2.360536,1
381,2.293058,1
382,1.198459,0
383,1.692140,0
384,1.260352,0
385,1.632937,0
386,1.811150,0
387,2.333483,1
388,1.201522,0
389,1.340740,0
390,1.444688,0
391,1.444688,0
392,1.121452,0
393,1.434430,0
394,1.521700,0
395,1.751886,0
396,1.068593,0
397,1.116133,0
398,1.068593,0
399,1.399973,0
400,2.141851,0
401,1.328528,0
402,2.110463,0
403,1.367860,0
404,1.401912,0
405,2.501493,1
406,1.341377,0
407,2.694160,1
408,1.342015,0
409,1.382632,0
410,5.885210,1
411,3.475793,1
412,2.191589,1
413,3.211604,1
414,4.790655,1
415,1.835248,0
416,2.549133,1
417,1.022339,0
418,1.054829,0
419,0.748005,0
420,1.345266,0
421,1.013091,0
422,1.027333,0
423,1.349750,0
424,1.350044,0
425,1.027705,0
426,1.376169,0
427,1.309333,0
428,1.309511,0
429,1.375933,0
430,1.017732,0
431,0.500397,0
432,1.306188,0
433,1.372011,0
434,1.305369,0
435,1.307029,0
436,1.372069,0
437,1.372300,0
438,1.011384,0
439,1.372693,0
440,1.306589,0
441,1.307313,0
442,0.685176,0
443,1.011524,0
444,1.011654,0
445,1.011076,0
446,1.012386,0
447,0.689213,0
448,0.715714,0
449,0.495473,0
450,0.743662,0
451,0.691233,0
452,0.717668,0
453,0.513166,0
454,1.379754,0
455,1.373969,0
456,0.498248,0
457,1.066419,0
458,1.122287,0
459,0.689334,0
460,0.497020,0
461,0.599079,0
462,2.355788,1
463,4.435711,1
464,5.478076,1
465,0.508234,0
466,0.765119,0
467,0.539110,0
468,0.687205,0
469,1.419299,0
470,0.465419,0
471,0.492157,0
472,1.375539,0
473,1.372772,0
474,0.683201,0
475,0.540091,0
476,1.596601,0
477,1.598624,0
478,2.556928,1
479,3.682383,1
480,2.025126,0
481,1.384990,0
482,0.696104,0
483,0.696104,0
484,1.467921,0
485,1.375522,0
486,0.748342,0
487,1.542427,0
488,1.753986,0
489,1.778377,0
490,1.385796,0
491,2.285848,1
492,1.292932,0
493,3.020964,1
494,4.124246,1
495,4.011887,1
496,0.527545,0
497,1.247610,0
498,1.247610,0
499,1.011666,0
500,1.913982,0
501,1.412014,0
502,1.375521,0
503,1.029334,0
504,0.918119,0
505,10.250157,1
506,7.802433,1
507,1.980624,0
508,1.011402,0
509,1.011138,0
510,1.372320,0
511,1.116001,0
512,1.002350,0
513,36.430196,1
514,4.623193,1
515,20.870022,1
516,1.953066,0
517,12.344780,1
518,1.040697,0
519,1.050472,0
520,2.096857,0
521,1.701982,0
522,1.347666,0
523,1.234159,0
524,1.744385,0
525,1.816554,0
526,1.406633,0
527,1.646765,0
528,1.430313,0
529,1.457359,0
530,1.185258,0
531,1.787861,0
532,1.408247,0
533,5.594877,1
534,2.704411,1
535,1.342276,0
536,0.726528,0
537,1.345754,0
538,0.815839,0
539,1.537255,0
540,0.700123,0
541,1.350880,0
542,1.013959,0
543,1.346622,0
544,1.456596,0
545,1.023198,0
546,2.198836,1
547,2.474928,1
548,1.383156,0
549,2.050460,0
550,1.373426,0
551,1.338794,0
552,2.530891,1
553,1.192672,0
554,1.319669,0
555,1.447228,0
556,1.112575,0
557,1.884513,0
558,1.305560,0
559,1.466403,0
560,1.743457,0
561,1.424468,0
562,1.523535,0
563,1.559048,0
564,1.559048,0
565,2.260767,1
566,5.332198,1
567,5.332198,1
568,0.903490,0
569,3.632409,1
570,39.484410,1
571,1.911442,0
572,0.193154,0
573,3.419382,1
574,0.572248,0
575,1.375200,0
576,1.375348,0
577,1.371732,0
578,1.010807,0
579,1.371637,0
580,1.485627,0
581,0.739260,0
582,0.797308,0
583,0.322603,0
584,0.987221,0
585,1.389792,0
586,2.586754,1
587,6.568690,1
588,1.308662,0
589,1.021472,0
590,1.021472,0
591,1.346164,0
592,1.169765,0
593,0.956328,0
594,1.127891,0
595,1.057747,0
596,1.860833,0
597,3.254274,1
598,6.155161,1
599,1.621786,0
600,1.057732,0
601,0.697945,0
602,2.004341,0
603,5.277017,1
604,3.432468,1
605,0.781278,0
606,0.724054,0
607,3.878583,1
608,3.878583,1
609,3.878583,1
610,3.878583,1
611,3.878583,1
612,3.878583,1
613,3.878583,1
614,3.878583,1
615,3.878583,1
616,3.878583,1
617,3.878583,1
618,3.878583,1
619,3.878583,1
620,3.878583,1
621,3.878583,1
622,3.878583,1
623,3.878583,1
624,3.878583,1
625,3.878583,1
626,3.878583,1
627,3.878583,1
628,3.878583,1
629,3.878583,1
630,3.878583,1
631,3.878583,1
632,3.878583,1
633,3.878583,1
634,3.878583,1
635,3.878583,1
636,3.878583,1
637,3.878583,1
638,3.878583,1
639,3.878583,1
640,3.878583,1
641,3.878583,1
642,3.878583,1
643,3.878583,1
644,3.878583,1
645,3.878583,1
646,3.878583,1
647,3.878583,1
648,3.878583,1
649,3.878583,1
650,3.878583,1
651,3.878583,1
652,3.878583,1
653,3.878583,1
654,3.878583,1
655,3.878583,1
656,3.878583,1
657,3.878583,1
658,3.878583,1
659,3.878583,1
660,3.878583,1
661,3.878583,1
662,3.878583,1
663,3.878583,1
664,3.878583,1
665,3.240127,1
666,0.843280,0
667,1.071293,0
668,1.019867,0
669,1.020033,0
670,0.643047,0
671,0.707531,0
672,1.118551,0
673,1.049313,0
674,1.103256,0
675,0.869903,0
676,1.077761,0
677,0.734263,0
678,0.912467,0
679,2.277261,1
680,7.985875,1
681,0.748404,0
682,0.620409,0
683,0.730152,0
684,1.016671,0
685,1.253103,0
686,1.398165,0
687,1.359051,0
688,0.972291,0
689,1.028635,0
690,0.781059,0
691,0.533594,0
692,2.040012,0
693,5.304775,1
694,4.131513,1
695,1.372441,0
696,1.015658,0
697,1.372517,0
698,2.477146,1
699,1.424979,0
700,0.808593,0
701,1.629272,0
702,0.689080,0
703,2.096031,0
704,0.709321,0
705,2.047597,0
706,2.047597,0
707,0.726593,0
708,1.600640,0
709,0.921216,0
710,1.025264,0
711,1.052814,0
712,1.349413,0
713,1.025812,0
714,0.815009,0
715,1.480012,0
716,0.904742,0
717,3.034574,1
718,5.099150,1
719,0.648270,0
720,1.022820,0
721,1.376222,0
722,1.311474,0
723,0.598839,0
724,0.598839,0
725,0.852535,0
726,1.374809,0
727,1.311627,0
728,1.310441,0
729,1.015644,0
730,1.375686,0
731,0.558322,0
732,1.375039,0
733,1.375120,0
734,1.375826,0
735,1.307741,0
736,1.372597,0
737,1.306052,0
738,1.306052,0
739,0.683790,0
740,1.010798,0
741,1.010819,0
742,1.371655,0
743,1.011892,0
744,1.174358,0
745,1.374312,0
746,1.104033,0
747,0.700589,0
748,1.291383,0
749,0.802887,0
750,1.203007,0
751,0.927467,0
752,1.124173,0
753,1.663826,0
754,1.411617,0
755,1.933392,0
756,1.085138,0
757,1.124162,0
758,1.505075,0
759,1.323399,0
760,12.143384,1
761,0.709683,0
762,1.247104,0
763,6.233660,1
764,5.706173,1
765,1.370657,0
766,1.054852,0
767,1.054203,0
768,1.359897,0
769,0.549212,0
770,1.052148,0
771,3.011326,1
772,0.699336,0
773,1.030051,0
774,2.289871,1
775,0.761599,0
776,1.031064,0
777,0.609460,0
778,1.318964,0
779,1.016506,0
780,0.532335,0
781,1.374840,0
782,1.310019,0
783,1.015740,0
784,1.018889,0
785,1.375205,0
786,1.375205,0
787,1.374775,0
788,1.015672,0
789,1.670478,0
790,1.377819,0
791,1.010826,0
792,1.371955,0
793,1.371361,0
794,1.116810,0
795,0.689327,0
796,1.312999,0
797,1.068081,0
798,3.329328,1
799,1.023294,0
800,1.046693,0
801,1.657899,0
802,0.820396,0
803,1.504469,0
804,1.757891,0
805,0.841903,0
806,0.831340,0
807,0.833564,0
808,1.098690,0
809,1.098690,0
810,2.688434,1
811,1.620085,0
812,0.529936,0
813,1.194472,0
814,1.504368,0
815,1.121223,0
816,1.060927,0
817,1.097058,0
818,1.123678,0
819,1.385236,0
820,1.166476,0
821,10.616241,1
822,1.057246,0
823,1.259348,0
824,0.858094,0
825,0.926769,0
826,0.858565,0
827,0.884267,0
828,0.394362,0
829,5.876076,1
830,1.020789,0
831,2.014957,0
832,0.878180,0
833,1.492766,0
834,4.119770,1
835,1.018087,0
836,1.342339,0
837,1.389758,0
838,1.340465,0
839,1.307007,0
840,0.690604,0
841,1.340213,0
842,1.116934,0
843,1.116827,0
844,1.369534,0
845,1.117292,0
846,1.048945,0
847,1.386968,0
848,1.398721,0
849,1.420857,0
850,1.349158,0
851,9.575334,1
852,5.781832,1
853,1.351011,0
854,5.337514,1
855,1.343600,0
856,1.342832,0
857,1.342531,0
858,1.375389,0
859,0.693622,0
860,1.024605,0
861,1.375442,0
862,1.307665,0
863,1.371649,0
864,1.010961,0
865,1.338687,0
866,1.010926,0
867,1.348109,0
868,1.309447,0
869,1.420732,0
870,1.341876,0
871,1.341521,0
872,1.342208,0
873,1.395151,0
874,1.422248,0
875,1.355541,0
876,1.078325,0
877,1.381906,0
878,1.022299,0
879,1.356218,0
880,1.421283,0
881,1.408082,0
882,10.453765,1
883,1.347023,0
884,12.042172,1
885,5.227162,1
886,10.177479,1
887,1.485330,0
888,1.021769,0
889,0.852264,0
890,1.174856,0
891,1.339229,0
892,1.560258,0
893,0.889405,0
894,1.562282,0
895,1.285597,0
896,1.192789,0
897,1.420332,0
898,1.116846,0
899,2.411110,1
900,6.753058,1
901,1.308677,0
902,1.339647,0
903,0.519613,0
904,1.010856,0
905,1.306372,0
906,3.105541,1
907,1.040432,0
908,1.040439,0
909,1.445021,0
910,1.040439,0
911,1.040439,0
912,2.399848,1
913,2.129601,0
914,1.496349,0
915,2.043296,0
916,2.116050,0
917,2.903317,1
918,3.375405,1
919,2.908115,1
920,3.084877,1
921,2.828396,1
922,5.308101,1
923,2.729277,1
924,3.040862,1
925,4.294025,1
926,5.016285,1
927,3.404587,1
928,4.480929,1
929,6.904621,1
930,3.529072,1
931,1.126164,0
932,1.352677,0
933,1.374733,0
934,1.307056,0
935,1.372290,0
936,1.573423,0
937,1.573423,0
938,1.671153,0
939,1.817939,0
940,1.328928,0
941,1.016149,0
942,1.890198,0
943,1.929892,0
944,1.141626,0
945,1.576572,0
946,1.751912,0
947,1.952812,0
948,4.177611,1
949,4.736635,1
950,1.924592,0
951,2.259785,1
952,3.722811,1
953,4.303577,1
954,1.606744,0
955,0.996909,0
956,1.376597,0
957,1.374952,0
958,1.309818,0
959,1.310668,0
960,1.310668,0
961,1.312781,0
962,1.783616,0
963,1.371585,0
964,1.373599,0
965,0.331485,0
966,1.012555,0
967,1.012555,0
968,2.146085,1
969,1.013352,0
970,1.946917,0
971,1.307552,0
972,1.307775,0
973,1.306985,0
974,1.306922,0
975,1.306922,0
976,1.372111,0
977,2.079128,0
978,1.371005,0
979,1.013536,0
980,2.111651,0
981,2.046600,0
982,2.046600,0
983,0.493589,0
984,1.376849,0
985,1.219109,0
986,1.158698,0
987,1.713440,0
988,1.573518,0
989,0.429727,0
990,0.494006,0
991,1.855273,0
992,0.529468,0
993,0.423478,0
994,0.957289,0
995,0.562239,0
996,0.367940,0
997,0.200414,0
998,0.200405,0
999,0.183930,0
1000,0.199241,0
1001,0.325697,0
1002,0.325697,0
1003,0.139753,0
1004,0.139753,0
1005,0.139753,0
1006,0.127062,0
1007,0.127062,0
1008,0.132774,0
1009,0.371370,0
1010,0.371370,0
1011,0.371370,0
1012,0.371370,0
1013,0.135110,0
1014,0.133537,0
1015,0.133537,0
1016,0.489117,0
1017,0.485349,0
1018,0.372343,0
1019,0.375737,0
1020,0.195111,0
1021,0.225255,0
1022,0.332585,0
1023,0.331760,0
1024,0.141790,0
1025,0.331821,0
1026,0.808719,0
1027,1.017382,0
1028,0.334803,0
1029,0.134739,0
1030,0.134739,0
1031,0.488802,0
1032,0.487437,0
1033,0.487437,0
1034,0.327941,0
1035,0.327941,0
1036,0.333562,0
1037,0.331687,0
1038,0.648443,0
1039,0.746188,0
1040,0.229699,0
1041,0.644547,0
1042,0.332718,0
1043,0.332718,0
1044,0.491189,0
1045,0.489474,0
1046,0.491189,0
1047,0.491189,0
1048,0.485460,0
1049,0.646294,0
1050,0.646294,0
1051,0.489880,0
1052,0.487650,0
1053,0.487650,0
1054,0.487650,0
1055,0.646984,0
1056,0.531196,0
1057,0.225362,0
1058,1.018788,0
1059,1.017456,0
1060,0.532616,0
1061,0.532616,0
1062,0.646887,0
1063,2.441391,1
1064,0.487328,0
1065,0.490780,0
1066,0.328858,0
1067,0.692372,0
1068,0.693136,0
1069,0.693393,0
1070,0.679457,0
1071,0.321144,0
1072,0.537571,0
1073,0.376858,0
1074,0.373517,0
1075,0.534141,0
1076,0.375890,0
1077,0.378054,0
1078,0.378054,0
1079,0.533187,0
1080,0.616783,0
1081,0.344343,0
1082,0.691814,0
1083,0.390105,0
1084,0.692454,0
1085,0.532770,0
1086,0.532188,0
1087,0.135209,0
1088,0.391729,0
1089,0.689847,0
1090,0.533078,0
1091,0.375728,0
1092,0.143624,0
1093,0.143624,0
1094,0.143624,0
1095,0.532367,0
1096,0.646721,0
1097,0.376397,0
1098,0.376397,0
1099,0.692208,0
1100,0.333931,0
1101,0.333931,0
1102,0.223809,0
1103,0.230525,0
1104,0.648745,0
1105,0.648852,0
1106,0.646070,0
1107,1.017358,0
1108,0.483733,0
1109,0.310084,0
1110,0.694738,0
1111,0.374716,0
1112,0.855789,0
1113,0.613306,0
1114,0.143558,0
1115,0.334290,0
1116,0.163478,0
1117,2.045644,0
1118,0.685193,0
1119,1.371376,0
1120,1.371376,0
1121,0.312371,0
1122,2.178721,1
1123,0.962395,0
1124,1.009936,0
1125,0.479769,0
1126,0.474333,0
1127,0.313922,0
1128,0.313922,0
1129,0.359717,0
1130,0.360855,0
1131,0.508631,0
1132,0.684196,0
1133,0.684196,0
1134,0.314930,0
1135,0.314930,0
1136,0.314339,0
1137,0.361787,0
1138,0.360078,0
1139,0.321312,0
1140,0.355306,0
1141,0.963023,0
1142,0.963023,0
1143,0.965050,0
1144,0.964332,0
1145,0.474072,0
1146,2.210252,1
1147,2.210252,1
1148,0.316212,0
1149,2.177465,1
1150,1.012471,0
1151,0.685856,0
1152,0.639972,0
1153,0.317546,0
1154,0.317521,0
1155,0.476452,0
1156,0.635602,0
1157,0.634522,0
1158,0.638109,0
1159,0.638109,0
1160,2.078705,0
1161,2.079688,0
1162,2.079688,0
1163,0.637745,0
1164,1.126841,0
1165,1.305792,0
1166,0.317521,0
1167,2.079199,0
1168,0.638098,0
1169,2.079069,0
1170,2.144078,0
1171,2.143936,0
1172,0.521467,0
1173,1.127133,0
1174,0.526396,0
1175,0.636149,0
1176,0.316847,0
1177,0.318957,0
1178,0.967530,0
1179,1.849495,0
1180,0.766279,0
1181,0.768106,0
1182,0.800481,0
1183,0.097919,0
1184,0.542550,0
1185,2.439698,1
1186,2.439698,1
1187,1.817183,0
1188,1.816139,0
1189,1.914483,0
1190,1.881922,0
1191,1.816832,0
1192,0.674124,0
1193,0.521702,0
1194,0.523412,0
1195,0.522751,0
1196,0.606835,0
1197,0.607689,0
1198,0.607615,0
1199,0.360144,0
1200,1.011534,0
1201,0.346573,0
1202,0.344091,0
1203,0.537204,0
1204,0.537204,0
1205,0.801550,0
1206,0.477252,0
1207,0.473488,0
1208,0.473488,0
1209,0.070279,0
1210,0.521378,0
1211,0.521378,0
1212,2.177697,1
1213,0.801689,0
1214,0.477044,0
1215,0.477044,0
1216,0.476551,0
1217,0.478508,0
1218,0.478508,0
1219,0.313650,0
1220,0.311641,0
1221,0.311641,0
1222,2.439578,1
1223,2.439578,1
1224,0.606529,0
1225,2.078794,0
1226,1.914350,0
1227,0.963809,0
1228,1.519999,0
1229,0.519106,0
1230,2.209639,1
1231,1.304693,0
1232,1.371178,0
1233,0.317709,0
1234,1.553307,0
1235,1.816018,0
1236,0.358065,0
1237,0.683791,0
1238,1.585606,0
1239,1.126253,0
1240,2.078222,0
1241,2.078302,0
1242,2.143708,0
1243,0.355499,0
1244,1.553241,0
1245,1.585522,0
1246,1.585585,0
1247,1.010444,0
1248,1.191723,0
1249,2.209263,1
1250,0.518073,0
1251,1.060923,0
1252,0.194185,0
1253,0.962149,0
1254,0.701663,0
1255,1.979653,0
1256,1.585627,0
1257,0.635209,0
1258,0.963301,0
1259,1.126303,0
1260,1.979973,0
1261,1.618370,0
1262,1.946734,0
1263,1.041138,0
1264,0.337388,0
1265,0.972825,0
1266,1.441999,0
1267,1.332139,0
1268,1.332139,0
1269,0.220924,0
1270,0.857924,0
1271,0.399854,0
1272,0.591302,0
1273,0.833401,0
1274,0.438949,0
1275,0.888440,0
1276,0.387922,0
1277,0.803571,0
1278,0.497694,0
1279,0.699621,0
1280,0.692762,0
1281,0.693339,0
1282,0.373559,0
1283,0.375001,0
1284,1.015669,0
1285,1.015669,0
1286,1.014618,0
1287,1.016197,0
1288,1.016628,0
1289,1.017193,0
1290,1.015899,0
1291,0.854018,0
1292,1.311487,0
1293,1.015385,0
1294,1.017232,0
1295,0.856228,0
1296,0.692023,0
1297,0.693534,0
1298,0.358393,0
1299,0.685524,0
1300,1.010071,0
1301,1.011227,0
1302,1.305620,0
1303,1.304958,0
1304,1.308738,0
1305,1.371855,0
1306,1.306455,0
1307,1.306560,0
1308,0.686436,0
1309,0.340699,0
1310,0.337200,0
1311,1.011530,0
1312,1.010630,0
1313,1.305228,0
1314,1.371362,0
1315,1.009949,0
1316,1.009880,0
1317,1.375044,0
1318,1.372788,0
1319,0.683545,0
1320,0.682597,0
1321,0.683280,0
1322,0.682849,0
1323,0.847759,0
1324,0.848549,0
1325,1.306209,0
1326,1.307717,0
1327,1.306933,0
1328,1.011497,0
1329,1.011798,0
1330,1.307911,0
1331,1.305520,0
1332,0.682643,0
1333,0.846788,0
1334,0.847249,0
1335,0.683526,0
1336,0.519536,0
1337,0.362710,0
1338,0.362710,0
1339,1.304565,0
1340,1.009183,0
1341,0.847811,0
1342,0.682671,0
1343,1.304980,0
1344,1.370539,0
1345,0.813187,0
1346,0.360956,0
1347,0.360956,0
1348,0.360956,0
1349,0.360956,0
1350,0.357586,0
1351,0.360956,0
1352,0.845800,0
1353,0.681936,0
1354,1.305083,0
1355,1.343092,0
1356,2.470150,1
1357,2.038398,0
1358,2.985306,1
1359,0.602478,0
1360,2.140971,0
1361,2.120042,0
1362,2.108633,0
1363,1.700086,0
1364,1.724523,0
1365,1.046037,0
1366,0.625762,0
1367,4.469548,1
1368,1.552794,0
1369,1.591911,0
1370,0.109449,0
1371,0.261927,0
1372,0.729678,0
1373,0.357493,0
1374,0.964816,0
1375,2.379353,1
1376,0.378947,0
1377,0.376661,0
1378,1.018349,0
1379,1.308766,0
1380,1.011576,0
1381,1.011598,0
1382,1.011598,0
1383,1.306140,0
1384,1.305415,0
1385,0.332622,0
1386,1.308052,0
1387,0.527129,0
1388,0.521119,0
1389,0.369849,0
1390,0.687721,0
1391,0.520974,0
1392,1.012772,0
1393,1.947683,0
1394,1.010811,0
1395,1.011723,0
1396,1.305142,0
1397,1.306426,0
1398,2.111851,0
1399,1.304805,0
1400,0.521639,0
1401,2.112275,0
1402,1.306061,0
1403,0.518676,0
1404,1.323644,0
1405,1.021521,0
1406,1.184577,0
1407,1.185118,0
1408,1.634374,0
1409,2.265890,1
1410,1.166758,0
1411,2.356224,1
1412,1.730807,0
1413,1.529807,0
1414,0.390196,0
1415,1.167289,0
1416,4.896053,1
1417,0.360169,0
1418,0.965697,0
1419,0.354374,0
1420,0.328975,0
1421,1.957898,0
1422,0.847098,0
1423,1.015784,0
1424,0.531669,0
1425,0.807150,0
1426,0.332436,0
1427,0.854180,0
1428,0.646674,0
1429,0.136466,0
1430,0.332632,0
1431,0.143739,0
1432,0.694001,0
1433,0.694001,0
1434,0.376861,0
1435,0.483691,0
1436,0.699325,0
1437,0.697609,0
1438,0.698421,0
1439,0.692314,0
1440,0.693535,0
1441,0.332022,0
1442,0.969347,0
1443,0.141153,0
1444,0.335842,0
1445,0.334638,0
1446,0.326434,0
1447,0.190978,0
1448,0.333197,0
1449,0.378226,0
1450,0.193389,0
1451,0.332880,0
1452,0.647678,0
1453,0.336797,0
1454,0.692313,0
1455,0.810074,0
1456,0.693976,0
1457,0.689971,0
1458,0.341221,0
1459,0.198225,0
1460,0.199519,0
1461,0.532600,0
1462,0.485779,0
1463,0.487230,0
1464,0.514883,0
1465,1.310739,0
1466,0.646653,0
1467,0.484861,0
1468,0.487950,0
1469,0.131905,0
1470,0.330915,0
1471,0.333667,0
1472,0.334430,0
1473,0.205431,0
1474,0.196724,0
1475,0.853605,0
1476,0.227431,0
1477,0.197802,0
1478,0.338064,0
1479,0.228203,0
1480,0.227648,0
1481,0.330054,0
1482,0.332885,0
1483,0.332885,0
1484,0.332885,0
1485,0.187526,0
1486,1.376863,0
1487,1.376863,0
1488,0.487960,0
1489,0.526945,0
1490,0.366631,0
1491,0.636323,0
1492,1.010275,0
1493,0.519382,0
1494,0.331462,0
1495,0.522684,0
1496,0.522933,0
1497,0.523218,0
1498,0.521200,0
1499,0.683308,0
1500,0.683905,0
1501,0.801044,0
1502,2.111461,0
1503,0.364087,0
1504,0.521936,0
1505,0.637463,0
1506,0.477376,0
1507,0.800608,0
1508,0.318925,0
1509,0.318895,0
1510,0.315511,0
1511,0.088818,0
1512,0.478151,0
1513,0.478151,0
1514,0.204555,0
1515,0.685918,0
1516,0.358766,0
1517,0.691317,0
1518,0.358227,0
1519,0.520871,0
1520,2.145746,1
1521,2.145383,0
1522,0.638852,0
1523,0.163004,0
1524,0.073787,0
1525,0.313123,0
1526,0.800061,0
1527,0.314539,0
1528,0.314539,0
1529,0.314539,0
1530,0.361635,0
1531,0.314736,0
1532,0.314736,0
1533,0.316726,0
1534,2.472258,1
1535,2.472786,1
1536,2.472786,1
1537,2.472786,1
1538,0.687072,0
1539,2.439624,1
1540,2.111855,0
1541,0.148593,0
1542,0.684153,0
1543,0.522908,0
1544,0.637332,0
1545,0.476762,0
1546,0.476762,0
1547,0.316275,0
1548,1.011457,0
1549,0.683602,0
1550,0.847938,0
1551,0.070397,0
1552,0.161297,0
1553,0.168208,0
1554,0.168208,0
1555,0.201798,0
1556,0.320935,0
1557,0.158507,0
1558,0.315012,0
1559,0.518563,0
1560,0.518545,0
1561,0.518479,0
1562,0.520509,0
1563,0.073370,0
1564,0.044439,0
1565,1.520528,0
1566,0.078802,0
1567,0.355936,0
1568,0.202017,0
1569,2.144195,0
1570,0.518996,0
1571,2.012487,0
1572,1.011167,0
1573,1.009982,0
1574,0.502889,0
1575,0.460216,0
1576,2.595511,1
1577,24.345057,1
1578,0.525527,0
1579,0.525527,0
1580,0.832060,0
1581,0.331951,0
1582,0.356028,0
1583,0.368464,0
1584,4.889704,1
1585,0.331537,0
1586,0.886597,0
1587,0.945646,0
1588,0.569612,0
1589,0.394512,0
1590,14.358469,1
1591,0.652134,0
1592,0.807959,0
1593,0.808031,0
1594,0.808019,0
1595,0.805539,0
1596,0.646617,0
1597,0.379727,0
1598,0.645262,0
1599,0.374011,0
1600,0.374632,0
1601,0.646107,0
1602,0.127225,0
1603,0.854159,0
1604,0.224850,0
1605,1.524101,0
1606,0.374944,0
1607,0.530212,0
1608,0.374109,0
1609,0.374109,0
1610,0.373070,0
1611,0.483432,0
1612,0.528362,0
1613,1.015887,0
1614,0.331987,0
1615,0.331987,0
1616,0.336204,0
1617,0.487622,0
1618,0.230107,0
1619,0.333621,0
1620,0.690225,0
1621,0.691548,0
1622,1.947857,0
1623,1.980351,0
1624,1.947973,0
1625,2.308487,1
1626,0.800594,0
1627,1.947031,0
1628,0.800096,0
1629,0.323232,0
1630,0.801509,0
1631,2.045739,0
1632,0.362739,0
1633,1.520791,0
1634,2.111504,0
1635,0.205171,0
1636,0.635501,0
1637,0.635501,0
1638,0.154278,0
1639,1.553199,0
1640,0.801182,0
1641,0.848884,0
1642,0.801680,0
1643,0.313567,0
1644,0.313567,0
1645,0.330775,0
1646,0.313409,0
1647,0.683794,0
1648,0.683794,0
1649,1.011823,0
1650,0.684945,0
1651,0.682919,0
1652,2.112332,0
1653,0.801116,0
1654,1.011144,0
1655,1.011115,0
1656,0.636762,0
1657,0.683950,0
1658,0.361629,0
1659,0.358217,0
1660,0.638146,0
1661,0.359355,0
1662,0.056967,0
1663,0.634719,0
1664,0.684432,0
1665,0.521097,0
1666,0.520521,0
1667,1.306335,0
1668,1.306335,0
1669,1.175573,0
1670,1.306052,0
1671,1.306673,0
1672,0.358675,0
1673,0.357917,0
1674,0.358162,0
1675,0.798160,0
1676,0.963496,0
1677,2.143948,0
1678,0.800273,0
1679,0.354713,0
1680,0.354997,0
1681,0.354997,0
1682,0.354997,0
1683,1.370953,0
1684,0.846342,0
1685,2.209521,1
1686,0.054304,0
1687,0.356396,0
1688,0.356268,0
1689,1.305465,0
1690,0.356445,0
1691,2.162576,1
1692,0.337054,0
1693,0.492870,0
1694,3.171293,1
1695,3.171293,1
1696,0.460952,0
1697,0.461026,0
1698,0.461116,0
1699,13.167144,1
1700,0.654249,0
1701,0.847047,0
1702,0.847047,0
1703,1.293361,0
1704,1.016271,0
1705,0.201523,0
1706,0.227767,0
1707,0.291914,0
1708,0.531060,0
1709,0.534569,0
1710,0.646514,0
1711,0.120596,0
1712,0.529697,0
1713,0.806677,0
1714,0.138275,0
1715,0.151256,0
1716,0.141650,0
1717,0.813215,0
1718,0.532348,0
1719,1.983431,0
1720,1.375892,0
1721,0.691387,0
1722,0.530693,0
1723,0.339876,0
1724,1.343657,0
1725,0.693326,0
1726,0.309901,0
1727,0.534188,0
1728,0.535021,0
1729,0.135707,0
1730,0.377381,0
1731,0.329466,0
1732,0.386188,0
1733,0.538723,0
1734,1.916784,0
1735,0.690023,0
1736,0.230882,0
1737,0.764794,0
1738,0.521440,0
1739,0.522731,0
1740,0.694748,0
1741,0.640326,0
1742,0.055860,0
1743,1.388647,0
1744,7.553028,1
1745,0.485454,0
1746,0.532213,0
1747,1.658250,0
1748,1.474035,0
1749,0.644732,0
1750,0.334220,0
1751,0.329156,0
1752,0.691704,0
1753,0.692235,0
1754,0.689745,0
1755,0.199560,0
1756,0.484787,0
1757,0.533255,0
1758,0.195149,0
1759,0.122838,0
1760,0.806349,0
1761,0.532199,0
1762,0.373242,0
1763,0.131566,0
1764,0.334112,0
1765,0.127951,0
1766,0.127951,0
1767,0.127084,0
1768,0.188832,0
1769,0.495717,0
1770,1.523464,0
1771,0.807502,0
1772,0.326510,0
1773,0.646532,0
1774,0.805929,0
1775,0.805929,0
1776,0.327121,0
1777,0.327121,0
1778,0.329784,0
1779,1.588572,0
1780,0.482460,0
1781,0.645461,0
1782,0.698283,0
1783,0.805612,0
1784,0.694752,0
1785,0.329336,0
1786,0.329598,0
1787,0.329598,0
1788,0.644800,0
1789,0.969151,0
1790,0.328163,0
1791,0.487741,0
1792,0.488387,0
1793,0.809101,0
1794,0.645033,0
1795,0.165238,0
1796,0.332707,0
1797,0.328315,0
1798,0.163076,0
1799,0.646013,0
1800,0.646887,0
1801,0.532074,0
1802,0.489627,0
1803,0.649586,0
1804,0.698758,0
1805,0.647096,0
1806,0.488849,0
1807,0.645136,0
1808,0.807467,0
1809,0.693455,0
1810,0.333408,0
1811,0.692783,0
1812,1.016711,0
1813,0.373921,0
1814,0.378956,0
1815,0.685791,0
1816,0.637565,0
1817,0.637520,0
1818,0.848174,0
1819,1.011749,0
1820,0.848444,0
1821,0.477165,0
1822,0.086714,0
1823,0.086714,0
1824,0.223636,0
1825,0.135531,0
1826,0.636486,0
1827,0.644572,0
1828,0.636090,0
1829,0.800378,0
1830,0.798785,0
1831,0.799887,0
1832,0.065493,0
1833,0.799909,0
1834,0.521923,0
1835,0.636110,0
1836,0.638281,0
1837,2.012592,0
1838,0.635479,0
1839,0.964790,0
1840,0.473944,0
1841,0.474061,0
1842,0.199458,0
1843,0.199169,0
1844,2.013257,0
1845,0.308182,0
1846,0.798656,0
1847,1.819044,0
1848,0.635065,0
1849,0.634823,0
1850,0.563590,0
1851,0.594261,0
1852,1.591413,0
1853,1.565470,0
1854,1.310340,0
1855,1.019778,0
1856,1.019152,0
1857,0.691333,0
1858,1.306702,0
1859,0.684937,0
1860,0.682907,0
1861,1.783662,0
1862,0.683854,0
1863,1.784341,0
1864,0.683750,0
1865,1.816286,0
1866,1.011070,0
1867,1.921966,0
1868,0.361217,0
1869,2.012924,0
1870,1.305993,0
1871,1.305622,0
1872,0.325251,0
1873,0.497190,0
1874,1.660453,0
1875,1.263680,0
1876,1.080059,0
1877,0.337129,0
1878,0.740027,0
1879,0.977750,0
1880,0.587518,0
1881,0.503707,0
1882,0.371029,0
1883,0.572132,0
1884,0.376595,0
1885,0.361896,0
1886,0.357651,0
1887,0.439261,0
1888,2.503069,1
1889,1.375063,0
1890,1.016747,0
1891,1.310127,0
1892,1.018271,0
1893,1.311759,0
1894,1.311299,0
1895,1.312301,0
1896,0.971453,0
1897,1.459379,0
1898,1.459274,0
1899,1.309355,0
1900,2.013577,0
1901,1.373273,0
1902,1.306149,0
1903,1.305250,0
1904,1.012363,0
1905,1.305586,0
1906,1.307624,0
1907,0.848656,0
1908,1.783600,0
1909,1.784283,0
1910,1.784389,0
1911,1.014683,0
1912,0.685213,0
1913,1.785265,0
1914,0.684915,0
1915,1.175847,0
1916,1.175847,0
1917,2.178404,1
1918,0.519797,0
1919,1.849460,0
1920,1.306189,0
1921,0.362911,0
1922,1.309208,0
1923,1.308885,0
1924,1.308359,0
1925,1.372241,0
1926,1.372116,0
1927,1.010340,0
1928,0.520871,0
1929,2.143823,0
1930,2.079475,0
1931,1.371377,0
1932,1.371377,0
1933,2.045246,0
1934,2.045671,0
1935,1.305109,0
1936,2.145405,0
1937,2.144789,0
1938,2.145340,0
1939,2.144267,0
1940,2.144267,0
1941,1.305096,0
1942,2.112372,0
1943,2.144126,0
1944,1.306790,0
1945,0.520963,0
1946,1.011537,0
1947,1.011006,0
1948,2.111312,0
1949,2.111312,0
1950,0.518299,0
1951,1.848212,0
1952,1.848647,0
1953,1.513867,0
1954,2.189451,1
1955,4.646665,1
1956,0.388568,0
1957,2.047812,0
1958,2.047661,0
1959,1.810139,0
1960,1.317492,0
1961,1.414742,0
1962,1.498010,0
1963,1.470072,0
1964,2.059473,0
1965,1.951606,0
1966,0.367874,0
1967,0.565886,0
1968,2.085453,0
1969,0.677185,0
1970,0.521613,0
1971,0.587715,0
1972,1.625445,0
1973,1.376796,0
1974,0.239893,0
1975,0.355821,0
1976,0.573109,0
1977,0.742672,0
1978,1.028079,0
1979,0.537260,0
1980,0.496120,0
1981,0.713823,0
1982,0.856075,0
1983,0.715239,0
1984,0.135200,0
1985,0.135200,0
1986,0.753597,0
1987,3.091407,1
1988,2.963115,1
1989,0.610307,0
1990,0.692297,0
1991,1.013732,0
1992,1.307644,0
1993,1.115895,0
1994,1.311728,0
1995,1.312183,0
1996,1.311511,0
1997,1.310338,0
1998,1.310044,0
1999,1.310044,0
2000,1.306049,0
2001,1.307203,0
2002,1.009828,0
2003,1.305598,0
2004,1.306184,0
2005,1.307529,0
2006,1.304876,0
2007,1.304880,0
2008,1.304899,0
2009,1.309873,0
2010,1.305243,0
2011,1.306295,0
2012,1.305618,0
2013,1.308392,0
2014,0.682586,0
2015,1.010644,0
2016,1.304983,0
2017,1.304985,0
2018,1.306093,0
2019,0.848076,0
2020,0.945763,0
2021,1.120824,0
2022,4.091871,1
2023,0.624244,0
2024,1.478767,0
2025,1.908619,0
2026,2.719195,1
2027,1.799458,0
2028,0.999343,0
2029,2.851299,1
2030,1.160696,0
2031,1.066831,0
2032,2.772442,1
2033,2.723038,1
2034,0.377686,0
2035,0.599312,0
2036,1.063412,0
2037,1.377159,0
2038,1.377524,0
2039,1.377524,0
2040,1.377595,0
2041,0.374812,0
2042,0.691618,0
2043,1.309302,0
2044,1.374837,0
2045,1.372729,0
2046,1.371400,0
2047,1.305526,0
2048,0.519676,0
2049,0.682853,0
2050,0.682853,0
2051,0.684854,0
2052,1.849161,0
2053,1.010401,0
2054,0.520378,0
2055,0.846799,0
2056,0.682878,0
2057,0.682878,0
2058,0.682878,0
2059,1.718034,0
2060,0.681608,0
2061,0.681608,0
2062,0.682559,0
2063,2.046334,0
2064,1.010195,0
2065,1.011671,0
2066,1.011755,0
2067,1.010192,0
2068,1.750107,0
2069,1.750321,0
2070,1.305548,0
2071,2.111247,0
2072,2.144937,0
2073,0.686616,0
2074,1.173873,0
2075,2.111040,0
2076,0.682264,0
2077,1.779355,0
2078,0.621563,0
2079,2.841054,1
2080,1.085049,0
2081,2.401454,1
2082,3.706580,1
2083,0.580596,0
2084,1.648307,0
2085,0.414379,0
2086,3.114336,1
2087,2.781060,1
2088,2.420439,1
2089,6.803893,1
2090,4.404099,1
2091,3.321417,1
2092,0.685657,0
2093,0.685657,0
2094,0.688462,0
2095,0.546597,0
2096,2.447719,1
2097,0.531988,0
2098,1.371553,0
2099,0.520082,0
2100,1.305819,0
2101,1.947832,0
2102,0.355468,0
2103,0.355468,0
2104,0.518657,0
2105,2.144277,0
2106,2.112039,0
2107,1.011950,0
2108,0.847793,0
2109,1.012597,0
2110,1.371510,0
2111,0.358215,0
2112,1.948306,0
2113,1.948306,0
2114,1.010949,0
2115,0.355301,0
2116,2.078525,0
2117,0.518748,0
2118,2.177032,1
2119,2.078525,0
2120,2.078507,0
2121,1.011581,0
2122,4.013888,1
2123,0.423195,0
2124,0.389835,0
2125,0.706594,0
2126,0.899732,0
2127,0.630634,0
2128,0.548161,0
2129,1.527733,0
2130,0.816179,0
2131,0.979068,0
2132,1.304424,0
2133,15.741067,1
2134,14.294732,1
2135,0.830212,0
2136,0.448862,0
2137,0.848888,0
2138,0.405885,0
2139,1.311502,0
2140,0.688829,0
2141,1.309846,0
2142,1.309870,0
2143,0.692227,0
2144,1.013898,0
2145,1.014326,0
2146,1.310558,0
2147,1.311296,0
2148,0.694032,0
2149,1.309622,0
2150,1.309153,0
2151,1.307898,0
2152,1.371120,0
2153,1.307272,0
2154,1.305656,0
2155,1.010778,0
2156,1.010033,0
2157,2.112216,0
2158,1.010083,0
2159,2.013199,0
2160,2.013185,0
2161,1.305815,0
2162,1.306141,0
2163,1.306238,0
2164,2.178441,1
2165,2.144869,0
2166,0.684353,0
2167,1.370661,0
2168,1.305108,0
2169,1.305783,0
2170,1.010475,0
2171,1.460305,0
2172,1.470411,0
2173,2.190800,1
2174,1.620260,0
2175,3.106272,1
2176,1.702968,0
2177,1.157007,0
2178,1.771435,0
2179,1.634367,0
2180,1.024820,0
2181,0.355129,0
2182,3.679804,1
2183,2.468413,1
2184,0.484858,0
2185,0.461952,0
2186,7.040579,1
2187,0.690383,0
2188,1.376939,0
2189,1.014700,0
2190,0.693491,0
2191,0.853066,0
2192,0.531644,0
2193,0.531928,0
2194,1.314782,0
2195,0.693144,0
2196,1.378346,0
2197,1.017604,0
2198,0.371242,0
2199,0.691887,0
2200,0.378369,0
2201,0.690127,0
2202,0.119888,0
2203,0.133444,0
2204,0.222023,0
2205,0.217278,0
2206,0.220508,0
2207,0.376405,0
2208,0.198673,0
2209,2.146190,1
2210,2.146190,1
2211,0.209969,0
2212,0.683106,0
2213,0.683106,0
2214,0.075514,0
2215,0.073913,0
2216,0.073913,0
2217,0.195666,0
2218,1.010885,0
2219,1.175091,0
2220,0.094721,0
2221,0.683963,0
2222,1.011776,0
2223,0.519238,0
2224,0.100726,0
2225,0.139856,0
2226,0.684431,0
2227,0.635833,0
2228,2.012721,0
2229,0.354222,0
2230,0.682254,0
2231,0.568790,0
2232,2.111111,0
2233,2.111111,0
2234,0.066159,0
2235,0.518518,0
2236,0.518518,0
2237,4.353013,1
2238,0.529171,0
2239,6.059230,1
2240,0.760493,0
2241,5.470686,1
2242,5.489258,1
2243,4.547590,1
2244,5.331569,1
2245,0.704904,0
2246,0.404751,0
2247,0.406758,0
2248,2.301102,1
2249,1.374869,0
2250,1.310461,0
2251,1.310345,0
2252,1.310345,0
2253,1.309327,0
2254,1.377423,0
2255,1.311116,0
2256,1.371840,0
2257,1.372312,0
2258,1.751364,0
2259,1.371969,0
2260,1.306404,0
2261,1.307406,0
2262,2.144863,0
2263,1.371240,0
2264,0.357588,0
2265,0.683571,0
2266,0.357879,0
2267,0.357879,0
2268,1.371601,0
2269,1.372252,0
2270,1.175995,0
2271,1.175079,0
2272,1.306704,0
2273,1.371042,0
2274,1.374195,0
2275,1.306886,0
2276,1.373215,0
2277,1.373215,0
2278,0.717983,0
2279,0.717983,0
2280,2.013614,0
2281,1.373062,0
2282,1.373627,0
2283,1.307105,0
2284,1.305849,0
2285,2.144274,0
2286,2.144274,0
2287,1.009844,0
2288,1.371022,0
2289,0.517129,0
2290,2.144947,0
2291,1.010551,0
2292,1.010551,0
2293,0.683426,0
2294,0.682890,0
2295,0.682895,0
2296,0.682895,0
2297,0.683520,0
2298,1.174569,0
2299,1.013001,0
2300,1.173781,0
2301,2.209407,1
2302,1.684829,0
2303,1.371259,0
2304,1.371144,0
2305,1.372157,0
2306,1.307668,0
2307,1.306887,0
2308,1.815112,0
2309,1.885603,0
2310,1.445744,0
2311,0.692775,0
2312,0.692775,0
2313,0.819181,0
2314,1.222008,0
2315,0.865679,0
2316,2.792506,1
2317,1.907619,0
2318,0.417514,0
2319,0.503957,0
2320,0.503957,0
2321,0.600792,0
2322,3.038707,1
2323,2.710208,1
2324,2.104597,0
2325,0.534225,0
2326,4.384264,1
2327,10.348255,1
2328,2.380095,1
2329,6.397662,1
2330,4.465125,1
2331,0.956789,0
2332,0.507523,0
2333,0.914318,0
2334,1.285547,0
2335,0.370911,0
2336,6.419913,1
2337,1.316888,0
2338,0.690618,0
2339,0.535047,0
2340,0.972930,0
2341,1.180537,0
2342,0.647779,0
2343,0.648831,0
2344,0.426956,0
2345,0.854252,0
2346,0.536304,0
2347,0.692593,0
2348,0.692202,0
2349,0.228713,0
2350,0.230703,0
2351,0.188978,0
2352,0.373649,0
2353,0.692525,0
2354,1.016706,0
2355,1.017115,0
2356,0.692449,0
2357,0.692513,0
2358,0.530624,0
2359,0.224883,0
2360,0.193921,0
2361,0.531903,0
2362,0.531452,0
2363,0.532149,0
2364,0.530751,0
2365,0.691808,0
2366,0.427233,0
2367,0.691441,0
2368,0.693267,0
2369,0.133444,0
2370,0.529555,0
2371,1.295622,0
2372,0.127477,0
2373,0.492545,0
2374,0.492545,0
2375,0.972295,0
2376,1.014577,0
2377,0.487620,0
2378,0.485905,0
2379,0.530197,0
2380,0.130284,0
2381,0.806612,0
2382,0.129892,0
2383,0.193112,0
2384,1.306245,0
2385,0.521243,0
2386,0.523194,0
2387,1.011705,0
2388,0.520292,0
2389,1.129029,0
2390,0.521831,0
2391,0.523294,0
2392,0.475584,0
2393,1.305999,0
2394,1.010655,0
2395,1.306012,0
2396,1.011435,0
2397,1.371456,0
2398,1.372049,0
2399,1.372646,0
2400,1.372323,0
2401,1.371923,0
2402,1.305603,0
2403,1.305827,0
2404,1.306290,0
2405,0.520024,0
2406,0.474545,0
2407,0.477503,0
2408,0.683973,0
2409,0.683984,0
2410,0.684644,0
2411,0.211751,0
2412,0.211751,0
2413,0.204546,0
2414,0.472995,0
2415,0.096964,0
2416,0.205275,0
2417,0.686030,0
2418,0.215102,0
2419,0.314500,0
2420,0.474469,0
2421,0.473934,0
2422,0.473934,0
2423,0.683883,0
2424,0.323450,0
2425,0.157791,0
2426,0.360957,0
2427,0.522300,0
2428,0.523518,0
2429,0.199007,0
2430,0.168242,0
2431,2.373611,1
2432,2.373512,1
2433,0.357391,0
2434,0.523696,0
2435,0.522811,0
2436,0.209818,0
2437,0.521428,0
2438,0.522746,0
2439,0.637522,0
2440,0.479318,0
2441,0.479318,0
2442,0.684034,0
2443,0.521356,0
2444,0.094633,0
2445,0.094633,0
2446,0.094633,0
2447,0.086644,0
2448,0.520336,0
2449,0.069961,0
2450,0.074106,0
2451,0.686066,0
2452,1.175912,0
2453,0.848976,0
2454,0.640150,0
2455,0.963946,0
2456,0.637560,0
2457,0.637018,0
2458,0.521177,0
2459,0.634830,0
2460,0.358393,0
2461,0.315391,0
2462,0.637412,0
2463,0.358549,0
2464,0.358549,0
2465,0.684233,0
2466,0.084516,0
2467,0.072107,0
2468,0.476673,0
2469,0.521411,0
2470,0.683406,0
2471,0.683406,0
2472,0.846422,0
2473,0.684444,0
2474,0.682217,0
2475,1.305331,0
2476,1.305246,0
2477,1.305157,0
2478,1.371652,0
2479,0.963558,0
2480,1.306090,0
2481,1.010431,0
2482,1.652376,0
2483,2.111565,0
2484,2.111657,0
2485,0.471095,0
2486,0.309293,0
2487,0.799285,0
2488,0.309273,0
2489,0.309533,0
2490,0.682878,0
2491,0.518946,0
2492,0.198500,0
2493,0.635960,0
2494,1.010228,0
2495,0.846325,0
2496,0.194409,0
2497,0.688046,0
2498,0.499980,0
2499,0.446939,0
2500,0.493861,0
2501,0.493925,0
2502,0.379368,0
2503,0.636283,0
2504,0.671893,0
2505,0.446331,0
2506,0.350055,0
2507,0.684952,0
2508,1.378775,0
2509,1.374588,0
2510,1.381065,0
2511,1.381065,0
2512,1.310717,0
2513,1.656162,0
2514,0.697371,0
2515,0.694671,0
2516,0.695798,0
2517,0.692710,0
2518,1.525196,0
2519,1.525644,0
2520,1.722142,0
2521,1.375060,0
2522,1.524727,0
2523,1.361664,0
2524,1.361576,0
2525,1.361627,0
2526,0.691610,0
2527,1.524015,0
2528,1.688365,0
2529,1.311710,0
2530,1.310821,0
2531,1.591187,0
2532,1.591006,0
2533,1.310840,0
2534,1.309544,0
2535,1.310873,0
2536,1.559119,0
2537,1.178066,0
2538,0.332233,0
2539,1.371334,0
2540,2.143901,0
2541,1.306846,0
2542,1.307113,0
2543,1.980729,0
2544,2.078360,0
2545,1.306839,0
2546,1.306285,0
2547,1.012321,0
2548,2.111745,0
2549,0.686256,0
2550,0.687965,0
2551,0.687965,0
2552,1.306737,0
2553,0.334320,0
2554,1.619709,0
2555,1.619179,0
2556,1.619487,0
2557,1.619675,0
2558,1.686030,0
2559,1.305876,0
2560,1.308164,0
2561,1.308164,0
2562,1.685970,0
2563,1.684997,0
2564,1.012908,0
2565,1.685786,0
2566,1.849307,0
2567,1.686545,0
2568,1.783793,0
2569,1.815226,0
2570,1.685897,0
2571,1.685515,0
2572,1.306368,0
2573,1.012446,0
2574,1.305996,0
2575,1.307985,0
2576,1.306563,0
2577,1.307494,0
2578,1.307491,0
2579,0.327960,0
2580,1.306794,0
2581,1.306894,0
2582,1.305954,0
2583,0.689566,0
2584,1.652974,0
2585,1.914391,0
2586,1.011061,0
2587,1.305475,0
2588,2.177093,1
2589,1.011106,0
2590,1.240311,0
2591,0.683304,0
2592,2.111727,0
2593,1.009536,0
2594,0.682202,0
2595,2.078952,0
2596,2.079004,0
2597,2.111031,0
2598,2.143846,0
2599,1.009209,0
2600,1.370787,0
2601,1.009585,0
2602,1.009741,0
2603,1.011690,0
2604,1.011690,0
2605,2.144824,0
2606,2.111817,0
2607,2.111817,0
2608,1.209042,0
2609,2.144261,0
2610,1.305103,0
2611,1.305393,0
2612,1.783085,0
2613,1.782549,0
2614,2.111128,0
2615,1.305037,0
2616,1.305192,0
2617,1.010452,0
2618,2.078597,0
2619,2.078728,0
2620,1.371120,0
2621,0.685335,0
2622,2.144004,0
2623,2.143765,0
2624,1.881608,0
2625,2.111647,0
2626,2.112127,0
2627,2.144471,0
2628,1.305222,0
2629,1.305188,0
2630,2.143660,0
2631,1.010561,0
2632,1.010561,0
2633,1.009743,0
2634,0.683908,0
2635,1.914462,0
2636,1.011817,0
2637,2.078200,0
2638,1.306814,0
2639,0.716030,0
2640,1.562236,0
2641,1.772523,0
2642,0.582938,0
2643,0.477648,0
2644,2.498923,1
2645,1.015271,0
2646,1.095950,0
2647,1.014558,0
2648,1.013579,0
2649,1.489582,0
2650,1.342144,0
2651,1.549398,0
2652,1.549500,0
2653,1.339091,0
2654,1.014371,0
2655,1.014455,0
2656,1.014890,0
2657,1.852357,0
2658,2.824312,1
2659,0.561755,0
2660,0.738943,0
2661,1.067475,0
2662,0.365674,0
2663,0.365674,0
2664,0.365674,0
2665,0.365817,0
2666,1.280182,0
2667,2.060083,0
2668,1.511764,0
2669,0.360106,0
2670,4.091323,1
2671,3.821484,1
2672,0.550767,0
2673,1.019046,0
2674,1.018384,0
2675,0.424556,0
2676,0.449319,0
2677,0.250063,0
2678,1.165548,0
2679,0.540107,0
2680,0.540107,0
2681,0.572095,0
2682,1.372578,0
2683,3.291209,1
2684,0.743529,0
2685,0.717530,0
2686,2.200434,1
2687,0.399701,0
2688,0.405996,0
2689,1.022577,0
2690,1.508897,0
2691,0.355814,0
2692,0.706267,0
2693,2.183818,1
2694,1.021326,0
2695,0.864648,0
2696,2.198294,1
2697,1.310227,0
2698,1.312112,0
2699,1.310841,0
2700,1.016527,0
2701,1.016527,0
2702,1.016527,0
2703,1.016929,0
2704,1.016555,0
2705,1.310160,0
2706,1.310164,0
2707,1.310164,0
2708,1.377138,0
2709,1.375961,0
2710,1.311104,0
2711,1.310458,0
2712,1.343306,0
2713,1.307108,0
2714,1.306855,0
2715,1.371950,0
2716,1.619916,0
2717,1.619916,0
2718,1.619916,0
2719,1.718305,0
2720,1.652950,0
2721,1.652950,0
2722,1.652950,0
2723,1.372969,0
2724,1.914737,0
2725,1.947626,0
2726,0.687618,0
2727,1.307886,0
2728,1.012468,0
2729,1.308133,0
2730,1.306265,0
2731,0.640559,0
2732,2.144236,0
2733,2.144236,0
2734,1.750592,0
2735,1.750592,0
2736,1.372497,0
2737,1.012239,0
2738,1.306270,0
2739,1.305811,0
2740,0.905900,0
2741,0.455417,0
2742,0.519386,0
2743,0.520096,0
2744,0.485375,0
2745,0.919470,0
2746,0.851869,0
2747,0.852085,0
2748,0.693018,0
2749,1.214017,0
2750,0.847310,0
2751,1.297523,0
2752,1.528196,0
2753,0.872842,0
2754,1.658430,0
2755,1.614373,0
2756,1.339901,0
2757,0.496230,0
2758,0.856906,0
2759,2.378081,1
2760,0.888033,0
2761,1.024273,0
2762,1.145248,0
2763,1.789411,0
2764,0.362733,0
2765,1.013840,0
2766,0.399893,0
2767,0.369462,0
2768,0.718236,0
2769,1.279863,0
2770,0.685622,0
2771,0.936897,0
2772,2.004426,0
2773,2.030594,0
2774,0.372552,0
2775,0.473051,0
2776,0.464649,0
2777,2.287370,1
2778,0.400935,0
2779,0.439261,0
2780,0.418055,0
2781,2.949420,1
2782,1.040770,0
2783,1.022917,0
2784,0.577987,0
2785,1.311043,0
2786,1.311043,0
2787,1.015430,0
2788,0.115925,0
2789,1.376913,0
2790,1.376592,0
2791,1.017922,0
2792,1.305560,0
2793,1.307475,0
2794,1.175628,0
2795,1.371516,0
2796,1.306626,0
2797,2.078373,0
2798,1.371122,0
2799,1.305734,0
2800,1.307307,0
2801,1.372296,0
2802,0.682931,0
2803,0.681858,0
2804,0.681858,0
2805,1.012756,0
2806,1.848643,0
2807,1.011367,0
2808,0.681859,0
2809,0.355094,0
2810,1.371051,0
2811,1.371279,0
2812,1.370835,0
2813,1.371648,0
2814,1.371507,0
2815,0.357089,0
2816,1.371762,0
2817,1.371173,0
2818,1.371173,0
2819,0.682453,0
2820,1.304689,0
2821,0.353961,0
2822,0.683344,0
2823,1.787024,0
2824,2.848603,1
2825,2.511257,1
2826,3.657977,1
2827,3.246248,1
2828,2.726235,1
2829,1.883903,0
2830,12.377915,1
2831,6.975173,1
2832,0.555835,0
2833,1.068631,0
2834,1.130200,0
2835,1.130200,0
2836,0.377290,0
2837,0.769115,0
2838,0.692126,0
2839,0.692332,0
2840,1.016704,0
2841,0.872427,0
2842,0.696571,0
2843,1.371114,0
2844,0.519477,0
2845,0.518333,0
2846,1.307033,0
2847,2.145793,1
2848,0.360358,0
2849,0.520691,0
2850,0.358576,0
2851,0.357045,0
2852,0.850381,0
2853,0.850381,0
2854,0.683297,0
2855,0.520486,0
2856,0.526719,0
2857,1.010504,0
2858,1.010618,0
2859,1.306306,0
2860,1.307398,0
2861,1.372893,0
2862,1.371982,0
2863,0.530055,0
2864,0.530055,0
2865,0.682662,0
2866,0.686936,0
2867,1.373732,0
2868,1.305738,0
2869,2.177492,1
2870,1.305773,0
2871,1.009942,0
2872,1.010133,0
2873,1.305790,0
2874,2.177387,1
2875,2.177387,1
2876,0.355027,0
2877,0.198116,0
2878,2.177114,1
2879,0.520029,0
2880,0.519316,0
2881,1.174682,0
2882,0.323187,0
2883,1.305160,0
2884,2.045536,0
2885,1.371546,0
2886,0.846097,0
2887,0.684572,0
2888,1.414717,0
2889,2.677320,1
2890,0.570782,0
2891,0.558245,0
2892,0.492166,0
2893,1.015011,0
2894,0.458401,0
2895,0.493233,0
2896,0.401875,0
2897,0.371843,0
2898,0.463131,0
2899,0.800393,0
2900,1.219193,0
2901,1.641964,0
2902,0.517938,0
2903,0.119515,0
2904,0.186448,0
2905,0.186448,0
2906,0.184018,0
2907,0.328353,0
2908,0.328353,0
2909,0.487150,0
2910,0.645824,0
2911,0.223065,0
2912,0.811886,0
2913,0.132877,0
2914,0.484131,0
2915,0.806778,0
2916,0.224754,0
2917,0.251491,0
2918,0.145456,0
2919,0.135487,0
2920,0.135434,0
2921,0.132141,0
2922,0.136990,0
2923,0.185721,0
2924,0.179202,0
2925,0.222636,0
2926,0.331425,0
2927,0.346281,0
2928,0.277190,0
2929,0.126407,0
2930,0.806822,0
2931,0.806822,0
2932,1.556403,0
2933,1.589152,0
2934,0.805973,0
2935,0.806363,0
2936,0.806363,0
2937,0.308533,0
2938,0.205835,0
2939,0.475499,0
2940,0.262192,0
2941,0.218569,0
2942,0.800197,0
2943,0.362805,0
2944,2.144317,0
2945,0.080395,0
2946,0.204417,0
2947,0.160076,0
2948,0.313301,0
2949,0.156020,0
2950,0.315377,0
2951,2.275402,1
2952,2.275402,1
2953,2.275402,1
2954,2.275432,1
2955,1.914359,0
2956,1.521898,0
2957,1.148948,0
2958,0.645628,0
2959,0.969610,0
2960,0.124084,0
2961,0.691627,0
2962,0.219558,0
2963,0.328086,0
2964,0.374157,0
2965,0.693564,0
2966,0.690555,0
2967,1.376334,0
2968,0.532611,0
2969,0.331927,0
2970,0.164136,0
2971,0.191033,0
2972,0.191033,0
2973,0.283649,0
2974,0.230452,0
2975,0.133444,0
2976,0.133444,0
2977,0.648310,0
2978,0.647584,0
2979,0.119951,0
2980,0.328298,0
2981,0.645977,0
2982,0.349801,0
2983,0.329576,0
2984,0.138517,0
2985,0.643740,0
2986,0.643662,0
2987,0.484134,0
2988,0.372249,0
2989,0.693491,0
2990,0.529421,0
2991,0.358224,0
2992,1.178171,0
2993,0.324509,0
2994,0.375809,0
2995,0.331685,0
2996,1.018618,0
2997,0.964916,0
2998,0.637342,0
2999,0.477149,0
3000,0.475584,0
3001,0.475584,0
3002,0.475584,0
3003,0.313391,0
3004,0.317295,0
3005,0.064945,0
3006,0.313405,0
3007,0.635733,0
3008,0.682691,0
3009,0.635246,0
3010,0.531454,0
3011,0.470638,0
3012,0.312602,0
3013,0.473749,0
3014,0.312764,0
3015,0.312606,0
3016,0.311672,0
3017,0.315177,0
3018,0.316201,0
3019,0.800267,0
3020,0.226331,0
3021,0.084510,0
3022,0.801889,0
3023,0.801889,0
3024,0.050262,0
3025,0.360354,0
3026,0.207056,0
3027,0.088595,0
3028,0.098059,0
3029,0.309469,0
3030,0.845800,0
3031,0.160088,0
3032,0.162733,0
3033,0.475393,0
3034,0.801091,0
3035,0.161706,0
3036,0.316410,0
3037,0.159771,0
3038,0.086426,0
3039,0.310934,0
3040,0.154008,0
3041,1.305177,0
3042,0.076834,0
3043,0.681192,0
3044,0.312491,0
3045,0.800096,0
3046,0.196118,0
3047,0.047221,0
3048,0.799459,0
3049,2.391161,1
3050,0.113361,0
3051,0.528378,0
3052,0.529332,0
3053,0.534375,0
3054,0.223338,0
3055,0.489440,0
3056,0.131514,0
3057,0.132015,0
3058,0.227561,0
3059,0.332490,0
3060,0.132681,0
3061,0.374590,0
3062,0.374590,0
3063,0.521525,0
3064,0.313002,0
3065,0.317231,0
3066,0.160694,0
3067,0.474741,0
3068,0.799666,0
3069,0.312757,0
3070,0.313552,0
3071,0.963325,0
3072,0.080917,0
3073,0.521918,0
3074,0.474141,0
3075,0.312357,0
3076,0.682999,0
3077,0.683744,0
3078,0.080747,0
3079,0.069325,0
3080,0.365017,0
3081,0.476924,0
3082,0.867627,0
3083,0.340940,0
3084,0.647201,0
3085,0.223515,0
3086,1.131331,0
3087,1.056884,0
3088,0.666072,0
3089,0.666072,0
3090,0.531925,0
3091,0.665440,0
3092,0.331523,0
3093,0.369954,0
3094,0.645102,0
3095,0.645645,0
3096,0.530957,0
3097,0.854646,0
3098,0.375198,0
3099,0.375138,0
3100,0.692149,0
3101,0.377207,0
3102,2.081746,0
3103,0.131441,0
3104,0.220020,0
3105,0.226393,0
3106,0.375851,0
3107,1.295561,0
3108,2.474389,1
3109,2.474204,1
3110,0.374755,0
3111,0.377378,0
3112,1.523852,0
3113,1.009477,0
3114,1.044681,0
3115,0.194052,0
3116,0.702341,0
3117,0.315669,0
3118,1.322349,0
3119,0.684433,0
3120,0.800438,0
3121,0.362533,0
3122,0.320134,0
3123,0.636995,0
3124,0.759163,0
3125,0.637786,0
3126,1.487531,0
3127,0.360222,0
3128,0.635825,0
3129,0.212213,0
3130,0.358888,0
3131,1.574627,0
3132,0.687359,0
3133,4.215088,1
3134,12.310204,1
3135,7.925379,1
3136,1.053408,0
3137,1.181190,0
3138,2.166562,1
3139,13.515785,1
3140,0.131797,0
3141,0.529585,0
3142,0.230482,0
3143,0.230482,0
3144,1.017108,0
3145,0.332585,0
3146,0.335515,0
3147,0.691550,0
3148,0.645524,0
3149,0.329227,0
3150,0.537848,0
3151,0.854659,0
3152,0.482438,0
3153,1.016506,0
3154,1.015742,0
3155,0.695450,0
3156,0.691756,0
3157,0.858090,0
3158,0.700334,0
3159,0.697998,0
3160,0.332853,0
3161,0.330342,0
3162,0.695803,0
3163,0.535140,0
3164,0.487179,0
3165,1.016281,0
3166,0.646663,0
3167,0.646663,0
3168,0.488443,0
3169,0.490643,0
3170,0.692850,0
3171,0.130892,0
3172,0.129141,0
3173,0.528998,0
3174,0.331760,0
3175,0.532238,0
3176,0.136622,0
3177,0.691423,0
3178,0.692502,0
3179,0.375534,0
3180,0.375534,0
3181,0.529382,0
3182,0.373895,0
3183,0.532810,0
3184,1.982848,0
3185,1.982848,0
3186,0.236873,0
3187,0.855230,0
3188,0.359227,0
3189,0.372502,0
3190,0.523511,0
3191,0.521697,0
3192,0.521248,0
3193,0.322054,0
3194,0.515229,0
3195,1.010838,0
3196,0.685983,0
3197,0.801679,0
3198,0.524264,0
3199,0.472431,0
3200,0.069615,0
3201,0.474130,0
3202,0.521257,0
3203,0.475094,0
3204,0.313557,0
3205,0.360762,0
3206,0.521685,0
3207,0.685381,0
3208,0.964052,0
3209,0.686293,0
3210,0.540381,0
3211,0.683924,0
3212,0.683924,0
3213,0.355828,0
3214,0.358048,0
3215,1.010320,0
3216,1.979821,0
3217,0.641127,0
3218,0.636640,0
3219,0.685218,0
3220,0.477503,0
3221,2.046695,0
3222,0.314635,0
3223,0.963380,0
3224,0.685213,0
3225,2.177230,1
3226,2.177626,1
3227,0.685123,0
3228,0.684901,0
3229,0.312947,0
3230,2.078638,0
3231,0.359930,0
3232,0.084157,0
3233,0.684321,0
3234,0.473401,0
3235,0.163020,0
3236,0.524245,0
3237,1.011269,0
3238,0.684971,0
3239,0.682046,0
3240,0.361183,0
3241,0.684998,0
3242,0.685918,0
3243,0.637694,0
3244,2.177226,1
3245,2.078470,0
3246,0.683818,0
3247,0.683754,0
3248,0.318183,0
3249,0.801854,0
3250,2.177060,1
3251,0.966394,0
3252,0.690465,0
3253,0.357664,0
3254,0.207592,0
3255,0.207812,0
3256,0.212478,0
3257,0.197952,0
3258,2.144322,0
3259,2.177141,1
3260,2.177139,1
3261,0.310527,0
3262,0.310527,0
3263,0.963927,0
3264,0.636793,0
3265,0.682554,0
3266,1.487559,0
3267,0.634459,0
3268,2.143991,0
3269,0.635673,0
3270,0.518836,0
3271,1.553272,0
3272,1.946801,0
3273,0.518342,0
3274,0.682659,0
3275,0.831280,0
3276,0.684018,0
3277,0.681956,0
3278,0.309281,0
3279,0.963289,0
3280,0.357564,0
3281,0.506587,0
3282,0.462664,0
3283,0.461171,0
3284,0.461748,0
3285,0.313889,0
3286,0.559025,0
3287,0.716930,0
3288,9.456399,1
3289,0.695013,0
3290,3.016697,1
3291,0.207313,0
3292,0.301076,0
3293,0.525661,0
3294,0.149671,0
3295,1.622958,0
3296,0.181696,0
3297,0.535684,0
3298,1.018912,0
3299,0.534222,0
3300,0.695582,0
3301,1.018075,0
3302,0.693806,0
3303,0.130895,0
3304,0.369696,0
3305,1.376893,0
3306,0.534537,0
3307,0.535620,0
3308,0.535620,0
3309,0.692130,0
3310,0.693583,0
3311,0.389212,0
3312,0.389212,0
3313,0.133816,0
3314,0.219320,0
3315,0.129981,0
3316,0.124225,0
3317,0.692720,0
3318,0.529523,0
3319,0.191125,0
3320,0.531326,0
3321,0.374763,0
3322,0.531991,0
3323,0.486066,0
3324,0.226349,0
3325,0.218983,0
3326,0.219458,0
3327,0.224306,0
3328,0.195988,0
3329,0.195988,0
3330,0.225007,0
3331,0.535062,0
3332,0.373871,0
3333,0.373871,0
3334,0.694292,0
3335,0.373109,0
3336,0.693490,0
3337,0.693490,0
3338,0.692104,0
3339,0.180795,0
3340,0.079142,0
3341,2.406886,1
3342,2.406951,1
3343,2.440220,1
3344,2.440241,1
3345,2.440241,1
3346,2.440241,1
3347,2.440241,1
3348,2.440241,1
3349,2.440065,1
3350,2.440241,1
3351,2.440241,1
3352,2.440241,1
3353,2.440241,1
3354,2.440418,1
3355,2.440566,1
3356,2.407607,1
3357,2.407607,1
3358,2.406891,1
3359,2.407420,1
3360,2.407420,1
3361,0.160895,0
3362,0.160895,0
3363,2.013407,0
3364,2.013821,0
3365,2.013872,0
3366,2.013872,0
3367,0.686151,0
3368,0.686151,0
3369,0.356051,0
3370,2.144925,0
3371,1.306423,0
3372,0.635580,0
3373,0.358795,0
3374,0.521169,0
3375,0.521581,0
3376,0.202235,0
3377,0.683160,0
3378,0.801574,0
3379,1.127848,0
3380,1.127848,0
3381,0.685670,0
3382,0.685670,0
3383,0.800378,0
3384,0.060479,0
3385,0.060479,0
3386,0.060858,0
3387,0.356889,0
3388,0.196902,0
3389,0.318621,0
3390,0.683181,0
3391,0.640814,0
3392,0.475785,0
3393,0.060029,0
3394,0.474718,0
3395,0.158859,0
3396,0.523340,0
3397,0.197950,0
3398,0.683902,0
3399,2.210112,1
3400,0.196675,0
3401,0.683814,0
3402,0.683814,0
3403,1.587345,0
3404,0.080355,0
3405,0.080355,0
3406,1.718402,0
3407,0.165002,0
3408,0.476187,0
3409,0.477214,0
3410,0.477214,0
3411,0.477214,0
3412,0.316709,0
3413,0.316709,0
3414,0.090120,0
3415,0.083054,0
3416,0.637302,0
3417,0.683551,0
3418,0.683551,0
3419,0.064900,0
3420,0.316078,0
3421,0.200307,0
3422,1.175034,0
3423,0.846506,0
3424,0.801717,0
3425,0.800143,0
3426,0.522972,0
3427,0.204190,0
3428,0.202937,0
3429,0.207667,0
3430,0.963465,0
3431,0.963465,0
3432,0.847573,0
3433,0.847573,0
3434,0.682626,0
3435,0.356440,0
3436,0.682566,0
3437,0.684373,0
3438,0.684373,0
3439,0.198492,0
3440,0.198492,0
3441,0.356317,0
3442,0.357808,0
3443,0.364822,0
3444,0.364822,0
3445,0.687078,0
3446,0.363143,0
3447,0.683610,0
3448,0.683610,0
3449,0.198531,0
3450,0.198404,0
3451,0.518544,0
3452,0.519095,0
3453,0.356805,0
3454,0.356858,0
3455,0.684271,0
3456,1.305752,0
3457,1.306702,0
3458,0.312680,0
3459,0.474781,0
3460,0.200267,0
3461,1.126478,0
3462,1.127528,0
3463,0.962040,0
3464,1.127505,0
3465,1.127505,0
3466,1.127493,0
3467,1.126440,0
3468,0.799722,0
3469,0.799245,0
3470,0.800204,0
3471,0.800204,0
3472,0.800698,0
3473,0.963828,0
3474,0.799964,0
3475,0.798723,0
3476,0.799429,0
3477,0.519716,0
3478,0.682761,0
3479,0.392370,0
3480,0.634785,0
3481,0.963748,0
3482,0.682036,0
3483,0.682118,0
3484,0.799910,0
3485,0.799910,0
3486,0.963930,0
3487,0.799792,0
3488,1.587110,0
3489,2.144099,0
3490,2.144195,0
3491,2.144195,0
3492,2.144512,0
3493,2.144512,0
3494,0.355298,0
3495,0.359325,0
3496,0.634579,0
3497,0.473389,0
3498,2.111674,0
3499,0.199019,0
3500,0.682079,0
3501,0.518607,0
3502,0.358248,0
3503,0.357052,0
3504,0.453292,0
3505,0.636504,0
3506,0.636564,0
3507,0.637943,0
3508,0.636915,0
3509,0.636814,0
3510,0.636814,0
3511,0.845940,0
3512,2.079448,0
3513,0.800499,0
3514,0.682125,0
3515,0.193845,0
3516,0.355262,0
3517,0.682026,0
3518,0.656786,0
3519,0.508956,0
3520,0.446975,0
3521,0.446975,0
3522,3.742483,1
3523,0.508806,0
3524,0.493378,0
3525,0.493378,0
3526,0.493412,0
3527,0.397511,0
3528,0.429216,0
3529,0.429216,0
3530,0.493412,0
3531,0.494214,0
3532,0.461377,0
3533,0.429376,0
3534,0.429376,0
3535,0.493395,0
3536,0.493395,0
3537,0.493412,0
3538,0.493412,0
3539,0.493412,0
3540,0.460677,0
3541,0.476261,0
3542,0.557962,0
3543,0.557962,0
3544,1.275089,0
3545,0.557962,0
3546,0.532250,0
3547,0.532250,0
3548,0.460167,0
3549,0.461197,0
3550,0.462572,0
3551,0.430171,0
3552,0.493255,0
3553,0.474748,0
3554,43.982608,1
3555,8.595439,1
3556,0.529705,0
3557,0.623012,0
3558,0.505009,0
3559,0.712314,0
3560,0.208963,0
3561,0.693335,0
3562,0.375752,0
3563,0.377333,0
3564,0.694520,0
3565,0.377693,0
3566,0.488636,0
3567,0.119229,0
3568,0.333072,0
3569,0.328547,0
3570,0.856162,0
3571,0.227340,0
3572,0.377809,0
3573,0.643702,0
3574,0.647600,0
3575,0.374321,0
3576,1.311234,0
3577,0.143995,0
3578,0.138310,0
3579,0.331931,0
3580,0.647952,0
3581,0.807862,0
3582,0.808777,0
3583,0.647032,0
3584,0.646468,0
3585,0.646468,0
3586,0.646790,0
3587,0.647573,0
3588,0.121234,0
3589,0.646428,0
3590,0.643670,0
3591,0.643670,0
3592,0.534509,0
3593,0.694797,0
3594,0.486495,0
3595,0.529805,0
3596,0.484078,0
3597,0.222047,0
3598,0.853540,0
3599,0.378627,0
3600,0.128206,0
3601,0.693615,0
3602,0.694935,0
3603,0.333381,0
3604,0.370898,0
3605,0.329894,0
3606,0.854748,0
3607,0.751994,0
3608,0.533228,0
3609,0.341396,0
3610,0.859538,0
3611,0.374731,0
3612,0.692889,0
3613,0.375820,0
3614,0.374838,0
3615,0.693089,0
3616,0.647918,0
3617,0.645399,0
3618,0.532360,0
3619,0.333840,0
3620,0.329474,0
3621,0.326346,0
3622,0.853686,0
3623,0.484099,0
3624,0.186357,0
3625,0.373320,0
3626,0.330676,0
3627,0.692339,0
3628,0.645765,0
3629,0.191540,0
3630,0.487327,0
3631,0.193713,0
3632,0.192418,0
3633,0.530879,0
3634,0.534608,0
3635,0.533339,0
3636,0.693232,0
3637,0.193072,0
3638,0.193883,0
3639,0.325087,0
3640,0.531649,0
3641,0.531649,0
3642,0.531683,0
3643,0.533025,0
3644,0.487190,0
3645,0.592714,0
3646,0.645928,0
3647,0.486712,0
3648,0.486355,0
3649,0.645061,0
3650,0.855235,0
3651,0.531062,0
3652,0.485884,0
3653,0.643234,0
3654,0.332043,0
3655,0.332043,0
3656,0.332323,0
3657,0.645331,0
3658,0.486816,0
3659,0.487914,0
3660,0.489777,0
3661,0.489698,0
3662,0.645928,0
3663,0.645928,0
3664,0.644880,0
3665,0.533253,0
3666,0.534632,0
3667,2.147974,1
3668,0.488034,0
3669,0.809067,0
3670,0.809067,0
3671,0.132172,0
3672,0.349718,0
3673,0.362009,0
3674,0.682537,0
3675,0.523131,0
3676,0.161372,0
3677,0.685488,0
3678,0.316817,0
3679,0.635604,0
3680,0.635604,0
3681,0.635100,0
3682,0.523000,0
3683,0.522453,0
3684,0.522408,0
3685,0.522996,0
3686,0.638552,0
3687,0.638552,0
3688,0.965117,0
3689,0.354480,0
3690,0.639039,0
3691,0.638089,0
3692,0.360076,0
3693,0.315594,0
3694,0.635903,0
3695,0.963085,0
3696,1.126388,0
3697,0.079736,0
3698,0.359989,0
3699,0.206685,0
3700,0.684129,0
3701,0.636017,0
3702,0.637004,0
3703,0.360572,0
3704,0.076845,0
3705,0.475238,0
3706,1.012179,0
3707,0.316597,0
3708,0.316870,0
3709,0.205869,0
3710,0.475592,0
3711,0.476385,0
3712,0.311048,0
3713,2.078797,0
3714,0.361135,0
3715,0.203702,0
3716,0.205869,0
3717,0.205869,0
3718,0.205869,0
3719,0.205869,0
3720,0.221491,0
3721,0.361834,0
3722,0.361834,0
3723,0.361947,0
3724,0.361941,0
3725,0.361941,0
3726,0.523747,0
3727,0.520161,0
3728,0.315779,0
3729,1.012058,0
3730,2.144956,0
3731,0.522901,0
3732,0.798584,0
3733,0.521755,0
3734,1.947636,0
3735,0.685780,0
3736,0.474478,0
3737,0.474478,0
3738,0.358549,0
3739,0.523039,0
3740,0.097083,0
3741,0.066190,0
3742,0.065687,0
3743,0.637689,0
3744,2.439211,1
3745,2.439211,1
3746,0.311769,0
3747,0.522481,0
3748,0.359204,0
3749,0.475554,0
3750,0.475080,0
3751,1.947263,0
3752,0.766279,0
3753,1.914523,0
3754,1.979846,0
3755,0.683030,0
3756,1.618795,0
3757,1.618795,0
3758,0.636138,0
3759,0.195674,0
3760,0.519700,0
3761,0.519189,0
3762,1.553410,0
3763,1.553410,0
3764,0.521463,0
3765,2.078408,0
3766,2.077972,0
3767,1.914230,0
3768,0.334286,0
3769,0.332169,0
3770,1.923869,0
3771,0.628079,0
3772,0.296941,0
3773,0.276191,0
3774,0.330777,0
3775,1.309783,0
3776,0.376065,0
3777,0.375774,0
3778,0.520516,0
3779,0.376013,0
3780,0.373237,0
3781,0.533273,0
3782,0.189737,0
3783,0.377484,0
3784,0.693314,0
3785,0.693456,0
3786,0.693385,0
3787,0.692726,0
3788,0.692726,0
3789,0.331265,0
3790,0.223820,0
3791,0.332784,0
3792,0.229262,0
3793,0.490854,0
3794,0.147473,0
3795,0.331335,0
3796,0.647232,0
3797,0.377639,0
3798,0.338128,0
3799,0.338128,0
3800,0.374640,0
3801,0.488069,0
3802,0.331499,0
3803,0.647352,0
3804,0.647352,0
3805,0.139482,0
3806,0.646582,0
3807,0.646582,0
3808,0.532746,0
3809,0.379200,0
3810,0.530994,0
3811,0.534385,0
3812,0.533205,0
3813,0.488317,0
3814,0.530390,0
3815,0.234388,0
3816,0.143132,0
3817,1.013180,0
3818,0.129872,0
3819,0.692106,0
3820,2.277819,1
3821,0.692509,0
3822,0.696736,0
3823,0.696736,0
3824,0.533375,0
3825,0.533828,0
3826,0.646047,0
3827,0.201227,0
3828,0.230165,0
3829,1.016477,0
3830,1.375879,0
3831,0.646791,0
3832,0.647535,0
3833,0.647286,0
3834,0.486634,0
3835,0.532607,0
3836,1.305911,0
3837,1.372496,0
3838,0.846962,0
3839,2.177519,1
3840,2.177519,1
3841,1.174351,0
3842,1.946830,0
3843,0.638070,0
3844,0.682316,0
3845,1.076551,0
3846,0.299557,0
3847,1.010269,0
3848,0.476397,0
3849,0.362268,0
3850,0.089661,0
3851,0.089661,0
3852,0.362176,0
3853,0.801611,0
3854,0.476288,0
3855,0.685434,0
3856,1.011434,0
3857,0.203530,0
3858,0.082339,0
3859,0.800563,0
3860,2.210151,1
3861,0.800658,0
3862,0.800921,0
3863,0.172471,0
3864,0.522810,0
3865,0.496059,0
3866,1.305909,0
3867,0.683569,0
3868,0.684209,0
3869,0.357781,0
3870,0.802766,0
3871,0.800197,0
3872,0.215275,0
3873,0.210564,0
3874,0.364172,0
3875,0.683453,0
3876,0.685210,0
3877,1.306365,0
3878,0.638643,0
3879,0.318201,0
3880,0.639250,0
3881,0.639336,0
3882,0.360481,0
3883,0.310395,0
3884,0.357244,0
3885,2.111042,0
3886,1.011389,0
3887,1.305712,0
3888,1.371590,0
3889,0.800362,0
3890,0.684583,0
3891,0.682642,0
3892,0.524165,0
3893,0.355219,0
3894,0.685892,0
3895,0.686419,0
3896,0.686284,0
3897,0.684932,0
3898,0.685078,0
3899,0.684038,0
3900,0.523396,0
3901,0.522713,0
3902,0.637569,0
3903,1.304973,0
3904,2.144057,0
3905,2.144057,0
3906,0.356460,0
3907,0.195537,0
3908,0.682692,0
3909,1.370795,0
3910,1.717434,0
3911,0.519445,0
3912,0.682588,0
3913,0.682588,0
3914,0.354309,0
3915,0.241355,0
3916,0.682395,0
3917,0.365844,0
3918,1.723814,0
3919,0.388346,0
3920,1.354846,0
3921,0.525686,0
3922,0.538843,0
3923,1.679798,0
3924,0.334045,0
3925,0.356437,0
3926,0.539398,0
3927,1.726343,0
3928,0.220548,0
3929,1.430443,0
3930,0.412512,0
3931,0.525999,0
3932,0.586519,0
3933,0.946315,0
3934,2.191032,1
3935,0.645248,0
3936,0.335006,0
3937,0.375194,0
3938,0.692137,0
3939,0.131368,0
3940,0.854220,0
3941,1.374711,0
3942,0.692549,0
3943,0.679036,0
3944,0.679036,0
3945,0.374680,0
3946,1.017726,0
3947,1.018997,0
3948,1.305944,0
3949,0.684687,0
3950,0.682638,0
3951,0.846295,0
3952,0.685209,0
3953,0.683201,0
3954,0.068664,0
3955,1.947393,0
3956,0.262791,0
3957,0.264162,0
3958,0.356061,0
3959,1.011824,0
3960,1.011414,0
3961,0.473716,0
3962,0.357520,0
3963,1.009768,0
3964,1.339593,0
3965,1.305805,0
3966,1.305805,0
3967,1.306080,0
3968,1.306080,0
3969,1.306102,0
3970,1.652369,0
3971,0.149794,0
3972,0.200741,0
3973,0.200603,0
3974,1.175288,0
3975,0.684071,0
3976,0.073111,0
3977,1.010787,0
3978,1.307340,0
3979,1.011379,0
3980,1.010592,0
3981,1.013224,0
3982,0.734957,0
3983,0.682843,0
3984,1.010609,0
3985,0.687810,0
3986,2.112329,0
3987,0.850794,0
3988,1.011891,0
3989,0.684530,0
3990,0.685113,0
3991,1.305660,0
3992,0.688224,0
3993,0.075073,0
3994,1.306520,0
3995,1.012508,0
3996,0.847159,0
3997,0.682009,0
3998,2.110792,0
3999,1.174531,0
4000,2.145025,0
4001,2.111082,0
4002,0.683541,0
4003,1.009265,0
4004,0.778799,0
4005,1.559919,0
4006,0.525295,0
4007,2.011962,0
4008,0.596667,0
4009,0.954945,0
4010,0.431180,0
4011,0.429970,0
4012,0.492967,0
4013,0.493067,0
4014,0.429327,0
4015,0.896298,0
4016,0.975377,0
4017,0.393300,0
4018,1.016289,0
4019,0.853845,0
4020,0.691993,0
4021,0.691993,0
4022,0.531723,0
4023,0.530713,0
4024,0.530713,0
4025,0.462697,0
4026,1.311152,0
4027,0.531774,0
4028,1.016878,0
4029,1.016629,0
4030,0.696053,0
4031,0.646485,0
4032,1.181458,0
4033,0.528346,0
4034,1.017263,0
4035,0.694786,0
4036,1.017895,0
4037,0.185867,0
4038,0.532498,0
4039,1.376716,0
4040,0.191267,0
4041,0.194113,0
4042,0.195097,0
4043,0.195097,0
4044,0.194656,0
4045,0.329053,0
4046,0.485422,0
4047,0.193155,0
4048,0.231618,0
4049,0.191693,0
4050,0.192969,0
4051,0.194113,0
4052,0.328923,0
4053,0.328923,0
4054,0.489493,0
4055,0.530694,0
4056,0.649012,0
4057,0.691195,0
4058,0.140755,0
4059,0.530888,0
4060,0.488951,0
4061,0.483386,0
4062,0.486366,0
4063,1.016465,0
4064,0.490855,0
4065,0.491614,0
4066,0.280565,0
4067,0.646293,0
4068,0.487997,0
4069,1.309942,0
4070,1.018759,0
4071,0.535754,0
4072,0.532569,0
4073,0.126422,0
4074,0.126422,0
4075,0.332379,0
4076,0.334222,0
4077,0.333898,0
4078,0.334222,0
4079,0.234192,0
4080,0.130492,0
4081,0.182741,0
4082,0.532979,0
4083,1.308355,0
4084,1.308355,0
4085,0.212017,0
4086,1.127090,0
4087,1.012637,0
4088,0.520740,0
4089,0.520208,0
4090,2.112057,0
4091,0.682745,0
4092,0.361393,0
4093,1.011559,0
4094,0.846734,0
4095,1.307035,0
4096,0.684637,0
4097,2.145866,1
4098,0.474762,0
4099,1.174495,0
4100,0.851848,0
4101,0.423225,0
4102,0.429481,0
4103,1.307422,0
4104,1.307320,0
4105,1.306785,0
4106,2.144566,0
4107,0.684460,0
4108,0.689161,0
4109,1.306003,0
4110,1.305597,0
4111,1.127418,0
4112,1.012266,0
4113,1.011774,0
4114,0.518638,0
4115,2.408527,1
4116,2.406664,1
4117,2.406419,1
4118,0.637785,0
4119,0.360736,0
4120,0.361763,0
4121,0.478589,0
4122,1.010998,0
4123,1.372150,0
4124,0.638527,0
4125,0.638527,0
4126,0.524359,0
4127,2.111798,0
4128,2.111798,0
4129,1.371997,0
4130,1.371702,0
4131,1.371173,0
4132,0.684168,0
4133,0.636067,0
4134,0.798671,0
4135,1.012866,0
4136,0.685348,0
4137,0.635060,0
4138,0.203776,0
4139,0.638962,0
4140,0.210792,0
4141,0.211873,0
4142,0.210306,0
4143,0.210306,0
4144,0.212161,0
4145,0.210130,0
4146,0.157415,0
4147,0.161307,0
4148,0.160213,0
4149,2.079035,0
4150,2.078497,0
4151,0.637100,0
4152,0.220957,0
4153,2.111880,0
4154,1.011226,0
4155,0.312498,0
4156,0.477862,0
4157,0.477862,0
4158,0.800112,0
4159,0.522913,0
4160,0.636268,0
4161,0.634905,0
4162,0.522368,0
4163,1.010639,0
4164,0.684583,0
4165,0.684583,0
4166,0.684196,0
4167,2.111903,0
4168,0.638657,0
4169,0.638211,0
4170,0.638211,0
4171,1.305663,0
4172,0.363862,0
4173,0.682935,0
4174,0.847741,0
4175,0.848414,0
4176,0.799498,0
4177,0.846867,0
4178,0.520033,0
4179,0.519815,0
4180,0.682068,0
4181,0.054326,0
4182,2.079639,0
4183,0.073164,0
4184,1.012015,0
4185,0.683946,0
4186,0.068017,0
4187,0.962467,0
4188,2.209454,1
4189,0.520998,0
4190,0.520998,0
4191,0.520998,0
4192,0.641034,0
4193,0.641034,0
4194,0.685840,0
4195,0.685840,0
4196,1.011623,0
4197,1.010687,0
4198,0.635339,0
4199,1.010912,0
4200,0.524059,0
4201,0.519309,0
4202,1.372486,0
4203,0.964663,0
4204,1.012780,0
4205,1.011330,0
4206,0.803238,0
4207,0.313088,0
4208,0.479433,0
4209,0.479433,0
4210,0.473679,0
4211,0.685442,0
4212,0.685442,0
4213,1.175075,0
4214,0.850503,0
4215,0.683055,0
4216,0.476335,0
4217,0.685230,0
4218,0.685230,0
4219,0.471636,0
4220,0.635832,0
4221,0.311920,0
4222,0.687408,0
4223,0.084419,0
4224,0.637040,0
4225,0.211214,0
4226,0.355937,0
4227,1.372519,0
4228,0.312506,0
4229,0.312608,0
4230,0.519362,0
4231,0.358700,0
4232,0.206514,0
4233,0.669466,0
4234,0.669466,0
4235,1.915676,0
4236,1.915876,0
4237,0.099155,0
4238,0.521816,0
4239,0.847325,0
4240,0.522642,0
4241,2.078465,0
4242,1.372621,0
4243,0.845291,0
4244,0.846019,0
4245,0.847552,0
4246,0.517245,0
4247,1.371368,0
4248,2.176859,1
4249,1.718545,0
4250,2.177062,1
4251,2.177062,1
4252,1.979550,0
4253,0.683516,0
4254,0.356680,0
4255,0.192740,0
4256,0.683342,0
4257,0.522567,0
4258,1.010041,0
4259,0.357017,0
4260,2.144424,0
4261,1.304936,0
4262,0.845955,0
4263,1.979404,0
4264,1.013013,0
4265,1.013013,0
4266,2.045785,0
4267,0.520374,0
4268,2.045438,0
4269,0.517149,0
4270,0.719026,0
4271,0.684694,0
4272,1.304785,0
4273,0.682184,0
4274,1.552883,0
4275,2.078035,0
4276,0.633816,0
4277,0.473936,0
4278,2.111355,0
4279,0.057893,0
4280,1.307059,0
4281,1.520216,0
4282,1.519797,0
4283,0.635516,0
4284,0.475883,0
4285,3.188268,1
4286,0.850371,0
4287,0.434324,0
4288,0.446985,0
4289,0.432329,0
4290,0.507342,0
4291,2.219866,1
4292,0.506944,0
4293,0.473005,0
4294,0.414617,0
4295,0.493550,0
4296,0.460130,0
4297,0.460505,0
4298,0.365744,0
4299,0.368927,0
4300,0.427185,0
4301,1.078211,0
4302,0.384957,0
4303,2.536374,1
4304,2.893686,1
4305,3.851812,1
4306,0.437805,0
4307,0.427289,0
4308,0.491978,0
4309,0.546830,0
4310,0.397393,0
4311,0.411455,0
4312,0.349944,0
4313,1.015161,0
4314,1.015161,0
4315,0.568382,0
4316,1.856038,0
4317,0.484421,0
4318,0.228103,0
4319,0.689506,0
4320,0.693064,0
4321,0.530218,0
4322,0.691395,0
4323,0.125872,0
4324,1.310666,0
4325,0.854089,0
4326,0.528185,0
4327,0.691103,0
4328,0.693526,0
4329,1.017449,0
4330,1.016514,0
4331,1.310436,0
4332,0.690598,0
4333,0.690815,0
4334,0.691571,0
4335,1.016989,0
4336,0.847480,0
4337,1.291607,0
4338,0.079665,0
4339,0.638853,0
4340,0.281918,0
4341,1.010927,0
4342,1.307043,0
4343,1.306972,0
4344,1.306443,0
4345,0.681607,0
4346,1.011116,0
4347,1.011290,0
4348,0.799021,0
4349,0.682313,0
4350,1.914234,0
4351,1.009713,0
4352,0.539348,0
4353,1.079360,0
4354,4.243195,1
4355,0.385981,0
4356,0.493494,0
4357,0.378674,0
4358,0.501070,0
4359,0.528805,0
4360,0.693866,0
4361,1.310191,0
4362,1.014337,0
4363,0.538284,0
4364,0.694387,0
4365,0.694387,0
4366,0.140291,0
4367,0.202689,0
4368,0.148002,0
4369,0.138176,0
4370,0.338945,0
4371,0.194293,0
4372,0.359993,0
4373,0.359993,0
4374,0.359993,0
4375,0.360021,0
4376,0.331690,0
4377,0.638603,0
4378,0.362833,0
4379,0.363213,0
4380,1.305807,0
4381,0.818121,0
4382,1.371828,0
4383,0.850972,0
4384,0.525653,0
4385,0.362287,0
4386,0.359101,0
4387,0.359101,0
4388,0.684905,0
4389,0.354757,0
4390,1.010912,0
4391,0.316983,0
4392,0.472357,0
4393,0.078800,0
4394,0.684548,0
4395,0.519025,0
4396,0.205133,0
4397,0.361711,0
4398,0.686631,0
4399,0.358970,0
4400,0.522186,0
4401,0.799520,0
4402,0.801884,0
4403,0.686956,0
4404,1.372835,0
4405,0.079524,0
4406,0.206774,0
4407,0.196212,0
4408,0.205884,0
4409,0.204449,0
4410,0.800313,0
4411,1.011699,0
4412,0.639343,0
4413,0.366110,0
4414,0.366110,0
4415,0.800706,0
4416,0.526307,0
4417,0.476962,0
4418,0.478482,0
4419,0.316933,0
4420,0.317969,0
4421,0.474969,0
4422,0.101857,0
4423,0.163872,0
4424,0.092487,0
4425,0.107905,0
4426,0.163310,0
4427,0.162894,0
4428,0.172825,0
4429,0.315839,0
4430,0.683617,0
4431,0.355479,0
4432,0.353374,0
4433,0.353370,0
4434,2.408457,1
4435,0.636344,0
4436,0.356297,0
4437,0.356850,0
4438,0.074575,0
4439,0.073903,0
4440,0.357505,0
4441,1.371872,0
4442,0.203048,0
4443,0.208276,0
4444,2.472562,1
4445,1.848318,0
4446,0.519720,0
4447,0.311144,0
4448,0.962377,0
4449,0.357795,0
4450,0.055930,0
4451,0.150866,0
4452,1.031887,0
4453,1.987669,0
4454,0.339155,0
4455,0.598192,0
4456,1.014888,0
4457,0.226882,0
4458,0.227572,0
4459,0.343299,0
4460,1.376391,0
4461,0.534684,0
4462,0.534503,0
4463,0.536154,0
4464,0.536154,0
4465,0.694867,0
4466,0.437210,0
4467,0.537971,0
4468,0.239954,0
4469,0.691917,0
4470,0.533990,0
4471,0.382773,0
4472,0.375095,0
4473,0.375095,0
4474,1.375165,0
4475,1.015194,0
4476,0.532737,0
4477,1.179980,0
4478,1.017679,0
4479,0.687624,0
4480,1.178583,0
4481,1.015952,0
4482,0.689913,0
4483,0.531016,0
4484,0.530810,0
4485,0.693212,0
4486,0.693234,0
4487,0.855663,0
4488,0.530455,0
4489,0.530657,0
4490,1.884729,0
4491,0.692541,0
4492,0.532232,0
4493,0.374444,0
4494,0.529379,0
4495,0.526813,0
4496,0.380234,0
4497,0.532224,0
4498,0.527706,0
4499,0.532822,0
4500,1.017168,0
4501,0.690708,0
4502,0.532330,0
4503,1.017452,0
4504,0.368882,0
4505,0.368350,0
4506,0.692052,0
4507,1.015103,0
4508,0.527884,0
4509,0.689830,0
4510,0.692617,0
4511,0.689280,0
4512,0.689606,0
4513,1.015662,0
4514,1.017305,0
4515,1.179585,0
4516,0.531771,0
4517,0.532750,0
4518,1.016504,0
4519,0.531861,0
4520,0.135789,0
4521,0.538728,0
4522,0.531766,0
4523,0.693682,0
4524,0.693475,0
4525,0.532347,0
4526,0.153495,0
4527,0.533960,0
4528,0.531597,0
4529,0.532509,0
4530,0.532658,0
4531,0.695295,0
4532,0.529028,0
4533,0.531861,0
4534,0.530475,0
4535,0.531284,0
4536,0.531284,0
4537,0.531633,0
4538,0.539400,0
4539,0.539432,0
4540,0.536448,0
4541,0.531990,0
4542,0.533750,0
4543,0.369939,0
4544,2.474124,1
4545,1.313120,0
4546,0.531801,0
4547,1.493918,0
4548,0.541235,0
4549,0.529454,0
4550,0.529951,0
4551,0.228434,0
4552,0.140529,0
4553,0.226278,0
4554,0.488827,0
4555,0.530675,0
4556,0.371112,0
4557,0.235952,0
4558,0.359414,0
4559,0.521145,0
4560,1.011722,0
4561,1.011722,0
4562,0.686186,0
4563,0.362099,0
4564,1.979759,0
4565,0.317936,0
4566,0.683793,0
4567,0.316588,0
4568,1.009917,0
4569,1.010991,0
4570,2.143787,0
4571,0.522597,0
4572,0.682526,0
4573,0.683486,0
4574,0.523749,0
4575,0.331490,0
4576,0.331503,0
4577,0.519146,0
4578,0.683980,0
4579,0.522316,0
4580,0.427926,0
4581,0.520424,0
4582,0.524860,0
4583,0.521528,0
4584,0.847491,0
4585,0.206864,0
4586,0.520010,0
4587,0.522852,0
4588,0.528556,0
4589,0.522773,0
4590,0.521204,0
4591,0.368287,0
4592,1.010981,0
4593,0.520408,0
4594,0.524053,0
4595,1.306747,0
4596,1.306020,0
4597,0.520259,0
4598,0.522661,0
4599,1.305947,0
4600,0.847640,0
4601,0.847461,0
4602,0.686215,0
4603,1.011623,0
4604,0.686820,0
4605,1.011619,0
4606,0.521686,0
4607,0.360034,0
4608,1.306806,0
4609,0.799429,0
4610,0.683843,0
4611,1.176827,0
4612,0.397777,0
4613,0.684292,0
4614,1.011586,0
4615,1.011586,0
4616,1.010752,0
4617,0.683083,0
4618,0.682902,0
4619,0.330847,0
4620,0.522377,0
4621,0.519000,0
4622,1.011057,0
4623,1.555143,0
4624,0.685415,0
4625,1.174925,0
4626,0.683486,0
4627,0.846112,0
4628,0.683766,0
4629,0.684269,0
4630,0.076963,0
4631,0.683498,0
4632,0.520312,0
4633,0.520312,0
4634,0.520245,0
4635,0.520449,0
4636,1.012034,0
4637,0.653224,0
4638,0.491146,0
4639,1.307303,0
4640,0.521005,0
4641,0.519560,0
4642,0.520814,0
4643,0.520814,0
4644,0.519740,0
4645,0.521463,0
4646,0.587512,0
4647,0.523384,0
4648,0.684160,0
4649,0.641638,0
4650,0.310332,0
4651,0.683620,0
4652,0.355289,0
4653,0.979809,0
4654,0.519275,0
4655,0.522007,0
4656,0.684559,0
4657,0.077176,0
4658,0.521716,0
4659,0.523728,0
4660,0.718524,0
4661,0.847900,0
4662,1.373804,0
4663,0.520838,0
4664,0.848725,0
4665,0.522717,0
4666,0.058611,0
4667,0.522268,0
4668,1.011134,0
4669,1.173714,0
4670,1.305734,0
4671,0.358217,0
4672,0.846732,0
4673,1.374717,0
4674,1.010695,0
4675,0.682920,0
4676,0.519973,0
4677,0.472354,0
4678,1.290842,0
4679,1.499596,0
4680,1.161844,0
4681,1.161831,0
4682,1.455669,0
4683,0.873466,0
4684,1.983597,0
4685,0.559730,0
4686,1.037595,0
4687,1.270151,0
4688,0.474153,0
4689,0.334346,0
4690,0.336267,0
4691,0.390195,0
4692,0.460342,0
4693,0.395040,0
4694,1.467543,0
4695,0.581868,0
4696,0.392505,0
4697,0.593956,0
4698,0.685533,0
4699,0.654960,0
4700,0.654960,0
4701,0.654960,0
4702,0.624622,0
4703,0.622976,0
4704,0.349096,0
4705,0.694258,0
4706,0.333538,0
4707,0.350091,0
4708,0.501399,0
4709,0.380438,0
4710,0.662895,0
4711,0.553334,0
4712,0.535703,0
4713,0.768962,0
4714,0.340754,0
4715,0.605033,0
4716,0.386903,0
4717,0.914897,0
4718,0.393778,0
4719,0.824751,0
4720,1.311063,0
4721,1.376043,0
4722,1.376023,0
4723,1.376023,0
4724,1.377164,0
4725,1.377190,0
4726,1.377190,0
4727,1.377164,0
4728,1.310677,0
4729,1.376441,0
4730,1.374669,0
4731,1.376646,0
4732,1.376646,0
4733,1.376639,0
4734,1.017776,0
4735,0.530567,0
4736,1.377437,0
4737,1.377267,0
4738,1.459891,0
4739,1.459891,0
4740,1.459767,0
4741,1.459767,0
4742,1.311601,0
4743,2.016650,0
4744,2.016952,0
4745,0.339475,0
4746,1.017203,0
4747,1.375507,0
4748,1.377776,0
4749,1.377776,0
4750,1.377776,0
4751,1.375944,0
4752,1.375333,0
4753,1.375126,0
4754,1.375684,0
4755,1.375225,0
4756,1.376023,0
4757,1.312364,0
4758,1.015433,0
4759,1.015980,0
4760,1.376769,0
4761,0.853063,0
4762,1.309419,0
4763,1.310365,0
4764,1.374620,0
4765,1.372003,0
4766,1.372003,0
4767,1.372307,0
4768,1.521926,0
4769,1.372228,0
4770,1.372228,0
4771,1.372342,0
4772,1.653177,0
4773,1.372694,0
4774,1.373016,0
4775,1.371603,0
4776,1.373202,0
4777,1.372916,0
4778,1.372268,0
4779,1.371734,0
4780,1.371734,0
4781,0.323122,0
4782,1.372324,0
4783,1.372324,0
4784,1.372332,0
4785,1.948021,0
4786,1.372238,0
4787,1.372498,0
4788,1.374030,0
4789,1.372228,0
4790,1.372228,0
4791,1.372003,0
4792,1.372463,0
4793,1.372188,0
4794,1.371952,0
4795,0.378485,0
4796,1.372803,0
4797,1.372003,0
4798,1.372113,0
4799,1.372139,0
4800,1.373367,0
4801,1.012105,0
4802,1.012105,0
4803,1.307082,0
4804,1.372357,0
4805,1.306806,0
4806,1.372357,0
4807,1.372122,0
4808,1.372122,0
4809,1.371325,0
4810,1.372416,0
4811,1.373212,0
4812,0.848373,0
4813,1.372936,0
4814,1.372180,0
4815,1.371598,0
4816,1.371598,0
4817,2.112944,0
4818,1.371945,0
4819,1.372862,0
4820,1.372862,0
4821,1.372011,0
4822,1.372803,0
4823,1.306163,0
4824,1.372003,0
4825,1.371529,0
4826,1.372003,0
4827,1.372003,0
4828,1.175335,0
4829,0.849351,0
4830,1.012555,0
4831,1.305879,0
4832,1.372214,0
4833,1.371409,0
4834,1.371569,0
4835,1.372901,0
4836,1.372018,0
4837,1.372018,0
4838,1.371833,0
4839,1.371758,0
4840,1.371842,0
4841,1.371725,0
4842,1.307015,0
4843,1.307015,0
4844,1.371669,0
4845,1.371598,0
4846,1.306026,0
4847,1.372238,0
4848,1.371734,0
4849,2.112192,0
4850,1.373269,0
4851,1.372369,0
4852,1.372003,0
4853,1.371553,0
4854,1.371742,0
4855,1.370627,0
4856,1.372490,0
4857,1.372608,0
4858,1.372369,0
4859,1.372120,0
4860,1.372074,0
4861,1.371992,0
4862,1.372976,0
4863,1.371860,0
4864,1.371837,0
4865,1.372163,0
4866,1.372291,0
4867,1.371419,0
4868,1.372178,0
4869,1.373464,0
4870,1.372098,0
4871,1.371916,0
4872,1.372291,0
4873,1.306748,0
4874,1.371641,0
4875,1.371710,0
4876,1.372040,0
4877,1.372027,0
4878,1.372183,0
4879,1.372811,0
4880,1.372811,0
4881,1.372167,0
4882,1.372135,0
4883,1.373685,0
4884,1.372032,0
4885,1.371785,0
4886,1.371561,0
4887,1.372111,0
4888,1.371936,0
4889,1.372038,0
4890,1.372775,0
4891,1.373567,0
4892,1.372346,0
4893,2.111709,0
4894,1.371415,0
4895,1.307554,0
4896,1.306905,0
4897,1.306136,0
4898,1.373300,0
4899,2.407148,1
4900,1.175357,0
4901,1.307859,0
4902,1.307625,0
4903,1.307625,0
4904,1.308185,0
4905,1.307650,0
4906,1.307823,0
4907,1.308229,0
4908,1.306759,0
4909,1.308631,0
4910,0.338762,0
4911,1.012470,0
4912,1.685808,0
4913,1.784189,0
4914,1.718600,0
4915,1.717956,0
4916,2.078901,0
4917,0.331648,0
4918,1.372038,0
4919,1.372038,0
4920,1.306974,0
4921,1.305984,0
4922,1.307597,0
4923,1.306844,0
4924,1.306640,0
4925,1.012467,0
4926,0.336918,0
4927,0.848651,0
4928,1.372393,0
4929,1.012582,0
4930,1.012095,0
4931,1.012407,0
4932,1.011260,0
4933,1.011852,0
4934,1.011852,0
4935,1.012476,0
4936,1.014204,0
4937,1.372578,0
4938,1.372706,0
4939,1.372706,0
4940,1.372156,0
4941,1.371315,0
4942,1.372393,0
4943,1.372513,0
4944,1.373149,0
4945,2.112010,0
4946,1.372449,0
4947,1.371685,0
4948,1.371772,0
4949,1.371772,0
4950,1.371772,0
4951,1.371419,0
4952,1.372695,0
4953,1.372498,0
4954,0.520369,0
4955,1.372695,0
4956,1.372695,0
4957,2.177647,1
4958,1.372357,0
4959,1.372357,0
4960,1.372003,0
4961,1.009891,0
4962,1.372545,0
4963,1.372821,0
4964,1.373656,0
4965,1.372003,0
4966,0.366666,0
4967,1.306983,0
4968,1.175901,0
4969,1.718721,0
4970,1.371770,0
4971,1.372228,0
4972,0.330996,0
4973,1.372111,0
4974,1.372084,0
4975,1.010417,0
4976,1.372759,0
4977,1.371896,0
4978,1.371707,0
4979,1.371513,0
4980,1.372760,0
4981,1.372760,0
4982,1.372003,0
4983,1.372803,0
4984,1.371974,0
4985,1.373537,0
4986,1.371904,0
4987,1.371421,0
4988,1.370688,0
4989,1.370618,0
4990,0.848019,0
4991,0.156046,0
4992,1.012699,0
4993,1.012868,0
4994,0.847344,0
4995,1.012678,0
4996,1.175949,0
4997,1.010949,0
4998,1.011973,0
4999,0.850905,0
5000,1.371910,0
5001,1.372290,0
5002,1.372003,0
5003,1.372003,0
5004,1.306562,0
5005,0.847859,0
5006,0.847074,0
5007,0.847738,0
5008,0.847584,0
5009,2.472781,1
5010,0.848020,0
5011,1.305879,0
5012,1.371419,0
5013,1.371419,0
5014,1.371419,0
5015,1.371734,0
5016,1.306446,0
5017,2.439781,1
5018,1.372118,0
5019,1.372350,0
5020,1.370920,0
5021,1.370920,0
5022,1.371463,0
5023,1.015620,0
5024,1.372996,0
5025,1.175099,0
5026,1.012540,0
5027,1.306502,0
5028,1.307231,0
5029,1.306948,0
5030,1.013321,0
5031,0.095856,0
5032,0.686152,0
5033,0.604497,0
5034,0.640778,0
5035,1.307695,0
5036,0.212357,0
5037,1.372280,0
5038,1.372303,0
5039,2.408141,1
5040,1.371799,0
5041,2.080657,0
5042,1.372648,0
5043,1.175936,0
5044,0.327971,0
5045,1.371949,0
5046,0.330740,0
5047,1.372427,0
5048,1.305242,0
5049,1.372451,0
5050,1.372451,0
5051,1.372451,0
5052,1.371254,0
5053,1.371330,0
5054,1.371342,0
5055,1.371191,0
5056,1.371726,0
5057,1.372187,0
5058,1.371191,0
5059,1.371193,0
5060,1.371782,0
5061,1.371207,0
5062,1.371843,0
5063,2.078379,0
5064,1.370963,0
5065,1.370708,0
5066,2.078812,0
5067,1.371623,0
5068,1.306197,0
5069,1.012038,0
5070,1.305546,0
5071,1.305546,0
5072,1.305546,0
5073,1.305546,0
5074,1.305546,0
5075,1.372233,0
5076,1.371499,0
5077,1.371146,0
5078,1.371258,0
5079,1.371308,0
5080,1.371827,0
5081,1.371212,0
5082,2.144284,0
5083,1.371362,0
5084,1.307014,0
5085,1.371818,0
5086,1.371588,0
5087,1.011020,0
5088,1.371240,0
5089,1.371190,0
5090,1.010979,0
5091,1.371691,0
5092,1.371879,0
5093,1.371879,0
5094,1.371170,0
5095,1.371207,0
5096,1.371755,0
5097,1.371420,0
5098,1.174925,0
5099,1.371020,0
5100,1.010780,0
5101,1.305546,0
5102,1.371961,0
5103,1.371961,0
5104,0.331919,0
5105,1.010824,0
5106,1.010535,0
5107,1.010512,0
5108,1.010648,0
5109,1.371157,0
5110,1.371592,0
5111,1.373049,0
5112,1.305157,0
5113,0.331318,0
5114,1.305593,0
5115,1.371344,0
5116,0.329867,0
5117,1.371730,0
5118,2.177057,1
5119,1.371217,0
5120,1.371942,0
5121,1.371956,0
5122,1.372018,0
5123,2.111675,0
5124,1.371764,0
5125,1.305761,0
5126,1.372451,0
5127,1.372473,0
5128,1.305125,0
5129,0.845961,0
5130,0.846785,0
5131,0.847734,0
5132,0.846892,0
5133,1.338493,0
5134,1.306085,0
5135,1.371365,0
5136,1.307417,0
5137,1.174508,0
5138,1.371137,0
5139,2.078750,0
5140,1.305666,0
5141,1.174357,0
5142,1.339501,0
5143,1.371731,0
5144,1.372271,0
5145,1.306619,0
5146,1.371253,0
5147,1.371545,0
5148,1.371545,0
5149,1.371642,0
5150,1.371642,0
5151,1.371146,0
5152,1.371519,0
5153,1.371116,0
5154,1.371116,0
5155,1.371556,0
5156,1.371426,0
5157,1.305057,0
5158,1.306945,0
5159,1.306945,0
5160,1.372162,0
5161,1.305468,0
5162,1.306265,0
5163,1.306172,0
5164,1.306113,0
5165,2.046368,0
5166,2.341443,1
5167,1.371499,0
5168,1.371308,0
5169,1.305389,0
5170,1.337456,0
5171,1.371991,0
5172,1.371396,0
5173,1.372279,0
5174,1.372279,0
5175,1.370715,0
5176,1.371829,0
5177,1.305847,0
5178,1.371067,0
5179,2.440098,1
5180,4.063336,1
5181,1.374443,0
5182,0.456856,0
5183,0.336427,0
5184,0.392805,0
5185,0.339445,0
5186,0.394160,0
5187,0.340261,0
5188,0.358498,0
5189,0.337847,0
5190,0.335478,0
5191,0.435369,0
5192,2.449125,1
5193,0.495024,0
5194,1.374605,0
5195,0.340122,0
5196,0.506810,0
5197,1.016591,0
5198,1.014760,0
5199,1.014849,0
5200,1.309436,0
5201,0.823867,0
5202,1.021541,0
5203,1.067775,0
5204,1.356714,0
5205,1.022701,0
5206,1.035557,0
5207,1.015525,0
5208,1.080809,0
5209,1.014849,0
5210,1.014979,0
5211,1.014979,0
5212,1.014110,0
5213,1.014086,0
5214,1.014323,0
5215,1.033444,0
5216,1.100135,0
5217,1.070486,0
5218,2.128691,0
5219,0.387980,0
5220,2.239659,1
5221,0.342596,0
5222,1.389361,0
5223,1.373871,0
5224,1.013944,0
5225,0.430617,0
5226,0.393168,0
5227,0.338282,0
5228,0.395105,0
5229,0.828637,0
5230,1.223261,0
5231,0.337344,0
5232,0.337879,0
5233,0.338593,0
5234,0.880971,0
5235,0.337344,0
5236,1.341091,0
5237,0.361181,0
5238,0.337344,0
5239,0.393315,0
5240,0.393315,0
5241,0.499402,0
5242,1.335685,0
5243,1.335685,0
5244,1.341886,0
5245,1.381671,0
5246,1.355677,0
5247,1.357875,0
5248,1.341083,0
5249,1.308846,0
5250,1.014396,0
5251,1.033417,0
5252,1.630729,0
5253,0.864690,0
5254,1.073119,0
5255,1.477901,0
5256,1.069689,0
5257,2.423987,1
5258,2.456465,1
5259,1.193696,0
5260,1.194515,0
5261,1.265773,0
5262,1.436449,0
5263,1.436449,0
5264,1.178723,0
5265,0.376723,0
5266,0.371256,0
5267,0.495764,0
5268,1.374412,0
5269,2.359304,1
5270,3.751619,1
5271,1.263924,0
5272,0.348640,0
5273,1.374398,0
5274,0.336250,0
5275,0.349369,0
5276,0.496666,0
5277,1.013715,0
5278,0.364711,0
5279,0.352185,0
5280,0.452838,0
5281,0.348205,0
5282,0.349745,0
5283,0.335985,0
5284,0.351722,0
5285,0.334982,0
5286,0.334273,0
5287,1.014006,0
5288,1.019410,0
5289,0.544696,0
5290,0.383315,0
5291,0.438485,0
5292,0.366395,0
5293,0.415709,0
5294,0.371424,0
5295,0.329530,0
5296,1.025270,0
5297,0.536869,0
5298,0.701976,0
5299,0.388795,0
5300,0.455319,0
5301,0.357493,0
5302,1.813288,0
5303,1.846453,0
5304,0.361913,0
5305,0.653373,0
5306,0.924932,0
5307,0.801572,0
5308,0.360306,0
5309,2.334524,1
5310,1.146974,0
5311,0.666073,0
5312,0.359735,0
5313,0.198641,0
5314,2.967275,1
5315,0.373975,0
5316,0.533848,0
5317,0.854211,0
5318,0.531358,0
5319,0.347492,0
5320,0.344716,0
5321,0.374510,0
5322,0.532216,0
5323,0.536935,0
5324,0.536935,0
5325,0.373097,0
5326,0.529247,0
5327,1.310054,0
5328,0.693731,0
5329,1.018796,0
5330,1.018796,0
5331,1.018796,0
5332,0.692901,0
5333,0.226103,0
5334,0.376672,0
5335,1.015497,0
5336,0.379433,0
5337,0.379505,0
5338,0.534241,0
5339,0.535758,0
5340,0.535380,0
5341,0.535758,0
5342,0.374762,0
5343,0.695622,0
5344,0.695622,0
5345,0.695601,0
5346,1.019331,0
5347,0.340700,0
5348,0.537035,0
5349,0.339997,0
5350,0.857045,0
5351,0.228148,0
5352,0.693349,0
5353,1.016101,0
5354,0.532026,0
5355,0.202468,0
5356,0.375152,0
5357,0.694050,0
5358,0.692942,0
5359,0.343836,0
5360,1.015817,0
5361,0.532917,0
5362,0.524015,0
5363,0.523918,0
5364,0.360525,0
5365,0.522018,0
5366,0.361947,0
5367,0.525492,0
5368,0.525492,0
5369,0.523019,0
5370,0.849014,0
5371,0.849014,0
5372,0.849014,0
5373,0.521427,0
5374,0.108034,0
5375,0.688106,0
5376,0.522642,0
5377,0.335066,0
5378,0.335066,0
5379,0.848808,0
5380,0.358485,0
5381,0.363989,0
5382,0.363592,0
5383,0.364424,0
5384,0.363116,0
5385,1.011514,0
5386,0.358135,0
5387,0.521399,0
5388,0.685817,0
5389,0.685069,0
5390,0.355681,0
5391,0.362073,0
5392,0.361104,0
5393,0.520232,0
5394,0.358549,0
5395,0.216397,0
5396,0.216397,0
5397,1.306607,0
5398,0.358292,0
5399,0.365606,0
5400,0.329239,0
5401,0.360812,0
5402,0.364421,0
5403,0.357470,0
5404,0.356594,0
5405,0.064309,0
5406,0.359136,0
5407,0.358050,0
5408,0.520478,0
5409,0.520478,0
5410,0.331187,0
5411,0.519324,0
5412,0.522897,0
5413,0.332246,0
5414,1.305871,0
5415,0.357776,0
5416,0.359880,0
5417,0.358549,0
5418,0.358292,0
5419,0.846177,0
5420,0.687913,0
5421,0.359767,0
5422,0.359767,0
5423,0.357826,0
5424,0.357826,0
5425,0.684197,0
5426,0.520082,0
5427,0.520082,0
5428,0.848616,0
5429,0.333610,0
5430,0.357076,0
5431,0.358754,0
5432,0.367589,0
5433,0.366578,0
5434,0.682715,0
5435,0.364141,0
5436,0.361175,0
5437,0.358193,0
5438,0.361054,0
5439,0.683485,0
5440,0.358962,0
5441,0.355195,0
5442,0.520966,0
5443,0.683474,0
5444,0.683847,0
5445,0.520015,0
5446,0.333759,0
5447,0.522198,0
5448,0.360801,0
5449,0.683999,0
5450,0.682999,0
5451,0.522626,0
5452,0.525998,0
5453,0.962533,0
5454,0.685134,0
5455,0.845752,0
5456,0.520380,0
5457,0.198687,0
5458,0.847454,0
5459,0.689819,0
5460,0.519645,0
5461,0.683483,0
5462,0.358625,0
5463,0.318686,0
5464,0.165611,0
5465,0.360895,0
5466,0.358138,0
5467,0.685277,0
5468,0.172282,0
5469,0.163224,0
5470,0.360828,0
5471,1.374339,0
5472,1.373827,0
5473,0.214651,0
5474,0.684052,0
5475,0.684052,0
5476,0.964297,0
5477,0.360601,0
5478,0.360846,0
5479,0.205148,0
5480,1.012396,0
5481,0.798616,0
5482,0.213704,0
5483,0.525997,0
5484,0.525892,0
5485,0.683606,0
5486,0.685057,0
5487,0.683814,0
5488,0.684109,0
5489,0.684075,0
5490,0.652521,0
5491,0.358564,0
5492,0.524572,0
5493,2.013246,0
5494,1.651753,0
5495,0.521329,0
5496,0.160534,0
5497,0.154563,0
5498,0.359832,0
5499,0.846283,0
5500,0.798045,0
5501,1.009362,0
5502,0.199930,0
5503,1.914489,0
5504,0.356629,0
5505,1.619751,0
5506,0.074551,0
5507,0.519157,0
5508,0.364414,0
5509,0.681708,0
5510,0.322470,0
5511,1.009362,0
5512,0.682577,0
5513,0.519513,0
5514,2.012356,0
5515,0.520375,0
5516,0.518679,0
5517,0.070599,0
5518,0.071348,0
5519,0.682451,0
5520,0.312339,0
5521,0.682836,0
5522,0.359004,0
5523,0.357343,0
5524,0.353834,0
5525,0.963424,0
5526,0.197955,0
5527,0.165301,0
5528,0.221346,0
5529,1.126122,0
5530,0.681120,0
5531,1.020115,0
5532,1.012327,0
5533,0.961992,0
5534,0.961947,0
5535,0.634239,0
5536,0.681194,0
5537,0.682295,0
5538,0.681558,0
5539,1.126190,0
5540,2.441508,1
5541,0.333559,0
5542,0.336938,0
5543,0.333070,0
5544,0.333150,0
5545,0.356621,0
5546,0.333213,0
5547,0.336289,0
5548,0.698671,0
5549,0.535859,0
5550,0.557997,0
5551,0.395837,0
5552,0.525019,0
5553,0.334021,0
5554,0.332895,0
5555,0.334470,0
5556,0.524879,0
5557,0.334454,0
5558,2.043177,0
5559,0.461137,0
5560,0.502416,0
5561,0.460837,0
5562,0.558128,0
5563,0.378253,0
5564,0.338977,0
5565,0.383956,0
5566,0.401171,0
5567,2.410801,1
5568,0.339020,0
5569,0.540119,0
5570,0.396833,0
5571,1.274108,0
5572,0.489331,0
5573,1.005166,0
5574,0.331822,0
5575,1.795251,0
5576,0.542228,0
5577,1.883921,0
5578,1.883921,0
5579,1.883921,0
5580,1.819226,0
5581,1.884785,0
5582,2.113993,0
5583,0.969318,0
5584,1.426756,0
5585,1.426380,0
5586,2.179675,1
5587,0.647023,0
5588,0.534703,0
5589,0.534861,0
5590,0.534861,0
5591,0.534861,0
5592,0.534861,0
5593,0.647130,0
5594,0.534738,0
5595,0.644872,0
5596,0.806174,0
5597,1.131279,0
5598,0.969432,0
5599,0.485610,0
5600,0.485614,0
5601,0.374885,0
5602,0.690918,0
5603,1.982481,0
5604,1.982481,0
5605,1.982481,0
5606,0.969151,0
5607,0.968662,0
5608,0.968829,0
5609,0.969404,0
5610,0.805663,0
5611,1.373946,0
5612,1.131754,0
5613,0.649288,0
5614,0.662134,0
5615,0.679620,0
5616,1.489114,0
5617,0.964459,0
5618,0.800501,0
5619,0.964019,0
5620,0.636183,0
5621,2.078222,0
5622,2.078586,0
5623,1.487909,0
5624,1.127555,0
5625,1.422435,0
5626,2.078849,0
5627,0.638011,0
5628,0.639170,0
5629,0.636969,0
5630,1.421933,0
5631,1.128034,0
5632,0.801695,0
5633,0.801075,0
5634,0.359136,0
5635,0.800254,0
5636,1.291021,0
5637,1.127836,0
5638,0.799268,0
5639,0.962287,0
5640,0.798066,0
5641,1.126211,0
5642,0.962222,0
5643,0.963093,0
5644,0.961973,0
5645,0.963235,0
5646,0.962039,0
5647,0.636440,0
5648,0.799420,0
5649,1.126299,0
5650,1.126141,0
5651,2.442165,1
5652,2.442190,1
5653,2.442190,1
5654,2.442190,1
5655,2.442178,1
5656,1.016380,0
5657,2.114225,0
5658,0.855369,0
5659,1.309753,0
5660,1.374675,0
5661,0.691637,0
5662,0.698506,0
5663,0.852256,0
5664,2.408716,1
5665,0.345325,0
5666,1.377347,0
5667,0.685521,0
5668,1.371804,0
5669,1.372394,0
5670,0.685542,0
5671,0.846884,0
5672,1.011681,0
5673,1.011150,0
5674,1.011150,0
5675,1.011150,0
5676,0.687965,0
5677,1.011181,0
5678,0.329679,0
5679,1.371411,0
5680,1.372410,0
5681,1.372248,0
5682,1.372066,0
5683,0.683744,0
5684,1.371975,0
5685,1.010439,0
5686,1.010341,0
5687,1.010722,0
5688,1.011634,0
5689,1.370783,0
5690,1.371730,0
5691,1.462473,0
5692,0.688110,0
5693,0.645391,0
5694,1.341083,0
5695,1.374763,0
5696,1.374763,0
5697,1.355083,0
5698,0.336913,0
5699,1.033149,0
5700,1.383498,0
5701,1.341159,0
5702,0.856536,0
5703,1.377779,0
5704,1.340586,0
5705,1.014281,0
5706,0.411161,0
5707,0.336546,0
5708,1.356445,0
5709,1.341465,0
5710,0.375929,0
5711,1.343277,0
5712,1.432591,0
5713,1.304344,0
5714,1.349548,0
5715,1.310998,0
5716,1.310998,0
5717,0.692812,0
5718,0.692812,0
5719,0.857287,0
5720,0.530526,0
5721,0.690810,0
5722,0.532245,0
5723,0.691830,0
5724,0.693493,0
5725,1.180513,0
5726,2.048083,0
5727,0.695634,0
5728,0.695634,0
5729,0.528190,0
5730,0.369837,0
5731,0.224060,0
5732,0.224060,0
5733,0.693312,0
5734,0.533319,0
5735,1.015527,0
5736,0.531958,0
5737,0.376031,0
5738,0.693863,0
5739,0.376650,0
5740,0.531598,0
5741,0.535698,0
5742,0.533458,0
5743,0.528607,0
5744,0.691762,0
5745,0.691762,0
5746,0.692408,0
5747,0.692408,0
5748,0.693453,0
5749,1.180641,0
5750,0.376040,0
5751,0.373727,0
5752,0.533514,0
5753,0.691365,0
5754,0.531837,0
5755,0.531837,0
5756,0.531216,0
5757,0.645865,0
5758,0.694466,0
5759,0.335337,0
5760,0.695455,0
5761,1.179727,0
5762,1.179943,0
5763,0.857479,0
5764,0.857975,0
5765,0.857975,0
5766,0.691032,0
5767,0.527553,0
5768,1.184299,0
5769,0.531534,0
5770,1.625909,0
5771,0.533566,0
5772,0.693988,0
5773,0.340954,0
5774,0.376109,0
5775,0.376959,0
5776,0.529804,0
5777,0.376178,0
5778,0.518798,0
5779,0.335241,0
5780,1.372258,0
5781,1.372051,0
5782,0.330167,0
5783,0.329733,0
5784,0.361565,0
5785,1.306789,0
5786,1.012028,0
5787,0.688628,0
5788,0.363767,0
5789,0.360442,0
5790,0.520539,0
5791,0.268885,0
5792,0.521017,0
5793,1.012056,0
5794,1.012051,0
5795,0.329461,0
5796,1.306792,0
5797,1.306792,0
5798,1.013116,0
5799,0.683313,0
5800,0.164567,0
5801,0.079799,0
5802,0.682853,0
5803,1.291118,0
5804,1.009798,0
5805,1.009798,0
5806,1.009798,0
5807,0.850457,0
5808,0.166395,0
5809,0.202568,0
5810,0.520074,0
5811,0.687796,0
5812,0.475396,0
5813,0.521904,0
5814,0.363404,0
5815,0.798961,0
5816,0.525597,0
5817,1.175749,0
5818,0.333160,0
5819,0.333230,0
5820,0.525017,0
5821,0.364697,0
5822,0.525542,0
5823,1.174751,0
5824,0.332246,0
5825,0.524970,0
5826,0.519965,0
5827,0.685532,0
5828,0.848883,0
5829,0.687094,0
5830,0.363165,0
5831,0.357568,0
5832,1.011521,0
5833,0.357470,0
5834,0.522477,0
5835,0.525454,0
5836,0.525454,0
5837,0.525454,0
5838,0.525454,0
5839,0.520478,0
5840,0.357613,0
5841,0.331519,0
5842,0.331230,0
5843,0.522897,0
5844,0.331125,0
5845,0.526425,0
5846,0.369577,0
5847,0.367022,0
5848,0.686919,0
5849,0.848965,0
5850,0.683854,0
5851,0.850042,0
5852,0.167582,0
5853,0.684009,0
5854,0.682950,0
5855,0.682950,0
5856,0.848969,0
5857,0.848969,0
5858,1.012154,0
5859,0.685556,0
5860,0.311487,0
5861,1.306565,0
5862,1.306679,0
5863,0.068859,0
5864,0.358038,0
5865,0.519586,0
5866,0.685083,0
5867,0.685516,0
5868,0.685516,0
5869,0.685554,0
5870,0.684253,0
5871,0.357858,0
5872,1.306954,0
5873,1.306954,0
5874,0.361807,0
5875,0.520303,0
5876,0.847244,0
5877,1.013142,0
5878,0.355085,0
5879,0.076591,0
5880,1.011039,0
5881,1.011751,0
5882,0.683325,0
5883,1.174748,0
5884,1.174742,0
5885,0.800694,0
5886,0.085106,0
5887,0.799883,0
5888,0.686121,0
5889,0.682977,0
5890,0.800672,0
5891,1.010697,0
5892,1.011971,0
5893,1.175580,0
5894,0.683145,0
5895,0.683819,0
5896,0.683819,0
5897,0.203512,0
5898,1.011915,0
5899,0.849514,0
5900,0.684256,0
5901,0.682694,0
5902,0.520218,0
5903,0.519292,0
5904,0.800262,0
5905,0.522516,0
5906,0.356088,0
5907,0.356088,0
5908,1.371207,0
5909,0.167073,0
5910,1.181990,0
5911,1.176178,0
5912,0.685309,0
5913,0.848257,0
5914,0.521647,0
5915,1.686206,0
5916,0.520860,0
5917,1.175675,0
5918,1.372228,0
5919,0.329437,0
5920,0.522937,0
5921,0.524096,0
5922,0.522946,0
5923,0.129351,0
5924,0.520747,0
5925,0.317224,0
5926,0.365264,0
5927,0.365840,0
5928,0.366748,0
5929,0.361957,0
5930,0.360059,0
5931,0.521684,0
5932,0.683704,0
5933,0.361301,0
5934,0.361301,0
5935,0.311205,0
5936,0.069933,0
5937,0.522899,0
5938,0.360914,0
5939,0.520312,0
5940,0.683886,0
5941,0.523278,0
5942,0.363143,0
5943,0.315673,0
5944,1.371670,0
5945,0.324957,0
5946,0.355153,0
5947,0.519949,0
5948,0.686299,0
5949,0.636804,0
5950,0.681803,0
5951,0.681982,0
5952,1.291038,0
5953,1.126396,0
5954,0.146122,0
5955,0.963184,0
5956,1.175446,0
5957,0.963293,0
5958,1.010746,0
5959,0.961948,0
5960,0.962176,0
5961,0.636275,0
5962,1.009568,0
5963,0.200771,0
5964,0.519683,0
5965,0.519666,0
5966,0.519666,0
5967,0.357225,0
5968,1.012063,0
5969,0.517658,0
5970,0.682936,0
5971,0.153314,0
5972,1.011660,0
5973,0.684591,0
5974,0.684591,0
5975,1.306200,0
5976,1.306200,0
5977,1.305839,0
5978,0.082003,0
5979,0.081278,0
5980,0.518345,0
5981,0.518345,0
5982,1.011659,0
5983,1.009311,0
5984,0.963658,0
5985,0.799401,0
5986,0.634917,0
5987,0.634917,0
5988,1.010622,0
5989,0.324655,0
5990,1.750345,0
5991,0.308898,0
5992,0.963204,0
5993,0.799709,0
5994,1.127255,0
5995,1.291069,0
5996,0.799041,0
5997,0.963977,0
5998,0.964698,0
5999,1.192653,0
6000,0.518470,0
6001,0.682583,0
6002,1.305594,0
6003,1.174265,0
6004,0.682271,0
6005,0.518552,0
6006,1.291043,0
6007,1.291043,0
6008,0.637585,0
6009,1.372064,0
6010,0.358236,0
6011,1.010364,0
6012,0.519211,0
6013,0.682447,0
6014,1.062382,0
6015,0.637317,0
6016,0.355256,0
6017,0.472755,0
6018,0.385179,0
6019,1.547307,0
6020,0.542536,0
6021,0.797060,0
6022,0.358911,0
6023,0.391823,0
6024,0.338002,0
6025,0.389847,0
6026,1.949993,0
6027,0.363600,0
6028,2.543830,1
6029,0.333390,0
6030,0.337069,0
6031,0.337069,0
6032,0.337082,0
6033,0.390955,0
6034,0.334477,0
6035,0.368812,0
6036,1.435225,0
6037,0.368280,0
6038,0.365282,0
6039,0.365282,0
6040,2.548427,1
6041,0.688086,0
6042,1.634337,0
6043,0.418092,0
6044,0.687132,0
6045,0.716748,0
6046,0.717259,0
6047,0.688889,0
6048,0.688525,0
6049,0.686748,0
6050,0.688919,0
6051,0.687387,0
6052,0.687387,0
6053,0.557804,0
6054,0.473406,0
6055,0.525686,0
6056,0.493281,0
6057,0.368680,0
6058,0.350680,0
6059,0.380813,0
6060,0.689961,0
6061,0.366571,0
6062,0.695250,0
6063,0.882441,0
6064,0.759473,0
6065,0.407283,0
6066,0.362249,0
6067,0.371855,0
6068,0.252933,0
6069,0.972961,0
6070,0.580690,0
6071,0.355435,0
6072,0.372967,0
6073,0.722229,0
6074,0.416241,0
6075,0.426975,0
6076,0.425121,0
6077,0.359700,0
6078,0.390824,0
6079,0.639822,0
6080,0.340016,0
6081,0.404369,0
6082,0.353786,0
6083,0.525044,0
6084,0.751011,0
6085,0.571281,0
6086,0.395512,0
6087,0.914448,0
6088,1.283399,0
6089,0.690854,0
6090,2.028514,0
6091,0.420469,0
6092,0.398901,0
6093,1.180733,0
6094,1.182370,0
6095,1.378122,0
6096,0.197875,0
6097,0.146469,0
6098,0.142450,0
6099,1.019456,0
6100,0.857165,0
6101,1.019387,0
6102,0.692726,0
6103,0.692997,0
6104,0.378170,0
6105,0.129944,0
6106,2.244990,1
6107,0.365732,0
6108,0.686760,0
6109,1.015508,0
6110,0.123426,0
6111,1.011556,0
6112,0.524963,0
6113,0.524963,0
6114,0.524963,0
6115,0.524963,0
6116,1.371007,0
6117,0.369636,0
6118,0.086427,0
6119,0.087002,0
6120,0.091459,0
6121,0.522136,0
6122,0.364270,0
6123,0.359585,0
6124,0.359279,0
6125,0.520813,0
6126,0.682995,0
6127,0.356176,0
6128,0.363154,0
6129,0.685199,0
6130,0.518271,0
6131,0.051988,0
6132,0.364553,0
6133,0.367063,0
6134,0.310987,0
6135,0.341016,0
6136,0.391548,0
6137,0.336019,0
6138,0.402718,0
6139,0.402791,0
6140,0.403179,0
6141,0.492786,0
6142,1.824945,0
6143,0.387275,0
6144,0.387275,0
6145,0.713571,0
6146,0.474490,0
6147,1.153347,0
6148,3.080562,1
6149,1.309484,0
6150,1.344667,0
6151,3.179278,1
6152,3.472747,1
6153,0.972339,0
6154,1.376451,0
6155,1.017112,0
6156,1.309276,0
6157,2.913786,1
6158,3.471864,1
6159,1.372126,0
6160,0.847499,0
6161,0.364583,0
6162,1.371635,0
6163,3.110657,1
6164,1.304991,0
6165,1.306032,0
6166,2.813016,1
6167,3.211169,1
6168,2.869556,1
6169,2.863876,1
6170,1.428047,0
6171,1.419943,0
6172,2.000686,0
6173,1.553522,0
6174,3.040339,1
6175,2.522461,1
6176,1.341298,0
6177,1.029064,0
6178,2.793551,1
6179,1.014123,0
6180,3.061889,1
6181,1.204273,0
6182,1.526026,0
6183,1.526026,0
6184,1.525105,0
6185,1.525105,0
6186,1.525105,0
6187,1.525835,0
6188,1.525129,0
6189,1.525129,0
6190,1.017692,0
6191,1.017692,0
6192,0.375877,0
6193,0.376122,0
6194,1.493288,0
6195,1.493288,0
6196,0.408997,0
6197,1.493336,0
6198,1.460654,0
6199,1.460654,0
6200,0.376133,0
6201,0.376966,0
6202,0.376788,0
6203,1.493336,0
6204,1.525978,0
6205,1.460654,0
6206,1.460654,0
6207,1.460654,0
6208,1.624129,0
6209,1.624129,0
6210,1.460654,0
6211,1.460601,0
6212,1.493334,0
6213,1.492670,0
6214,1.493303,0
6215,1.493336,0
6216,1.525978,0
6217,1.493336,0
6218,1.493309,0
6219,0.361985,0
6220,1.980455,0
6221,0.099239,0
6222,2.079921,0
6223,0.358177,0
6224,0.358991,0
6225,0.364165,0
6226,0.364165,0
6227,0.361167,0
6228,0.684022,0
6229,0.684146,0
6230,1.914638,0
6231,0.356818,0
6232,0.359172,0
6233,0.363953,0
6234,0.363953,0
6235,2.014132,0
6236,0.364630,0
6237,0.365036,0
6238,0.359410,0
6239,0.359488,0
6240,1.816701,0
6241,2.111513,0
6242,1.306599,0
6243,1.306632,0
6244,1.306142,0
6245,1.371714,0
6246,1.371714,0
6247,2.079131,0
6248,2.079131,0
6249,1.307776,0
6250,0.367770,0
6251,0.367770,0
6252,1.306928,0
6253,1.305869,0
6254,0.365561,0
6255,0.362574,0
6256,0.360073,0
6257,0.359410,0
6258,0.359410,0
6259,0.359410,0
6260,0.359567,0
6261,0.360072,0
6262,0.360072,0
6263,0.360810,0
6264,0.365000,0
6265,0.361625,0
6266,0.361625,0
6267,0.360957,0
6268,0.462589,0
6269,1.308124,0
6270,0.361472,0
6271,0.365931,0
6272,1.373728,0
6273,2.177221,1
6274,2.045817,0
6275,0.357246,0
6276,1.306402,0
6277,1.010852,0
6278,2.144362,0
6279,2.144362,0
6280,0.355516,0
6281,0.365939,0
6282,0.365939,0
6283,0.527172,0
6284,1.976250,0
6285,0.421983,0
6286,0.737135,0
6287,0.416666,0
6288,0.418539,0
6289,0.365674,0
6290,0.365820,0
6291,0.365447,0
6292,0.365941,0
6293,0.365447,0
6294,0.365820,0
6295,0.944014,0
6296,0.365505,0
6297,0.365505,0
6298,0.365429,0
6299,0.367596,0
6300,0.367596,0
6301,0.366135,0
6302,0.366439,0
6303,0.364204,0
6304,0.365716,0
6305,0.405592,0
6306,0.475569,0
6307,0.369012,0
6308,0.399376,0
6309,0.395266,0
6310,0.388361,0
6311,0.426543,0
6312,2.059760,0
6313,0.422843,0
6314,0.564836,0
6315,2.085985,0
6316,0.586511,0
6317,0.371712,0
6318,0.686836,0
6319,0.686836,0
6320,0.685592,0
6321,0.685592,0
6322,1.013120,0
6323,0.330370,0
6324,1.012086,0
6325,1.372666,0
6326,1.372786,0
6327,1.306666,0
6328,1.372096,0
6329,1.307913,0
6330,1.011462,0
6331,0.521181,0
6332,1.097452,0
6333,1.001103,0
6334,1.033140,0
6335,0.896819,0
6336,1.317495,0
6337,0.161273,0
6338,2.078246,0
6339,1.920553,0
6340,0.360066,0
6341,1.375780,0
6342,0.695273,0
6343,0.381047,0
6344,0.233739,0
6345,1.311915,0
6346,0.692827,0
6347,1.377704,0
6348,1.310865,0
6349,0.340131,0
6350,1.375767,0
6351,0.530553,0
6352,1.375966,0
6353,1.180844,0
6354,0.684263,0
6355,2.078827,0
6356,2.112355,0
6357,1.372068,0
6358,1.372345,0
6359,0.358306,0
6360,1.013807,0
6361,1.013807,0
6362,1.011902,0
6363,1.980769,0
6364,1.307482,0
6365,1.980779,0
6366,0.333513,0
6367,2.211380,1
6368,0.687317,0
6369,2.178121,1
6370,0.684641,0
6371,0.366388,0
6372,0.332583,0
6373,2.079004,0
6374,0.684147,0
6375,2.078922,0
6376,0.690808,0
6377,0.848484,0
6378,0.322442,0
6379,1.882123,0
6380,0.362783,0
6381,1.306975,0
6382,1.307128,0
6383,0.332265,0
6384,0.686664,0
6385,0.686664,0
6386,0.682098,0
6387,0.686810,0
6388,0.686810,0
6389,0.685620,0
6390,0.685437,0
6391,0.357808,0
6392,1.307140,0
6393,1.307467,0
6394,1.305143,0
6395,1.306619,0
6396,1.306619,0
6397,1.010854,0
6398,1.306925,0
6399,1.307260,0
6400,1.305889,0
6401,1.307109,0
6402,0.686299,0
6403,0.815327,0
6404,0.686243,0
6405,1.816583,0
6406,0.682765,0
6407,1.013260,0
6408,1.012241,0
6409,1.012470,0
6410,0.325947,0
6411,1.014147,0
6412,1.012582,0
6413,1.012582,0
6414,1.011440,0
6415,1.176846,0
6416,1.176846,0
6417,1.751080,0
6418,1.177638,0
6419,1.013063,0
6420,0.316987,0
6421,0.849104,0
6422,1.011927,0
6423,1.012686,0
6424,1.012686,0
6425,2.210715,1
6426,2.210715,1
6427,1.619869,0
6428,1.619636,0
6429,1.013558,0
6430,1.011401,0
6431,1.011905,0
6432,1.012809,0
6433,1.011301,0
6434,1.011587,0
6435,1.305939,0
6436,2.111938,0
6437,1.175099,0
6438,1.175859,0
6439,1.175506,0
6440,1.175099,0
6441,1.306020,0
6442,1.175345,0
6443,1.175345,0
6444,1.305939,0
6445,0.684706,0
6446,1.849734,0
6447,1.011898,0
6448,1.011301,0
6449,1.011301,0
6450,1.653043,0
6451,1.011475,0
6452,1.011064,0
6453,0.847646,0
6454,0.847173,0
6455,1.012822,0
6456,2.440096,1
6457,1.011064,0
6458,1.012006,0
6459,1.372398,0
6460,1.372398,0
6461,1.011301,0
6462,1.011301,0
6463,0.847646,0
6464,0.683886,0
6465,0.683649,0
6466,0.683886,0
6467,1.175584,0
6468,1.175584,0
6469,1.372003,0
6470,0.522457,0
6471,1.372285,0
6472,1.011216,0
6473,1.011216,0
6474,0.159046,0
6475,1.012470,0
6476,0.684915,0
6477,0.684915,0
6478,0.685445,0
6479,0.686940,0
6480,0.522509,0
6481,0.526767,0
6482,0.521299,0
6483,0.519911,0
6484,0.522457,0
6485,1.011547,0
6486,0.364377,0
6487,1.372724,0
6488,2.439950,1
6489,1.371741,0
6490,1.306483,0
6491,1.012212,0
6492,1.308055,0
6493,1.308055,0
6494,1.308158,0
6495,1.209984,0
6496,2.145786,1
6497,0.522316,0
6498,1.012780,0
6499,1.011920,0
6500,1.011920,0
6501,1.011587,0
6502,1.014405,0
6503,1.371741,0
6504,1.011920,0
6505,0.848319,0
6506,1.013562,0
6507,1.013562,0
6508,1.013562,0
6509,1.012699,0
6510,1.012733,0
6511,1.012733,0
6512,1.012733,0
6513,1.012733,0
6514,1.175099,0
6515,1.175099,0
6516,1.174758,0
6517,1.174805,0
6518,1.174805,0
6519,1.011064,0
6520,1.306747,0
6521,1.306747,0
6522,1.175965,0
6523,1.175953,0
6524,1.176640,0
6525,1.176519,0
6526,1.175830,0
6527,1.178239,0
6528,0.683421,0
6529,1.371290,0
6530,0.684207,0
6531,2.177509,1
6532,2.242781,1
6533,1.305917,0
6534,0.324734,0
6535,2.046166,0
6536,1.503644,0
6537,0.326258,0
6538,0.328138,0
6539,1.372388,0
6540,0.326258,0
6541,2.045392,0
6542,1.010695,0
6543,1.010771,0
6544,1.011813,0
6545,1.010695,0
6546,1.306505,0
6547,1.174780,0
6548,2.406956,1
6549,2.341336,1
6550,1.010607,0
6551,2.111333,0
6552,1.174650,0
6553,0.846922,0
6554,1.371325,0
6555,1.174577,0
6556,1.174780,0
6557,1.175027,0
6558,1.010461,0
6559,0.683689,0
6560,0.683339,0
6561,1.011218,0
6562,1.011218,0
6563,1.305734,0
6564,0.847024,0
6565,2.078729,0
6566,1.371534,0
6567,0.542740,0
6568,0.683339,0
6569,0.685074,0
6570,0.847923,0
6571,0.684160,0
6572,1.371142,0
6573,1.371876,0
6574,0.683463,0
6575,0.683463,0
6576,0.683463,0
6577,0.683463,0
6578,0.683463,0
6579,1.371146,0
6580,0.683589,0
6581,2.144853,0
6582,0.521793,0
6583,1.371486,0
6584,2.144383,0
6585,0.683625,0
6586,0.846633,0
6587,2.079103,0
6588,1.010647,0
6589,2.177560,1
6590,2.144838,0
6591,1.371624,0
6592,1.306118,0
6593,1.010832,0
6594,2.012541,0
6595,2.012541,0
6596,1.306353,0
6597,1.174780,0
6598,2.177970,1
6599,0.846660,0
6600,0.390708,0
6601,0.356467,0
6602,0.499621,0
6603,0.481475,0
6604,0.389794,0
6605,0.388116,0
6606,0.477895,0
6607,0.388116,0
6608,0.356319,0
6609,0.476497,0
6610,0.388116,0
6611,2.075780,0
6612,0.496727,0
6613,0.388181,0
6614,0.388258,0
6615,0.390394,0
6616,0.388258,0
6617,0.388565,0
6618,0.388565,0
6619,0.388565,0
6620,1.193953,0
6621,0.388565,0
6622,0.388565,0
6623,0.388348,0
6624,0.388348,0
6625,0.388348,0
6626,0.388565,0
6627,0.387305,0
6628,0.389325,0
6629,0.388565,0
6630,0.389906,0
6631,1.243273,0
6632,0.390861,0
6633,0.436991,0
6634,0.333486,0
6635,1.455364,0
6636,0.937665,0
6637,1.175054,0
6638,1.075536,0
6639,1.064893,0
6640,0.851065,0
6641,0.688466,0
6642,1.193834,0
6643,0.905866,0
6644,0.905397,0
6645,0.956217,0
6646,0.968537,0
6647,1.032882,0
6648,1.162300,0
6649,1.161594,0
6650,1.161429,0
6651,4.644707,1
6652,1.687464,0
6653,0.347222,0
6654,0.346720,0
6655,0.376694,0
6656,0.348333,0
6657,0.380423,0
6658,0.353816,0
6659,0.407483,0
6660,0.694664,0
6661,1.019390,0
6662,1.071822,0
6663,1.144006,0
6664,0.953569,0
6665,0.965439,0
6666,0.386334,0
6667,0.612103,0
6668,0.714901,0
6669,0.369170,0
6670,2.173219,1
6671,0.356117,0
6672,0.335694,0
6673,0.335694,0
6674,1.317859,0
6675,0.371993,0
6676,2.313700,1
6677,0.703056,0
6678,0.222030,0
6679,0.190887,0
6680,0.190887,0
6681,0.205438,0
6682,0.149661,0
6683,0.203525,0
6684,1.017451,0
6685,0.808691,0
6686,0.533273,0
6687,0.645064,0
6688,0.645604,0
6689,0.696310,0
6690,0.232306,0
6691,0.133178,0
6692,0.535012,0
6693,0.534993,0
6694,0.605010,0
6695,0.648159,0
6696,0.648159,0
6697,0.377360,0
6698,0.809144,0
6699,0.809984,0
6700,0.809984,0
6701,0.649071,0
6702,0.649071,0
6703,0.649071,0
6704,0.533661,0
6705,0.375381,0
6706,0.230971,0
6707,0.806382,0
6708,0.227533,0
6709,0.226700,0
6710,0.223836,0
6711,0.535859,0
6712,0.486087,0
6713,0.235137,0
6714,0.533078,0
6715,0.533863,0
6716,0.537348,0
6717,0.532672,0
6718,0.539555,0
6719,0.535695,0
6720,0.531485,0
6721,0.529285,0
6722,0.491163,0
6723,0.381148,0
6724,0.532427,0
6725,0.855729,0
6726,0.694290,0
6727,0.488403,0
6728,0.112855,0
6729,0.855289,0
6730,1.018013,0
6731,0.534988,0
6732,0.486643,0
6733,0.485361,0
6734,0.648491,0
6735,0.532868,0
6736,0.807908,0
6737,0.534724,0
6738,0.534724,0
6739,0.196543,0
6740,2.016909,0
6741,0.693674,0
6742,0.693589,0
6743,0.534793,0
6744,0.343537,0
6745,0.343681,0
6746,0.694469,0
6747,0.693806,0
6748,0.334108,0
6749,0.484894,0
6750,0.645554,0
6751,0.487569,0
6752,0.485130,0
6753,0.485105,0
6754,0.645897,0
6755,0.806387,0
6756,0.806387,0
6757,1.311281,0
6758,0.692777,0
6759,0.645553,0
6760,0.644258,0
6761,0.645751,0
6762,0.487569,0
6763,0.487569,0
6764,0.377966,0
6765,0.377966,0
6766,0.378162,0
6767,1.018815,0
6768,1.018852,0
6769,0.376405,0
6770,0.646223,0
6771,0.330791,0
6772,0.683357,0
6773,0.683357,0
6774,0.084333,0
6775,0.160021,0
6776,0.168072,0
6777,0.683934,0
6778,0.089553,0
6779,0.089553,0
6780,0.201111,0
6781,0.206188,0
6782,0.206188,0
6783,0.200224,0
6784,0.205675,0
6785,0.082281,0
6786,0.475447,0
6787,0.159250,0
6788,0.156110,0
6789,0.689717,0
6790,0.636256,0
6791,0.637222,0
6792,0.800733,0
6793,1.848879,0
6794,0.639035,0
6795,0.524838,0
6796,0.639253,0
6797,0.801964,0
6798,0.318420,0
6799,0.318420,0
6800,0.638440,0
6801,0.800030,0
6802,0.637641,0
6803,0.801228,0
6804,0.801346,0
6805,0.637096,0
6806,0.639035,0
6807,0.476954,0
6808,0.639133,0
6809,1.127802,0
6810,1.127802,0
6811,0.361302,0
6812,0.361302,0
6813,0.639253,0
6814,0.639253,0
6815,0.638050,0
6816,0.638185,0
6817,0.636967,0
6818,0.357624,0
6819,0.519569,0
6820,0.799526,0
6821,0.638368,0
6822,0.638022,0
6823,0.635076,0
6824,0.213524,0
6825,0.104640,0
6826,0.062226,0
6827,0.362414,0
6828,0.801293,0
6829,0.800811,0
6830,0.799322,0
6831,0.800388,0
6832,0.799923,0
6833,1.684555,0
6834,0.523381,0
6835,0.637894,0
6836,0.476363,0
6837,0.476363,0
6838,0.638826,0
6839,0.638473,0
6840,0.638473,0
6841,0.475894,0
6842,0.475750,0
6843,0.634829,0
6844,0.799847,0
6845,0.475192,0
6846,0.475960,0
6847,0.475960,0
6848,0.687175,0
6849,0.686458,0
6850,0.800189,0
6851,0.636863,0
6852,0.636863,0
6853,0.635623,0
6854,0.635623,0
6855,0.477665,0
6856,0.477665,0
6857,0.477665,0
6858,0.477665,0
6859,0.477943,0
6860,0.477943,0
6861,0.639773,0
6862,0.477728,0
6863,0.477943,0
6864,0.477943,0
6865,0.478524,0
6866,0.635380,0
6867,0.636809,0
6868,0.634684,0
6869,0.634684,0
6870,0.639170,0
6871,0.635857,0
6872,0.639170,0
6873,0.638686,0
6874,0.635909,0
6875,0.636965,0
6876,0.638707,0
6877,0.636528,0
6878,0.472219,0
6879,0.201341,0
6880,0.635432,0
6881,0.634868,0
6882,0.635235,0
6883,0.522373,0
6884,0.522373,0
6885,0.359991,0
6886,0.639141,0
6887,0.361967,0
6888,1.981071,0
6889,2.373835,1
6890,0.083140,0
6891,1.915224,0
6892,1.915224,0
6893,0.683454,0
6894,0.683455,0
6895,0.683455,0
6896,0.686678,0
6897,0.209305,0
6898,2.079393,0
6899,0.212673,0
6900,0.364646,0
6901,0.364646,0
6902,0.962599,0
6903,0.521357,0
6904,0.521215,0
6905,0.519554,0
6906,2.112501,0
6907,0.523916,0
6908,0.523916,0
6909,0.525057,0
6910,0.361073,0
6911,0.475964,0
6912,0.356616,0
6913,0.685972,0
6914,1.915170,0
6915,1.914170,0
6916,0.357958,0
6917,2.112657,0
6918,2.406895,1
6919,0.313957,0
6920,0.688212,0
6921,1.012439,0
6922,1.012439,0
6923,0.521900,0
6924,0.526682,0
6925,0.964417,0
6926,0.477943,0
6927,0.477943,0
6928,0.312481,0
6929,0.686844,0
6930,0.849079,0
6931,0.684840,0
6932,0.684938,0
6933,0.799812,0
6934,0.207510,0
6935,0.686832,0
6936,0.525790,0
6937,0.525790,0
6938,0.477099,0
6939,0.478014,0
6940,0.475546,0
6941,0.361947,0
6942,0.361947,0
6943,0.363973,0
6944,0.637911,0
6945,0.637831,0
6946,0.637504,0
6947,0.473487,0
6948,0.361634,0
6949,0.523855,0
6950,1.372668,0
6951,0.474673,0
6952,0.477862,0
6953,0.319004,0
6954,0.635954,0
6955,0.476702,0
6956,0.474673,0
6957,0.474421,0
6958,0.474421,0
6959,0.637466,0
6960,0.636386,0
6961,0.636240,0
6962,0.636608,0
6963,0.849458,0
6964,0.687140,0
6965,0.686411,0
6966,0.684352,0
6967,0.687645,0
6968,0.686701,0
6969,0.686721,0
6970,0.477294,0
6971,0.477515,0
6972,0.477943,0
6973,0.477657,0
6974,0.476249,0
6975,0.478180,0
6976,0.478180,0
6977,0.477895,0
6978,0.475540,0
6979,0.639840,0
6980,0.639663,0
6981,0.639817,0
6982,0.637402,0
6983,0.636340,0
6984,0.686956,0
6985,0.686328,0
6986,0.330737,0
6987,0.634990,0
6988,0.688066,0
6989,0.524608,0
6990,0.524129,0
6991,0.475666,0
6992,0.963104,0
6993,1.291366,0
6994,2.209880,1
6995,0.635907,0
6996,0.638160,0
6997,0.638160,0
6998,0.082694,0
6999,0.637615,0
7000,0.477099,0
7001,0.476831,0
7002,0.637523,0
7003,2.178200,1
7004,0.636716,0
7005,0.636716,0
7006,0.638888,0
7007,0.525807,0
7008,0.636356,0
7009,2.112228,0
7010,0.638202,0
7011,0.638040,0
7012,0.637096,0
7013,0.640709,0
7014,0.473486,0
7015,1.980004,0
7016,0.638290,0
7017,0.635953,0
7018,1.128457,0
7019,0.681372,0
7020,0.682225,0
7021,0.682301,0
7022,0.635440,0
7023,0.799451,0
7024,0.635610,0
7025,0.634560,0
7026,0.518785,0
7027,0.518804,0
7028,0.962093,0
7029,0.963478,0
7030,0.800402,0
7031,0.800402,0
7032,0.799456,0
7033,0.799537,0
7034,0.634345,0
7035,0.798375,0
7036,0.798189,0
7037,0.798222,0
7038,0.635035,0
7039,0.798562,0
7040,0.635972,0
7041,0.635972,0
7042,0.201646,0
7043,0.520623,0
7044,0.683012,0
7045,2.143679,0
7046,0.634033,0
7047,2.144155,0
7048,2.144054,0
7049,0.684059,0
7050,1.290640,0
7051,0.365086,0
7052,0.365086,0
7053,0.716203,0
7054,0.096334,0
7055,0.321750,0
7056,0.303676,0
7057,1.593012,0
7058,0.493548,0
7059,0.548731,0
7060,0.357430,0
7061,0.345081,0
7062,0.397985,0
7063,0.664137,0
7064,0.403957,0
7065,0.559028,0
7066,2.139498,0
7067,0.407588,0
7068,0.747319,0
7069,0.747319,0
7070,1.697754,0
7071,0.868334,0
7072,0.369407,0
7073,0.823653,0
7074,0.463172,0
7075,1.375849,0
7076,1.310381,0
7077,0.353825,0
7078,1.016126,0
7079,1.371200,0
7080,1.372089,0
7081,1.371658,0
7082,1.372918,0
7083,0.333704,0
7084,0.332005,0
7085,1.305323,0
7086,0.333669,0
7087,1.307400,0
7088,1.371459,0
7089,1.308562,0
7090,0.338382,0
7091,1.374005,0
7092,1.374659,0
7093,1.372168,0
7094,1.371947,0
7095,0.331710,0
7096,0.325270,0
7097,1.372482,0
7098,1.305858,0
7099,1.306713,0
7100,1.306402,0
7101,1.372705,0
7102,1.371631,0
7103,1.372653,0
7104,1.370661,0
7105,1.010931,0
7106,1.371191,0
7107,1.372379,0
7108,1.374380,0
7109,1.341977,0
7110,1.341098,0
7111,1.341798,0
7112,1.341261,0
7113,1.341261,0
7114,1.341692,0
7115,1.341251,0
7116,1.341419,0
7117,1.347683,0
7118,1.021689,0
7119,1.340607,0
7120,0.367591,0
7121,0.688739,0
7122,1.341987,0
7123,1.341512,0
7124,1.341277,0
7125,0.764366,0
7126,0.689420,0
7127,0.687952,0
7128,1.340939,0
7129,0.689507,0
7130,1.341569,0
7131,1.340585,0
7132,0.338823,0
7133,0.399267,0
7134,1.310888,0
7135,1.374720,0
7136,1.374577,0
7137,1.374577,0
7138,1.374577,0
7139,1.311063,0
7140,1.375679,0
7141,1.376628,0
7142,1.012597,0
7143,1.306446,0
7144,1.307583,0
7145,1.306640,0
7146,1.307790,0
7147,1.308367,0
7148,1.175368,0
7149,1.307695,0
7150,0.570381,0
7151,1.305789,0
7152,1.012044,0
7153,1.306665,0
7154,1.175807,0
7155,1.667361,0
7156,1.010180,0
7157,1.371443,0
7158,1.371848,0
7159,1.372466,0
7160,1.373593,0
7161,2.145689,1
7162,1.373557,0
7163,1.306746,0
7164,1.372186,0
7165,1.307206,0
7166,2.341533,1
7167,1.371200,0
7168,1.371514,0
7169,1.371393,0
7170,1.306461,0
7171,1.372872,0
7172,1.305645,0
7173,1.371199,0
7174,1.371483,0
7175,1.371802,0
7176,1.370582,0
7177,1.370580,0
7178,1.371213,0
7179,1.178230,0
7180,1.193440,0
7181,1.223634,0
7182,3.503335,1
7183,1.245737,0
7184,1.244766,0
7185,1.208815,0
7186,0.371280,0
7187,0.398663,0
7188,0.480409,0
7189,0.498508,0
7190,0.497725,0
7191,3.095596,1
7192,4.678855,1
7193,2.416804,1
7194,3.272084,1
7195,0.365132,0
7196,0.426364,0
7197,0.587869,0
7198,0.605544,0
7199,0.433605,0
7200,2.376314,1
7201,0.374606,0
7202,1.377961,0
7203,1.379102,0
7204,1.311069,0
7205,1.370938,0
7206,1.339058,0
7207,1.305791,0
7208,1.306298,0
7209,1.370719,0
7210,1.340646,0
7211,0.797575,0
7212,1.346830,0
7213,0.690474,0
7214,0.766192,0
7215,1.339681,0
7216,1.345770,0
7217,1.345875,0
7218,0.356255,0
7219,0.343753,0
7220,0.350898,0
7221,0.329481,0
7222,0.329648,0
7223,0.333418,0
7224,1.372228,0
7225,1.783193,0
7226,1.371485,0
7227,0.981051,0
7228,0.475392,0
7229,0.475392,0
7230,1.014024,0
7231,1.341490,0
7232,1.340499,0
7233,0.335999,0
7234,1.341900,0
7235,1.341086,0
7236,0.367548,0
7237,0.969966,0
7238,1.426797,0
7239,1.296223,0
7240,1.460092,0
7241,1.524926,0
7242,1.721982,0
7243,1.557615,0
7244,1.557593,0
7245,1.557593,0
7246,1.918946,0
7247,1.459497,0
7248,1.459301,0
7249,1.459830,0
7250,1.722125,0
7251,1.722125,0
7252,1.460476,0
7253,1.591272,0
7254,1.591272,0
7255,1.591272,0
7256,1.591272,0
7257,1.950977,0
7258,1.656670,0
7259,1.297098,0
7260,1.296051,0
7261,1.296437,0
7262,0.528639,0
7263,1.722138,0
7264,2.049758,0
7265,2.048409,0
7266,2.048294,0
7267,0.685298,0
7268,0.685298,0
7269,0.364482,0
7270,0.208022,0
7271,1.309183,0
7272,0.358766,0
7273,0.367517,0
7274,0.416988,0
7275,0.706926,0
7276,0.706926,0
7277,0.699161,0
7278,0.385465,0
7279,7.153233,1
7280,0.344863,0
7281,0.788236,0
7282,2.092045,0
7283,1.025547,0
7284,7.709293,1
7285,0.452274,0
7286,0.366172,0
7287,0.461126,0
7288,0.376872,0
7289,1.375172,0
7290,1.015032,0
7291,1.375421,0
7292,1.375421,0
7293,1.016368,0
7294,1.373922,0
7295,1.375871,0
7296,1.375871,0
7297,0.692504,0
7298,0.230716,0
7299,1.309991,0
7300,1.309991,0
7301,1.310105,0
7302,1.310105,0
7303,1.310105,0
7304,1.015521,0
7305,1.310546,0
7306,0.688784,0
7307,0.117963,0
7308,1.308333,0
7309,1.310131,0
7310,1.014445,0
7311,1.178454,0
7312,1.178379,0
7313,0.690280,0
7314,0.854146,0
7315,1.180346,0
7316,0.694100,0
7317,0.696632,0
7318,0.375680,0
7319,1.312183,0
7320,1.375920,0
7321,1.375958,0
7322,1.375958,0
7323,0.690748,0
7324,0.690748,0
7325,1.015773,0
7326,0.686044,0
7327,0.686044,0
7328,0.686044,0
7329,1.174834,0
7330,0.848297,0
7331,1.176011,0
7332,0.847719,0
7333,1.010505,0
7334,1.372199,0
7335,2.111779,0
7336,1.306680,0
7337,1.305675,0
7338,0.686092,0
7339,0.846609,0
7340,1.306854,0
7341,1.305714,0
7342,1.305714,0
7343,1.306064,0
7344,1.305882,0
7345,0.847885,0
7346,0.847885,0
7347,0.685988,0
7348,1.011857,0
7349,1.305620,0
7350,0.522974,0
7351,1.305910,0
7352,1.307780,0
7353,1.305034,0
7354,1.305277,0
7355,1.305130,0
7356,1.371609,0
7357,1.371609,0
7358,1.241035,0
7359,0.847349,0
7360,1.371368,0
7361,1.371368,0
7362,1.371354,0
7363,1.010373,0
7364,1.305516,0
7365,1.306842,0
7366,1.011413,0
7367,1.010173,0
7368,1.175522,0
7369,1.174907,0
7370,0.847497,0
7371,1.306086,0
7372,1.306532,0
7373,1.371544,0
7374,1.371821,0
7375,1.307335,0
7376,1.012024,0
7377,1.306664,0
7378,1.011162,0
7379,0.685223,0
7380,1.371980,0
7381,1.305496,0
7382,1.305496,0
7383,0.681998,0
7384,1.010062,0
7385,1.010081,0
7386,1.010059,0
7387,0.198238,0
7388,1.010182,0
7389,0.519613,0
7390,0.519535,0
7391,0.520478,0
7392,0.520833,0
7393,0.520484,0
7394,0.683784,0
7395,0.683784,0
7396,0.685784,0
7397,0.195409,0
7398,0.682363,0
7399,1.177034,0
7400,1.176509,0
7401,1.176509,0
7402,1.176509,0
7403,1.176509,0
7404,1.176509,0
7405,1.176509,0
7406,1.176509,0
7407,1.011676,0
7408,1.176352,0
7409,0.587114,0
7410,2.079495,0
7411,2.144862,0
7412,2.111790,0
7413,1.011346,0
7414,0.684799,0
7415,0.687277,0
7416,0.685874,0
7417,2.078940,0
7418,1.339003,0
7419,1.308162,0
7420,2.144669,0
7421,1.371912,0
7422,1.371961,0
7423,2.078492,0
7424,1.014541,0
7425,1.012826,0
7426,1.014399,0
7427,2.440102,1
7428,1.372421,0
7429,1.373941,0
7430,1.373941,0
7431,1.013394,0
7432,1.011855,0
7433,0.171686,0
7434,0.171686,0
7435,0.848305,0
7436,1.307092,0
7437,1.307092,0
7438,1.010486,0
7439,1.306191,0
7440,1.305528,0
7441,1.305798,0
7442,1.305304,0
7443,1.305304,0
7444,1.305304,0
7445,1.305435,0
7446,2.046974,0
7447,2.046974,0
7448,1.371958,0
7449,1.371326,0
7450,1.371326,0
7451,0.522894,0
7452,0.684403,0
7453,0.684403,0
7454,1.372044,0
7455,1.372242,0
7456,1.372813,0
7457,0.524920,0
7458,1.306146,0
7459,0.683322,0
7460,1.373328,0
7461,1.305951,0
7462,1.305961,0
7463,1.306342,0
7464,1.305715,0
7465,0.519320,0
7466,0.682620,0
7467,0.682634,0
7468,0.682634,0
7469,0.682634,0
7470,0.684958,0
7471,0.518909,0
7472,0.519334,0
7473,0.519334,0
7474,1.010931,0
7475,1.010792,0
7476,1.371927,0
7477,1.011582,0
7478,1.011055,0
7479,0.325167,0
7480,1.371240,0
7481,1.372598,0
7482,0.684682,0
7483,0.322601,0
7484,1.371140,0
7485,1.174003,0
7486,1.305750,0
7487,1.305772,0
7488,0.357494,0
7489,1.141236,0
7490,0.683937,0
7491,0.683726,0
7492,1.371846,0
7493,2.110899,0
7494,2.079311,0
7495,1.980026,0
7496,1.011782,0
7497,1.011782,0
7498,2.110987,0
7499,2.111456,0
7500,1.305086,0
7501,1.010184,0
7502,1.371102,0
7503,1.011589,0
7504,2.209762,1
7505,1.305338,0
7506,1.371487,0
7507,1.306096,0
7508,0.681241,0
7509,1.305364,0
7510,1.305112,0
7511,0.334906,0
7512,0.494543,0
7513,0.337132,0
7514,0.335562,0
7515,0.334389,0
7516,0.395293,0
7517,0.874072,0
7518,2.794399,1
7519,1.207185,0
7520,1.194248,0
7521,0.476704,0
7522,0.335262,0
7523,0.485161,0
7524,1.207140,0
7525,0.472531,0
7526,0.338621,0
7527,1.776891,0
7528,1.547607,0
7529,0.336635,0
7530,0.540661,0
7531,1.552247,0
7532,0.479843,0
7533,0.479843,0
7534,0.445853,0
7535,1.242349,0
7536,1.242400,0
7537,1.775404,0
7538,1.379500,0
7539,0.531626,0
7540,1.228108,0
7541,0.338218,0
7542,1.013964,0
7543,0.590544,0
7544,0.590544,0
7545,1.075908,0
7546,1.075908,0
7547,0.557690,0
7548,1.014434,0
7549,1.014434,0
7550,1.084190,0
7551,1.015002,0
7552,1.737903,0
7553,1.012992,0
7554,1.109979,0
7555,0.591512,0
7556,0.982043,0
7557,0.556988,0
7558,0.556988,0
7559,0.556988,0
7560,1.144491,0
7561,1.142033,0
7562,1.101038,0
7563,3.018322,1
7564,1.846315,0
7565,0.782961,0
7566,0.562232,0
7567,0.602241,0
7568,1.746281,0
7569,2.017550,0
7570,5.119577,1
7571,0.338513,0
7572,1.181668,0
7573,0.382320,0
7574,1.035982,0
7575,0.212071,0
7576,0.710999,0
7577,0.699296,0
7578,1.016266,0
7579,1.027280,0
7580,1.797355,0
7581,0.388828,0
7582,0.394382,0
7583,0.451195,0
7584,1.347871,0
7585,1.017392,0
7586,1.376359,0
7587,1.017879,0
7588,0.688187,0
7589,0.688187,0
7590,1.180797,0
7591,1.310890,0
7592,0.529871,0
7593,0.532014,0
7594,0.530416,0
7595,1.018093,0
7596,1.018093,0
7597,1.017120,0
7598,1.017093,0
7599,1.311015,0
7600,0.854767,0
7601,1.017680,0
7602,1.017680,0
7603,1.017258,0
7604,1.017200,0
7605,1.017860,0
7606,1.016397,0
7607,1.310135,0
7608,1.312939,0
7609,0.695538,0
7610,0.531981,0
7611,1.017546,0
7612,0.692400,0
7613,0.691751,0
7614,1.019420,0
7615,1.018567,0
7616,1.019246,0
7617,0.853720,0
7618,0.694956,0
7619,1.011956,0
7620,1.012852,0
7621,1.010834,0
7622,1.010834,0
7623,1.014905,0
7624,1.011802,0
7625,1.011661,0
7626,1.307097,0
7627,1.306140,0
7628,2.111584,0
7629,2.111584,0
7630,1.306941,0
7631,1.012105,0
7632,1.011739,0
7633,1.306303,0
7634,0.520174,0
7635,0.682963,0
7636,1.010729,0
7637,1.010384,0
7638,1.010411,0
7639,1.012811,0
7640,1.012519,0
7641,1.012519,0
7642,1.012543,0
7643,1.306404,0
7644,0.684616,0
7645,1.011859,0
7646,0.684130,0
7647,1.012220,0
7648,0.685562,0
7649,1.011855,0
7650,0.684890,0
7651,0.325493,0
7652,1.373066,0
7653,1.011347,0
7654,0.684502,0
7655,0.523560,0
7656,1.011643,0
7657,1.012169,0
7658,1.012169,0
7659,1.013325,0
7660,1.012571,0
7661,1.011861,0
7662,0.324363,0
7663,1.307270,0
7664,2.177993,1
7665,1.176154,0
7666,1.175613,0
7667,1.178252,0
7668,1.306509,0
7669,1.012105,0
7670,1.306514,0
7671,1.306514,0
7672,1.306514,0
7673,2.145158,0
7674,1.305927,0
7675,1.175668,0
7676,1.308422,0
7677,1.307530,0
7678,2.111817,0
7679,2.111817,0
7680,1.308812,0
7681,1.306720,0
7682,1.306525,0
7683,1.011897,0
7684,1.010557,0
7685,0.692870,0
7686,1.306727,0
7687,0.203346,0
7688,0.362010,0
7689,0.362010,0
7690,0.360994,0
7691,0.523522,0
7692,0.849288,0
7693,1.012689,0
7694,0.524756,0
7695,2.045440,0
7696,1.011446,0
7697,1.306902,0
7698,1.306063,0
7699,1.174420,0
7700,1.174420,0
7701,1.306270,0
7702,1.372311,0
7703,1.013333,0
7704,1.012032,0
7705,0.684689,0
7706,1.011677,0
7707,1.307633,0
7708,1.306779,0
7709,1.305939,0
7710,1.305939,0
7711,0.683580,0
7712,0.683580,0
7713,1.305939,0
7714,1.305860,0
7715,0.683886,0
7716,0.683886,0
7717,0.683886,0
7718,1.307350,0
7719,1.307270,0
7720,1.307378,0
7721,2.472688,1
7722,0.683917,0
7723,1.372172,0
7724,0.688085,0
7725,1.012028,0
7726,1.012028,0
7727,1.372490,0
7728,1.372609,0
7729,1.372609,0
7730,1.372526,0
7731,1.372526,0
7732,0.685361,0
7733,1.372165,0
7734,1.372841,0
7735,1.371635,0
7736,1.371635,0
7737,1.372317,0
7738,1.012547,0
7739,1.372403,0
7740,1.012320,0
7741,1.011090,0
7742,1.012440,0
7743,1.010293,0
7744,1.011845,0
7745,1.012228,0
7746,1.012457,0
7747,1.012368,0
7748,1.012436,0
7749,1.013110,0
7750,1.011364,0
7751,0.684684,0
7752,1.175173,0
7753,1.011388,0
7754,1.011891,0
7755,1.372398,0
7756,0.687188,0
7757,1.305169,0
7758,1.306431,0
7759,1.306049,0
7760,2.111952,0
7761,1.306196,0
7762,0.324143,0
7763,0.307345,0
7764,1.011249,0
7765,1.010719,0
7766,1.011710,0
7767,1.012786,0
7768,1.012786,0
7769,0.845902,0
7770,2.111021,0
7771,1.304706,0
7772,2.474939,1
7773,2.472095,1
7774,2.472731,1
7775,1.174911,0
7776,1.175806,0
7777,1.174748,0
7778,1.174656,0
7779,1.304656,0
7780,1.009418,0
7781,1.371044,0
7782,1.372132,0
7783,1.371315,0
7784,1.011434,0
7785,1.010774,0
7786,1.010727,0
7787,0.684399,0
7788,0.684399,0
7789,0.684399,0
7790,0.684399,0
7791,0.684399,0
7792,0.684399,0
7793,1.374308,0
7794,0.444906,0
7795,0.531367,0
7796,0.767309,0
7797,1.032725,0
7798,1.183410,0
7799,1.144441,0
7800,0.560946,0
7801,0.873693,0
7802,0.873693,0
7803,0.850488,0
7804,0.873250,0
7805,0.471305,0
7806,0.471305,0
7807,1.012037,0
7808,0.696100,0
7809,1.323426,0
7810,0.882668,0
7811,0.410307,0
7812,0.766156,0
7813,0.374574,0
7814,0.693267,0
7815,0.684925,0
7816,0.890487,0
7817,1.758787,0
7818,1.758787,0
7819,1.922004,0
7820,0.451564,0
7821,0.489657,0
7822,2.111973,0
7823,0.197030,0
7824,2.110986,0
7825,2.113988,0
7826,2.331281,1
7827,0.849882,0
7828,0.698131,0
7829,1.384672,0
7830,0.700735,0
7831,0.708666,0
7832,0.781575,0
7833,8.589493,1
7834,0.198755,0
7835,1.371950,0
7836,1.011361,0
7837,6.025497,1
7838,2.526054,1
7839,4.763691,1
7840,5.588331,1
7841,5.598164,1
7842,2.794852,1
7843,10.700601,1
7844,0.346502,0
7845,0.345965,0
7846,0.854779,0
7847,0.854779,0
7848,0.533093,0
7849,0.532789,0
7850,0.534456,0
7851,0.534799,0
7852,0.529906,0
7853,0.534402,0
7854,0.534402,0
7855,0.534402,0
7856,0.532851,0
7857,0.379206,0
7858,0.378995,0
7859,0.377372,0
7860,0.378995,0
7861,0.533870,0
7862,0.533440,0
7863,0.534023,0
7864,0.376040,0
7865,0.374371,0
7866,0.531530,0
7867,0.533415,0
7868,0.533278,0
7869,0.531890,0
7870,0.532455,0
7871,0.532401,0
7872,0.531242,0
7873,0.531031,0
7874,0.713212,0
7875,0.533702,0
7876,0.497207,0
7877,0.529187,0
7878,0.692577,0
7879,0.693135,0
7880,1.375599,0
7881,0.852277,0
7882,0.337540,0
7883,0.534577,0
7884,0.536966,0
7885,0.692815,0
7886,0.692698,0
7887,1.017857,0
7888,0.376715,0
7889,0.532055,0
7890,0.532055,0
7891,0.693714,0
7892,0.696676,0
7893,0.694623,0
7894,0.696676,0
7895,0.696676,0
7896,0.693549,0
7897,0.695204,0
7898,0.534983,0
7899,0.376305,0
7900,0.694242,0
7901,0.694621,0
7902,0.338024,0
7903,0.690594,0
7904,0.695068,0
7905,1.180510,0
7906,0.693930,0
7907,0.855409,0
7908,1.014583,0
7909,0.532546,0
7910,0.370773,0
7911,0.532736,0
7912,0.521116,0
7913,0.522455,0
7914,0.523124,0
7915,0.685767,0
7916,0.521831,0
7917,0.474894,0
7918,1.011126,0
7919,0.636960,0
7920,0.684086,0
7921,0.683753,0
7922,0.682503,0
7923,0.521078,0
7924,0.521078,0
7925,0.686719,0
7926,0.849303,0
7927,0.362345,0
7928,0.522342,0
7929,1.371509,0
7930,0.361909,0
7931,1.011869,0
7932,1.175601,0
7933,0.847114,0
7934,0.847173,0
7935,0.520726,0
7936,0.526880,0
7937,1.012062,0
7938,1.371426,0
7939,0.521697,0
7940,0.521046,0
7941,0.520761,0
7942,0.524840,0
7943,0.520871,0
7944,0.518617,0
7945,0.522191,0
7946,0.683564,0
7947,0.522171,0
7948,0.519203,0
7949,1.012974,0
7950,0.163369,0
7951,0.163186,0
7952,0.685490,0
7953,0.847276,0
7954,0.683396,0
7955,0.683592,0
7956,0.070584,0
7957,0.684363,0
7958,0.317027,0
7959,0.686974,0
7960,0.332005,0
7961,0.360187,0
7962,0.360187,0
7963,0.684970,0
7964,0.523670,0
7965,0.682427,0
7966,0.364207,0
7967,0.685673,0
7968,0.682259,0
7969,0.683270,0
7970,0.203073,0
7971,0.210560,0
7972,0.522293,0
7973,0.521489,0
7974,0.360753,0
7975,0.636114,0
7976,1.009282,0
7977,0.473695,0
7978,0.518347,0
7979,1.290221,0
7980,0.521914,0
7981,0.518826,0
7982,0.681965,0
7983,1.174331,0
7984,0.682024,0
7985,0.355175,0
7986,0.357726,0
7987,0.354568,0
7988,0.847784,0
7989,0.845194,0
7990,1.372181,0
7991,0.847359,0
7992,0.685417,0
7993,1.683951,0
7994,0.716748,0
7995,0.716396,0
7996,0.211427,0
7997,0.335361,0
7998,0.334832,0
7999,0.557645,0
8000,0.350757,0
8001,0.501541,0
8002,0.375745,0
8003,0.356148,0
8004,1.624103,0
8005,1.624103,0
8006,1.624103,0
8007,1.918512,0
8008,1.918762,0
8009,1.689532,0
8010,1.689532,0
8011,1.689532,0
8012,1.624103,0
8013,1.623380,0
8014,1.852433,0
8015,1.918433,0
8016,1.951270,0
8017,1.951222,0
8018,0.370826,0
8019,1.983936,0
8020,1.951183,0
8021,1.951183,0
8022,0.693903,0
8023,0.219881,0
8024,1.656818,0
8025,1.312539,0
8026,1.624106,0
8027,1.312231,0
8028,1.376135,0
8029,1.624106,0
8030,0.377439,0
8031,1.624106,0
8032,1.624303,0
8033,2.115132,0
8034,1.623339,0
8035,1.591420,0
8036,1.591220,0
8037,1.591730,0
8038,1.688831,0
8039,2.049837,0
8040,1.624180,0
8041,1.591422,0
8042,1.558927,0
8043,1.624300,0
8044,1.591422,0
8045,1.591422,0
8046,1.558721,0
8047,1.689556,0
8048,1.624129,0
8049,1.624129,0
8050,1.373240,0
8051,1.624129,0
8052,1.688676,0
8053,1.311318,0
8054,1.689721,0
8055,1.558927,0
8056,1.558956,0
8057,1.591220,0
8058,1.591429,0
8059,1.311579,0
8060,1.375603,0
8061,0.695043,0
8062,1.018330,0
8063,1.017421,0
8064,1.017176,0
8065,0.375273,0
8066,1.375976,0
8067,0.372693,0
8068,0.691141,0
8069,0.531124,0
8070,0.694525,0
8071,1.018423,0
8072,0.650031,0
8073,1.017296,0
8074,0.645446,0
8075,1.019620,0
8076,1.376142,0
8077,1.376142,0
8078,1.376106,0
8079,0.533629,0
8080,0.695580,0
8081,0.695681,0
8082,0.694614,0
8083,0.695138,0
8084,0.694441,0
8085,0.691215,0
8086,0.533750,0
8087,1.984017,0
8088,0.693010,0
8089,0.648066,0
8090,0.534861,0
8091,0.648159,0
8092,0.649663,0
8093,0.647249,0
8094,0.692217,0
8095,0.647918,0
8096,0.692730,0
8097,0.692815,0
8098,0.534505,0
8099,0.536557,0
8100,0.694920,0
8101,0.379831,0
8102,1.011800,0
8103,1.308444,0
8104,1.947786,0
8105,1.308005,0
8106,0.359257,0
8107,1.012019,0
8108,1.012019,0
8109,1.012019,0
8110,1.307158,0
8111,1.012405,0
8112,1.013166,0
8113,1.012785,0
8114,1.012785,0
8115,0.361868,0
8116,0.211802,0
8117,0.211397,0
8118,1.374029,0
8119,1.012151,0
8120,1.012151,0
8121,1.012151,0
8122,1.306818,0
8123,0.358691,0
8124,1.306224,0
8125,1.307102,0
8126,0.361537,0
8127,0.360380,0
8128,0.362392,0
8129,0.527225,0
8130,0.527225,0
8131,0.362392,0
8132,0.362392,0
8133,1.012151,0
8134,1.307499,0
8135,1.010739,0
8136,1.306203,0
8137,2.111717,0
8138,1.011342,0
8139,1.011689,0
8140,1.011689,0
8141,1.011689,0
8142,1.011282,0
8143,1.011100,0
8144,1.011081,0
8145,2.178008,1
8146,1.306426,0
8147,1.011077,0
8148,1.307010,0
8149,1.011361,0
8150,1.012254,0
8151,1.012392,0
8152,1.306721,0
8153,1.013493,0
8154,1.012175,0
8155,1.012404,0
8156,1.373016,0
8157,1.014095,0
8158,1.013166,0
8159,1.011815,0
8160,1.012546,0
8161,2.144884,0
8162,1.012179,0
8163,1.306970,0
8164,1.013050,0
8165,0.199262,0
8166,1.372337,0
8167,2.046429,0
8168,1.307612,0
8169,1.011078,0
8170,1.013050,0
8171,0.363364,0
8172,0.363364,0
8173,0.365870,0
8174,0.364822,0
8175,1.306554,0
8176,1.307109,0
8177,1.306941,0
8178,1.306086,0
8179,1.306086,0
8180,1.306086,0
8181,1.306086,0
8182,2.144898,0
8183,1.010393,0
8184,1.372760,0
8185,1.307841,0
8186,1.306947,0
8187,1.947366,0
8188,1.305980,0
8189,0.362284,0
8190,1.307571,0
8191,1.307571,0
8192,1.307571,0
8193,0.686269,0
8194,1.307740,0
8195,2.079237,0
8196,2.046164,0
8197,0.683448,0
8198,1.372587,0
8199,1.914454,0
8200,0.362824,0
8201,0.362472,0
8202,0.685719,0
8203,0.685719,0
8204,0.685719,0
8205,0.362301,0
8206,1.588636,0
8207,1.307389,0
8208,1.307053,0
8209,1.305775,0
8210,1.307290,0
8211,1.307326,0
8212,1.309310,0
8213,1.305862,0
8214,1.305862,0
8215,1.306151,0
8216,1.013130,0
8217,1.013130,0
8218,1.013130,0
8219,1.307571,0
8220,1.307571,0
8221,0.685937,0
8222,0.685937,0
8223,1.307938,0
8224,1.307938,0
8225,1.308144,0
8226,1.307313,0
8227,1.012469,0
8228,1.012469,0
8229,0.364760,0
8230,1.306861,0
8231,1.306861,0
8232,2.046598,0
8233,2.046598,0
8234,1.306020,0
8235,1.306020,0
8236,1.306020,0
8237,0.682764,0
8238,1.306861,0
8239,1.306861,0
8240,1.309691,0
8241,2.177779,1
8242,2.178056,1
8243,2.178056,1
8244,1.307675,0
8245,1.307493,0
8246,1.488074,0
8247,0.358864,0
8248,1.306118,0
8249,2.046004,0
8250,2.111451,0
8251,1.012026,0
8252,1.373218,0
8253,1.373252,0
8254,1.373021,0
8255,1.013804,0
8256,1.014315,0
8257,0.686334,0
8258,0.687451,0
8259,1.012062,0
8260,1.012854,0
8261,2.012963,0
8262,1.012547,0
8263,1.012088,0
8264,1.011986,0
8265,1.012351,0
8266,0.684928,0
8267,0.684389,0
8268,0.683673,0
8269,1.012192,0
8270,1.013208,0
8271,1.012298,0
8272,1.012298,0
8273,1.013227,0
8274,1.013599,0
8275,1.011953,0
8276,1.011972,0
8277,1.012210,0
8278,1.011862,0
8279,0.684703,0
8280,1.175821,0
8281,1.175821,0
8282,1.175669,0
8283,0.360059,0
8284,0.359951,0
8285,2.079314,0
8286,1.373195,0
8287,1.372003,0
8288,1.372895,0
8289,2.112059,0
8290,0.687287,0
8291,0.686040,0
8292,0.312992,0
8293,0.685962,0
8294,0.687465,0
8295,2.112334,0
8296,2.112718,0
8297,0.684646,0
8298,1.372735,0
8299,1.371933,0
8300,1.013545,0
8301,0.688030,0
8302,2.472905,1
8303,1.306687,0
8304,1.013437,0
8305,1.013437,0
8306,1.012457,0
8307,1.012974,0
8308,0.359078,0
8309,0.367031,0
8310,0.367031,0
8311,0.362498,0
8312,1.011964,0
8313,0.362142,0
8314,2.144902,0
8315,0.363648,0
8316,0.684954,0
8317,2.078863,0
8318,2.178019,1
8319,2.178020,1
8320,0.364512,0
8321,1.009974,0
8322,1.011411,0
8323,1.011411,0
8324,1.010512,0
8325,1.011661,0
8326,1.011975,0
8327,1.011975,0
8328,1.011975,0
8329,1.014045,0
8330,0.527844,0
8331,0.356642,0
8332,2.242903,1
8333,0.317354,0
8334,0.686164,0
8335,0.634809,0
8336,0.697003,0
8337,1.371714,0
8338,1.309088,0
8339,1.307838,0
8340,1.372274,0
8341,1.372398,0
8342,0.523000,0
8343,0.524690,0
8344,0.525269,0
8345,0.689187,0
8346,0.686888,0
8347,1.012163,0
8348,1.012163,0
8349,1.012163,0
8350,0.686594,0
8351,1.373778,0
8352,0.688091,0
8353,1.128764,0
8354,2.144704,0
8355,2.144227,0
8356,2.177923,1
8357,2.177923,1
8358,0.687931,0
8359,0.687931,0
8360,1.914525,0
8361,0.360601,0
8362,0.963282,0
8363,0.963967,0
8364,2.111611,0
8365,1.373855,0
8366,0.523235,0
8367,0.523692,0
8368,0.523692,0
8369,0.360060,0
8370,0.521059,0
8371,0.687165,0
8372,0.686497,0
8373,0.686497,0
8374,0.686594,0
8375,0.687209,0
8376,0.322617,0
8377,2.472620,1
8378,1.012032,0
8379,0.965313,0
8380,1.816682,0
8381,0.357396,0
8382,0.357396,0
8383,0.686843,0
8384,0.637253,0
8385,0.639415,0
8386,0.639415,0
8387,0.639170,0
8388,0.639709,0
8389,0.639989,0
8390,0.639989,0
8391,0.639490,0
8392,0.525484,0
8393,0.684703,0
8394,0.314736,0
8395,0.685818,0
8396,0.685818,0
8397,2.078884,0
8398,2.144482,0
8399,2.112534,0
8400,2.112534,0
8401,2.112686,0
8402,1.915388,0
8403,0.685019,0
8404,1.013062,0
8405,0.800277,0
8406,0.800277,0
8407,0.362302,0
8408,0.641499,0
8409,1.014083,0
8410,1.014219,0
8411,1.014219,0
8412,0.800220,0
8413,1.980444,0
8414,2.472366,1
8415,0.686062,0
8416,1.947702,0
8417,1.947513,0
8418,0.522370,0
8419,2.078824,0
8420,0.684478,0
8421,0.359370,0
8422,0.686892,0
8423,1.553083,0
8424,0.358947,0
8425,1.307598,0
8426,1.306827,0
8427,1.010905,0
8428,1.010905,0
8429,2.013479,0
8430,2.013479,0
8431,1.011123,0
8432,1.305734,0
8433,1.305734,0
8434,1.011136,0
8435,2.111417,0
8436,1.305734,0
8437,1.371325,0
8438,1.305734,0
8439,1.306575,0
8440,1.305734,0
8441,0.360190,0
8442,1.011458,0
8443,0.682008,0
8444,0.358303,0
8445,2.144208,0
8446,1.306334,0
8447,1.305624,0
8448,1.305624,0
8449,1.011702,0
8450,1.307667,0
8451,1.010289,0
8452,0.635204,0
8453,2.177267,1
8454,2.078302,0
8455,2.176707,1
8456,2.176707,1
8457,1.370881,0
8458,1.306276,0
8459,1.306276,0
8460,1.370815,0
8461,1.010878,0
8462,1.014200,0
8463,2.143966,0
8464,2.045975,0
8465,1.306448,0
8466,2.144431,0
8467,2.078446,0
8468,1.305752,0
8469,1.306484,0
8470,1.306484,0
8471,1.372126,0
8472,0.682216,0
8473,0.682216,0
8474,1.175095,0
8475,0.362432,0
8476,1.305649,0
8477,1.305741,0
8478,0.687316,0
8479,2.111859,0
8480,2.111859,0
8481,1.010622,0
8482,1.010878,0
8483,1.012522,0
8484,1.305837,0
8485,1.011014,0
8486,1.011014,0
8487,0.686353,0
8488,2.013220,0
8489,0.683683,0
8490,0.683683,0
8491,0.354315,0
8492,1.012335,0
8493,1.012806,0
8494,1.011723,0
8495,1.012131,0
8496,1.011606,0
8497,1.010464,0
8498,0.801606,0
8499,0.964590,0
8500,2.078769,0
8501,0.357986,0
8502,2.078576,0
8503,0.687132,0
8504,0.354665,0
8505,1.370672,0
8506,1.848633,0
8507,2.144176,0
8508,2.144176,0
8509,2.111472,0
8510,2.111472,0
8511,2.210006,1
8512,2.078647,0
8513,2.078737,0
8514,0.537328,0
8515,0.341184,0
8516,11.439126,1
8517,0.415537,0
8518,0.366008,0
8519,0.211932,0
8520,0.365895,0
8521,0.365716,0
8522,1.416160,0
8523,0.405111,0
8524,0.405111,0
8525,0.414925,0
8526,0.414925,0
8527,0.385693,0
8528,0.366712,0
8529,0.386407,0
8530,0.365571,0
8531,0.367070,0
8532,0.527769,0
8533,1.280779,0
8534,0.365820,0
8535,0.417781,0
8536,0.366322,0
8537,0.563569,0
8538,0.873095,0
8539,0.851606,0
8540,0.851285,0
8541,1.032725,0
8542,0.841843,0
8543,0.811114,0
8544,0.811114,0
8545,0.526546,0
8546,1.146259,0
8547,0.693917,0
8548,0.808478,0
8549,0.808478,0
8550,0.367051,0
8551,0.689956,0
8552,0.524439,0
8553,0.365939,0
8554,0.416116,0
8555,0.365357,0
8556,0.556522,0
8557,0.606057,0
8558,0.606057,0
8559,0.653524,0
8560,0.590296,0
8561,0.622277,0
8562,0.622277,0
8563,0.415230,0
8564,0.415811,0
8565,0.415403,0
8566,0.366148,0
8567,0.365779,0
8568,0.364847,0
8569,1.522731,0
8570,0.335469,0
8571,0.365323,0
8572,1.244437,0
8573,0.703489,0
8574,1.029714,0
8575,0.404998,0
8576,0.382276,0
8577,2.158652,1
8578,0.397350,0
8579,0.430043,0
8580,0.416504,0
8581,0.386292,0
8582,0.746053,0
8583,0.407588,0
8584,0.387089,0
8585,0.392013,0
8586,2.084794,0
8587,0.398593,0
8588,1.358008,0
8589,0.960792,0
8590,2.478058,1
8591,2.478058,1
8592,2.472847,1
8593,1.305620,0
8594,0.389079,0
8595,0.547568,0
8596,0.168079,0
8597,1.180587,0
8598,1.023974,0
8599,0.438224,0
8600,0.691353,0
8601,1.374633,0
8602,0.376531,0
8603,0.375334,0
8604,0.375123,0
8605,0.375123,0
8606,0.379198,0
8607,0.380845,0
8608,0.691378,0
8609,0.856507,0
8610,0.856507,0
8611,1.213078,0
8612,0.704527,0
8613,0.695650,0
8614,2.544152,1
8615,0.370325,0
8616,0.692687,0
8617,0.694516,0
8618,1.310795,0
8619,1.016923,0
8620,1.019595,0
8621,1.376230,0
8622,1.374687,0
8623,1.379477,0
8624,1.374853,0
8625,1.179320,0
8626,1.019024,0
8627,0.373517,0
8628,0.692142,0
8629,0.692099,0
8630,0.369341,0
8631,0.690200,0
8632,1.375080,0
8633,0.688943,0
8634,1.375032,0
8635,0.533565,0
8636,0.693057,0
8637,1.374686,0
8638,1.179092,0
8639,1.177568,0
8640,1.178255,0
8641,1.015367,0
8642,1.014718,0
8643,1.015254,0
8644,1.312239,0
8645,1.375485,0
8646,0.371117,0
8647,1.179673,0
8648,1.180242,0
8649,1.375796,0
8650,1.375855,0
8651,0.693313,0
8652,0.693532,0
8653,1.374822,0
8654,1.015116,0
8655,1.014645,0
8656,1.014645,0
8657,1.024234,0
8658,1.375563,0
8659,1.375563,0
8660,0.281199,0
8661,1.015135,0
8662,1.014454,0
8663,1.015410,0
8664,0.371513,0
8665,0.528326,0
8666,0.528646,0
8667,0.280192,0
8668,0.280192,0
8669,1.015416,0
8670,1.014069,0
8671,1.014115,0
8672,1.016209,0
8673,1.374568,0
8674,1.375298,0
8675,1.403890,0
8676,0.528278,0
8677,1.014818,0
8678,1.306002,0
8679,1.306008,0
8680,1.305262,0
8681,1.306120,0
8682,1.306618,0
8683,1.010903,0
8684,1.306658,0
8685,0.688151,0
8686,0.686536,0
8687,0.686485,0
8688,1.374030,0
8689,1.372426,0
8690,1.306701,0
8691,1.305895,0
8692,1.370586,0
8693,0.361603,0
8694,0.524861,0
8695,0.683673,0
8696,0.361427,0
8697,0.363660,0
8698,1.375003,0
8699,0.360640,0
8700,1.010738,0
8701,1.010738,0
8702,1.306951,0
8703,1.371064,0
8704,0.364754,0
8705,1.012151,0
8706,1.306717,0
8707,0.272221,0
8708,1.011792,0
8709,1.176592,0
8710,1.371751,0
8711,1.371708,0
8712,1.372257,0
8713,1.306770,0
8714,0.363478,0
8715,0.329461,0
8716,1.306739,0
8717,1.306739,0
8718,1.174800,0
8719,0.522555,0
8720,0.097333,0
8721,0.269966,0
8722,0.263231,0
8723,1.305312,0
8724,0.270373,0
8725,0.682331,0
8726,0.264707,0
8727,1.370812,0
8728,1.177201,0
8729,0.266742,0
8730,0.268574,0
8731,1.012274,0
8732,1.012729,0
8733,1.012729,0
8734,0.848659,0
8735,0.684322,0
8736,0.684322,0
8737,0.266344,0
8738,0.266344,0
8739,1.012123,0
8740,0.846873,0
8741,0.846956,0
8742,0.846246,0
8743,1.305079,0
8744,1.305713,0
8745,0.355150,0
8746,0.846103,0
8747,1.304799,0
8748,1.304799,0
8749,2.144476,0
8750,1.010146,0
8751,1.010827,0
8752,1.010827,0
8753,1.009407,0
8754,1.371052,0
8755,0.365774,0
8756,1.371217,0
8757,2.178246,1
8758,1.174405,0
8759,0.354894,0
8760,1.174446,0
8761,1.371663,0
8762,1.370656,0
8763,1.370691,0
8764,0.264255,0
8765,2.176974,1
8766,2.176974,1
8767,1.010867,0
8768,1.010289,0
8769,0.356583,0
8770,0.810533,0
8771,1.261057,0
8772,2.651349,1
8773,2.518947,1
8774,1.163374,0
8775,1.163374,0
8776,1.163374,0
8777,1.163368,0
8778,0.990774,0
8779,1.037539,0
8780,0.424020,0
8781,0.418150,0
8782,2.399510,1
8783,2.399510,1
8784,0.804159,0
8785,0.981472,0
8786,1.396055,0
8787,0.418065,0
8788,0.368168,0
8789,0.895955,0
8790,0.486929,0
8791,0.738113,0
8792,0.822861,0
8793,2.142596,0
8794,0.276553,0
8795,0.276553,0
8796,2.163819,1
8797,3.585484,1
8798,2.780300,1
8799,0.936000,0
8800,2.460748,1
8801,3.932380,1
8802,3.413546,1
8803,0.382260,0
8804,0.376217,0
8805,0.472240,0
8806,0.348368,0
8807,0.381023,0
8808,0.380834,0
8809,0.446536,0
8810,0.291589,0
8811,0.329436,0
8812,0.182155,0
8813,0.379388,0
8814,0.549434,0
8815,0.297971,0
8816,0.401129,0
8817,1.105210,0
8818,0.391324,0
8819,0.401153,0
8820,0.400143,0
8821,0.397143,0
8822,0.619466,0
8823,0.619466,0
8824,0.756808,0
8825,0.648639,0
8826,0.386821,0
8827,0.764790,0
8828,8.002613,1
8829,2.247793,1
8830,1.017878,0
8831,1.016835,0
8832,0.693768,0
8833,0.855290,0
8834,1.017304,0
8835,0.694809,0
8836,0.693930,0
8837,0.692414,0
8838,0.534495,0
8839,0.532810,0
8840,0.693532,0
8841,0.693532,0
8842,1.018395,0
8843,1.018395,0
8844,0.374383,0
8845,0.379072,0
8846,0.191995,0
8847,0.330390,0
8848,0.537944,0
8849,0.486515,0
8850,0.375105,0
8851,0.372220,0
8852,0.367896,0
8853,0.229670,0
8854,0.230897,0
8855,0.370312,0
8856,1.016654,0
8857,1.017468,0
8858,1.017468,0
8859,0.693731,0
8860,1.017334,0
8861,1.017410,0
8862,1.017407,0
8863,1.017407,0
8864,0.331773,0
8865,0.696240,0
8866,0.533847,0
8867,0.533443,0
8868,0.537641,0
8869,0.693644,0
8870,0.697373,0
8871,0.693455,0
8872,0.693455,0
8873,1.180295,0
8874,1.018171,0
8875,0.377245,0
8876,0.132488,0
8877,0.199805,0
8878,0.199805,0
8879,0.532967,0
8880,0.532738,0
8881,0.231823,0
8882,0.231823,0
8883,0.231823,0
8884,0.278788,0
8885,1.017262,0
8886,0.533960,0
8887,0.693726,0
8888,0.693682,0
8889,0.693076,0
8890,0.692313,0
8891,0.693880,0
8892,0.143841,0
8893,0.142766,0
8894,0.139696,0
8895,0.132723,0
8896,0.132723,0
8897,0.533027,0
8898,0.532968,0
8899,1.017854,0
8900,0.694120,0
8901,0.692533,0
8902,0.692533,0
8903,0.692533,0
8904,0.533049,0
8905,0.533960,0
8906,0.533960,0
8907,0.377450,0
8908,0.377427,0
8909,0.375877,0
8910,0.377631,0
8911,0.376715,0
8912,0.377631,0
8913,0.377427,0
8914,0.377427,0
8915,0.533960,0
8916,0.533389,0
8917,0.532736,0
8918,0.376373,0
8919,0.335745,0
8920,0.189051,0
8921,0.692953,0
8922,0.693459,0
8923,0.377066,0
8924,0.132195,0
8925,0.139578,0
8926,0.146071,0
8927,0.375382,0
8928,0.530514,0
8929,0.377575,0
8930,0.377575,0
8931,0.530121,0
8932,0.690006,0
8933,0.689758,0
8934,0.690442,0
8935,0.852501,0
8936,0.530552,0
8937,0.531858,0
8938,0.376629,0
8939,0.531474,0
8940,0.137289,0
8941,0.693526,0
8942,1.015598,0
8943,0.528611,0
8944,0.695319,0
8945,0.533734,0
8946,0.376901,0
8947,0.533960,0
8948,0.532703,0
8949,0.532703,0
8950,0.533206,0
8951,0.533111,0
8952,0.230567,0
8953,0.532622,0
8954,0.342155,0
8955,0.530788,0
8956,0.232184,0
8957,0.533634,0
8958,0.531293,0
8959,0.531293,0
8960,0.341733,0
8961,0.230655,0
8962,0.532700,0
8963,0.533855,0
8964,0.531785,0
8965,0.533513,0
8966,0.533879,0
8967,0.693532,0
8968,0.534013,0
8969,0.533544,0
8970,0.533544,0
8971,0.533544,0
8972,0.692923,0
8973,0.533622,0
8974,0.533647,0
8975,0.533647,0
8976,0.693768,0
8977,1.180498,0
8978,1.180498,0
8979,0.693141,0
8980,0.533354,0
8981,0.532397,0
8982,0.530018,0
8983,0.851693,0
8984,0.851693,0
8985,0.529502,0
8986,0.531337,0
8987,0.533221,0
8988,1.374653,0
8989,0.526333,0
8990,0.534167,0
8991,0.532399,0
8992,0.532346,0
8993,0.367576,0
8994,0.532383,0
8995,0.533750,0
8996,0.694609,0
8997,0.694609,0
8998,0.198539,0
8999,0.143970,0
9000,0.377541,0
9001,0.377541,0
9002,0.693682,0
9003,1.015670,0
9004,1.016312,0
9005,1.017614,0
9006,1.017754,0
9007,1.015955,0
9008,0.133676,0
9009,0.376091,0
9010,0.376091,0
9011,0.533224,0
9012,0.227092,0
9013,0.535985,0
9014,0.692327,0
9015,0.693032,0
9016,0.138697,0
9017,0.693396,0
9018,0.693396,0
9019,0.533814,0
9020,0.533814,0
9021,0.132081,0
9022,0.534175,0
9023,1.017553,0
9024,0.694721,0
9025,1.310809,0
9026,1.017078,0
9027,0.531857,0
9028,0.533647,0
9029,0.533647,0
9030,0.373017,0
9031,0.226790,0
9032,0.373406,0
9033,0.534283,0
9034,1.311067,0
9035,0.376315,0
9036,0.233302,0
9037,0.138314,0
9038,0.377977,0
9039,0.373975,0
9040,0.134706,0
9041,0.133265,0
9042,0.531851,0
9043,2.078571,0
9044,0.683228,0
9045,0.684926,0
9046,1.012974,0
9047,1.012898,0
9048,0.686348,0
9049,1.013130,0
9050,1.013502,0
9051,0.330284,0
9052,0.683550,0
9053,0.075862,0
9054,0.084640,0
9055,1.305864,0
9056,0.684766,0
9057,0.088543,0
9058,0.686511,0
9059,0.525487,0
9060,0.315125,0
9061,0.080204,0
9062,0.088410,0
9063,0.088410,0
9064,0.518918,0
9065,0.683887,0
9066,0.085638,0
9067,0.362191,0
9068,0.313531,0
9069,0.206564,0
9070,0.313021,0
9071,0.311857,0
9072,0.524778,0
9073,0.198671,0
9074,0.519586,0
9075,0.523934,0
9076,0.523934,0
9077,0.474796,0
9078,0.209206,0
9079,0.524187,0
9080,0.332905,0
9081,0.521179,0
9082,0.315142,0
9083,0.357683,0
9084,1.010979,0
9085,1.012032,0
9086,1.012079,0
9087,1.013078,0
9088,0.687322,0
9089,0.685673,0
9090,1.012274,0
9091,0.682701,0
9092,0.681618,0
9093,0.332080,0
9094,1.010512,0
9095,1.372995,0
9096,0.330407,0
9097,1.013484,0
9098,0.848564,0
9099,1.011780,0
9100,1.011859,0
9101,1.011387,0
9102,1.013336,0
9103,0.685111,0
9104,0.525491,0
9105,0.848371,0
9106,0.848371,0
9107,1.010795,0
9108,0.846493,0
9109,1.373439,0
9110,1.373439,0
9111,0.686290,0
9112,1.010991,0
9113,0.331479,0
9114,1.373357,0
9115,1.373357,0
9116,1.012268,0
9117,1.012262,0
9118,1.013312,0
9119,0.686477,0
9120,0.363718,0
9121,1.012720,0
9122,0.360056,0
9123,0.364551,0
9124,0.685825,0
9125,0.525950,0
9126,0.176185,0
9127,0.173930,0
9128,0.175309,0
9129,0.524161,0
9130,0.266344,0
9131,0.266344,0
9132,1.010646,0
9133,1.011118,0
9134,1.011118,0
9135,1.011118,0
9136,0.689068,0
9137,0.689068,0
9138,0.524597,0
9139,0.686483,0
9140,1.373086,0
9141,1.373086,0
9142,0.364165,0
9143,0.364165,0
9144,1.012221,0
9145,0.518427,0
9146,1.370569,0
9147,0.365242,0
9148,0.366983,0
9149,0.363874,0
9150,0.363180,0
9151,0.092186,0
9152,0.092186,0
9153,0.207963,0
9154,0.366906,0
9155,0.208029,0
9156,0.207273,0
9157,0.313476,0
9158,0.518352,0
9159,0.103102,0
9160,0.085061,0
9161,1.012009,0
9162,0.682816,0
9163,0.201376,0
9164,0.201376,0
9165,0.200954,0
9166,0.357994,0
9167,1.010013,0
9168,1.010920,0
9169,0.683860,0
9170,0.521396,0
9171,0.524446,0
9172,0.848365,0
9173,0.848468,0
9174,0.682143,0
9175,0.849551,0
9176,0.688893,0
9177,0.354916,0
9178,0.522573,0
9179,0.520914,0
9180,0.518002,0
9181,0.684196,0
9182,0.685053,0
9183,0.850025,0
9184,0.846753,0
9185,0.362408,0
9186,0.316819,0
9187,0.169214,0
9188,0.169214,0
9189,0.361800,0
9190,0.361800,0
9191,0.080727,0
9192,0.685468,0
9193,0.319642,0
9194,0.524308,0
9195,0.364165,0
9196,0.364272,0
9197,0.314632,0
9198,0.521010,0
9199,0.128934,0
9200,0.314383,0
9201,0.357118,0
9202,0.094889,0
9203,0.638401,0
9204,0.477728,0
9205,0.475949,0
9206,1.305788,0
9207,0.077372,0
9208,0.062917,0
9209,0.683857,0
9210,0.683579,0
9211,0.308518,0
9212,1.370406,0
9213,0.681075,0
9214,1.372039,0
9215,0.073167,0
9216,1.012146,0
9217,0.200850,0
9218,0.683077,0
9219,1.010690,0
9220,1.011663,0
9221,2.178016,1
9222,1.372208,0
9223,1.372208,0
9224,1.011707,0
9225,1.372399,0
9226,0.687243,0
9227,1.372069,0
9228,1.372069,0
9229,1.011868,0
9230,1.010695,0
9231,0.686654,0
9232,0.685109,0
9233,1.010472,0
9234,1.009896,0
9235,1.010535,0
9236,1.010535,0
9237,1.372126,0
9238,1.371747,0
9239,1.371967,0
9240,0.311746,0
9241,0.311746,0
9242,2.110997,0
9243,0.088038,0
9244,1.175198,0
9245,1.175142,0
9246,1.175845,0
9247,0.681808,0
9248,1.552805,0
9249,0.717223,0
9250,0.686817,0
9251,0.717297,0
9252,0.686854,0
9253,1.200660,0
9254,0.960708,0
9255,0.716860,0
9256,0.697656,0
9257,0.918581,0
9258,0.333754,0
9259,1.892983,0
9260,0.959422,0
9261,2.231593,1
9262,0.444623,0
9263,0.333818,0
9264,0.353599,0
9265,0.536216,0
9266,0.350989,0
9267,0.293576,0
9268,0.687985,0
9269,0.544674,0
9270,0.394223,0
9271,0.394223,0
9272,0.854285,0
9273,0.394803,0
9274,0.354453,0
9275,0.635003,0
9276,0.405681,0
9277,0.399866,0
9278,0.348722,0
9279,0.339051,0
9280,0.863408,0
9281,0.562119,0
9282,0.366862,0
9283,0.741322,0
9284,0.770181,0
9285,0.626309,0
9286,0.342540,0
9287,0.506470,0
9288,0.305226,0
9289,0.305226,0
9290,1.017529,0
9291,1.017039,0
9292,1.017208,0
9293,1.178738,0
9294,1.178831,0
9295,0.373673,0
9296,1.013919,0
9297,1.015357,0
9298,1.016720,0
9299,0.435724,0
9300,1.179862,0
9301,1.179862,0
9302,1.309543,0
9303,1.310433,0
9304,1.311288,0
9305,1.015212,0
9306,0.691725,0
9307,0.691725,0
9308,1.015565,0
9309,1.015389,0
9310,1.308916,0
9311,0.694256,0
9312,1.308811,0
9313,1.179069,0
9314,1.181141,0
9315,1.011964,0
9316,0.356725,0
9317,1.306699,0
9318,0.529438,0
9319,1.012009,0
9320,1.011992,0
9321,1.175586,0
9322,1.174757,0
9323,1.174736,0
9324,1.175605,0
9325,0.685833,0
9326,0.685833,0
9327,0.685833,0
9328,0.524175,0
9329,0.685215,0
9330,1.011379,0
9331,1.012500,0
9332,1.372267,0
9333,1.010756,0
9334,1.012460,0
9335,1.012532,0
9336,1.174707,0
9337,1.011898,0
9338,0.848437,0
9339,1.305835,0
9340,1.012620,0
9341,1.011855,0
9342,1.305964,0
9343,0.685839,0
9344,1.011123,0
9345,1.011123,0
9346,1.012438,0
9347,1.011964,0
9348,0.364512,0
9349,1.306366,0
9350,1.306366,0
9351,1.372966,0
9352,2.439737,1
9353,0.683012,0
9354,1.175309,0
9355,1.010213,0
9356,1.304863,0
9357,1.304867,0
9358,1.173807,0
9359,0.846541,0
9360,1.225779,0
9361,3.707625,1
9362,0.333613,0
9363,0.336289,0
9364,0.336289,0
9365,1.491047,0
9366,2.785059,1
9367,0.635530,0
9368,0.336345,0
9369,7.070618,1
9370,4.015687,1
9371,2.720529,1
9372,0.441855,0
9373,1.185626,0
9374,0.509125,0
9375,0.690285,0
9376,0.692258,0
9377,0.692269,0
9378,0.138697,0
9379,0.341600,0
9380,0.341600,0
9381,0.118221,0
9382,0.146043,0
9383,0.226952,0
9384,0.227072,0
9385,0.193502,0
9386,0.200071,0
9387,1.018895,0
9388,0.693586,0
9389,0.693731,0
9390,0.694572,0
9391,0.694572,0
9392,0.692232,0
9393,0.692232,0
9394,0.693052,0
9395,0.324220,0
9396,0.351938,0
9397,1.018100,0
9398,0.383010,0
9399,0.383444,0
9400,1.019613,0
9401,1.018228,0
9402,0.856529,0
9403,0.694823,0
9404,0.856944,0
9405,0.189953,0
9406,1.017148,0
9407,1.015722,0
9408,0.334649,0
9409,0.334649,0
9410,0.337429,0
9411,0.228530,0
9412,0.228530,0
9413,0.132706,0
9414,0.187578,0
9415,2.115214,0
9416,0.376978,0
9417,0.187685,0
9418,0.327738,0
9419,0.327738,0
9420,0.193221,0
9421,0.693152,0
9422,1.373399,0
9423,0.097454,0
9424,0.356998,0
9425,0.361069,0
9426,0.166682,0
9427,0.165893,0
9428,0.100294,0
9429,0.519759,0
9430,0.085002,0
9431,0.089064,0
9432,0.316523,0
9433,0.208993,0
9434,0.075991,0
9435,0.214954,0
9436,0.211583,0
9437,0.171433,0
9438,0.161466,0
9439,0.172877,0
9440,0.363083,0
9441,1.012549,0
9442,1.013587,0
9443,1.012959,0
9444,0.080343,0
9445,0.090252,0
9446,0.682783,0
9447,0.314617,0
9448,0.683356,0
9449,0.686898,0
9450,0.355127,0
9451,0.355127,0
9452,0.098376,0
9453,0.316211,0
9454,0.314061,0
9455,0.472568,0
9456,0.520117,0
9457,0.364667,0
9458,0.847685,0
9459,1.176641,0
9460,1.372735,0
9461,0.684382,0
9462,1.373791,0
9463,1.373791,0
9464,0.684133,0
9465,0.475528,0
9466,0.167022,0
9467,0.477099,0
9468,1.012032,0
9469,1.012032,0
9470,1.013375,0
9471,1.012115,0
9472,0.169349,0
9473,0.171716,0
9474,0.474021,0
9475,0.317465,0
9476,0.166877,0
9477,0.166877,0
9478,0.363128,0
9479,0.316898,0
9480,0.163578,0
9481,0.521386,0
9482,0.315769,0
9483,0.163566,0
9484,0.520058,0
9485,1.307523,0
9486,0.519384,0
9487,0.683202,0
9488,0.683202,0
9489,0.683202,0
9490,0.201708,0
9491,2.177751,1
9492,0.683473,0
9493,0.310467,0
9494,0.355528,0
9495,0.317769,0
9496,0.193849,0
9497,0.682337,0
9498,0.682337,0
9499,0.192403,0
9500,0.310634,0
9501,0.635622,0
9502,2.078725,0
9503,2.406746,1
9504,0.636061,0
9505,0.799779,0
9506,0.358357,0
9507,0.421625,0
9508,0.681692,0
9509,0.519490,0
9510,0.197924,0
9511,0.682572,0
9512,0.363961,0
9513,0.414381,0
9514,0.364915,0
9515,0.364341,0
9516,0.365086,0
9517,0.365086,0
9518,0.365594,0
9519,0.365820,0
9520,0.365820,0
9521,0.420404,0
9522,0.418091,0
9523,0.364918,0
9524,0.364706,0
9525,0.333973,0
9526,0.333921,0
9527,0.333921,0
9528,0.333705,0
9529,0.367650,0
9530,0.334233,0
9531,0.332935,0
9532,0.332271,0
9533,0.365152,0
9534,0.365152,0
9535,0.365820,0
9536,0.365447,0
9537,0.506539,0
9538,0.364274,0
9539,0.686955,0
9540,0.686955,0
9541,2.003974,0
9542,0.393450,0
9543,0.337545,0
9544,0.388674,0
9545,0.333071,0
9546,3.613507,1
9547,0.374400,0
9548,0.364797,0
9549,0.708945,0
9550,0.388582,0
9551,0.767033,0
9552,0.477470,0
9553,0.334347,0
9554,0.554356,0
9555,0.354154,0
9556,0.397783,0
9557,0.334126,0
9558,0.411343,0
9559,0.146525,0
9560,0.130159,0
9561,0.130159,0
9562,0.141940,0
9563,0.146533,0
9564,0.335640,0
9565,0.335640,0
9566,0.132860,0
9567,0.456933,0
9568,0.197128,0
9569,0.536854,0
9570,0.530218,0
9571,0.200620,0
9572,0.194710,0
9573,0.224774,0
9574,0.533357,0
9575,0.533357,0
9576,0.373980,0
9577,0.373649,0
9578,0.532080,0
9579,0.692881,0
9580,0.372159,0
9581,0.642511,0
9582,0.645193,0
9583,0.135253,0
9584,0.691289,0
9585,0.529830,0
9586,0.854740,0
9587,0.531568,0
9588,0.534813,0
9589,0.531989,0
9590,0.349477,0
9591,0.372904,0
9592,0.695426,0
9593,0.375648,0
9594,0.695426,0
9595,0.694383,0
9596,0.694489,0
9597,0.134095,0
9598,0.483467,0
9599,0.485512,0
9600,0.534092,0
9601,0.532762,0
9602,0.532762,0
9603,0.377753,0
9604,0.377753,0
9605,0.693564,0
9606,0.487646,0
9607,0.692846,0
9608,1.310406,0
9609,0.693604,0
9610,0.692449,0
9611,0.165539,0
9612,0.100633,0
9613,0.315216,0
9614,0.638342,0
9615,0.637792,0
9616,0.637792,0
9617,0.638078,0
9618,0.638930,0
9619,0.088168,0
9620,0.361947,0
9621,0.159982,0
9622,0.164466,0
9623,0.087518,0
9624,0.166157,0
9625,0.158113,0
9626,0.477076,0
9627,0.315122,0
9628,0.638207,0
9629,0.165752,0
9630,2.209653,1
9631,0.639512,0
9632,0.318930,0
9633,0.636091,0
9634,0.087703,0
9635,0.364122,0
9636,0.685892,0
9637,0.473559,0
9638,0.164918,0
9639,0.315200,0
9640,0.316501,0
9641,0.471417,0
9642,0.635809,0
9643,0.799359,0
9644,0.800122,0
9645,0.636701,0
9646,0.636701,0
9647,0.636114,0
9648,0.800460,0
9649,0.369850,0
9650,0.361910,0
9651,0.686176,0
9652,0.361886,0
9653,0.206263,0
9654,0.092832,0
9655,0.312181,0
9656,0.472377,0
9657,0.519584,0
9658,0.520943,0
9659,0.477737,0
9660,0.523590,0
9661,0.686353,0
9662,0.686118,0
9663,0.687038,0
9664,0.477951,0
9665,1.011281,0
9666,0.684516,0
9667,0.522101,0
9668,0.682934,0
9669,6.249160,1
9670,0.353881,0
9671,0.334638,0
9672,1.797193,0
9673,1.790966,0
9674,0.339494,0
9675,0.297790,0
9676,0.358514,0
9677,0.656797,0
9678,0.654653,0
9679,1.309348,0
9680,1.371444,0
9681,1.371444,0
9682,1.371444,0
9683,0.639280,0
9684,1.306903,0
9685,1.373399,0
9686,1.307283,0
9687,1.372206,0
9688,1.338616,0
9689,0.361298,0
9690,1.371463,0
9691,1.371263,0
9692,1.816278,0
9693,1.174273,0
9694,1.175232,0
9695,1.371916,0
9696,1.452496,0
9697,0.362589,0
9698,1.338858,0
9699,0.359671,0
9700,1.371263,0
9701,1.371597,0
9702,1.011144,0
9703,1.010293,0
9704,1.010293,0
9705,0.333523,0
9706,0.333523,0
9707,0.333523,0
9708,0.333523,0
9709,1.178555,0
9710,0.367020,0
9711,0.455795,0
9712,0.370609,0
9713,1.953053,0
9714,1.953053,0
9715,0.366888,0
9716,0.417661,0
9717,0.494947,0
9718,0.367996,0
9719,6.716606,1
9720,0.711548,0
9721,0.494152,0
9722,1.216007,0
9723,0.436798,0
9724,0.240269,0
9725,0.488792,0
9726,0.380189,0
9727,0.696788,0
9728,0.695842,0
9729,0.694171,0
9730,0.692564,0
9731,0.688305,0
9732,0.692472,0
9733,0.308023,0
9734,0.534398,0
9735,0.692498,0
9736,1.852394,0
9737,0.694129,0
9738,0.537233,0
9739,0.692123,0
9740,0.693805,0
9741,0.379786,0
9742,0.696551,0
9743,0.694659,0
9744,0.695679,0
9745,0.695977,0
9746,0.148543,0
9747,0.533059,0
9748,0.535082,0
9749,2.081882,0
9750,0.533116,0
9751,0.369318,0
9752,1.296878,0
9753,1.296878,0
9754,0.533033,0
9755,0.536236,0
9756,0.534596,0
9757,1.134525,0
9758,0.689604,0
9759,0.694233,0
9760,0.693887,0
9761,0.694171,0
9762,0.696684,0
9763,1.297207,0
9764,0.490889,0
9765,0.490513,0
9766,0.490513,0
9767,0.490513,0
9768,0.490513,0
9769,0.490889,0
9770,0.535735,0
9771,0.532757,0
9772,0.534102,0
9773,0.536596,0
9774,2.344495,1
9775,0.691352,0
9776,0.696730,0
9777,0.382325,0
9778,0.695026,0
9779,0.694036,0
9780,0.533417,0
9781,0.809624,0
9782,0.809624,0
9783,0.533030,0
9784,0.318156,0
9785,0.687394,0
9786,1.293739,0
9787,2.178270,1
9788,0.684706,0
9789,0.687730,0
9790,0.687730,0
9791,0.527485,0
9792,0.688053,0
9793,0.052274,0
9794,0.475681,0
9795,0.520688,0
9796,0.705954,0
9797,0.706618,0
9798,0.697267,0
9799,0.697267,0
9800,2.441595,1
9801,2.441595,1
9802,2.441595,1
9803,1.379960,0
9804,1.377138,0
9805,1.306747,0
9806,1.373713,0
9807,1.373256,0
9808,1.374249,0
9809,1.374167,0
9810,1.372712,0
9811,1.011078,0
9812,1.372259,0
9813,1.306955,0
9814,1.307372,0
9815,1.372646,0
9816,1.373099,0
9817,1.373099,0
9818,1.372575,0
9819,1.372634,0
9820,1.373102,0
9821,0.685962,0
9822,1.372915,0
9823,1.372090,0
9824,1.373466,0
9825,1.373897,0
9826,1.374259,0
9827,1.372236,0
9828,1.370661,0
9829,1.371603,0
9830,1.372775,0
9831,1.305697,0
9832,1.371628,0
9833,1.372177,0
9834,1.307100,0
9835,1.371618,0
9836,0.337205,0
9837,2.200868,1
9838,0.687924,0
9839,0.688459,0
9840,0.254604,0
9841,0.496594,0
9842,0.336233,0
9843,1.341011,0
9844,1.341011,0
9845,1.341011,0
9846,2.379065,1
9847,0.367620,0
9848,2.149981,1
9849,0.607277,0
9850,1.413208,0
9851,0.360942,0
9852,0.360942,0
9853,0.356317,0
9854,0.354050,0
9855,0.360016,0
9856,0.858382,0
9857,0.389713,0
9858,0.377022,0
9859,0.376091,0
9860,0.534141,0
9861,0.691917,0
9862,0.693892,0
9863,0.204124,0
9864,0.383215,0
9865,0.380343,0
9866,0.533576,0
9867,0.534678,0
9868,0.533206,0
9869,1.018395,0
9870,0.695089,0
9871,0.693207,0
9872,0.692474,0
9873,1.387193,0
9874,0.330224,0
9875,0.322605,0
9876,0.692972,0
9877,0.694582,0
9878,0.534020,0
9879,0.694428,0
9880,0.336070,0
9881,0.332627,0
9882,0.530964,0
9883,0.331696,0
9884,0.854929,0
9885,0.535280,0
9886,0.321124,0
9887,0.538661,0
9888,0.330702,0
9889,0.378447,0
9890,0.531256,0
9891,0.378668,0
9892,0.533975,0
9893,0.378474,0
9894,0.381312,0
9895,1.310930,0
9896,0.535854,0
9897,0.535428,0
9898,0.534505,0
9899,0.534505,0
9900,0.345014,0
9901,1.016053,0
9902,0.540476,0
9903,0.383968,0
9904,0.540476,0
9905,0.378130,0
9906,1.016136,0
9907,1.019123,0
9908,0.530292,0
9909,1.311101,0
9910,0.682654,0
9911,0.683743,0
9912,1.175740,0
9913,0.520783,0
9914,0.365684,0
9915,0.356725,0
9916,0.636708,0
9917,0.525191,0
9918,0.081558,0
9919,0.686070,0
9920,0.685533,0
9921,0.683292,0
9922,0.685987,0
9923,0.683556,0
9924,0.364555,0
9925,0.358406,0
9926,0.362109,0
9927,0.360634,0
9928,0.636608,0
9929,0.364665,0
9930,0.525199,0
9931,0.639670,0
9932,0.522378,0
9933,0.685223,0
9934,0.476699,0
9935,1.013617,0
9936,0.686408,0
9937,0.687606,0
9938,0.357931,0
9939,0.685545,0
9940,0.326375,0
9941,0.364207,0
9942,0.199052,0
9943,0.358989,0
9944,0.686311,0
9945,0.682885,0
9946,1.175557,0
9947,0.688898,0
9948,0.521070,0
9949,0.368059,0
9950,0.850540,0
9951,0.684104,0
9952,0.367163,0
9953,0.475551,0
9954,0.526448,0
9955,0.685552,0
9956,0.358035,0
9957,0.684377,0
9958,1.012030,0
9959,0.360396,0
9960,0.963846,0
9961,0.638528,0
9962,0.638528,0
9963,0.524677,0
9964,0.525076,0
9965,0.638074,0
9966,0.519789,0
9967,0.523147,0
9968,0.523446,0
9969,0.477943,0
9970,0.318760,0
9971,0.476943,0
9972,0.478160,0
9973,0.318795,0
9974,0.541706,0
9975,0.155411,0
9976,1.371372,0
9977,0.800395,0
9978,0.800395,0
9979,0.798580,0
9980,0.474483,0
9981,0.800871,0
9982,0.520484,0
9983,0.525283,0
9984,0.638579,0
9985,0.638097,0
9986,0.514805,0
9987,0.361665,0
9988,0.475889,0
9989,0.201991,0
9990,0.083219,0
9991,0.526578,0
9992,0.367339,0
9993,0.367339,0
9994,0.331631,0
9995,0.521529,0
9996,0.520780,0
9997,0.801053,0
9998,0.531780,0
9999,0.364080,0
10000,0.524615,0
10001,0.364957,0
10002,0.522329,0
10003,0.685022,0
10004,0.522954,0
10005,0.315815,0
10006,0.315164,0
10007,0.527234,0
10008,0.522612,0
10009,0.848696,0
10010,0.364599,0
10011,0.364326,0
10012,0.522628,0
10013,0.522628,0
10014,0.367495,0
10015,0.686688,0
10016,0.329598,0
10017,0.202534,0
10018,0.525587,0
10019,0.526454,0
10020,1.011021,0
10021,1.011939,0
10022,0.524376,0
10023,0.366286,0
10024,0.639721,0
10025,0.520290,0
10026,0.800777,0
10027,0.686367,0
10028,0.799399,0
10029,0.963459,0
10030,2.439133,1
10031,2.439133,1
10032,0.356912,0
10033,0.356889,0
10034,0.518474,0
10035,0.519522,0
10036,0.519698,0
10037,1.175239,0
10038,0.520352,0
10039,0.290672,0
10040,0.634348,0
10041,0.194946,0
10042,1.749780,0
10043,0.357681,0
10044,0.311332,0
10045,0.310296,0
10046,0.636726,0
10047,0.357661,0
10048,0.358346,0
10049,0.800528,0
10050,0.799605,0
10051,0.358892,0
10052,2.177019,1
10053,0.633944,0
10054,0.520527,0
10055,0.520812,0
10056,0.518500,0
10057,0.358016,0
10058,0.197697,0
10059,0.357817,0
10060,0.358363,0
10061,0.079228,0
10062,0.079228,0
10063,0.057527,0
10064,2.472013,1
10065,0.361278,0
10066,0.460765,0
10067,0.492883,0
10068,0.337389,0
10069,0.460568,0
10070,0.390749,0
10071,0.333840,0
10072,0.589634,0
10073,0.432596,0
10074,0.387206,0
10075,0.428452,0
10076,2.692076,1
10077,3.258032,1
10078,0.349324,0
10079,0.376603,0
10080,0.347183,0
10081,0.424055,0
10082,29.814756,1
10083,29.814756,1
10084,29.814756,1
10085,29.814756,1
10086,15.409725,1
10087,0.354393,0
10088,0.640362,0
10089,1.203434,0
10090,0.407108,0
10091,1.274447,0
10092,1.377351,0
10093,1.311679,0
10094,1.016440,0
10095,1.378420,0
10096,1.372889,0
10097,1.371349,0
10098,1.305520,0
10099,0.846461,0
10100,0.332254,0
10101,0.520644,0
10102,1.372067,0
10103,1.372064,0
10104,1.372947,0
10105,1.373434,0
10106,1.372003,0
10107,1.307580,0
10108,1.372565,0
10109,1.371584,0
10110,1.373010,0
10111,1.370951,0
10112,1.307403,0
10113,1.307451,0
10114,1.307128,0
10115,1.308300,0
10116,0.684376,0
10117,1.013639,0
10118,1.306293,0
10119,1.306268,0
10120,1.013089,0
10121,1.371742,0
10122,1.371916,0
10123,1.015568,0
10124,1.012109,0
10125,0.524637,0
10126,0.683545,0
10127,1.012274,0
10128,0.356255,0
10129,1.371602,0
10130,1.372716,0
10131,1.371065,0
10132,1.305162,0
10133,1.307927,0
10134,1.306986,0
10135,1.011625,0
10136,1.371731,0
10137,1.371731,0
10138,1.307375,0
10139,1.307121,0
10140,1.305165,0
10141,1.307544,0
10142,0.845943,0
10143,1.306287,0
10144,1.305697,0
10145,1.010622,0
10146,1.010780,0
10147,1.013458,0
10148,1.009506,0
10149,0.326682,0
10150,2.123932,0
10151,0.388116,0
10152,0.336295,0
10153,0.336295,0
10154,0.415574,0
10155,0.390181,0
10156,0.388565,0
10157,0.387980,0
10158,0.393450,0
10159,0.369167,0
10160,0.550934,0
10161,0.420523,0
10162,0.369053,0
10163,0.335622,0
10164,0.703975,0
10165,0.548600,0
10166,0.390538,0
10167,0.334272,0
10168,0.473912,0
10169,2.260431,1
10170,1.993289,0
10171,1.992795,0
10172,2.055149,0
10173,2.091144,0
10174,2.065436,0
10175,2.089545,0
10176,0.475938,0
10177,0.699825,0
10178,1.355162,0
10179,0.718515,0
10180,0.488488,0
10181,0.497136,0
10182,2.004005,0
10183,0.521424,0
10184,0.386387,0
10185,0.766453,0
10186,0.516419,0
10187,0.498195,0
10188,3.712040,1
10189,3.712040,1
10190,0.815313,0
10191,0.354241,0
10192,0.748978,0
10193,1.086315,0
10194,1.430082,0
10195,0.663388,0
10196,1.560289,0
10197,0.391018,0
10198,0.395512,0
10199,0.891985,0
10200,0.390344,0
10201,0.701225,0
10202,0.363831,0
10203,1.018284,0
10204,1.017805,0
10205,0.692272,0
10206,0.692419,0
10207,0.693147,0
10208,1.377252,0
10209,0.853577,0
10210,0.853577,0
10211,0.691211,0
10212,1.017274,0
10213,0.527944,0
10214,1.310911,0
10215,0.064873,0
10216,1.012772,0
10217,0.684499,0
10218,0.685203,0
10219,0.848048,0
10220,0.520364,0
10221,0.686371,0
10222,0.520249,0
10223,0.521465,0
10224,0.521094,0
10225,1.011764,0
10226,1.013000,0
10227,0.687449,0
10228,0.847179,0
10229,0.681644,0
10230,0.682707,0
10231,0.519580,0
10232,0.846913,0
10233,0.334659,0
10234,0.388448,0
10235,8.742142,1
10236,7.554879,1
10237,3.937632,1
10238,0.829850,0
10239,1.085766,0
10240,0.468459,0
10241,0.371051,0
10242,0.226246,0
10243,0.531134,0
10244,0.530148,0
10245,0.368627,0
10246,0.371520,0
10247,0.530056,0
10248,0.226396,0
10249,0.532370,0
10250,0.532370,0
10251,0.530275,0
10252,0.375101,0
10253,0.377313,0
10254,1.989940,0
10255,0.530595,0
10256,0.531319,0
10257,0.527203,0
10258,0.532437,0
10259,0.531406,0
10260,0.532574,0
10261,0.372266,0
10262,0.374593,0
10263,0.375057,0
10264,0.131804,0
10265,0.531186,0
10266,0.689688,0
10267,0.694018,0
10268,0.532693,0
10269,0.691254,0
10270,0.692164,0
10271,0.692071,0
10272,0.372228,0
10273,0.372059,0
10274,0.377313,0
10275,0.371151,0
10276,0.226375,0
10277,0.531338,0
10278,0.531418,0
10279,0.326157,0
10280,0.531249,0
10281,0.646737,0
10282,0.375223,0
10283,0.140380,0
10284,0.531698,0
10285,0.370972,0
10286,0.693634,0
10287,1.179760,0
10288,1.179937,0
10289,1.180264,0
10290,0.370997,0
10291,0.377313,0
10292,0.691314,0
10293,0.688311,0
10294,0.691653,0
10295,0.368203,0
10296,0.375064,0
10297,0.378914,0
10298,0.376195,0
10299,0.532112,0
10300,0.532053,0
10301,0.326189,0
10302,0.532093,0
10303,0.335089,0
10304,0.854585,0
10305,1.017586,0
10306,0.854585,0
10307,0.377380,0
10308,0.648001,0
10309,0.378523,0
10310,0.532929,0
10311,0.373587,0
10312,0.694774,0
10313,0.694774,0
10314,0.531811,0
10315,0.379281,0
10316,0.375804,0
10317,0.375804,0
10318,0.196425,0
10319,0.141284,0
10320,0.134061,0
10321,1.017763,0
10322,0.131740,0
10323,0.530181,0
10324,0.685192,0
10325,0.683617,0
10326,0.683617,0
10327,0.102183,0
10328,0.362064,0
10329,0.358366,0
10330,0.522535,0
10331,0.682849,0
10332,0.358826,0
10333,0.360168,0
10334,0.091079,0
10335,0.091079,0
10336,0.363236,0
10337,0.208005,0
10338,0.684521,0
10339,0.685639,0
10340,0.520292,0
10341,0.357508,0
10342,0.366419,0
10343,0.685945,0
10344,0.683298,0
10345,0.368082,0
10346,0.363836,0
10347,0.363955,0
10348,0.363836,0
10349,0.634613,0
10350,0.359982,0
10351,0.506789,0
10352,0.683776,0
10353,0.682796,0
10354,0.368396,0
10355,0.365114,0
10356,0.365114,0
10357,0.356119,0
10358,0.364216,0
10359,0.357055,0
10360,0.523625,0
10361,0.195925,0
10362,0.363836,0
10363,0.363236,0
10364,0.363836,0
10365,0.360585,0
10366,0.362790,0
10367,0.362747,0
10368,0.358111,0
10369,0.163286,0
10370,0.063090,0
10371,0.357385,0
10372,0.353936,0
10373,0.194008,0
10374,0.362845,0
10375,0.354673,0
10376,0.303266,0
10377,0.303266,0
10378,2.189067,1
10379,0.688004,0
10380,0.631290,0
10381,1.013754,0
10382,0.579571,0
10383,0.569123,0
10384,0.480061,0
10385,1.051873,0
10386,0.553338,0
10387,0.688649,0
10388,0.527634,0
10389,0.324419,0
10390,0.486063,0
10391,0.221074,0
10392,0.700162,0
10393,0.695839,0
10394,0.699281,0
10395,0.370313,0
10396,0.529312,0
10397,0.368449,0
10398,0.373050,0
10399,1.851247,0
10400,0.529110,0
10401,0.372866,0
10402,0.481893,0
10403,0.485673,0
10404,0.533309,0
10405,0.531801,0
10406,2.146114,1
10407,0.216149,0
10408,0.122733,0
10409,0.230262,0
10410,0.225810,0
10411,0.534589,0
10412,0.227334,0
10413,0.533980,0
10414,0.529695,0
10415,1.850321,0
10416,0.471196,0
10417,0.683002,0
10418,0.636110,0
10419,0.685300,0
10420,0.472071,0
10421,0.686363,0
10422,0.636386,0
10423,0.363762,0
10424,0.194340,0
10425,0.082361,0
10426,0.397232,0
10427,0.287372,0
10428,0.287372,0
10429,0.374410,0
10430,0.334367,0
10431,0.529712,0
10432,0.532180,0
10433,0.532180,0
10434,0.138220,0
10435,0.138220,0
10436,0.136237,0
10437,0.376817,0
10438,0.527700,0
10439,0.533116,0
10440,0.375420,0
10441,0.228965,0
10442,0.228965,0
10443,0.229611,0
10444,0.532808,0
10445,0.533086,0
10446,0.533086,0
10447,0.373129,0
10448,0.531059,0
10449,0.531283,0
10450,0.228698,0
10451,0.228698,0
10452,0.228698,0
10453,0.374806,0
10454,0.692677,0
10455,0.331846,0
10456,0.535340,0
10457,0.535340,0
10458,0.535340,0
10459,0.531780,0
10460,0.535340,0
10461,0.691494,0
10462,0.529715,0
10463,0.231044,0
10464,0.231044,0
10465,0.693373,0
10466,0.536005,0
10467,0.375731,0
10468,0.199972,0
10469,0.235185,0
10470,0.235185,0
10471,0.235185,0
10472,0.235185,0
10473,0.235185,0
10474,0.235185,0
10475,0.235185,0
10476,0.235185,0
10477,0.235185,0
10478,0.535340,0
10479,0.535340,0
10480,0.535340,0
10481,0.535340,0
10482,0.535340,0
10483,0.379733,0
10484,0.379733,0
10485,0.377220,0
10486,0.695716,0
10487,0.375706,0
10488,0.692871,0
10489,0.528918,0
10490,0.691208,0
10491,0.694391,0
10492,0.693467,0
10493,0.694806,0
10494,0.694806,0
10495,0.693889,0
10496,0.692315,0
10497,0.373537,0
10498,0.374079,0
10499,0.532783,0
10500,0.227264,0
10501,0.530998,0
10502,0.531228,0
10503,0.531228,0
10504,0.532851,0
10505,0.694885,0
10506,0.693605,0
10507,0.380734,0
10508,0.380487,0
10509,0.235501,0
10510,0.536248,0
10511,0.535463,0
10512,0.535967,0
10513,0.535967,0
10514,0.535279,0
10515,0.535575,0
10516,0.695231,0
10517,0.695231,0
10518,0.533386,0
10519,0.535592,0
10520,0.133478,0
10521,0.533760,0
10522,0.380146,0
10523,0.135483,0
10524,0.535905,0
10525,0.129988,0
10526,0.131767,0
10527,0.535903,0
10528,0.535903,0
10529,0.379646,0
10530,0.406440,0
10531,0.536692,0
10532,0.536380,0
10533,0.535713,0
10534,0.535340,0
10535,0.535340,0
10536,0.536257,0
10537,0.535340,0
10538,0.535340,0
10539,0.535587,0
10540,0.535098,0
10541,0.535463,0
10542,0.535463,0
10543,0.373641,0
10544,0.376890,0
10545,0.374767,0
10546,0.532715,0
10547,0.231276,0
10548,0.375844,0
10549,0.223981,0
10550,0.535683,0
10551,0.374694,0
10552,0.533670,0
10553,0.533231,0
10554,0.139301,0
10555,0.534547,0
10556,0.532558,0
10557,0.229196,0
10558,0.229196,0
10559,0.137150,0
10560,0.690610,0
10561,0.693758,0
10562,0.693543,0
10563,0.693810,0
10564,0.693747,0
10565,0.533999,0
10566,0.533911,0
10567,0.693251,0
10568,0.692548,0
10569,0.533281,0
10570,0.535587,0
10571,1.721234,0
10572,0.692185,0
10573,1.017659,0
10574,0.534584,0
10575,0.331491,0
10576,0.374740,0
10577,0.374740,0
10578,0.650966,0
10579,0.147256,0
10580,0.360171,0
10581,0.209154,0
10582,0.207477,0
10583,0.087898,0
10584,0.166308,0
10585,0.361947,0
10586,0.358004,0
10587,0.522719,0
10588,0.520317,0
10589,0.524748,0
10590,0.361908,0
10591,0.521467,0
10592,0.521467,0
10593,0.317710,0
10594,0.361540,0
10595,0.361947,0
10596,0.361947,0
10597,0.361947,0
10598,0.522910,0
10599,0.522695,0
10600,0.355432,0
10601,0.085605,0
10602,0.357832,0
10603,0.474108,0
10604,0.684981,0
10605,0.361953,0
10606,0.523025,0
10607,0.206874,0
10608,0.474589,0
10609,0.332803,0
10610,0.077642,0
10611,0.093624,0
10612,0.089693,0
10613,0.094760,0
10614,0.313907,0
10615,0.208127,0
10616,0.208127,0
10617,0.208127,0
10618,0.103102,0
10619,0.363453,0
10620,0.357320,0
10621,0.363358,0
10622,0.214322,0
10623,0.314423,0
10624,0.312654,0
10625,0.524901,0
10626,0.475235,0
10627,0.360171,0
10628,0.362213,0
10629,0.362737,0
10630,0.519703,0
10631,0.520750,0
10632,0.211704,0
10633,0.604243,0
10634,0.333227,0
10635,0.347863,0
10636,0.459621,0
10637,0.393854,0
10638,0.363875,0
10639,0.367434,0
10640,1.016754,0
10641,1.374822,0
10642,1.015018,0
10643,1.014339,0
10644,2.145906,1
10645,0.691391,0
10646,0.533465,0
10647,1.018006,0
10648,1.312167,0
10649,1.312167,0
10650,0.691877,0
10651,0.806237,0
10652,1.017340,0
10653,1.017120,0
10654,1.016797,0
10655,1.018458,0
10656,1.018318,0
10657,1.018458,0
10658,0.377298,0
10659,0.533468,0
10660,0.532022,0
10661,0.533244,0
10662,0.532092,0
10663,0.530454,0
10664,0.528325,0
10665,0.693220,0
10666,0.691782,0
10667,0.694504,0
10668,0.690989,0
10669,1.015198,0
10670,0.855018,0
10671,0.529517,0
10672,0.855740,0
10673,0.855740,0
10674,0.533231,0
10675,0.533206,0
10676,0.528411,0
10677,0.528411,0
10678,0.689847,0
10679,0.529422,0
10680,0.527948,0
10681,0.369256,0
10682,0.526742,0
10683,0.533206,0
10684,0.528187,0
10685,1.013662,0
10686,0.531419,0
10687,0.387117,0
10688,0.528108,0
10689,0.529352,0
10690,0.526297,0
10691,0.691278,0
10692,0.530927,0
10693,0.534121,0
10694,0.373363,0
10695,0.534067,0
10696,0.533748,0
10697,0.533173,0
10698,0.533189,0
10699,0.689906,0
10700,0.111879,0
10701,1.309987,0
10702,0.529893,0
10703,0.529678,0
10704,0.527818,0
10705,0.692604,0
10706,0.534410,0
10707,0.533766,0
10708,0.693532,0
10709,0.689956,0
10710,0.690884,0
10711,0.530051,0
10712,0.526836,0
10713,0.692199,0
10714,1.015302,0
10715,0.689794,0
10716,0.691667,0
10717,0.852125,0
10718,0.854397,0
10719,0.529265,0
10720,0.531083,0
10721,0.531083,0
10722,0.529931,0
10723,0.528802,0
10724,0.528971,0
10725,1.014879,0
10726,0.322423,0
10727,0.340119,0
10728,0.117974,0
10729,0.529800,0
10730,0.529783,0
10731,0.688255,0
10732,1.752344,0
10733,0.851302,0
10734,1.015560,0
10735,1.861313,0
10736,0.533647,0
10737,0.374979,0
10738,0.377427,0
10739,0.378391,0
10740,0.378391,0
10741,0.232905,0
10742,0.853429,0
10743,0.689389,0
10744,0.241695,0
10745,0.531116,0
10746,0.528716,0
10747,0.712670,0
10748,0.689382,0
10749,0.688407,0
10750,0.368622,0
10751,0.854125,0
10752,0.691591,0
10753,0.691641,0
10754,0.375075,0
10755,1.013054,0
10756,0.357700,0
10757,1.010796,0
10758,0.329872,0
10759,0.170635,0
10760,0.684815,0
10761,1.308789,0
10762,1.308789,0
10763,1.011869,0
10764,0.365378,0
10765,0.520871,0
10766,0.520105,0
10767,0.363965,0
10768,0.687122,0
10769,0.519283,0
10770,0.519283,0
10771,0.518908,0
10772,0.519254,0
10773,0.682733,0
10774,0.210538,0
10775,0.963671,0
10776,0.684699,0
10777,0.518764,0
10778,1.012894,0
10779,1.011037,0
10780,0.681884,0
10781,0.682327,0
10782,0.846383,0
10783,0.682873,0
10784,0.356494,0
10785,0.519187,0
10786,0.687120,0
10787,0.519897,0
10788,0.519968,0
10789,1.304703,0
10790,1.009231,0
10791,0.681093,0
10792,1.009385,0
10793,0.798946,0
10794,0.517883,0
10795,0.353991,0
10796,1.290324,0
10797,0.682693,0
10798,1.011462,0
10799,1.127246,0
10800,1.127246,0
10801,1.127160,0
10802,2.942665,1
10803,2.174616,1
10804,1.014207,0
10805,0.484956,0
10806,0.330041,0
10807,0.400104,0
10808,0.456114,0
10809,0.410083,0
10810,1.267443,0
10811,0.669690,0
10812,1.054367,0
10813,1.054367,0
10814,0.400219,0
10815,0.457242,0
10816,0.571139,0
10817,1.137452,0
10818,0.360467,0
10819,0.490888,0
10820,0.167916,0
10821,0.333953,0
10822,0.642599,0
10823,0.642599,0
10824,2.113506,0
10825,0.967198,0
10826,0.647731,0
10827,0.647023,0
10828,0.646714,0
10829,0.807411,0
10830,0.807411,0
10831,0.808241,0
10832,0.808756,0
10833,0.808072,0
10834,0.808072,0
10835,0.804511,0
10836,0.967545,0
10837,0.804765,0
10838,0.804450,0
10839,0.811408,0
10840,0.810418,0
10841,0.647848,0
10842,0.968786,0
10843,0.641920,0
10844,0.641726,0
10845,0.643356,0
10846,0.804587,0
10847,0.656353,0
10848,0.480407,0
10849,0.646412,0
10850,0.643946,0
10851,0.643946,0
10852,0.805031,0
10853,0.642914,0
10854,0.642712,0
10855,0.645733,0
10856,0.643811,0
10857,0.808817,0
10858,0.648816,0
10859,0.805327,0
10860,0.806788,0
10861,0.644740,0
10862,0.645140,0
10863,0.481310,0
10864,0.330679,0
10865,0.332617,0
10866,0.642143,0
10867,0.323539,0
10868,0.324027,0
10869,0.334669,0
10870,0.333634,0
10871,0.808436,0
10872,0.643779,0
10873,0.804923,0
10874,0.647681,0
10875,0.646741,0
10876,0.647681,0
10877,0.643212,0
10878,0.645183,0
10879,0.648282,0
10880,0.328479,0
10881,0.328115,0
10882,0.323677,0
10883,0.963528,0
10884,0.963528,0
10885,0.963125,0
10886,0.800333,0
10887,0.799977,0
10888,0.800525,0
10889,0.636829,0
10890,0.800113,0
10891,0.638410,0
10892,0.800581,0
10893,0.634857,0
10894,0.637388,0
10895,0.637388,0
10896,0.637145,0
10897,0.472975,0
10898,0.637299,0
10899,0.637299,0
10900,0.638725,0
10901,0.636985,0
10902,0.798655,0
10903,0.363338,0
10904,2.409624,1
10905,2.442118,1
10906,2.442447,1
10907,2.442447,1
10908,2.442447,1
10909,2.442447,1
10910,2.442447,1
10911,2.442447,1
10912,2.442447,1
10913,2.442447,1
10914,2.442447,1
10915,2.442447,1
10916,2.442447,1
10917,2.442402,1
10918,1.373625,0
10919,2.177567,1
10920,1.013613,0
10921,1.373201,0
10922,0.660482,0
10923,0.252654,0
10924,1.201674,0
10925,1.309477,0
10926,0.661572,0
10927,0.694381,0
10928,1.018696,0
10929,1.375579,0
10930,0.339962,0
10931,1.018265,0
10932,1.017193,0
10933,1.376782,0
10934,1.376782,0
10935,1.018067,0
10936,1.018067,0
10937,1.310799,0
10938,1.307160,0
10939,1.306093,0
10940,1.308938,0
10941,1.307327,0
10942,1.371728,0
10943,1.306420,0
10944,1.306420,0
10945,1.306628,0
10946,2.046086,0
10947,1.306513,0
10948,0.684711,0
10949,1.371254,0
10950,1.371747,0
10951,0.361009,0
10952,2.210269,1
10953,1.372283,0
10954,1.372803,0
10955,1.372459,0
10956,2.079275,0
10957,1.013349,0
10958,2.472967,1
10959,1.372332,0
10960,1.372212,0
10961,1.011193,0
10962,1.372134,0
10963,1.372277,0
10964,0.332108,0
10965,1.372903,0
10966,1.175723,0
10967,1.372307,0
10968,1.372188,0
10969,1.373630,0
10970,1.011933,0
10971,1.306818,0
10972,1.306818,0
10973,1.306818,0
10974,1.306791,0
10975,1.012250,0
10976,1.371892,0
10977,1.371902,0
10978,2.013584,0
10979,1.784073,0
10980,1.012727,0
10981,1.175690,0
10982,1.175584,0
10983,1.175584,0
10984,0.525604,0
10985,1.816457,0
10986,1.306740,0
10987,0.685705,0
10988,1.375413,0
10989,1.372831,0
10990,1.012368,0
10991,1.015357,0
10992,1.980045,0
10993,1.980045,0
10994,1.013803,0
10995,1.914455,0
10996,1.372656,0
10997,1.373564,0
10998,1.372916,0
10999,0.849400,0
11000,1.013643,0
11001,1.013036,0
11002,1.011953,0
11003,1.011948,0
11004,1.013327,0
11005,1.372720,0
11006,1.373449,0
11007,1.373115,0
11008,0.686364,0
11009,0.685458,0
11010,0.685458,0
11011,0.686353,0
11012,0.849764,0
11013,1.175794,0
11014,1.012461,0
11015,1.306708,0
11016,1.011137,0
11017,1.307487,0
11018,1.373190,0
11019,1.372732,0
11020,1.373376,0
11021,1.372958,0
11022,1.308540,0
11023,1.308981,0
11024,1.308533,0
11025,2.111976,0
11026,1.014166,0
11027,0.687525,0
11028,0.686137,0
11029,1.012639,0
11030,1.307056,0
11031,1.371008,0
11032,2.178153,1
11033,2.144426,0
11034,1.305917,0
11035,1.305917,0
11036,0.683599,0
11037,2.144429,0
11038,1.371013,0
11039,1.010327,0
11040,1.371296,0
11041,1.370736,0
11042,1.371448,0
11043,0.684551,0
11044,0.684551,0
11045,0.684809,0
11046,0.682762,0
11047,0.749884,0
11048,2.209878,1
11049,2.144211,0
11050,2.111023,0
11051,2.111023,0
11052,1.371290,0
11053,1.306585,0
11054,1.371953,0
11055,2.111444,0
11056,1.043856,0
11057,1.372060,0
11058,1.010823,0
11059,1.306656,0
11060,2.177273,1
11061,1.371420,0
11062,1.010931,0
11063,1.306532,0
11064,1.305969,0
11065,1.108544,0
11066,1.371499,0
11067,1.306203,0
11068,1.371657,0
11069,1.010931,0
11070,1.010931,0
11071,1.371499,0
11072,0.684152,0
11073,1.011625,0
11074,2.143849,0
11075,1.011950,0
11076,1.372011,0
11077,1.372340,0
11078,1.306098,0
11079,1.011371,0
11080,1.011018,0
11081,2.112403,0
11082,1.011830,0
11083,1.011830,0
11084,0.683689,0
11085,0.683689,0
11086,2.111495,0
11087,1.371747,0
11088,1.306464,0
11089,1.011536,0
11090,1.011854,0
11091,1.013031,0
11092,1.067552,0
11093,5.171852,1
11094,1.369974,0
11095,1.020665,0
11096,1.194914,0
11097,1.194604,0
11098,1.097784,0
11099,0.557728,0
11100,1.373564,0
11101,1.033011,0
11102,1.014938,0
11103,1.369582,0
11104,1.369582,0
11105,2.122766,0
11106,2.122766,0
11107,1.032542,0
11108,1.568393,0
11109,1.076321,0
11110,0.471074,0
11111,0.401905,0
11112,0.558768,0
11113,1.314101,0
11114,0.665565,0
11115,0.383578,0
11116,1.373019,0
11117,1.373019,0
11118,0.451224,0
11119,1.064623,0
11120,0.374116,0
11121,0.856190,0
11122,0.856190,0
11123,0.532797,0
11124,1.309738,0
11125,0.692109,0
11126,0.373899,0
11127,0.531381,0
11128,0.854960,0
11129,1.017912,0
11130,0.535777,0
11131,0.529216,0
11132,0.530963,0
11133,0.691490,0
11134,0.531989,0
11135,0.693853,0
11136,0.200609,0
11137,0.206077,0
11138,0.369082,0
11139,0.529871,0
11140,0.528380,0
11141,0.529799,0
11142,0.689973,0
11143,0.691109,0
11144,0.368684,0
11145,0.374557,0
11146,0.377066,0
11147,0.376853,0
11148,0.372721,0
11149,0.375001,0
11150,0.224972,0
11151,0.690268,0
11152,0.527432,0
11153,0.526945,0
11154,0.370229,0
11155,0.527967,0
11156,0.372780,0
11157,0.532133,0
11158,0.537543,0
11159,0.690113,0
11160,0.371452,0
11161,0.374574,0
11162,2.408696,1
11163,0.693889,0
11164,0.692863,0
11165,0.855676,0
11166,0.854913,0
11167,0.533639,0
11168,0.692576,0
11169,0.690551,0
11170,0.690534,0
11171,0.368938,0
11172,0.528485,0
11173,0.526296,0
11174,0.528073,0
11175,0.531946,0
11176,0.379622,0
11177,0.147433,0
11178,0.374635,0
11179,0.374635,0
11180,0.533328,0
11181,0.692514,0
11182,0.692165,0
11183,0.692747,0
11184,0.376768,0
11185,0.531296,0
11186,1.852884,0
11187,2.212594,1
11188,0.228584,0
11189,0.693731,0
11190,0.226070,0
11191,0.531332,0
11192,0.377592,0
11193,0.532744,0
11194,0.377984,0
11195,0.373413,0
11196,0.376727,0
11197,0.691104,0
11198,0.532531,0
11199,0.694222,0
11200,0.532490,0
11201,0.534129,0
11202,0.533697,0
11203,0.694342,0
11204,0.531799,0
11205,0.693630,0
11206,1.013717,0
11207,0.356839,0
11208,0.685261,0
11209,0.356458,0
11210,1.012633,0
11211,1.306253,0
11212,0.365657,0
11213,0.520232,0
11214,0.521200,0
11215,0.520959,0
11216,0.521509,0
11217,0.523115,0
11218,1.175658,0
11219,0.522072,0
11220,0.847654,0
11221,1.371726,0
11222,0.519629,0
11223,0.202421,0
11224,1.306032,0
11225,1.306032,0
11226,1.306032,0
11227,0.519347,0
11228,0.272539,0
11229,0.688352,0
11230,0.687589,0
11231,0.523534,0
11232,0.329951,0
11233,1.881341,0
11234,0.521630,0
11235,0.519947,0
11236,0.355028,0
11237,0.684702,0
11238,0.364209,0
11239,0.068782,0
11240,0.686175,0
11241,0.359478,0
11242,0.359581,0
11243,0.356174,0
11244,0.520009,0
11245,0.519495,0
11246,0.331353,0
11247,0.331353,0
11248,0.357142,0
11249,0.363340,0
11250,0.358864,0
11251,0.682019,0
11252,0.355960,0
11253,0.356718,0
11254,0.355680,0
11255,0.519628,0
11256,0.194170,0
11257,0.521454,0
11258,1.010581,0
11259,0.361710,0
11260,0.519732,0
11261,0.329022,0
11262,0.682654,0
11263,0.682974,0
11264,0.519027,0
11265,0.519236,0
11266,0.682992,0
11267,0.358489,0
11268,0.358787,0
11269,0.358787,0
11270,0.329461,0
11271,0.682169,0
11272,0.682297,0
11273,0.849923,0
11274,0.356939,0
11275,0.357378,0
11276,0.357670,0
11277,1.009196,0
11278,1.009216,0
11279,0.307382,0
11280,1.010256,0
11281,0.258833,0
11282,0.517241,0
11283,0.354238,0
11284,0.634836,0
11285,0.634789,0
11286,0.323770,0
11287,0.354838,0
11288,0.353770,0
11289,0.519846,0
11290,0.682953,0
11291,0.415819,0
11292,0.368322,0
11293,2.671856,1
11294,0.334499,0
11295,0.333740,0
11296,0.334336,0
11297,0.525005,0
11298,0.333992,0
11299,0.428413,0
11300,0.502812,0
11301,4.145882,1
11302,2.232281,1
11303,0.374156,0
11304,0.459872,0
11305,0.706357,0
11306,0.295831,0
11307,0.267324,0
11308,0.387200,0
11309,1.601314,0
11310,0.358426,0
11311,1.463273,0
11312,0.725446,0
11313,0.530012,0
11314,0.688656,0
11315,0.691567,0
11316,0.529861,0
11317,0.533301,0
11318,0.533301,0
11319,0.533301,0
11320,0.331792,0
11321,0.337039,0
11322,0.532882,0
11323,0.531954,0
11324,0.532690,0
11325,0.530950,0
11326,0.528388,0
11327,0.528206,0
11328,0.527971,0
11329,1.018000,0
11330,2.343814,1
11331,0.528789,0
11332,0.528789,0
11333,0.528276,0
11334,0.528276,0
11335,0.531471,0
11336,0.379947,0
11337,0.532314,0
11338,0.528243,0
11339,0.483838,0
11340,0.530156,0
11341,0.338813,0
11342,0.224418,0
11343,0.138096,0
11344,0.194514,0
11345,0.191554,0
11346,0.229558,0
11347,0.329374,0
11348,0.523191,0
11349,0.682779,0
11350,0.521153,0
11351,0.686842,0
11352,0.522790,0
11353,0.355655,0
11354,0.684509,0
11355,0.517886,0
11356,0.522245,0
11357,0.522245,0
11358,0.681810,0
11359,0.327681,0
11360,0.682574,0
11361,0.682574,0
11362,0.683763,0
11363,0.634764,0
11364,0.686418,0
11365,0.683796,0
11366,0.683778,0
11367,0.364704,0
11368,0.636872,0
11369,0.686227,0
11370,0.474560,0
11371,0.093181,0
11372,0.359276,0
11373,0.522370,0
11374,0.522998,0
11375,0.156720,0
11376,0.315398,0
11377,0.524247,0
11378,0.330121,0
11379,0.638003,0
11380,0.160747,0
11381,0.635464,0
11382,0.637754,0
11383,0.203693,0
11384,0.683825,0
11385,0.071573,0
11386,0.363370,0
11387,0.639108,0
11388,0.476708,0
11389,0.637400,0
11390,0.359776,0
11391,0.359393,0
11392,0.684350,0
11393,0.085723,0
11394,0.800511,0
11395,0.166004,0
11396,0.092098,0
11397,0.060439,0
11398,0.635517,0
11399,0.355542,0
11400,0.165936,0
11401,0.164748,0
11402,0.800365,0
11403,0.800365,0
11404,0.638365,0
11405,0.356852,0
11406,0.525515,0
11407,1.011780,0
11408,0.205806,0
11409,0.209460,0
11410,0.361537,0
11411,0.361925,0
11412,0.681949,0
11413,0.517553,0
11414,0.517483,0
11415,0.518967,0
11416,0.147980,0
11417,0.356467,0
11418,0.517129,0
11419,0.048407,0
11420,0.638446,0
11421,0.682927,0
11422,0.068724,0
11423,0.798107,0
11424,0.799898,0
11425,0.153245,0
11426,0.521296,0
11427,0.706516,0
11428,0.371996,0
11429,0.365120,0
11430,0.363280,0
11431,0.359844,0
11432,0.358132,0
11433,0.359309,0
11434,0.361229,0
11435,0.696741,0
11436,0.695675,0
11437,0.535677,0
11438,0.535659,0
11439,0.535516,0
11440,0.535516,0
11441,0.536227,0
11442,0.536227,0
11443,0.535839,0
11444,0.536227,0
11445,0.536227,0
11446,0.535839,0
11447,0.535587,0
11448,0.535587,0
11449,0.695377,0
11450,0.325312,0
11451,0.334489,0
11452,0.535317,0
11453,0.696648,0
11454,0.647421,0
11455,0.485808,0
11456,0.486881,0
11457,2.474452,1
11458,0.693649,0
11459,0.533466,0
11460,0.533466,0
11461,0.533466,0
11462,0.536491,0
11463,0.535803,0
11464,0.695418,0
11465,0.693805,0
11466,0.693930,0
11467,0.693930,0
11468,0.534005,0
11469,0.695929,0
11470,0.342771,0
11471,0.693257,0
11472,0.533177,0
11473,0.693719,0
11474,0.373985,0
11475,0.693526,0
11476,0.693796,0
11477,0.694168,0
11478,0.694099,0
11479,2.179762,1
11480,0.377410,0
11481,0.376915,0
11482,0.533748,0
11483,0.533706,0
11484,0.533706,0
11485,0.533706,0
11486,0.533706,0
11487,0.134531,0
11488,0.533670,0
11489,0.533466,0
11490,0.377449,0
11491,0.517833,0
11492,0.647918,0
11493,0.532347,0
11494,0.694500,0
11495,0.530603,0
11496,0.694156,0
11497,0.693960,0
11498,0.693780,0
11499,0.693562,0
11500,0.693948,0
11501,0.693948,0
11502,0.533086,0
11503,0.371673,0
11504,0.374425,0
11505,0.532853,0
11506,0.532448,0
11507,0.534391,0
11508,0.377172,0
11509,0.377633,0
11510,0.377633,0
11511,0.377633,0
11512,0.377871,0
11513,0.377541,0
11514,0.142458,0
11515,0.142458,0
11516,0.372983,0
11517,0.141926,0
11518,0.534456,0
11519,0.530299,0
11520,0.378266,0
11521,0.378239,0
11522,0.377223,0
11523,0.490684,0
11524,0.490684,0
11525,0.532274,0
11526,0.532274,0
11527,0.486746,0
11528,0.486746,0
11529,0.647582,0
11530,0.533766,0
11531,0.533766,0
11532,0.694623,0
11533,0.364528,0
11534,0.637993,0
11535,0.332397,0
11536,0.329391,0
11537,0.637512,0
11538,0.688835,0
11539,0.330185,0
11540,0.361285,0
11541,0.524840,0
11542,0.475835,0
11543,2.176860,1
11544,0.686062,0
11545,0.317244,0
11546,0.683889,0
11547,0.478313,0
11548,0.309773,0
11549,0.963276,0
11550,0.962706,0
11551,0.477099,0
11552,0.318512,0
11553,0.639713,0
11554,0.638873,0
11555,0.639943,0
11556,0.638977,0
11557,0.164803,0
11558,0.639424,0
11559,0.639424,0
11560,0.638745,0
11561,0.639015,0
11562,0.094967,0
11563,0.521207,0
11564,0.801800,0
11565,0.800714,0
11566,0.639216,0
11567,0.640476,0
11568,0.636948,0
11569,0.636948,0
11570,0.963163,0
11571,0.963163,0
11572,1.011379,0
11573,0.635483,0
11574,0.799240,0
11575,2.474452,1
11576,2.474452,1
11577,0.967691,0
11578,0.357018,0
11579,0.174183,0
11580,0.690996,0
11581,1.658467,0
11582,1.325035,0
11583,0.386415,0
11584,0.359883,0
11585,1.308578,0
11586,2.442285,1
11587,1.311209,0
11588,2.125627,0
11589,1.309316,0
11590,1.017231,0
11591,1.309705,0
11592,1.309819,0
11593,1.309272,0
11594,1.310304,0
11595,1.015521,0
11596,1.374765,0
11597,1.309910,0
11598,1.374169,0
11599,1.310073,0
11600,1.375457,0
11601,1.011214,0
11602,0.362793,0
11603,1.371419,0
11604,1.371474,0
11605,1.371762,0
11606,1.372544,0
11607,1.373366,0
11608,1.373267,0
11609,1.309415,0
11610,1.305837,0
11611,1.305943,0
11612,1.371864,0
11613,1.306201,0
11614,1.308374,0
11615,1.307546,0
11616,1.372477,0
11617,0.685286,0
11618,1.305994,0
11619,1.305900,0
11620,1.305931,0
11621,1.306031,0
11622,1.306382,0
11623,1.306688,0
11624,1.371571,0
11625,1.306808,0
11626,1.372003,0
11627,1.372395,0
11628,1.371675,0
11629,0.685329,0
11630,1.372716,0
11631,1.371904,0
11632,1.371387,0
11633,1.371524,0
11634,1.305881,0
11635,1.305827,0
11636,1.372133,0
11637,1.306168,0
11638,1.305891,0
11639,1.371982,0
11640,1.306078,0
11641,1.306123,0
11642,1.306724,0
11643,1.306371,0
11644,1.306197,0
11645,1.372266,0
11646,1.306163,0
11647,1.305796,0
11648,1.010638,0
11649,1.487741,0
11650,1.487741,0
11651,1.371184,0
11652,1.305756,0
11653,1.306521,0
11654,1.013350,0
11655,1.307765,0
11656,1.010931,0
11657,1.372342,0
11658,1.372461,0
11659,1.371899,0
11660,1.306519,0
11661,1.305909,0
11662,0.067514,0
11663,1.305610,0
11664,1.372998,0
11665,1.305843,0
11666,1.305882,0
11667,1.199370,0
11668,0.689924,0
11669,0.373383,0
11670,0.764162,0
11671,0.688679,0
11672,0.688224,0
11673,0.690856,0
11674,0.690856,0
11675,0.960355,0
11676,0.689341,0
11677,0.764467,0
11678,0.689071,0
11679,0.774629,0
11680,0.689398,0
11681,0.824154,0
11682,0.699636,0
11683,0.699302,0
11684,0.798046,0
11685,0.738304,0
11686,0.689793,0
11687,0.798113,0
11688,3.173263,1
11689,0.748050,0
11690,0.689350,0
11691,0.689350,0
11692,0.688125,0
11693,0.656760,0
11694,0.688404,0
11695,1.372629,0
11696,1.331265,0
11697,2.753648,1
11698,0.715774,0
11699,0.364254,0
11700,9.529778,1
11701,0.855889,0
11702,1.375813,0
11703,1.313978,0
11704,0.689044,0
11705,2.441398,1
11706,1.377284,0
11707,1.312369,0
11708,1.311001,0
11709,1.014348,0
11710,1.013584,0
11711,1.373264,0
11712,1.373629,0
11713,1.373090,0
11714,1.307662,0
11715,1.308275,0
11716,1.308220,0
11717,1.306597,0
11718,1.306501,0
11719,1.372605,0
11720,1.372605,0
11721,1.372683,0
11722,1.372363,0
11723,1.372445,0
11724,1.310557,0
11725,1.372611,0
11726,1.307108,0
11727,1.012539,0
11728,1.340662,0
11729,1.340662,0
11730,1.371658,0
11731,1.307901,0
11732,1.307836,0
11733,1.307031,0
11734,1.371945,0
11735,1.305143,0
11736,1.371635,0
11737,1.374274,0
11738,1.372895,0
11739,1.372646,0
11740,1.373420,0
11741,1.371985,0
11742,1.371985,0
11743,1.307187,0
11744,1.307241,0
11745,1.307117,0
11746,1.307444,0
11747,1.308589,0
11748,1.307796,0
11749,1.372372,0
11750,1.306929,0
11751,1.307268,0
11752,0.685827,0
11753,0.683793,0
11754,1.174415,0
11755,1.947640,0
11756,1.371447,0
11757,1.372333,0
11758,1.371561,0
11759,1.372490,0
11760,1.371024,0
11761,1.307521,0
11762,0.387975,0
11763,0.387975,0
11764,0.513376,0
11765,0.999953,0
11766,0.475654,0
11767,0.562997,0
11768,1.129294,0
11769,1.377990,0
11770,1.309396,0
11771,1.149616,0
11772,1.008302,0
11773,0.357882,0
11774,0.854627,0
11775,1.016136,0
11776,1.374167,0
11777,0.685077,0
11778,0.813023,0
11779,0.333893,0
11780,1.012096,0
11781,1.374033,0
11782,1.305720,0
11783,1.012152,0
11784,1.011604,0
11785,1.011604,0
11786,0.504937,0
11787,0.503107,0
11788,0.392125,0
11789,0.339758,0
11790,0.340155,0
11791,0.472617,0
11792,0.767200,0
11793,1.043119,0
11794,0.336113,0
11795,1.330310,0
11796,1.264692,0
11797,0.995290,0
11798,0.426622,0
11799,0.348200,0
11800,0.349817,0
11801,0.154251,0
11802,1.374976,0
11803,1.376571,0
11804,1.376502,0
11805,1.376400,0
11806,0.531332,0
11807,0.531332,0
11808,1.373827,0
11809,0.528244,0
11810,0.526883,0
11811,0.526883,0
11812,1.374014,0
11813,1.374302,0
11814,1.373256,0
11815,1.372298,0
11816,1.372501,0
11817,0.686250,0
11818,1.372329,0
11819,1.372292,0
11820,1.373433,0
11821,1.371147,0
11822,1.373243,0
11823,1.373243,0
11824,0.764532,0
11825,0.473554,0
11826,0.388304,0
11827,0.333984,0
11828,0.526169,0
11829,1.528267,0
11830,0.706032,0
11831,1.152083,0
11832,0.723386,0
11833,2.942105,1
11834,9.769773,1
11835,0.718576,0
11836,1.459847,0
11837,1.459847,0
11838,1.459847,0
11839,1.296471,0
11840,0.530098,0
11841,1.296444,0
11842,0.373828,0
11843,0.643126,0
11844,0.968574,0
11845,2.015099,0
11846,0.689419,0
11847,2.277453,1
11848,0.805612,0
11849,0.359177,0
11850,0.637710,0
11851,0.358959,0
11852,1.309127,0
11853,2.144621,0
11854,0.083345,0
11855,0.638576,0
11856,1.310925,0
11857,0.198244,0
11858,0.198244,0
11859,0.356803,0
11860,0.362740,0
11861,0.406605,0
11862,0.364091,0
11863,0.683042,0
11864,0.520993,0
11865,0.326139,0
11866,0.359767,0
11867,0.357772,0
11868,0.800099,0
11869,0.517673,0
11870,1.305440,0
11871,0.367058,0
11872,0.356576,0
11873,0.366748,0
11874,0.638963,0
11875,0.530575,0
11876,0.560858,0
11877,0.528677,0
11878,0.537217,0
11879,0.533267,0
11880,0.533267,0
11881,0.530494,0
11882,0.693443,0
11883,0.532068,0
11884,0.137959,0
11885,0.139080,0
11886,0.130508,0
11887,0.530936,0
11888,0.221727,0
11889,0.335596,0
11890,0.332845,0
11891,0.335517,0
11892,0.693262,0
11893,0.530957,0
11894,0.694243,0
11895,0.695679,0
11896,0.189219,0
11897,0.194609,0
11898,0.854837,0
11899,0.695698,0
11900,1.016816,0
11901,0.455009,0
11902,0.373416,0
11903,0.131165,0
11904,0.128941,0
11905,0.225064,0
11906,0.138156,0
11907,0.329777,0
11908,0.133329,0
11909,0.138588,0
11910,0.138317,0
11911,0.376715,0
11912,0.809307,0
11913,0.690767,0
11914,0.131999,0
11915,0.535463,0
11916,0.535463,0
11917,0.535463,0
11918,0.694664,0
11919,0.375454,0
11920,0.379018,0
11921,0.370408,0
11922,0.224472,0
11923,0.696178,0
11924,0.696178,0
11925,0.374291,0
11926,0.375563,0
11927,0.374635,0
11928,0.128038,0
11929,0.691753,0
11930,0.376638,0
11931,0.374447,0
11932,0.374532,0
11933,0.372740,0
11934,0.374500,0
11935,1.017804,0
11936,0.140770,0
11937,1.180943,0
11938,0.696620,0
11939,0.694687,0
11940,1.017016,0
11941,1.017450,0
11942,0.138109,0
11943,0.135257,0
11944,0.532739,0
11945,0.533167,0
11946,0.695951,0
11947,0.645375,0
11948,0.693690,0
11949,0.698611,0
11950,0.698237,0
11951,0.697157,0
11952,0.698731,0
11953,0.698389,0
11954,0.695016,0
11955,0.694016,0
11956,0.697862,0
11957,0.694163,0
11958,0.698671,0
11959,0.692815,0
11960,0.696528,0
11961,0.697968,0
11962,0.696274,0
11963,0.688540,0
11964,0.694803,0
11965,0.536052,0
11966,0.541400,0
11967,0.534094,0
11968,0.537185,0
11969,0.537227,0
11970,0.541044,0
11971,0.541304,0
11972,0.541304,0
11973,0.541304,0
11974,0.536807,0
11975,0.637678,0
11976,0.164616,0
11977,0.522080,0
11978,0.523224,0
11979,0.519645,0
11980,0.520094,0
11981,0.209344,0
11982,0.088952,0
11983,0.088952,0
11984,0.088952,0
11985,0.062991,0
11986,0.520262,0
11987,0.322310,0
11988,0.317710,0
11989,0.317710,0
11990,0.094069,0
11991,0.521536,0
11992,0.174326,0
11993,0.683502,0
11994,0.195572,0
11995,0.637656,0
11996,0.639305,0
11997,0.206069,0
11998,0.068020,0
11999,0.204455,0
12000,0.202576,0
12001,0.083814,0
12002,0.101757,0
12003,0.079493,0
12004,0.458936,0
12005,0.358941,0
12006,0.359011,0
12007,0.639182,0
12008,0.639182,0
12009,0.639182,0
12010,0.685240,0
12011,0.527012,0
12012,0.087080,0
12013,0.087080,0
12014,0.361760,0
12015,0.520940,0
12016,0.359725,0
12017,0.083029,0
12018,0.072868,0
12019,0.085876,0
12020,0.313342,0
12021,0.314979,0
12022,0.315524,0
12023,0.209145,0
12024,0.199212,0
12025,0.477943,0
12026,0.478579,0
12027,0.478392,0
12028,0.637055,0
12029,0.369552,0
12030,0.361716,0
12031,0.359052,0
12032,0.359052,0
12033,0.356277,0
12034,0.360015,0
12035,0.475447,0
12036,0.161214,0
12037,0.081582,0
12038,0.088168,0
12039,0.474097,0
12040,0.475036,0
12041,0.475546,0
12042,0.475488,0
12043,0.475488,0
12044,0.475488,0
12045,0.475488,0
12046,0.477099,0
12047,0.637431,0
12048,0.080367,0
12049,1.010812,0
12050,0.210305,0
12051,0.362273,0
12052,0.362747,0
12053,0.360239,0
12054,0.636645,0
12055,0.521069,0
12056,0.521248,0
12057,0.318083,0
12058,0.226064,0
12059,0.475400,0
12060,0.476357,0
12061,0.475793,0
12062,0.318913,0
12063,0.683905,0
12064,0.684944,0
12065,0.092047,0
12066,0.092047,0
12067,0.473992,0
12068,0.160673,0
12069,0.366702,0
12070,0.357659,0
12071,0.635122,0
12072,0.104204,0
12073,0.683858,0
12074,0.315673,0
12075,0.636585,0
12076,0.638130,0
12077,0.638130,0
12078,0.635574,0
12079,1.307080,0
12080,0.523107,0
12081,1.305463,0
12082,0.097172,0
12083,1.306780,0
12084,0.172764,0
12085,0.092370,0
12086,0.091743,0
12087,0.475777,0
12088,0.688681,0
12089,0.800204,0
12090,0.800204,0
12091,0.683231,0
12092,0.682707,0
12093,1.126360,0
12094,0.681535,0
12095,1.980063,0
12096,0.518578,0
12097,0.361861,0
12098,0.355971,0
12099,1.487647,0
12100,0.634341,0
12101,0.356427,0
12102,0.356427,0
12103,0.681528,0
12104,1.010422,0
12105,0.685673,0
12106,0.685673,0
12107,0.681591,0
12108,0.682664,0
12109,0.685113,0
12110,0.963664,0
12111,0.847582,0
12112,2.145429,1
12113,0.502832,0
12114,0.368322,0
12115,0.495042,0
12116,0.607687,0
12117,3.269792,1
12118,9.214307,1
12119,3.839435,1
12120,3.774361,1
12121,4.820805,1
12122,0.427789,0
12123,1.511994,0
12124,0.496813,0
12125,0.688585,0
12126,0.651813,0
12127,1.903264,0
12128,0.484782,0
12129,0.458093,0
12130,0.965186,0
12131,0.731300,0
12132,0.585164,0
12133,1.627147,0
12134,0.484520,0
12135,0.505889,0
12136,1.734523,0
12137,1.450312,0
12138,0.740827,0
12139,0.415962,0
12140,2.475148,1
12141,2.475170,1
12142,2.475170,1
12143,2.475174,1
12144,2.475174,1
12145,2.475194,1
12146,2.474878,1
12147,2.474558,1
12148,2.475173,1
12149,2.475173,1
12150,2.475194,1
12151,2.475194,1
12152,2.475170,1
12153,2.475170,1
12154,2.475194,1
12155,2.475170,1
12156,2.475194,1
12157,2.475194,1
12158,2.475173,1
12159,2.475194,1
12160,2.475174,1
12161,2.475194,1
12162,2.475194,1
12163,2.475170,1
12164,2.475035,1
12165,2.475173,1
12166,2.475173,1
12167,2.475194,1
12168,2.475170,1
12169,2.475170,1
12170,2.475194,1
12171,2.475194,1
12172,2.475194,1
12173,2.475194,1
12174,2.475194,1
12175,2.475174,1
12176,2.474899,1
12177,2.475168,1
12178,2.475194,1
12179,2.475194,1
12180,2.475174,1
12181,2.475174,1
12182,2.475194,1
12183,2.475194,1
12184,2.475194,1
12185,2.475194,1
12186,2.475170,1
12187,2.475170,1
12188,2.475194,1
12189,2.475170,1
12190,2.475194,1
12191,2.474666,1
12192,1.017547,0
12193,1.376499,0
12194,1.019321,0
12195,1.017750,0
12196,0.343588,0
12197,1.020282,0
12198,1.019278,0
12199,0.345347,0
12200,1.311451,0
12201,1.014823,0
12202,1.376533,0
12203,1.309058,0
12204,0.696093,0
12205,1.312876,0
12206,0.696823,0
12207,0.128847,0
12208,1.020011,0
12209,1.309240,0
12210,1.013592,0
12211,1.011980,0
12212,0.624249,0
12213,1.012664,0
12214,1.013763,0
12215,1.013763,0
12216,0.364834,0
12217,1.373335,0
12218,1.011261,0
12219,1.012984,0
12220,1.012447,0
12221,1.012940,0
12222,1.175865,0
12223,1.012673,0
12224,0.208925,0
12225,1.013799,0
12226,0.369011,0
12227,0.691375,0
12228,1.372459,0
12229,1.308072,0
12230,1.307078,0
12231,1.013676,0
12232,1.371714,0
12233,1.373627,0
12234,1.012207,0
12235,1.013489,0
12236,0.685378,0
12237,0.360763,0
12238,1.011462,0
12239,1.011462,0
12240,1.011345,0
12241,1.306496,0
12242,1.011946,0
12243,0.685955,0
12244,0.685502,0
12245,1.012146,0
12246,1.011948,0
12247,1.012334,0
12248,1.371845,0
12249,1.011030,0
12250,0.522084,0
12251,0.522084,0
12252,0.522084,0
12253,1.011621,0
12254,1.306604,0
12255,0.685873,0
12256,0.685873,0
12257,0.361327,0
12258,1.011971,0
12259,1.012095,0
12260,1.011060,0
12261,1.011060,0
12262,1.306280,0
12263,0.105306,0
12264,0.361011,0
12265,1.175070,0
12266,0.686122,0
12267,0.686477,0
12268,0.358508,0
12269,0.685564,0
12270,1.012028,0
12271,1.010955,0
12272,1.371692,0
12273,1.012466,0
12274,0.684061,0
12275,0.849845,0
12276,1.306351,0
12277,1.307032,0
12278,1.306175,0
12279,0.685870,0
12280,0.685870,0
12281,0.685047,0
12282,0.157928,0
12283,1.371594,0
12284,1.371692,0
12285,1.306338,0
12286,1.307379,0
12287,0.521790,0
12288,1.011145,0
12289,1.011145,0
12290,1.012819,0
12291,1.012267,0
12292,1.012267,0
12293,1.012151,0
12294,0.849844,0
12295,0.850058,0
12296,1.371685,0
12297,0.205269,0
12298,1.011193,0
12299,1.011861,0
12300,1.013347,0
12301,0.687035,0
12302,0.690280,0
12303,1.374058,0
12304,1.373398,0
12305,1.373670,0
12306,1.308826,0
12307,0.688107,0
12308,0.092001,0
12309,0.091519,0
12310,1.306954,0
12311,1.012249,0
12312,1.372257,0
12313,0.522155,0
12314,0.329155,0
12315,1.372649,0
12316,1.174998,0
12317,1.174998,0
12318,1.011292,0
12319,1.011292,0
12320,0.848256,0
12321,1.305991,0
12322,1.306021,0
12323,1.371496,0
12324,1.011791,0
12325,1.012928,0
12326,1.175496,0
12327,0.231038,0
12328,1.012451,0
12329,1.012451,0
12330,1.011810,0
12331,0.685066,0
12332,1.011523,0
12333,1.305695,0
12334,1.174514,0
12335,1.371151,0
12336,1.010726,0
12337,0.684554,0
12338,1.305905,0
12339,2.111512,0
12340,1.010562,0
12341,1.174870,0
12342,1.371704,0
12343,1.306270,0
12344,1.010645,0
12345,1.371496,0
12346,1.371419,0
12347,2.439743,1
12348,1.372501,0
12349,1.177185,0
12350,1.371513,0
12351,1.305704,0
12352,1.305704,0
12353,2.516413,1
12354,0.366408,0
12355,2.145825,1
12356,1.355112,0
12357,0.387969,0
12358,1.595388,0
12359,0.561205,0
12360,1.242391,0
12361,1.166548,0
12362,1.200851,0
12363,1.848923,0
12364,0.972253,0
12365,0.389725,0
12366,0.528788,0
12367,1.061614,0
12368,0.502091,0
12369,0.480797,0
12370,1.492998,0
12371,0.387967,0
12372,1.194935,0
12373,1.194935,0
12374,1.144929,0
12375,0.557952,0
12376,0.591675,0
12377,0.290495,0
12378,0.850764,0
12379,0.289895,0
12380,0.334112,0
12381,1.014290,0
12382,0.502849,0
12383,0.387981,0
12384,0.590367,0
12385,3.003405,1
12386,0.146387,0
12387,0.553367,0
12388,0.406983,0
12389,0.521922,0
12390,0.448116,0
12391,1.378542,0
12392,0.280272,0
12393,0.441138,0
12394,0.574459,0
12395,0.399761,0
12396,0.498290,0
12397,1.014248,0
12398,0.449894,0
12399,0.624702,0
12400,0.804772,0
12401,0.526862,0
12402,0.752603,0
12403,0.751643,0
12404,0.639513,0
12405,1.306446,0
12406,1.373577,0
12407,0.077258,0
12408,1.372073,0
12409,1.372240,0
12410,1.305997,0
12411,1.371167,0
12412,1.371217,0
12413,1.372334,0
12414,0.848037,0
12415,1.371650,0
12416,1.178584,0
12417,0.634200,0
12418,0.529432,0
12419,0.388401,0
12420,0.699006,0
12421,0.711082,0
12422,1.074481,0
12423,2.002572,0
12424,0.528007,0
12425,0.693296,0
12426,1.375895,0
12427,1.311964,0
12428,1.376888,0
12429,0.378975,0
12430,1.020799,0
12431,1.020799,0
12432,1.020799,0
12433,0.690723,0
12434,0.332884,0
12435,0.487745,0
12436,1.523279,0
12437,0.381249,0
12438,1.011674,0
12439,1.372613,0
12440,1.372613,0
12441,1.013967,0
12442,1.014363,0
12443,1.372936,0
12444,1.371693,0
12445,1.015547,0
12446,0.370252,0
12447,1.307314,0
12448,1.308873,0
12449,1.309521,0
12450,1.308213,0
12451,0.687369,0
12452,1.372581,0
12453,1.372902,0
12454,0.683387,0
12455,0.685076,0
12456,0.685654,0
12457,0.480451,0
12458,1.012274,0
12459,1.011359,0
12460,1.011777,0
12461,0.528241,0
12462,0.359078,0
12463,1.817015,0
12464,1.817015,0
12465,0.682653,0
12466,0.688596,0
12467,1.816937,0
12468,1.587220,0
12469,1.305917,0
12470,1.011456,0
12471,1.011946,0
12472,1.372765,0
12473,1.010784,0
12474,1.009830,0
12475,1.010433,0
12476,1.305512,0
12477,0.846434,0
12478,1.371640,0
12479,1.010976,0
12480,1.011528,0
12481,1.010357,0
12482,0.471975,0
12483,0.472644,0
12484,0.434516,0
12485,0.471672,0
12486,0.415537,0
12487,0.715298,0
12488,0.764366,0
12489,0.715276,0
12490,0.589861,0
12491,0.716559,0
12492,0.715638,0
12493,0.698552,0
12494,0.471462,0
12495,2.157879,1
12496,0.477895,0
12497,2.453728,1
12498,0.358106,0
12499,1.311633,0
12500,0.707027,0
12501,0.707027,0
12502,0.450683,0
12503,0.726547,0
12504,0.693619,0
12505,0.332899,0
12506,0.414201,0
12507,2.096049,0
12508,2.096049,0
12509,0.636245,0
12510,2.027239,0
12511,0.700678,0
12512,0.610330,0
12513,0.355542,0
12514,0.405027,0
12515,1.268577,0
12516,1.026409,0
12517,0.451100,0
12518,0.385924,0
12519,0.714238,0
12520,0.359539,0
12521,0.357493,0
12522,0.344600,0
12523,0.344600,0
12524,0.387034,0
12525,0.727374,0
12526,4.285769,1
12527,1.251935,0
12528,2.422434,1
12529,1.594377,0
12530,0.955384,0
12531,2.019242,0
12532,1.376739,0
12533,1.672079,0
12534,1.010510,0
12535,1.373675,0
12536,1.013487,0
12537,1.309136,0
12538,1.306876,0
12539,1.308991,0
12540,1.371937,0
12541,1.372864,0
12542,1.371519,0
12543,1.372595,0
12544,1.305348,0
12545,1.371225,0
12546,1.011017,0
12547,1.069542,0
12548,1.032453,0
12549,1.015545,0
12550,1.032505,0
12551,0.594272,0
12552,1.382729,0
12553,1.278364,0
12554,1.278362,0
12555,6.677898,1
12556,3.882609,1
12557,0.689479,0
12558,1.374970,0
12559,2.412897,1
12560,0.220012,0
12561,1.041364,0
12562,1.025708,0
12563,2.337535,1
12564,1.361959,0
12565,1.372459,0
12566,0.885720,0
12567,2.410056,1
12568,2.410044,1
12569,2.442169,1
12570,0.690153,0
12571,0.685549,0
12572,1.375286,0
12573,0.687740,0
12574,1.374424,0
12575,1.371148,0
12576,1.371782,0
12577,1.370684,0
12578,1.370876,0
12579,0.684578,0
12580,2.340940,1
12581,1.013986,0
12582,1.073872,0
12583,1.068543,0
12584,1.013549,0
12585,1.015250,0
12586,1.328608,0
12587,1.014631,0
12588,2.756217,1
12589,1.014652,0
12590,7.817169,1
12591,2.691520,1
12592,3.110012,1
12593,1.349721,0
12594,0.749062,0
12595,1.373440,0
12596,2.520677,1
12597,0.861504,0
12598,0.697170,0
12599,0.441161,0
12600,0.441161,0
12601,0.153297,0
12602,0.380540,0
12603,1.309995,0
12604,0.693374,0
12605,0.692522,0
12606,0.855503,0
12607,0.535488,0
12608,0.694968,0
12609,1.179501,0
12610,1.019129,0
12611,1.377460,0
12612,1.393261,0
12613,1.017421,0
12614,0.532442,0
12615,1.012075,0
12616,0.070969,0
12617,0.363861,0
12618,1.372126,0
12619,1.372126,0
12620,1.306303,0
12621,0.684908,0
12622,1.015416,0
12623,1.174800,0
12624,1.012362,0
12625,1.306062,0
12626,1.177380,0
12627,0.847691,0
12628,0.523750,0
12629,1.307640,0
12630,1.372417,0
12631,1.010350,0
12632,0.849662,0
12633,1.012043,0
12634,1.373989,0
12635,0.525514,0
12636,0.521216,0
12637,0.520918,0
12638,0.529176,0
12639,0.522830,0
12640,0.523725,0
12641,1.013607,0
12642,1.372471,0
12643,1.372471,0
12644,1.372490,0
12645,0.685081,0
12646,0.683799,0
12647,0.057057,0
12648,1.011846,0
12649,0.338410,0
12650,0.197918,0
12651,0.141398,0
12652,1.018465,0
12653,0.686919,0
12654,0.683509,0
12655,1.011388,0
12656,0.427754,0
12657,1.010905,0
12658,1.306020,0
12659,1.010905,0
12660,1.010905,0
12661,1.305228,0
12662,0.196255,0
12663,1.305699,0
12664,1.371336,0
12665,0.684160,0
12666,0.684160,0
12667,0.683254,0
12668,0.325022,0
12669,0.683102,0
12670,1.010535,0
12671,1.010535,0
12672,0.335165,0
12673,0.334789,0
12674,0.648571,0
12675,0.648571,0
12676,0.389143,0
12677,0.389608,0
12678,0.480573,0
12679,0.389540,0
12680,0.389325,0
12681,0.388309,0
12682,0.391447,0
12683,0.389325,0
12684,0.405981,0
12685,0.376515,0
12686,0.374463,0
12687,0.386705,0
12688,0.354351,0
12689,0.861303,0
12690,0.344538,0
12691,0.335038,0
12692,0.335038,0
12693,0.073803,0
12694,1.018459,0
12695,2.114387,0
12696,0.690940,0
12697,2.147090,1
12698,0.695979,0
12699,2.408260,1
12700,2.408453,1
12701,0.135199,0
12702,0.485914,0
12703,2.048501,0
12704,0.539443,0
12705,1.377635,0
12706,0.691513,0
12707,0.690159,0
12708,0.696076,0
12709,0.694519,0
12710,0.646137,0
12711,0.646137,0
12712,0.644181,0
12713,0.807596,0
12714,0.330760,0
12715,0.374701,0
12716,0.646531,0
12717,0.533471,0
12718,0.689316,0
12719,1.310499,0
12720,0.851242,0
12721,2.113884,0
12722,0.372917,0
12723,0.694760,0
12724,0.693912,0
12725,0.692389,0
12726,0.078231,0
12727,0.476224,0
12728,2.111387,0
12729,2.145038,0
12730,2.145038,0
12731,2.145038,0
12732,2.046482,0
12733,1.947462,0
12734,0.475068,0
12735,2.406422,1
12736,2.406664,1
12737,2.406397,1
12738,2.308482,1
12739,2.210023,1
12740,0.683822,0
12741,0.683937,0
12742,2.045640,0
12743,0.964801,0
12744,0.078416,0
12745,0.683870,0
12746,2.078419,0
12747,1.372852,0
12748,2.111812,0
12749,0.087291,0
12750,0.637764,0
12751,0.637431,0
12752,2.079331,0
12753,2.472529,1
12754,2.111586,0
12755,2.078772,0
12756,1.750543,0
12757,2.013148,0
12758,2.078761,0
12759,2.078745,0
12760,0.637539,0
12761,2.045977,0
12762,2.045977,0
12763,0.637557,0
12764,0.638098,0
12765,2.013163,0
12766,2.013163,0
12767,1.947536,0
12768,0.311499,0
12769,0.311499,0
12770,1.126811,0
12771,0.362315,0
12772,1.012695,0
12773,0.682294,0
12774,0.316747,0
12775,0.315948,0
12776,0.313802,0
12777,0.069527,0
12778,0.063918,0
12779,0.069166,0
12780,0.685385,0
12781,0.686164,0
12782,0.686164,0
12783,0.682052,0
12784,0.684076,0
12785,0.684076,0
12786,0.683656,0
12787,2.078821,0
12788,0.846951,0
12789,2.144715,0
12790,1.881944,0
12791,1.914755,0
12792,2.242468,1
12793,0.360340,0
12794,2.078730,0
12795,0.363839,0
12796,0.685679,0
12797,2.111880,0
12798,2.078095,0
12799,2.078542,0
12800,2.078368,0
12801,2.078752,0
12802,2.078734,0
12803,2.079110,0
12804,2.078873,0
12805,2.078873,0
12806,2.078414,0
12807,2.176856,1
12808,2.177484,1
12809,2.177204,1
12810,2.176679,1
12811,2.177108,1
12812,2.177202,1
12813,2.176679,1
12814,2.176679,1
12815,2.144379,0
12816,2.046044,0
12817,2.046291,0
12818,1.174206,0
12819,0.356628,0
12820,0.681287,0
12821,0.846259,0
12822,0.845981,0
12823,0.367368,0
12824,2.247000,1
12825,1.424628,0
12826,0.200038,0
12827,0.200038,0
12828,0.196291,0
12829,0.196420,0
12830,0.693756,0
12831,0.375629,0
12832,0.433655,0
12833,1.311495,0
12834,0.194252,0
12835,0.197344,0
12836,0.339291,0
12837,0.133987,0
12838,0.189077,0
12839,0.644290,0
12840,0.695655,0
12841,0.691925,0
12842,0.135420,0
12843,0.135789,0
12844,0.133478,0
12845,0.137602,0
12846,0.697779,0
12847,0.376278,0
12848,0.533451,0
12849,0.231217,0
12850,0.533576,0
12851,0.692006,0
12852,0.691761,0
12853,0.142798,0
12854,0.693688,0
12855,0.692983,0
12856,0.697540,0
12857,0.336103,0
12858,0.382085,0
12859,0.807456,0
12860,0.694704,0
12861,1.342781,0
12862,0.130292,0
12863,0.687694,0
12864,1.817369,0
12865,1.817476,0
12866,1.306662,0
12867,0.087518,0
12868,0.684836,0
12869,0.311976,0
12870,0.311513,0
12871,0.363714,0
12872,0.364035,0
12873,0.167244,0
12874,0.848519,0
12875,0.847576,0
12876,0.847561,0
12877,1.306948,0
12878,0.526032,0
12879,0.687052,0
12880,0.683718,0
12881,0.683935,0
12882,0.317958,0
12883,0.318172,0
12884,0.523571,0
12885,0.519543,0
12886,0.846464,0
12887,1.011482,0
12888,0.685065,0
12889,1.306194,0
12890,1.013601,0
12891,1.306001,0
12892,0.686611,0
12893,1.012486,0
12894,0.522497,0
12895,0.554953,0
12896,0.520091,0
12897,0.522117,0
12898,0.685618,0
12899,0.685767,0
12900,0.685550,0
12901,1.306208,0
12902,1.011623,0
12903,0.458412,0
12904,0.315192,0
12905,1.012841,0
12906,1.011726,0
12907,0.362984,0
12908,0.522047,0
12909,0.522047,0
12910,0.522047,0
12911,0.522047,0
12912,0.522047,0
12913,0.522047,0
12914,0.522047,0
12915,0.685259,0
12916,1.011255,0
12917,0.365605,0
12918,0.685755,0
12919,1.666877,0
12920,1.666877,0
12921,1.012407,0
12922,0.522316,0
12923,0.523897,0
12924,1.996196,0
12925,0.082385,0
12926,0.523531,0
12927,0.330614,0
12928,1.308465,0
12929,0.637308,0
12930,0.210883,0
12931,0.804005,0
12932,0.083203,0
12933,0.505852,0
12934,0.505852,0
12935,0.210038,0
12936,0.637337,0
12937,0.638742,0
12938,0.362760,0
12939,0.687066,0
12940,0.687157,0
12941,0.519938,0
12942,0.100410,0
12943,0.359257,0
12944,0.523382,0
12945,0.522960,0
12946,0.315017,0
12947,0.313566,0
12948,0.525517,0
12949,0.524391,0
12950,0.361569,0
12951,0.361651,0
12952,0.364599,0
12953,0.087473,0
12954,0.685105,0
12955,0.359728,0
12956,0.319599,0
12957,0.211209,0
12958,0.107445,0
12959,1.143463,0
12960,0.169001,0
12961,1.307568,0
12962,2.014003,0
12963,0.207018,0
12964,0.692715,0
12965,0.060325,0
12966,0.685498,0
12967,0.362236,0
12968,0.364445,0
12969,0.977880,0
12970,0.521684,0
12971,0.520449,0
12972,0.524105,0
12973,0.684538,0
12974,0.175124,0
12975,0.363340,0
12976,0.363340,0
12977,1.017636,0
12978,0.364016,0
12979,0.358880,0
12980,0.687675,0
12981,0.209442,0
12982,0.209442,0
12983,0.157435,0
12984,1.011215,0
12985,0.686511,0
12986,0.686295,0
12987,0.684034,0
12988,0.363755,0
12989,0.363755,0
12990,0.364577,0
12991,0.109076,0
12992,1.339561,0
12993,1.996647,0
12994,0.521697,0
12995,0.471884,0
12996,0.085725,0
12997,0.360399,0
12998,0.682237,0
12999,0.799599,0
13000,0.046277,0
13001,0.279542,0
13002,0.067574,0
13003,0.685379,0
13004,0.472682,0
13005,0.082043,0
13006,0.081895,0
13007,0.474995,0
13008,0.357075,0
13009,0.062251,0
13010,0.685829,0
13011,1.010645,0
13012,1.011097,0
13013,0.800334,0
13014,0.359198,0
13015,1.159813,0
13016,0.682367,0
13017,0.637052,0
13018,0.357579,0
13019,0.798993,0
13020,0.519846,0
13021,0.204854,0
13022,1.126635,0
13023,0.199961,0
13024,0.472919,0
13025,0.472919,0
13026,0.602507,0
13027,0.637246,0
13028,0.359894,0
13029,0.357832,0
13030,0.519592,0
13031,1.487669,0
13032,0.798704,0
13033,0.683414,0
13034,0.682355,0
13035,0.357206,0
13036,0.207650,0
13037,0.635548,0
13038,0.519746,0
13039,0.309065,0
13040,0.519593,0
13041,1.667406,0
13042,0.357247,0
13043,2.217267,1
13044,0.858655,0
13045,1.013286,0
13046,2.358471,1
13047,1.032748,0
13048,0.945435,0
13049,3.794085,1
13050,2.686862,1
13051,2.689310,1
13052,2.164134,1
13053,1.071585,0
13054,2.363591,1
13055,1.700352,0
13056,0.460752,0
13057,0.655178,0
13058,0.525686,0
13059,1.477587,0
13060,2.256021,1
13061,1.164220,0
13062,1.164220,0
13063,0.602783,0
13064,0.593684,0
13065,0.622248,0
13066,2.218927,1
13067,0.778711,0
13068,0.473835,0
13069,0.966841,0
13070,0.444468,0
13071,0.473413,0
13072,1.032287,0
13073,0.474793,0
13074,0.653051,0
13075,1.641347,0
13076,0.525519,0
13077,0.525502,0
13078,2.458638,1
13079,0.462348,0
13080,0.338832,0
13081,1.549652,0
13082,1.549652,0
13083,1.786619,0
13084,0.334727,0
13085,0.337686,0
13086,0.389643,0
13087,0.389952,0
13088,0.358588,0
13089,0.235684,0
13090,2.444891,1
13091,0.459174,0
13092,0.360326,0
13093,0.377944,0
13094,0.687507,0
13095,0.536181,0
13096,0.441230,0
13097,0.550920,0
13098,0.334158,0
13099,1.764360,0
13100,1.194244,0
13101,0.864541,0
13102,0.462346,0
13103,0.462346,0
13104,0.433800,0
13105,1.565234,0
13106,0.564277,0
13107,0.478394,0
13108,0.486806,0
13109,0.701977,0
13110,0.403864,0
13111,0.184476,0
13112,0.559687,0
13113,0.843733,0
13114,0.553778,0
13115,0.962839,0
13116,0.322122,0
13117,0.387829,0
13118,0.385015,0
13119,0.703511,0
13120,0.539808,0
13121,1.533162,0
13122,0.653827,0
13123,2.182726,1
13124,0.749407,0
13125,0.716210,0
13126,1.397493,0
13127,0.926698,0
13128,2.445714,1
13129,2.444100,1
13130,2.443922,1
13131,2.443920,1
13132,2.443918,1
13133,2.444164,1
13134,2.444164,1
13135,2.443918,1
13136,2.443917,1
13137,0.657486,0
13138,1.332852,0
13139,0.486411,0
13140,0.531387,0
13141,0.490798,0
13142,0.692357,0
13143,0.692357,0
13144,0.486411,0
13145,0.331449,0
13146,0.330122,0
13147,0.486915,0
13148,0.486063,0
13149,0.329767,0
13150,0.329767,0
13151,0.806604,0
13152,0.805823,0
13153,0.530099,0
13154,0.334986,0
13155,0.485936,0
13156,0.646450,0
13157,0.331144,0
13158,0.332275,0
13159,0.332275,0
13160,0.487223,0
13161,0.191575,0
13162,0.330838,0
13163,0.644705,0
13164,0.644757,0
13165,0.644581,0
13166,0.225580,0
13167,0.221347,0
13168,0.178307,0
13169,0.225222,0
13170,0.190323,0
13171,0.372922,0
13172,0.968899,0
13173,0.806519,0
13174,0.807188,0
13175,0.331116,0
13176,0.482674,0
13177,0.644390,0
13178,0.643177,0
13179,0.643151,0
13180,0.183477,0
13181,0.328278,0
13182,0.327098,0
13183,0.188083,0
13184,0.331354,0
13185,0.487506,0
13186,0.646282,0
13187,2.014950,0
13188,1.657167,0
13189,0.652408,0
13190,0.746902,0
13191,0.645581,0
13192,0.643488,0
13193,1.723931,0
13194,0.169920,0
13195,0.169920,0
13196,0.195111,0
13197,0.195111,0
13198,0.145404,0
13199,0.134850,0
13200,0.531511,0
13201,0.532514,0
13202,0.535027,0
13203,0.534279,0
13204,0.379209,0
13205,0.378149,0
13206,0.328923,0
13207,0.231377,0
13208,0.234205,0
13209,0.694568,0
13210,0.694700,0
13211,0.379289,0
13212,0.379381,0
13213,0.328225,0
13214,0.484072,0
13215,0.126441,0
13216,1.014920,0
13217,1.014920,0
13218,0.642816,0
13219,0.124502,0
13220,2.179641,1
13221,0.551939,0
13222,0.324979,0
13223,0.229177,0
13224,0.230393,0
13225,0.142957,0
13226,0.379275,0
13227,0.379076,0
13228,0.379523,0
13229,0.138966,0
13230,0.377871,0
13231,0.377370,0
13232,0.379367,0
13233,0.379665,0
13234,0.190874,0
13235,0.145195,0
13236,0.145255,0
13237,0.534221,0
13238,0.328853,0
13239,0.230108,0
13240,0.530824,0
13241,0.531907,0
13242,0.328591,0
13243,0.373792,0
13244,0.642833,0
13245,0.195003,0
13246,0.360913,0
13247,0.193807,0
13248,0.333018,0
13249,1.165707,0
13250,0.335713,0
13251,0.693031,0
13252,0.693031,0
13253,0.189111,0
13254,0.331468,0
13255,0.332393,0
13256,1.317099,0
13257,0.328372,0
13258,0.327853,0
13259,0.332531,0
13260,0.693163,0
13261,0.371635,0
13262,0.139928,0
13263,0.690113,0
13264,0.643969,0
13265,1.556031,0
13266,0.336825,0
13267,0.334723,0
13268,0.804207,0
13269,0.690982,0
13270,0.375807,0
13271,0.370749,0
13272,0.690210,0
13273,1.457765,0
13274,0.531425,0
13275,0.529582,0
13276,0.529753,0
13277,0.333466,0
13278,0.645758,0
13279,0.647779,0
13280,0.643822,0
13281,0.805143,0
13282,0.691313,0
13283,0.486816,0
13284,0.489035,0
13285,0.692092,0
13286,0.122929,0
13287,1.590993,0
13288,0.690798,0
13289,0.692158,0
13290,0.372984,0
13291,0.372701,0
13292,0.644690,0
13293,0.368749,0
13294,0.370744,0
13295,2.212072,1
13296,0.693562,0
13297,0.134582,0
13298,0.128384,0
13299,0.377532,0
13300,0.189511,0
13301,1.309287,0
13302,1.018176,0
13303,1.014553,0
13304,0.371565,0
13305,0.370422,0
13306,0.369917,0
13307,0.221142,0
13308,0.230633,0
13309,0.133701,0
13310,0.131040,0
13311,0.121510,0
13312,0.805144,0
13313,2.441868,1
13314,0.642872,0
13315,0.485319,0
13316,0.332188,0
13317,0.646372,0
13318,0.486147,0
13319,0.486147,0
13320,0.693033,0
13321,0.201363,0
13322,0.202651,0
13323,0.201401,0
13324,0.691013,0
13325,0.333177,0
13326,0.646234,0
13327,0.647055,0
13328,0.646691,0
13329,0.334343,0
13330,0.691893,0
13331,0.376432,0
13332,0.376432,0
13333,0.373662,0
13334,0.224169,0
13335,0.487174,0
13336,0.330599,0
13337,0.118503,0
13338,0.331508,0
13339,0.486637,0
13340,0.333689,0
13341,0.485795,0
13342,0.485912,0
13343,0.333145,0
13344,0.646865,0
13345,0.328735,0
13346,0.531098,0
13347,0.331345,0
13348,0.691332,0
13349,0.691325,0
13350,0.691325,0
13351,0.232690,0
13352,0.128577,0
13353,0.134655,0
13354,0.132051,0
13355,0.125036,0
13356,0.125036,0
13357,0.487551,0
13358,0.691652,0
13359,0.691142,0
13360,0.486613,0
13361,0.529765,0
13362,0.332122,0
13363,0.484794,0
13364,0.486254,0
13365,0.190237,0
13366,0.330009,0
13367,0.227177,0
13368,0.223989,0
13369,0.225026,0
13370,0.336370,0
13371,0.329963,0
13372,0.325769,0
13373,0.330545,0
13374,0.325914,0
13375,0.129801,0
13376,0.330275,0
13377,0.330275,0
13378,0.330805,0
13379,0.133141,0
13380,0.128166,0
13381,0.187575,0
13382,0.223335,0
13383,0.324882,0
13384,0.332950,0
13385,0.198728,0
13386,0.333949,0
13387,0.489440,0
13388,0.489440,0
13389,0.333949,0
13390,0.374842,0
13391,0.643508,0
13392,0.128378,0
13393,0.179642,0
13394,0.330335,0
13395,0.645666,0
13396,0.646210,0
13397,0.646210,0
13398,0.331968,0
13399,0.223711,0
13400,0.125036,0
13401,0.125036,0
13402,0.135569,0
13403,0.142530,0
13404,0.142530,0
13405,0.249512,0
13406,0.643449,0
13407,0.485807,0
13408,0.486147,0
13409,0.327531,0
13410,0.484989,0
13411,0.330122,0
13412,0.187397,0
13413,0.152849,0
13414,0.189860,0
13415,0.190178,0
13416,0.197365,0
13417,0.486524,0
13418,0.648728,0
13419,0.675051,0
13420,0.336602,0
13421,0.330005,0
13422,0.329788,0
13423,0.668740,0
13424,0.486308,0
13425,0.648546,0
13426,0.648546,0
13427,0.488005,0
13428,0.487056,0
13429,0.331027,0
13430,0.331923,0
13431,0.331027,0
13432,0.331919,0
13433,0.330810,0
13434,0.805783,0
13435,0.642779,0
13436,0.682674,0
13437,0.519212,0
13438,0.473089,0
13439,0.473089,0
13440,0.863926,0
13441,1.126379,0
13442,1.127051,0
13443,1.126455,0
13444,1.126435,0
13445,1.126466,0
13446,1.126445,0
13447,1.126388,0
13448,1.061827,0
13449,1.290512,0
13450,1.291232,0
13451,1.126347,0
13452,1.126437,0
13453,1.127113,0
13454,0.634966,0
13455,0.634825,0
13456,0.962390,0
13457,0.962475,0
13458,0.635514,0
13459,0.637126,0
13460,0.635767,0
13461,0.685983,0
13462,0.362206,0
13463,0.096604,0
13464,0.517867,0
13465,0.165619,0
13466,0.634887,0
13467,0.688166,0
13468,0.362354,0
13469,0.477223,0
13470,0.521131,0
13471,0.538020,0
13472,0.157098,0
13473,0.313623,0
13474,0.686675,0
13475,2.209926,1
13476,0.356943,0
13477,0.365158,0
13478,0.363937,0
13479,0.474657,0
13480,2.078345,0
13481,0.640181,0
13482,0.686057,0
13483,0.474217,0
13484,0.361203,0
13485,0.359535,0
13486,0.358642,0
13487,0.310873,0
13488,0.533022,0
13489,0.302279,0
13490,0.638562,0
13491,0.358432,0
13492,0.111110,0
13493,2.078460,0
13494,0.361819,0
13495,0.362795,0
13496,0.363169,0
13497,1.588091,0
13498,0.312696,0
13499,0.963280,0
13500,2.079439,0
13501,0.078814,0
13502,0.475111,0
13503,0.963595,0
13504,0.686471,0
13505,0.686654,0
13506,0.477430,0
13507,0.473502,0
13508,0.683372,0
13509,0.684281,0
13510,0.522167,0
13511,1.011875,0
13512,0.318267,0
13513,0.314332,0
13514,0.313462,0
13515,0.313705,0
13516,0.200860,0
13517,0.685884,0
13518,0.520054,0
13519,0.091577,0
13520,0.471842,0
13521,0.319051,0
13522,0.319051,0
13523,1.553671,0
13524,0.316179,0
13525,0.962305,0
13526,0.798977,0
13527,0.798977,0
13528,0.800144,0
13529,0.962729,0
13530,0.962247,0
13531,0.962303,0
13532,0.798683,0
13533,0.798683,0
13534,2.308229,1
13535,0.471768,0
13536,0.799450,0
13537,0.963904,0
13538,0.963901,0
13539,0.962937,0
13540,0.962937,0
13541,0.961931,0
13542,0.962646,0
13543,0.102440,0
13544,0.309765,0
13545,0.355067,0
13546,1.126446,0
13547,0.798147,0
13548,0.798518,0
13549,0.686498,0
13550,0.060874,0
13551,0.311736,0
13552,1.261433,0
13553,7.882279,1
13554,3.296583,1
13555,0.219020,0
13556,0.367897,0
13557,3.298792,1
13558,0.370430,0
13559,1.030165,0
13560,0.973553,0
13561,0.924596,0
13562,0.973553,0
13563,2.214311,1
13564,1.293886,0
13565,0.330681,0
13566,1.132959,0
13567,0.533310,0
13568,0.691023,0
13569,0.338193,0
13570,0.338193,0
13571,2.113028,0
13572,2.474338,1
13573,1.883694,0
13574,0.202370,0
13575,2.081373,0
13576,0.376069,0
13577,0.380748,0
13578,0.643649,0
13579,0.372319,0
13580,0.484034,0
13581,0.807630,0
13582,0.370558,0
13583,0.854342,0
13584,0.352442,0
13585,0.237338,0
13586,0.564591,0
13587,0.533021,0
13588,0.256105,0
13589,0.701682,0
13590,0.331075,0
13591,1.621641,0
13592,0.171932,0
13593,0.486612,0
13594,0.326743,0
13595,0.226993,0
13596,0.200211,0
13597,0.378050,0
13598,0.691822,0
13599,0.372516,0
13600,0.482864,0
13601,0.190022,0
13602,0.476266,0
13603,1.012532,0
13604,0.474718,0
13605,0.685671,0
13606,0.557607,0
13607,0.326773,0
13608,0.180298,0
13609,0.180298,0
13610,0.127675,0
13611,0.376701,0
13612,0.373888,0
13613,0.376232,0
13614,0.376232,0
13615,0.533125,0
13616,0.691278,0
13617,0.191584,0
13618,0.368398,0
13619,0.230282,0
13620,0.327825,0
13621,0.143377,0
13622,0.288198,0
13623,0.806640,0
13624,0.124932,0
13625,0.335737,0
13626,0.643086,0
13627,0.642673,0
13628,0.805555,0
13629,0.115811,0
13630,0.642864,0
13631,0.372396,0
13632,0.530766,0
13633,0.390647,0
13634,0.390647,0
13635,0.221099,0
13636,0.691556,0
13637,0.693629,0
13638,0.227097,0
13639,0.374067,0
13640,0.375440,0
13641,1.021380,0
13642,0.369119,0
13643,2.474124,1
13644,0.324791,0
13645,0.373777,0
13646,0.373746,0
13647,0.226385,0
13648,0.129277,0
13649,0.798309,0
13650,0.161687,0
13651,0.635320,0
13652,0.682369,0
13653,1.010659,0
13654,0.687114,0
13655,0.683369,0
13656,0.147873,0
13657,0.634693,0
13658,1.521031,0
13659,1.521734,0
13660,0.364278,0
13661,0.096925,0
13662,0.361394,0
13663,0.685229,0
13664,0.311770,0
13665,0.524898,0
13666,0.364727,0
13667,0.153919,0
13668,0.522373,0
13669,0.090921,0
13670,1.520389,0
13671,2.474207,1
13672,0.377007,0
13673,0.487705,0
13674,0.331406,0
13675,0.331779,0
13676,0.330853,0
13677,0.327077,0
13678,0.487033,0
13679,0.488335,0
13680,0.135639,0
13681,0.372940,0
13682,0.404248,0
13683,0.372940,0
13684,0.691420,0
13685,0.691432,0
13686,0.372962,0
13687,0.691172,0
13688,0.530905,0
13689,0.531046,0
13690,0.126724,0
13691,0.530559,0
13692,0.530559,0
13693,0.530559,0
13694,0.530003,0
13695,0.530669,0
13696,0.374351,0
13697,0.373721,0
13698,0.227526,0
13699,0.530637,0
13700,0.531511,0
13701,0.532347,0
13702,0.532347,0
13703,0.691768,0
13704,0.225108,0
13705,0.692247,0
13706,0.691421,0
13707,0.482731,0
13708,0.486559,0
13709,0.128784,0
13710,0.196868,0
13711,0.329852,0
13712,0.144990,0
13713,0.329845,0
13714,0.331786,0
13715,0.334162,0
13716,0.329771,0
13717,0.485367,0
13718,0.228457,0
13719,0.188276,0
13720,0.201678,0
13721,0.489683,0
13722,0.333751,0
13723,1.785576,0
13724,0.332662,0
13725,0.198321,0
13726,0.198321,0
13727,0.486706,0
13728,2.244518,1
13729,0.333490,0
13730,0.330648,0
13731,0.328406,0
13732,0.330654,0
13733,0.328189,0
13734,0.328189,0
13735,0.331592,0
13736,0.325769,0
13737,0.331592,0
13738,0.327869,0
13739,0.330108,0
13740,0.124364,0
13741,0.186537,0
13742,0.190748,0
13743,0.189207,0
13744,0.201408,0
13745,0.201408,0
13746,0.190119,0
13747,0.193846,0
13748,0.191401,0
13749,0.122809,0
13750,0.189419,0
13751,0.227930,0
13752,0.227285,0
13753,0.186933,0
13754,0.186933,0
13755,0.330878,0
13756,0.353144,0
13757,0.331129,0
13758,0.331139,0
13759,0.486368,0
13760,0.191291,0
13761,1.133176,0
13762,0.330812,0
13763,0.130627,0
13764,0.190964,0
13765,0.133241,0
13766,0.197856,0
13767,0.809834,0
13768,0.809009,0
13769,0.530704,0
13770,0.222745,0
13771,0.224490,0
13772,0.330722,0
13773,0.533236,0
13774,0.533236,0
13775,0.125193,0
13776,0.373985,0
13777,0.374082,0
13778,0.332900,0
13779,0.376197,0
13780,0.691316,0
13781,0.374218,0
13782,0.374218,0
13783,0.375510,0
13784,0.374438,0
13785,0.374438,0
13786,0.530385,0
13787,0.531212,0
13788,0.531007,0
13789,0.692664,0
13790,0.225580,0
13791,0.224490,0
13792,2.147048,1
13793,0.172451,0
13794,0.314213,0
13795,0.173388,0
13796,2.079036,0
13797,0.199632,0
13798,0.685799,0
13799,0.522150,0
13800,0.206945,0
13801,0.088271,0
13802,0.084626,0
13803,0.424198,0
13804,0.473616,0
13805,0.313127,0
13806,0.317219,0
13807,0.800941,0
13808,0.203794,0
13809,0.522422,0
13810,0.313605,0
13811,0.163452,0
13812,0.522420,0
13813,0.522420,0
13814,0.523137,0
13815,0.685209,0
13816,0.798504,0
13817,0.799793,0
13818,0.799793,0
13819,0.798452,0
13820,0.803790,0
13821,0.356354,0
13822,0.711721,0
13823,0.397333,0
13824,0.586716,0
13825,0.225716,0
13826,0.122810,0
13827,0.120479,0
13828,0.125951,0
13829,0.645812,0
13830,0.119093,0
13831,0.644640,0
13832,0.694160,0
13833,0.179953,0
13834,0.690897,0
13835,0.693268,0
13836,0.133449,0
13837,0.124458,0
13838,0.390829,0
13839,0.692790,0
13840,0.229368,0
13841,0.183557,0
13842,0.374095,0
13843,1.015425,0
13844,0.690566,0
13845,0.221823,0
13846,0.223002,0
13847,0.123424,0
13848,0.134995,0
13849,0.533047,0
13850,2.243923,1
13851,0.683817,0
13852,0.685976,0
13853,0.684796,0
13854,0.209559,0
13855,0.521142,0
13856,0.798896,0
13857,0.636253,0
13858,0.524678,0
13859,0.964590,0
13860,1.815582,0
13861,0.963462,0
13862,1.127132,0
13863,2.560221,1
13864,0.765084,0
13865,0.375561,0
13866,0.694580,0
13867,0.378981,0
13868,1.017348,0
13869,0.692164,0
13870,0.690838,0
13871,0.532935,0
13872,0.856213,0
13873,0.533622,0
13874,1.018665,0
13875,0.693608,0
13876,0.693317,0
13877,0.536201,0
13878,0.534709,0
13879,0.693399,0
13880,0.378061,0
13881,0.374908,0
13882,0.694945,0
13883,0.533201,0
13884,0.693415,0
13885,0.694343,0
13886,0.136543,0
13887,0.533814,0
13888,0.374056,0
13889,0.227625,0
13890,0.694565,0
13891,0.377164,0
13892,0.854214,0
13893,0.171065,0
13894,0.694320,0
13895,0.157901,0
13896,0.153043,0
13897,0.131970,0
13898,0.530346,0
13899,0.531482,0
13900,0.188834,0
13901,0.129031,0
13902,0.129031,0
13903,0.126111,0
13904,0.130886,0
13905,0.130886,0
13906,0.190748,0
13907,0.140879,0
13908,0.140451,0
13909,0.199203,0
13910,0.201363,0
13911,0.201363,0
13912,0.198304,0
13913,0.485091,0
13914,0.188295,0
13915,0.190484,0
13916,0.128661,0
13917,0.328224,0
13918,0.230608,0
13919,0.230608,0
13920,0.190618,0
13921,0.228195,0
13922,0.227285,0
13923,0.227285,0
13924,0.227880,0
13925,0.235980,0
13926,0.236033,0
13927,0.235077,0
13928,0.235980,0
13929,0.132694,0
13930,0.225479,0
13931,0.193744,0
13932,0.136386,0
13933,0.136386,0
13934,0.133080,0
13935,0.133080,0
13936,0.183748,0
13937,0.224428,0
13938,0.229214,0
13939,0.234294,0
13940,0.371912,0
13941,0.222842,0
13942,0.222842,0
13943,0.376331,0
13944,0.646706,0
13945,0.127696,0
13946,0.130914,0
13947,0.130914,0
13948,0.520371,0
13949,0.643958,0
13950,0.692165,0
13951,0.187984,0
13952,0.120999,0
13953,0.120999,0
13954,0.186845,0
13955,0.646309,0
13956,0.374675,0
13957,0.191657,0
13958,0.330715,0
13959,0.330661,0
13960,0.330661,0
13961,0.808551,0
13962,0.808551,0
13963,0.809793,0
13964,0.809793,0
13965,0.331118,0
13966,0.224890,0
13967,0.188926,0
13968,0.191291,0
13969,0.186464,0
13970,0.129166,0
13971,0.190001,0
13972,0.190296,0
13973,0.191170,0
13974,0.189200,0
13975,0.189860,0
13976,0.188131,0
13977,0.197194,0
13978,0.197194,0
13979,0.194654,0
13980,0.331501,0
13981,0.331501,0
13982,0.329575,0
13983,0.331484,0
13984,0.331484,0
13985,0.646089,0
13986,0.193595,0
13987,0.191596,0
13988,0.196143,0
13989,0.190003,0
13990,0.191291,0
13991,0.189860,0
13992,0.189860,0
13993,0.189281,0
13994,0.194740,0
13995,0.194740,0
13996,0.329682,0
13997,0.325330,0
13998,0.333466,0
13999,0.188451,0
14000,0.188744,0
14001,0.188846,0
14002,0.330681,0
14003,0.187697,0
14004,0.190450,0
14005,0.190296,0
14006,0.190296,0
14007,0.190450,0
14008,0.330681,0
14009,0.195955,0
14010,0.195955,0
14011,0.187851,0
14012,0.330943,0
14013,0.091717,0
14014,0.090989,0
14015,0.358953,0
14016,0.358953,0
14017,0.358953,0
14018,0.358953,0
14019,0.358953,0
14020,0.358953,0
14021,0.364599,0
14022,0.474650,0
14023,0.358626,0
14024,0.158365,0
14025,0.320298,0
14026,0.087757,0
14027,0.686465,0
14028,0.163623,0
14029,0.412419,0
14030,0.532455,0
14031,2.081858,0
14032,0.645107,0
14033,2.212679,1
14034,1.916553,0
14035,0.332469,0
14036,0.333854,0
14037,0.334404,0
14038,0.645474,0
14039,0.646376,0
14040,0.692356,0
14041,0.693545,0
14042,0.694365,0
14043,0.283171,0
14044,0.487657,0
14045,0.691817,0
14046,0.485338,0
14047,0.485338,0
14048,0.691936,0
14049,0.691840,0
14050,0.694684,0
14051,1.017859,0
14052,0.531887,0
14053,0.534090,0
14054,0.693806,0
14055,0.484569,0
14056,0.697963,0
14057,0.333961,0
14058,0.378506,0
14059,0.329858,0
14060,0.694075,0
14061,0.643225,0
14062,0.807221,0
14063,0.481955,0
14064,0.371262,0
14065,0.648859,0
14066,0.648859,0
14067,0.648156,0
14068,0.331819,0
14069,0.375963,0
14070,0.486783,0
14071,0.968055,0
14072,0.199994,0
14073,0.646740,0
14074,0.337916,0
14075,1.818623,0
14076,1.310395,0
14077,0.130273,0
14078,0.327717,0
14079,0.189697,0
14080,0.693526,0
14081,0.331406,0
14082,0.369904,0
14083,1.017133,0
14084,1.015784,0
14085,1.016731,0
14086,1.017184,0
14087,0.690773,0
14088,0.378327,0
14089,2.147487,1
14090,1.017414,0
14091,1.310396,0
14092,0.192932,0
14093,0.192932,0
14094,0.191665,0
14095,0.196002,0
14096,0.542340,0
14097,0.644016,0
14098,0.694348,0
14099,0.694232,0
14100,1.310959,0
14101,0.690894,0
14102,0.693679,0
14103,1.015559,0
14104,0.693339,0
14105,1.016332,0
14106,0.648440,0
14107,0.644570,0
14108,0.117132,0
14109,0.196399,0
14110,0.194173,0
14111,0.196244,0
14112,0.333265,0
14113,0.646928,0
14114,0.647556,0
14115,0.807648,0
14116,0.646866,0
14117,0.381545,0
14118,2.144403,0
14119,2.177473,1
14120,2.079176,0
14121,2.079176,0
14122,0.519829,0
14123,2.046103,0
14124,0.319250,0
14125,0.682967,0
14126,0.367489,0
14127,0.684276,0
14128,0.478003,0
14129,0.477310,0
14130,0.685753,0
14131,2.078827,0
14132,0.684538,0
14133,1.010260,0
14134,0.359347,0
14135,2.079453,0
14136,2.176860,1
14137,1.586360,0
14138,0.684892,0
14139,0.683961,0
14140,0.683961,0
14141,0.685110,0
14142,0.522746,0
14143,0.310960,0
14144,0.685684,0
14145,0.683788,0
14146,2.078557,0
14147,0.199953,0
14148,1.915088,0
14149,1.914904,0
14150,1.915404,0
14151,0.962508,0
14152,0.684031,0
14153,0.685277,0
14154,0.685734,0
14155,0.685132,0
14156,2.144346,0
14157,0.093174,0
14158,2.079197,0
14159,0.634763,0
14160,0.361902,0
14161,0.634816,0
14162,0.684882,0
14163,0.684882,0
14164,0.360060,0
14165,0.360060,0
14166,0.358473,0
14167,0.355991,0
14168,1.011940,0
14169,1.011104,0
14170,1.010915,0
14171,1.010915,0
14172,1.010915,0
14173,0.472332,0
14174,0.684912,0
14175,0.684921,0
14176,0.684268,0
14177,0.684268,0
14178,0.684268,0
14179,0.684274,0
14180,0.365491,0
14181,1.013189,0
14182,0.520323,0
14183,1.012826,0
14184,1.012826,0
14185,2.079669,0
14186,0.683457,0
14187,0.522806,0
14188,1.011525,0
14189,1.011662,0
14190,1.011548,0
14191,1.011553,0
14192,0.964475,0
14193,0.853512,0
14194,0.853512,0
14195,0.527236,0
14196,0.684961,0
14197,1.947759,0
14198,0.521248,0
14199,0.848989,0
14200,0.686936,0
14201,0.684912,0
14202,0.684965,0
14203,0.687446,0
14204,0.685223,0
14205,1.012250,0
14206,0.685527,0
14207,0.522212,0
14208,2.079498,0
14209,0.356899,0
14210,1.011880,0
14211,1.306919,0
14212,1.306919,0
14213,1.306445,0
14214,0.636619,0
14215,0.327543,0
14216,0.635972,0
14217,0.683357,0
14218,1.305621,0
14219,0.684902,0
14220,0.682052,0
14221,0.682052,0
14222,0.683779,0
14223,0.683779,0
14224,0.312689,0
14225,1.012496,0
14226,0.160060,0
14227,0.164534,0
14228,0.636636,0
14229,0.641062,0
14230,0.527122,0
14231,1.128938,0
14232,1.684613,0
14233,1.307475,0
14234,1.587202,0
14235,0.799780,0
14236,0.638450,0
14237,0.633919,0
14238,0.517957,0
14239,1.618441,0
14240,2.045294,0
14241,0.372798,0
14242,0.195161,0
14243,0.846655,0
14244,1.520592,0
14245,2.275249,1
14246,2.177236,1
14247,0.667616,0
14248,1.520280,0
14249,0.195130,0
14250,0.430508,0
14251,0.416139,0
14252,0.444641,0
14253,0.687534,0
14254,0.572492,0
14255,0.380833,0
14256,0.711630,0
14257,0.367290,0
14258,0.424152,0
14259,0.361577,0
14260,0.454105,0
14261,0.446776,0
14262,0.264095,0
14263,1.317208,0
14264,2.262732,1
14265,0.700886,0
14266,0.700886,0
14267,3.720000,1
14268,2.288569,1
14269,0.533146,0
14270,1.017353,0
14271,1.311603,0
14272,0.532436,0
14273,1.310459,0
14274,0.533368,0
14275,0.533368,0
14276,0.691478,0
14277,0.373364,0
14278,0.693518,0
14279,0.390165,0
14280,0.529116,0
14281,0.529116,0
14282,1.082468,0
14283,1.178515,0
14284,0.691376,0
14285,1.311197,0
14286,0.694765,0
14287,0.374762,0
14288,0.808568,0
14289,0.486881,0
14290,0.692831,0
14291,0.694352,0
14292,0.331072,0
14293,1.180217,0
14294,0.332290,0
14295,0.692766,0
14296,0.692907,0
14297,0.692907,0
14298,0.853827,0
14299,0.853922,0
14300,0.855925,0
14301,1.017714,0
14302,1.309833,0
14303,1.017666,0
14304,0.690403,0
14305,0.693507,0
14306,1.017563,0
14307,0.853134,0
14308,0.683972,0
14309,0.639691,0
14310,1.010671,0
14311,0.204374,0
14312,0.524021,0
14313,1.014415,0
14314,0.684502,0
14315,0.685673,0
14316,0.526065,0
14317,0.364171,0
14318,1.306721,0
14319,1.013704,0
14320,2.177446,1
14321,1.012443,0
14322,0.359287,0
14323,0.359287,0
14324,0.684630,0
14325,1.816524,0
14326,0.365642,0
14327,0.683594,0
14328,0.359501,0
14329,0.362530,0
14330,0.357394,0
14331,0.358121,0
14332,0.637261,0
14333,0.682823,0
14334,0.849064,0
14335,0.849064,0
14336,0.519163,0
14337,0.522064,0
14338,0.848977,0
14339,0.850700,0
14340,0.847113,0
14341,2.078380,0
14342,0.683368,0
14343,0.686840,0
14344,0.686840,0
14345,2.145629,1
14346,0.683610,0
14347,0.687272,0
14348,0.849077,0
14349,0.199153,0
14350,0.328589,0
14351,0.683785,0
14352,0.683785,0
14353,0.684128,0
14354,0.520614,0
14355,0.520614,0
14356,0.520741,0
14357,0.521008,0
14358,0.684196,0
14359,0.368397,0
14360,0.214044,0
14361,0.214044,0
14362,0.846776,0
14363,0.205682,0
14364,0.525288,0
14365,0.683322,0
14366,1.174531,0
14367,2.145196,0
14368,1.011017,0
14369,0.524032,0
14370,0.684948,0
14371,0.522727,0
14372,1.306322,0
14373,1.307340,0
14374,0.522073,0
14375,0.523802,0
14376,0.689674,0
14377,0.364250,0
14378,0.363360,0
14379,0.359673,0
14380,0.205433,0
14381,2.013857,0
14382,1.012232,0
14383,0.620132,0
14384,0.686478,0
14385,0.690699,0
14386,0.691087,0
14387,0.685822,0
14388,0.684721,0
14389,0.684721,0
14390,0.687314,0
14391,1.012550,0
14392,0.684582,0
14393,0.524297,0
14394,0.684959,0
14395,0.684510,0
14396,0.686843,0
14397,1.013448,0
14398,0.521478,0
14399,0.687150,0
14400,0.687150,0
14401,1.013272,0
14402,0.683993,0
14403,0.684684,0
14404,1.011874,0
14405,0.685323,0
14406,0.848715,0
14407,2.178118,1
14408,0.685276,0
14409,0.359607,0
14410,1.307250,0
14411,0.363319,0
14412,0.636373,0
14413,1.306567,0
14414,0.363534,0
14415,0.359599,0
14416,1.012345,0
14417,0.685986,0
14418,0.964179,0
14419,0.362816,0
14420,0.359695,0
14421,0.684768,0
14422,0.684628,0
14423,0.322131,0
14424,0.767750,0
14425,0.524410,0
14426,1.225628,0
14427,0.316511,0
14428,0.687662,0
14429,1.174395,0
14430,0.683963,0
14431,1.010105,0
14432,1.012294,0
14433,1.012311,0
14434,1.979465,0
14435,0.684918,0
14436,0.683186,0
14437,2.145091,0
14438,2.145091,0
14439,2.145091,0
14440,2.144517,0
14441,2.111927,0
14442,2.078539,0
14443,0.865456,0
14444,0.636998,0
14445,0.325558,0
14446,0.847449,0
14447,2.079815,0
14448,0.681362,0
14449,0.846374,0
14450,0.636250,0
14451,0.358490,0
14452,0.522169,0
14453,0.524922,0
14454,0.963370,0
14455,2.373547,1
14456,2.373667,1
14457,1.305650,0
14458,0.682955,0
14459,0.684730,0
14460,0.686449,0
14461,1.586397,0
14462,0.848248,0
14463,0.930589,0
14464,2.374563,1
14465,0.684809,0
14466,0.686004,0
14467,0.687775,0
14468,2.406603,1
14469,0.636305,0
14470,2.013000,0
14471,0.686504,0
14472,0.799590,0
14473,2.079033,0
14474,0.194340,0
14475,0.684981,0
14476,0.635821,0
14477,1.010739,0
14478,1.010739,0
14479,1.586539,0
14480,0.683774,0
14481,0.358153,0
14482,0.847173,0
14483,1.011846,0
14484,0.846358,0
14485,0.800938,0
14486,0.800938,0
14487,0.847336,0
14488,0.683669,0
14489,2.078302,0
14490,2.078302,0
14491,0.530978,0
14492,1.048644,0
14493,0.368092,0
14494,0.274075,0
14495,0.366029,0
14496,0.359848,0
14497,2.080129,0
14498,0.333490,0
14499,0.429659,0
14500,2.428420,1
14501,0.334168,0
14502,0.391696,0
14503,0.334430,0
14504,0.332766,0
14505,0.354912,0
14506,0.335091,0
14507,0.387984,0
14508,2.455560,1
14509,0.336540,0
14510,0.371585,0
14511,0.335575,0
14512,0.803671,0
14513,1.523102,0
14514,0.701254,0
14515,0.698833,0
14516,1.465965,0
14517,1.621390,0
14518,2.342449,1
14519,2.342449,1
14520,0.200489,0
14521,0.409190,0
14522,1.632953,0
14523,2.097144,0
14524,0.388018,0
14525,2.409079,1
14526,2.199183,1
14527,0.390072,0
14528,2.218771,1
14529,0.544160,0
14530,0.503462,0
14531,0.491866,0
14532,0.383054,0
14533,0.351231,0
14534,0.351231,0
14535,0.332051,0
14536,2.381827,1
14537,0.362773,0
14538,0.363579,0
14539,0.830883,0
14540,0.187689,0
14541,0.531472,0
14542,0.383448,0
14543,0.645290,0
14544,0.721017,0
14545,0.761804,0
14546,0.333664,0
14547,0.692685,0
14548,0.380334,0
14549,0.380287,0
14550,0.441270,0
14551,0.411284,0
14552,0.384576,0
14553,0.379253,0
14554,0.415785,0
14555,0.969634,0
14556,0.325285,0
14557,0.245359,0
14558,0.245359,0
14559,0.700278,0
14560,0.692067,0
14561,0.805771,0
14562,1.589592,0
14563,0.374469,0
14564,0.374548,0
14565,0.545387,0
14566,0.645424,0
14567,0.731876,0
14568,1.298085,0
14569,1.559473,0
14570,0.668588,0
14571,0.385655,0
14572,0.340598,0
14573,0.620209,0
14574,0.248652,0
14575,2.149519,1
14576,0.643332,0
14577,0.646317,0
14578,0.374506,0
14579,2.213284,1
14580,0.483907,0
14581,0.224610,0
14582,0.124595,0
14583,0.806263,0
14584,0.127861,0
14585,0.124194,0
14586,0.529857,0
14587,0.333856,0
14588,0.333856,0
14589,0.486769,0
14590,0.487977,0
14591,1.130800,0
14592,0.645286,0
14593,0.331271,0
14594,0.647620,0
14595,0.646801,0
14596,1.133777,0
14597,1.133777,0
14598,0.970409,0
14599,1.133817,0
14600,1.133817,0
14601,1.132178,0
14602,0.970413,0
14603,1.133263,0
14604,0.490102,0
14605,0.330598,0
14606,0.330598,0
14607,0.333508,0
14608,2.442005,1
14609,0.646197,0
14610,0.331246,0
14611,0.339466,0
14612,0.341900,0
14613,0.688452,0
14614,0.472109,0
14615,2.079014,0
14616,0.315456,0
14617,0.799497,0
14618,0.308695,0
14619,2.111614,0
14620,0.310278,0
14621,0.798545,0
14622,8.578269,1
14623,4.613893,1
14624,0.532725,0
14625,0.188407,0
14626,0.195258,0
14627,0.533338,0
14628,0.335065,0
14629,0.534648,0
14630,0.533810,0
14631,0.808392,0
14632,0.808392,0
14633,0.534826,0
14634,0.533415,0
14635,0.486344,0
14636,0.329480,0
14637,0.378850,0
14638,0.372868,0
14639,0.118722,0
14640,0.132879,0
14641,0.646384,0
14642,0.232900,0
14643,0.233578,0
14644,0.230182,0
14645,0.233917,0
14646,0.233917,0
14647,0.531436,0
14648,0.533924,0
14649,0.532963,0
14650,0.532963,0
14651,0.375434,0
14652,0.378603,0
14653,0.332793,0
14654,0.532603,0
14655,0.373323,0
14656,0.532777,0
14657,0.808842,0
14658,0.532701,0
14659,0.532901,0
14660,0.141259,0
14661,0.533670,0
14662,0.532607,0
14663,0.690685,0
14664,0.324950,0
14665,0.531381,0
14666,0.531381,0
14667,0.531166,0
14668,0.531166,0
14669,0.486612,0
14670,0.371463,0
14671,0.532581,0
14672,0.690586,0
14673,0.528319,0
14674,0.693786,0
14675,0.693786,0
14676,0.693501,0
14677,1.015668,0
14678,1.016900,0
14679,0.378832,0
14680,1.947495,0
14681,0.310387,0
14682,0.311813,0
14683,0.522574,0
14684,0.358309,0
14685,0.641178,0
14686,0.082787,0
14687,0.310960,0
14688,2.112001,0
14689,0.310867,0
14690,0.520296,0
14691,0.524088,0
14692,2.472941,1
14693,0.158625,0
14694,0.800176,0
14695,0.471733,0
14696,0.681884,0
14697,0.686378,0
14698,0.358947,0
14699,0.359511,0
14700,0.359511,0
14701,0.089665,0
14702,1.011185,0
14703,0.363193,0
14704,0.523042,0
14705,0.363454,0
14706,0.363454,0
14707,2.013448,0
14708,0.211203,0
14709,0.687799,0
14710,1.012083,0
14711,1.011904,0
14712,1.011904,0
14713,0.523497,0
14714,2.111504,0
14715,0.206560,0
14716,0.204681,0
14717,0.204681,0
14718,0.848478,0
14719,0.848812,0
14720,1.717921,0
14721,0.524086,0
14722,0.524179,0
14723,0.524259,0
14724,0.524327,0
14725,0.212169,0
14726,0.210377,0
14727,0.213317,0
14728,0.525113,0
14729,0.523971,0
14730,2.177426,1
14731,2.439255,1
14732,0.313605,0
14733,0.520039,0
14734,0.524412,0
14735,0.314153,0
14736,0.520754,0
14737,0.472802,0
14738,0.522870,0
14739,0.355369,0
14740,0.517951,0
14741,0.637588,0
14742,0.522736,0
14743,0.518867,0
14744,0.213112,0
14745,1.013298,0
14746,0.685283,0
14747,0.685045,0
14748,1.718060,0
14749,2.177316,1
14750,1.010978,0
14751,0.363584,0
14752,1.307293,0
14753,2.144686,0
14754,1.011527,0
14755,1.011527,0
14756,0.089785,0
14757,1.981015,0
14758,0.364305,0
14759,0.361686,0
14760,1.816199,0
14761,2.144780,0
14762,0.363964,0
14763,2.111181,0
14764,2.111178,0
14765,0.684857,0
14766,0.518900,0
14767,0.606396,0
14768,1.010678,0
14769,0.522549,0
14770,0.847578,0
14771,1.009793,0
14772,0.684337,0
14773,0.518427,0
14774,1.010168,0
14775,0.681619,0
14776,0.684990,0
14777,1.619027,0
14778,5.454428,1
14779,0.492529,0
14780,0.390048,0
14781,0.338444,0
14782,0.764054,0
14783,0.494485,0
14784,0.695293,0
14785,0.694568,0
14786,0.363619,0
14787,0.696892,0
14788,0.400150,0
14789,14.189653,1
14790,33.575354,1
14791,33.575354,1
14792,0.394281,0
14793,0.282760,0
14794,1.515863,0
14795,1.017075,0
14796,0.853207,0
14797,0.127346,0
14798,0.436400,0
14799,0.693756,0
14800,0.530477,0
14801,0.691506,0
14802,0.692190,0
14803,0.694614,0
14804,0.691793,0
14805,0.691793,0
14806,0.692002,0
14807,0.690263,0
14808,0.532180,0
14809,0.691620,0
14810,0.344034,0
14811,0.144199,0
14812,0.374954,0
14813,0.692381,0
14814,0.371403,0
14815,0.140946,0
14816,0.331509,0
14817,0.329553,0
14818,0.329587,0
14819,0.135967,0
14820,0.201129,0
14821,0.332916,0
14822,0.145150,0
14823,0.142345,0
14824,0.142345,0
14825,0.142689,0
14826,0.536783,0
14827,0.646983,0
14828,1.016833,0
14829,0.130296,0
14830,0.133116,0
14831,0.229149,0
14832,0.480732,0
14833,0.486529,0
14834,0.486529,0
14835,0.531241,0
14836,0.196227,0
14837,0.370190,0
14838,0.370190,0
14839,0.533748,0
14840,0.490250,0
14841,0.199203,0
14842,0.198372,0
14843,0.198372,0
14844,0.328902,0
14845,0.692150,0
14846,0.373771,0
14847,0.532582,0
14848,0.692790,0
14849,0.132267,0
14850,0.336520,0
14851,0.193284,0
14852,0.376122,0
14853,0.684255,0
14854,0.684533,0
14855,1.012771,0
14856,2.079573,0
14857,0.686822,0
14858,1.011556,0
14859,1.011938,0
14860,0.685445,0
14861,1.011059,0
14862,1.174828,0
14863,0.523911,0
14864,0.682764,0
14865,0.682780,0
14866,0.362157,0
14867,0.684859,0
14868,2.375573,1
14869,0.314833,0
14870,0.684014,0
14871,0.474827,0
14872,1.011697,0
14873,0.682773,0
14874,0.071326,0
14875,0.332465,0
14876,1.012553,0
14877,1.010634,0
14878,1.306056,0
14879,1.306071,0
14880,1.305911,0
14881,0.684651,0
14882,0.685662,0
14883,0.527040,0
14884,0.851174,0
14885,0.638236,0
14886,0.521049,0
14887,0.359466,0
14888,0.851416,0
14889,0.359435,0
14890,0.209356,0
14891,0.209234,0
14892,0.687378,0
14893,0.318458,0
14894,0.799838,0
14895,0.317738,0
14896,0.171845,0
14897,0.320197,0
14898,0.170260,0
14899,0.684516,0
14900,0.170957,0
14901,0.164362,0
14902,2.406457,1
14903,0.103500,0
14904,0.096605,0
14905,0.163415,0
14906,0.175593,0
14907,1.881588,0
14908,0.848824,0
14909,0.524381,0
14910,0.685517,0
14911,0.684574,0
14912,0.685729,0
14913,0.683657,0
14914,0.684648,0
14915,0.684596,0
14916,1.306849,0
14917,1.012330,0
14918,1.011677,0
14919,0.521299,0
14920,0.359522,0
14921,0.523735,0
14922,0.522790,0
14923,0.687753,0
14924,0.849852,0
14925,0.078079,0
14926,0.075442,0
14927,1.306678,0
14928,0.360576,0
14929,0.208872,0
14930,1.424897,0
14931,1.011458,0
14932,0.846121,0
14933,1.307153,0
14934,1.306977,0
14935,0.355090,0
14936,1.011795,0
14937,0.686610,0
14938,1.011287,0
14939,0.113858,0
14940,0.688306,0
14941,0.685010,0
14942,0.684839,0
14943,0.162352,0
14944,0.963351,0
14945,0.635276,0
14946,1.291956,0
14947,0.519767,0
14948,1.127337,0
14949,0.637110,0
14950,0.518916,0
14951,0.360278,0
14952,1.159558,0
14953,0.799286,0
14954,1.126876,0
14955,1.306348,0
14956,0.071503,0
14957,0.069010,0
14958,0.312323,0
14959,0.062519,0
14960,0.193928,0
14961,1.011002,0
14962,1.011002,0
14963,0.475162,0
14964,0.475162,0
14965,0.963661,0
14966,0.636367,0
14967,2.012657,0
14968,0.151552,0
14969,0.311986,0
14970,1.306115,0
14971,2.111591,0
14972,0.682704,0
14973,0.767115,0
14974,0.766927,0
14975,0.847818,0
14976,1.981450,0
14977,0.198358,0
14978,1.127132,0
14979,1.487798,0
14980,0.518970,0
14981,0.684814,0
14982,0.799892,0
14983,1.684114,0
14984,2.111070,0
14985,1.126657,0
14986,0.635219,0
14987,0.799644,0
14988,1.456158,0
14989,1.455766,0
14990,0.046447,0
14991,1.011241,0
14992,0.963333,0
14993,0.156470,0
14994,0.473487,0
14995,0.798595,0
14996,2.113326,0
14997,0.981036,0
14998,3.135523,1
14999,0.726971,0
15000,2.110760,0
15001,0.570966,0
15002,0.358730,0
15003,0.450957,0
15004,0.950980,0
15005,1.924261,0
15006,1.588644,0
15007,2.243831,1
15008,2.243847,1
15009,2.584777,1
15010,5.926899,1
15011,6.472775,1
15012,11.656435,1
15013,10.464089,1
15014,0.474279,0
15015,0.331710,0
15016,0.347142,0
15017,0.121679,0
15018,0.553725,0
15019,1.540430,0
15020,1.540230,0
15021,0.821361,0
15022,1.079616,0
15023,0.877888,0
15024,0.652544,0
15025,0.341412,0
15026,0.189330,0
15027,0.917064,0
15028,0.684618,0
15029,0.162343,0
15030,1.636359,0
15031,0.395202,0
15032,0.705175,0
15033,0.708506,0
15034,0.689758,0
15035,0.384621,0
15036,0.401795,0
15037,0.284033,0
15038,0.393547,0
15039,0.689275,0
15040,0.689275,0
15041,0.692760,0
15042,0.349568,0
15043,0.694081,0
15044,0.689378,0
15045,0.826469,0
15046,0.838121,0
15047,0.814076,0
15048,0.370570,0
15049,0.484756,0
15050,0.529532,0
15051,0.217973,0
15052,0.806577,0
15053,0.648175,0
15054,0.235347,0
15055,2.480026,1
15056,0.218613,0
15057,2.081303,0
15058,0.712422,0
15059,0.331187,0
15060,0.225610,0
15061,0.647639,0
15062,0.644919,0
15063,0.537289,0
15064,0.537289,0
15065,0.538996,0
15066,0.538996,0
15067,0.573670,0
15068,0.377658,0
15069,0.380045,0
15070,1.016969,0
15071,1.309395,0
15072,1.017783,0
15073,0.852985,0
15074,0.691659,0
15075,0.691659,0
15076,0.542376,0
15077,2.146497,1
15078,0.379461,0
15079,0.379461,0
15080,0.379350,0
15081,0.325359,0
15082,0.530921,0
15083,0.529326,0
15084,0.330943,0
15085,0.709495,0
15086,0.645505,0
15087,0.691749,0
15088,0.645117,0
15089,0.690194,0
15090,0.532070,0
15091,0.530762,0
15092,0.718894,0
15093,2.146556,1
15094,0.378788,0
15095,0.978581,0
15096,0.324581,0
15097,0.763697,0
15098,0.225813,0
15099,0.690175,0
15100,0.689053,0
15101,0.689053,0
15102,0.691401,0
15103,0.146758,0
15104,0.691828,0
15105,0.389206,0
15106,0.364106,0
15107,0.076325,0
15108,0.682819,0
15109,0.474140,0
15110,2.111705,0
15111,0.522840,0
15112,0.683277,0
15113,0.683277,0
15114,0.355973,0
15115,0.355973,0
15116,0.359978,0
15117,2.111583,0
15118,1.915410,0
15119,2.111544,0
15120,1.882286,0
15121,0.312371,0
15122,0.312112,0
15123,1.848922,0
15124,0.524261,0
15125,0.524261,0
15126,2.012995,0
15127,0.097724,0
15128,2.145008,0
15129,0.312399,0
15130,1.915037,0
15131,0.472358,0
15132,1.816217,0
15133,0.963963,0
15134,0.164267,0
15135,0.636634,0
15136,2.111415,0
15137,2.144077,0
15138,0.361604,0
15139,2.012922,0
15140,1.011204,0
15141,1.011204,0
15142,0.473188,0
15143,2.145499,1
15144,1.176136,0
15145,0.359143,0
15146,1.012442,0
15147,1.848851,0
15148,0.683435,0
15149,0.868947,0
15150,0.868947,0
15151,0.636749,0
15152,0.086081,0
15153,0.634375,0
15154,0.360942,0
15155,0.091960,0
15156,1.812458,0
15157,0.686371,0
15158,0.964030,0
15159,0.962673,0
15160,2.145138,0
15161,2.144974,0
15162,2.144974,0
15163,0.636337,0
15164,0.636019,0
15165,0.714371,0
15166,1.553123,0
15167,0.308624,0
15168,0.314841,0
15169,0.473943,0
15170,0.155628,0
15171,0.799872,0
15172,0.308520,0
15173,2.111313,0
15174,0.685027,0
15175,1.013269,0
15176,2.177605,1
15177,0.635287,0
15178,0.642480,0
15179,0.639558,0
15180,0.639070,0
15181,0.088715,0
15182,0.637817,0
15183,0.798499,0
15184,1.916375,0
15185,2.013165,0
15186,0.682809,0
15187,0.359485,0
15188,0.361704,0
15189,0.636519,0
15190,0.358236,0
15191,2.079970,0
15192,2.079498,0
15193,2.079498,0
15194,2.046890,0
15195,2.184295,1
15196,1.014429,0
15197,1.014429,0
15198,1.014714,0
15199,1.014714,0
15200,1.014714,0
15201,1.014714,0
15202,2.111905,0
15203,2.012975,0
15204,2.078871,0
15205,2.078871,0
15206,2.078871,0
15207,2.078871,0
15208,2.079582,0
15209,0.333332,0
15210,0.334014,0
15211,2.144884,0
15212,2.092586,0
15213,2.143818,0
15214,2.111678,0
15215,2.078804,0
15216,2.078804,0
15217,2.144141,0
15218,1.013655,0
15219,0.685234,0
15220,0.310239,0
15221,2.111723,0
15222,2.111723,0
15223,1.328074,0
15224,2.145468,1
15225,2.111376,0
15226,2.111807,0
15227,2.111209,0
15228,2.144224,0
15229,2.144224,0
15230,2.078947,0
15231,2.078484,0
15232,2.078484,0
15233,2.078985,0
15234,2.112002,0
15235,2.111951,0
15236,2.111951,0
15237,2.045534,0
15238,2.045534,0
15239,2.046709,0
15240,0.389757,0
15241,0.389539,0
15242,0.429611,0
15243,0.247335,0
15244,0.400792,0
15245,0.353692,0
15246,1.806910,0
15247,1.059938,0
15248,1.059938,0
15249,0.741126,0
15250,2.116410,0
15251,0.363462,0
15252,1.419445,0
15253,1.730875,0
15254,0.190181,0
15255,0.646059,0
15256,0.483135,0
15257,0.330003,0
15258,0.483052,0
15259,0.331808,0
15260,0.486138,0
15261,0.332502,0
15262,0.331808,0
15263,0.332461,0
15264,0.332630,0
15265,0.332630,0
15266,0.324463,0
15267,0.330545,0
15268,0.329141,0
15269,0.331570,0
15270,0.333783,0
15271,0.331671,0
15272,0.188017,0
15273,0.192027,0
15274,0.331286,0
15275,0.326823,0
15276,0.332451,0
15277,0.332771,0
15278,0.331815,0
15279,0.331585,0
15280,0.325878,0
15281,0.331286,0
15282,0.333175,0
15283,0.332560,0
15284,0.330681,0
15285,0.331068,0
15286,0.327024,0
15287,0.330545,0
15288,0.325921,0
15289,0.332925,0
15290,0.331596,0
15291,0.193331,0
15292,0.328331,0
15293,0.330543,0
15294,0.331245,0
15295,0.332480,0
15296,0.331592,0
15297,0.331485,0
15298,0.695368,0
15299,0.330009,0
15300,0.330436,0
15301,0.331166,0
15302,0.331054,0
15303,0.329091,0
15304,0.331764,0
15305,0.331027,0
15306,0.331027,0
15307,2.277568,1
15308,0.190154,0
15309,0.186760,0
15310,0.187708,0
15311,0.371463,0
15312,0.644675,0
15313,0.330853,0
15314,0.125908,0
15315,0.330915,0
15316,0.646385,0
15317,0.645953,0
15318,0.486492,0
15319,0.486487,0
15320,0.331166,0
15321,0.485627,0
15322,0.124982,0
15323,0.331649,0
15324,0.648282,0
15325,0.648282,0
15326,0.648282,0
15327,0.227138,0
15328,0.642122,0
15329,0.194012,0
15330,0.186152,0
15331,0.486757,0
15332,0.486979,0
15333,0.532392,0
15334,0.132317,0
15335,0.486657,0
15336,0.380404,0
15337,0.484914,0
15338,0.486001,0
15339,0.486012,0
15340,0.644752,0
15341,0.648109,0
15342,0.648109,0
15343,0.648367,0
15344,0.532324,0
15345,0.532075,0
15346,0.648109,0
15347,0.225933,0
15348,0.532059,0
15349,0.227442,0
15350,0.485130,0
15351,0.118823,0
15352,0.540366,0
15353,0.372114,0
15354,0.486757,0
15355,0.532762,0
15356,0.533216,0
15357,0.184121,0
15358,0.963785,0
15359,0.309671,0
15360,0.964096,0
15361,12.128892,1
15362,0.231553,0
15363,0.645440,0
15364,0.532056,0
15365,0.486308,0
15366,0.328654,0
15367,0.531833,0
15368,0.487630,0
15369,0.532615,0
15370,0.144838,0
15371,0.483454,0
15372,1.294628,0
15373,0.329652,0
15374,1.916956,0
15375,1.016823,0
15376,0.860478,0
15377,0.860478,0
15378,0.855404,0
15379,0.486608,0
15380,0.329928,0
15381,0.484253,0
15382,0.645029,0
15383,0.645613,0
15384,0.378389,0
15385,0.380089,0
15386,0.371926,0
15387,0.646900,0
15388,0.486712,0
15389,0.486445,0
15390,0.531339,0
15391,0.529912,0
15392,0.853621,0
15393,0.373045,0
15394,0.643124,0
15395,0.423131,0
15396,0.330722,0
15397,0.123568,0
15398,0.228437,0
15399,0.327218,0
15400,0.328558,0
15401,2.441426,1
15402,1.918086,0
15403,0.530965,0
15404,0.430426,0
15405,0.330936,0
15406,0.331396,0
15407,0.331521,0
15408,0.330613,0
15409,0.330613,0
15410,0.330349,0
15411,0.485921,0
15412,0.486466,0
15413,0.486466,0
15414,0.190838,0
15415,0.528827,0
15416,0.377532,0
15417,0.335719,0
15418,0.330792,0
15419,0.331578,0
15420,0.330722,0
15421,0.644066,0
15422,0.330278,0
15423,0.330282,0
15424,0.331291,0
15425,0.532391,0
15426,0.232172,0
15427,0.528328,0
15428,0.119296,0
15429,0.330092,0
15430,0.644850,0
15431,0.647164,0
15432,0.485536,0
15433,0.185083,0
15434,0.199191,0
15435,0.204275,0
15436,0.202535,0
15437,0.529797,0
15438,0.528350,0
15439,0.374534,0
15440,0.226753,0
15441,0.217489,0
15442,1.311995,0
15443,0.375100,0
15444,0.183324,0
15445,0.328419,0
15446,0.329575,0
15447,0.486306,0
15448,0.226102,0
15449,0.643358,0
15450,0.376785,0
15451,0.376597,0
15452,0.137990,0
15453,0.329823,0
15454,0.335505,0
15455,0.122816,0
15456,0.122816,0
15457,0.230221,0
15458,0.373061,0
15459,0.370592,0
15460,0.374516,0
15461,0.692099,0
15462,0.229214,0
15463,0.121494,0
15464,0.227039,0
15465,0.375407,0
15466,0.375331,0
15467,0.225340,0
15468,0.141100,0
15469,0.529446,0
15470,0.530643,0
15471,0.529514,0
15472,0.529706,0
15473,0.529786,0
15474,0.484051,0
15475,0.691450,0
15476,1.015415,0
15477,0.230836,0
15478,0.223245,0
15479,1.020351,0
15480,0.694379,0
15481,1.309127,0
15482,0.648852,0
15483,0.647611,0
15484,1.017588,0
15485,0.691883,0
15486,0.807990,0
15487,0.531588,0
15488,0.809287,0
15489,0.330787,0
15490,0.329639,0
15491,0.375806,0
15492,0.130160,0
15493,0.225735,0
15494,0.225629,0
15495,0.374550,0
15496,0.487644,0
15497,0.690287,0
15498,1.016900,0
15499,0.228479,0
15500,0.486411,0
15501,0.340468,0
15502,0.692235,0
15503,0.691200,0
15504,0.331681,0
15505,0.325664,0
15506,0.332323,0
15507,0.375042,0
15508,0.139104,0
15509,0.647128,0
15510,0.692449,0
15511,0.529221,0
15512,0.327997,0
15513,0.487903,0
15514,0.372776,0
15515,0.140496,0
15516,0.374102,0
15517,0.532872,0
15518,0.535680,0
15519,0.378932,0
15520,0.387867,0
15521,0.533427,0
15522,0.530700,0
15523,0.223637,0
15524,0.126164,0
15525,0.226405,0
15526,0.229235,0
15527,0.690044,0
15528,0.691612,0
15529,0.220086,0
15530,0.116870,0
15531,0.334387,0
15532,0.327515,0
15533,0.535693,0
15534,0.379908,0
15535,0.531475,0
15536,0.328432,0
15537,0.533563,0
15538,1.015474,0
15539,0.690538,0
15540,0.380762,0
15541,0.376617,0
15542,0.376434,0
15543,0.531978,0
15544,0.533613,0
15545,0.231704,0
15546,0.230896,0
15547,0.224473,0
15548,0.238494,0
15549,0.226489,0
15550,0.531899,0
15551,0.193457,0
15552,0.134644,0
15553,0.135279,0
15554,0.149221,0
15555,0.142614,0
15556,0.149221,0
15557,0.149221,0
15558,0.533622,0
15559,0.529734,0
15560,0.198209,0
15561,0.486850,0
15562,0.329682,0
15563,0.373889,0
15564,0.137146,0
15565,0.238432,0
15566,0.142173,0
15567,0.372251,0
15568,0.198507,0
15569,0.331099,0
15570,0.194426,0
15571,1.015620,0
15572,0.129124,0
15573,0.692143,0
15574,0.374541,0
15575,0.805774,0
15576,0.369861,0
15577,1.016171,0
15578,1.016188,0
15579,0.690713,0
15580,0.690122,0
15581,0.374131,0
15582,1.178955,0
15583,1.178955,0
15584,0.332803,0
15585,0.528918,0
15586,1.184938,0
15587,0.690708,0
15588,0.486468,0
15589,0.374724,0
15590,0.133396,0
15591,0.530397,0
15592,0.529437,0
15593,0.530225,0
15594,0.529362,0
15595,0.223773,0
15596,0.136063,0
15597,0.642270,0
15598,0.371352,0
15599,0.376752,0
15600,0.691354,0
15601,1.130611,0
15602,0.376748,0
15603,0.377214,0
15604,0.375314,0
15605,0.373388,0
15606,0.532064,0
15607,0.376474,0
15608,0.232194,0
15609,0.529823,0
15610,0.194472,0
15611,1.016810,0
15612,1.016810,0
15613,1.015942,0
15614,0.692493,0
15615,0.856648,0
15616,0.530119,0
15617,1.183226,0
15618,0.225005,0
15619,0.225087,0
15620,0.227171,0
15621,0.225453,0
15622,0.374473,0
15623,0.374473,0
15624,0.373433,0
15625,0.372638,0
15626,0.378547,0
15627,0.331224,0
15628,0.526993,0
15629,0.805510,0
15630,0.530303,0
15631,0.372462,0
15632,0.325343,0
15633,1.016424,0
15634,0.376122,0
15635,0.527192,0
15636,0.968494,0
15637,0.851590,0
15638,0.188676,0
15639,1.949357,0
15640,0.528248,0
15641,0.528248,0
15642,0.690050,0
15643,0.550672,0
15644,0.374951,0
15645,0.125745,0
15646,0.225559,0
15647,0.481562,0
15648,0.373910,0
15649,0.373814,0
15650,0.328774,0
15651,0.224810,0
15652,0.119257,0
15653,0.190385,0
15654,0.190385,0
15655,0.691916,0
15656,0.323119,0
15657,0.133478,0
15658,0.134618,0
15659,0.486306,0
15660,0.194182,0
15661,0.486306,0
15662,0.330457,0
15663,0.804315,0
15664,0.646311,0
15665,1.490590,0
15666,0.229214,0
15667,0.485459,0
15668,0.225019,0
15669,0.193101,0
15670,0.484566,0
15671,0.487128,0
15672,0.483592,0
15673,0.484566,0
15674,0.487128,0
15675,0.487128,0
15676,0.487128,0
15677,0.484592,0
15678,0.487722,0
15679,0.331449,0
15680,0.131087,0
15681,0.483237,0
15682,0.691305,0
15683,0.123384,0
15684,0.330572,0
15685,0.330572,0
15686,0.331202,0
15687,0.330572,0
15688,0.327796,0
15689,0.123384,0
15690,0.126746,0
15691,0.350303,0
15692,0.331082,0
15693,0.326175,0
15694,0.331082,0
15695,0.324949,0
15696,0.331082,0
15697,0.331082,0
15698,0.330463,0
15699,0.332600,0
15700,0.330722,0
15701,0.373837,0
15702,0.186633,0
15703,0.186464,0
15704,0.648814,0
15705,0.648604,0
15706,0.329097,0
15707,0.125972,0
15708,0.332022,0
15709,0.181982,0
15710,0.185883,0
15711,0.118608,0
15712,0.136380,0
15713,0.132916,0
15714,0.331013,0
15715,0.136380,0
15716,0.331549,0
15717,0.484758,0
15718,0.484860,0
15719,0.330737,0
15720,0.119974,0
15721,0.119710,0
15722,0.190474,0
15723,0.183557,0
15724,0.192151,0
15725,0.129268,0
15726,0.138829,0
15727,0.129722,0
15728,0.328821,0
15729,0.333109,0
15730,0.330700,0
15731,0.138054,0
15732,0.331082,0
15733,0.332151,0
15734,0.135420,0
15735,0.133457,0
15736,0.127202,0
15737,0.135420,0
15738,0.487417,0
15739,0.330302,0
15740,0.139926,0
15741,0.334419,0
15742,0.187862,0
15743,0.190486,0
15744,0.330176,0
15745,0.328390,0
15746,0.644121,0
15747,0.644121,0
15748,0.191220,0
15749,0.180283,0
15750,0.186517,0
15751,0.189028,0
15752,0.203712,0
15753,0.189126,0
15754,0.188295,0
15755,0.190379,0
15756,0.648881,0
15757,0.187275,0
15758,0.326134,0
15759,0.191510,0
15760,0.191654,0
15761,0.647839,0
15762,0.647610,0
15763,0.130171,0
15764,0.130171,0
15765,0.129741,0
15766,0.325628,0
15767,0.486528,0
15768,0.486073,0
15769,0.336532,0
15770,0.329891,0
15771,0.130740,0
15772,0.219589,0
15773,0.126568,0
15774,0.191296,0
15775,0.531557,0
15776,0.135487,0
15777,0.188554,0
15778,0.134850,0
15779,0.333542,0
15780,0.223611,0
15781,0.126036,0
15782,0.531598,0
15783,0.374105,0
15784,0.137602,0
15785,0.119943,0
15786,0.185207,0
15787,0.229214,0
15788,0.230229,0
15789,0.125965,0
15790,0.127465,0
15791,0.187418,0
15792,0.223872,0
15793,0.131023,0
15794,0.131476,0
15795,0.130409,0
15796,0.132012,0
15797,0.332359,0
15798,0.334572,0
15799,0.334572,0
15800,0.189177,0
15801,0.334572,0
15802,0.191291,0
15803,0.178608,0
15804,0.178608,0
15805,0.489112,0
15806,0.489112,0
15807,0.648159,0
15808,0.192041,0
15809,0.335038,0
15810,0.335038,0
15811,0.333377,0
15812,0.335038,0
15813,0.335038,0
15814,0.328139,0
15815,0.333263,0
15816,0.972001,0
15817,0.647243,0
15818,0.646653,0
15819,0.330919,0
15820,0.330175,0
15821,0.330324,0
15822,0.375287,0
15823,0.532868,0
15824,0.532868,0
15825,0.532868,0
15826,0.646068,0
15827,0.134260,0
15828,0.532532,0
15829,0.328775,0
15830,0.376397,0
15831,0.376397,0
15832,0.332398,0
15833,0.331595,0
15834,0.482223,0
15835,0.330775,0
15836,0.485241,0
15837,0.185474,0
15838,0.190961,0
15839,0.573300,0
15840,0.687524,0
15841,0.684697,0
15842,2.014916,0
15843,0.638064,0
15844,0.799780,0
15845,0.799402,0
15846,0.635769,0
15847,0.636131,0
15848,0.799143,0
15849,0.635786,0
15850,0.473034,0
15851,0.357395,0
15852,0.159411,0
15853,0.195698,0
15854,0.158877,0
15855,0.356678,0
15856,0.521938,0
15857,0.089930,0
15858,0.367122,0
15859,0.312263,0
15860,0.359862,0
15861,0.197731,0
15862,0.477774,0
15863,0.201105,0
15864,0.685123,0
15865,1.307725,0
15866,1.307883,0
15867,1.011377,0
15868,0.358370,0
15869,0.522474,0
15870,0.801588,0
15871,0.314777,0
15872,0.060077,0
15873,0.689171,0
15874,0.684834,0
15875,0.683323,0
15876,0.683323,0
15877,0.685010,0
15878,0.686080,0
15879,0.638569,0
15880,0.964874,0
15881,0.317027,0
15882,0.317083,0
15883,0.314827,0
15884,0.522716,0
15885,0.164472,0
15886,0.163088,0
15887,0.317393,0
15888,1.290801,0
15889,1.587274,0
15890,1.009999,0
15891,1.914208,0
15892,1.011869,0
15893,0.473007,0
15894,0.367264,0
15895,0.361288,0
15896,0.104805,0
15897,0.522865,0
15898,0.477169,0
15899,0.478322,0
15900,0.478481,0
15901,0.637533,0
15902,0.520215,0
15903,2.079368,0
15904,1.128390,0
15905,1.587546,0
15906,1.587800,0
15907,0.357805,0
15908,2.210478,1
15909,0.357900,0
15910,1.522179,0
15911,0.474076,0
15912,0.683884,0
15913,0.848357,0
15914,2.112254,0
15915,2.112254,0
15916,0.684196,0
15917,0.684338,0
15918,0.363063,0
15919,0.635647,0
15920,0.309048,0
15921,1.849768,0
15922,1.816971,0
15923,0.360836,0
15924,0.361159,0
15925,0.356358,0
15926,0.635325,0
15927,0.198794,0
15928,0.093581,0
15929,1.310962,0
15930,0.634554,0
15931,0.636529,0
15932,0.356582,0
15933,0.698020,0
15934,0.522755,0
15935,0.522755,0
15936,0.802490,0
15937,0.159169,0
15938,0.474453,0
15939,0.475166,0
15940,0.313839,0
15941,0.311193,0
15942,0.640565,0
15943,0.204551,0
15944,0.208520,0
15945,1.010422,0
15946,2.472769,1
15947,0.359845,0
15948,0.314486,0
15949,0.076048,0
15950,0.168730,0
15951,2.078460,0
15952,0.373376,0
15953,2.012653,0
15954,1.586648,0
15955,0.683864,0
15956,0.638231,0
15957,0.800832,0
15958,2.209768,1
15959,0.361886,0
15960,0.963770,0
15961,0.358277,0
15962,0.204927,0
15963,0.799679,0
15964,0.684600,0
15965,0.682930,0
15966,0.681952,0
15967,2.144716,0
15968,2.078881,0
15969,1.010569,0
15970,0.360370,0
15971,0.635472,0
15972,0.074787,0
15973,2.276048,1
15974,0.519369,0
15975,0.963099,0
15976,2.439324,1
15977,2.441516,1
15978,0.357547,0
15979,1.011331,0
15980,1.010998,0
15981,0.684202,0
15982,0.520272,0
15983,0.472738,0
15984,0.690881,0
15985,1.012051,0
15986,2.079342,0
15987,2.079454,0
15988,2.472885,1
15989,0.520468,0
15990,0.081774,0
15991,0.523027,0
15992,0.204681,0
15993,0.358855,0
15994,1.914960,0
15995,0.315681,0
15996,0.315681,0
15997,0.683131,0
15998,0.476340,0
15999,0.357247,0
16000,0.635602,0
16001,0.156044,0
16002,0.072971,0
16003,0.639956,0
16004,0.312268,0
16005,0.962816,0
16006,0.167757,0
16007,0.640886,0
16008,0.317594,0
16009,0.084343,0
16010,0.152015,0
16011,2.144873,0
16012,0.317571,0
16013,0.799315,0
16014,0.634805,0
16015,0.636345,0
16016,0.636177,0
16017,2.014577,0
16018,0.685930,0
16019,0.315931,0
16020,0.203925,0
16021,0.685478,0
16022,0.474978,0
16023,1.914842,0
16024,0.096281,0
16025,2.176638,1
16026,0.313074,0
16027,0.360415,0
16028,0.360415,0
16029,0.051510,0
16030,0.316937,0
16031,0.309823,0
16032,0.309688,0
16033,2.177467,1
16034,2.473291,1
16035,0.311174,0
16036,0.318595,0
16037,0.480976,0
16038,0.363142,0
16039,0.173087,0
16040,0.364448,0
16041,0.211824,0
16042,0.210994,0
16043,1.587546,0
16044,0.311751,0
16045,1.553376,0
16046,0.685958,0
16047,0.799667,0
16048,0.799301,0
16049,0.688459,0
16050,1.980894,0
16051,0.963832,0
16052,0.470063,0
16053,1.224959,0
16054,1.290416,0
16055,0.961843,0
16056,0.309788,0
16057,0.682657,0
16058,0.799081,0
16059,0.520009,0
16060,1.881162,0
16061,0.798071,0
16062,0.313950,0
16063,2.177060,1
16064,1.619152,0
16065,0.962014,0
16066,0.316066,0
16067,0.470299,0
16068,1.554172,0
16069,1.554147,0
16070,0.962363,0
16071,0.307894,0
16072,1.290196,0
16073,2.209798,1
16074,1.946572,0
16075,1.290050,0
16076,0.319410,0
16077,0.319410,0
16078,0.471533,0
16079,2.176544,1
16080,0.191110,0
16081,0.963801,0
16082,1.946756,0
16083,1.294662,0
16084,0.364483,0
16085,0.691720,0
16086,3.943010,1
16087,1.025533,0
16088,1.130620,0
16089,1.937684,0
16090,0.323316,0
16091,3.399751,1
16092,0.319474,0
16093,2.422847,1
16094,0.353081,0
16095,0.353081,0
16096,0.353081,0
16097,1.294029,0
16098,5.901407,1
16099,4.029213,1
16100,6.332425,1
16101,5.190380,1
16102,2.246745,1
16103,5.808043,1
16104,10.130344,1
16105,2.123924,0
16106,2.049772,0
16107,0.333689,0
16108,0.375780,0
16109,0.369097,0
16110,0.360484,0
16111,2.286260,1
16112,2.247571,1
16113,0.346322,0
16114,0.380251,0
16115,0.330141,0
16116,1.538779,0
16117,0.424632,0
16118,0.347919,0
16119,1.470014,0
16120,1.034202,0
16121,0.375406,0
16122,0.494771,0
16123,0.379563,0
16124,1.379299,0
16125,1.582122,0
16126,0.368246,0
16127,1.277264,0
16128,0.496487,0
16129,1.077769,0
16130,0.630307,0
16131,0.691141,0
16132,0.759852,0
16133,0.472096,0
16134,0.356473,0
16135,0.528240,0
16136,2.249048,1
16137,1.512521,0
16138,0.914455,0
16139,2.015993,0
16140,1.256232,0
16141,1.918109,0
16142,0.684834,0
16143,2.444783,1
16144,0.708571,0
16145,1.127626,0
16146,0.370425,0
16147,0.329657,0
16148,0.330809,0
16149,0.482292,0
16150,0.183689,0
16151,0.647922,0
16152,0.332482,0
16153,0.195623,0
16154,0.487897,0
16155,0.489555,0
16156,0.335038,0
16157,0.646549,0
16158,0.137000,0
16159,0.328716,0
16160,0.334572,0
16161,0.334572,0
16162,0.334572,0
16163,0.334572,0
16164,0.192836,0
16165,0.327666,0
16166,0.193520,0
16167,0.193520,0
16168,0.329665,0
16169,0.332168,0
16170,0.333971,0
16171,0.329822,0
16172,0.485227,0
16173,0.330242,0
16174,0.479353,0
16175,0.188722,0
16176,0.824010,0
16177,0.807277,0
16178,0.119648,0
16179,0.133418,0
16180,0.132480,0
16181,0.131564,0
16182,0.132493,0
16183,0.135598,0
16184,0.127202,0
16185,0.130395,0
16186,0.328850,0
16187,0.130120,0
16188,0.227202,0
16189,0.228694,0
16190,0.174244,0
16191,0.194252,0
16192,0.194695,0
16193,0.126923,0
16194,0.197918,0
16195,0.194695,0
16196,0.203123,0
16197,0.121808,0
16198,0.128892,0
16199,0.136990,0
16200,0.129531,0
16201,0.138754,0
16202,0.138754,0
16203,0.188722,0
16204,0.138725,0
16205,0.142501,0
16206,0.122174,0
16207,0.135550,0
16208,0.197128,0
16209,0.142501,0
16210,0.335993,0
16211,0.135200,0
16212,0.141398,0
16213,0.335038,0
16214,0.193522,0
16215,0.182087,0
16216,0.329595,0
16217,0.329553,0
16218,0.197918,0
16219,0.335038,0
16220,0.487230,0
16221,0.486872,0
16222,0.197918,0
16223,0.197918,0
16224,0.197918,0
16225,0.197918,0
16226,0.197918,0
16227,0.334572,0
16228,0.196740,0
16229,0.374804,0
16230,0.339549,0
16231,0.339549,0
16232,0.531284,0
16233,0.190868,0
16234,0.485904,0
16235,0.691475,0
16236,0.487974,0
16237,0.331760,0
16238,0.332022,0
16239,0.330188,0
16240,0.332651,0
16241,0.335038,0
16242,0.648159,0
16243,0.646034,0
16244,0.332022,0
16245,0.327715,0
16246,0.532649,0
16247,0.374520,0
16248,0.377302,0
16249,0.646653,0
16250,0.376304,0
16251,0.193744,0
16252,0.375110,0
16253,0.188960,0
16254,0.188960,0
16255,0.372607,0
16256,0.330145,0
16257,0.325465,0
16258,0.331169,0
16259,0.136797,0
16260,0.126058,0
16261,0.483039,0
16262,0.485690,0
16263,0.486344,0
16264,0.484574,0
16265,0.645407,0
16266,0.645474,0
16267,0.333575,0
16268,0.330992,0
16269,0.331449,0
16270,1.982183,0
16271,0.330208,0
16272,0.187995,0
16273,0.188139,0
16274,0.330516,0
16275,0.325388,0
16276,0.330392,0
16277,0.331082,0
16278,0.330452,0
16279,0.483580,0
16280,0.141809,0
16281,0.132332,0
16282,0.807451,0
16283,0.530940,0
16284,0.646090,0
16285,0.646109,0
16286,0.646109,0
16287,0.646622,0
16288,0.646622,0
16289,0.324087,0
16290,0.330697,0
16291,0.324165,0
16292,0.329292,0
16293,0.332473,0
16294,0.332022,0
16295,0.329263,0
16296,0.332022,0
16297,0.332022,0
16298,0.336795,0
16299,0.373511,0
16300,0.528721,0
16301,0.642733,0
16302,0.485252,0
16303,0.485404,0
16304,0.482970,0
16305,0.485089,0
16306,0.134744,0
16307,0.134744,0
16308,0.141398,0
16309,0.134004,0
16310,0.131308,0
16311,0.137795,0
16312,0.137795,0
16313,0.139818,0
16314,0.140054,0
16315,0.330722,0
16316,0.129206,0
16317,0.645675,0
16318,1.376026,0
16319,0.486962,0
16320,0.376420,0
16321,0.376420,0
16322,0.807616,0
16323,0.486820,0
16324,0.645363,0
16325,0.807357,0
16326,0.807357,0
16327,0.330030,0
16328,0.128514,0
16329,0.331418,0
16330,0.198312,0
16331,0.141948,0
16332,0.138130,0
16333,0.328436,0
16334,0.323711,0
16335,0.692477,0
16336,0.219499,0
16337,0.232979,0
16338,0.648160,0
16339,0.335039,0
16340,0.335039,0
16341,0.333181,0
16342,0.335039,0
16343,0.484319,0
16344,0.331040,0
16345,0.326742,0
16346,0.330829,0
16347,0.124622,0
16348,0.181248,0
16349,0.188800,0
16350,0.372392,0
16351,0.126860,0
16352,0.484034,0
16353,0.484735,0
16354,0.328366,0
16355,0.328606,0
16356,0.329141,0
16357,0.328948,0
16358,0.189162,0
16359,0.125227,0
16360,0.165658,0
16361,0.521789,0
16362,0.166190,0
16363,0.160574,0
16364,0.314791,0
16365,0.084598,0
16366,0.062176,0
16367,0.173673,0
16368,0.101133,0
16369,0.801225,0
16370,0.322551,0
16371,0.086676,0
16372,0.475340,0
16373,0.965736,0
16374,0.477694,0
16375,0.161926,0
16376,0.319161,0
16377,0.522520,0
16378,1.012347,0
16379,0.520182,0
16380,0.197964,0
16381,0.318139,0
16382,2.078995,0
16383,0.313258,0
16384,0.365606,0
16385,0.362114,0
16386,0.203107,0
16387,0.359249,0
16388,2.406774,1
16389,0.158513,0
16390,1.619489,0
16391,0.360330,0
16392,0.523679,0
16393,0.683243,0
16394,0.682817,0
16395,0.684382,0
16396,0.160290,0
16397,0.473326,0
16398,0.798993,0
16399,0.363256,0
16400,1.915918,0
16401,0.479710,0
16402,0.687997,0
16403,2.046250,0
16404,0.063389,0
16405,0.186735,0
16406,0.196497,0
16407,0.311744,0
16408,0.361999,0
16409,0.357181,0
16410,0.519918,0
16411,0.206253,0
16412,0.206253,0
16413,0.078857,0
16414,0.314991,0
16415,0.377044,0
16416,0.474728,0
16417,0.474718,0
16418,0.797843,0
16419,0.962272,0
16420,0.961977,0
16421,0.962979,0
16422,0.634605,0
16423,2.143550,0
16424,0.636027,0
16425,0.636731,0
16426,1.651122,0
16427,2.111229,0
16428,0.472290,0
16429,0.155575,0
16430,0.962243,0
16431,2.439023,1
16432,2.439156,1
16433,2.439156,1
16434,0.107332,0
16435,0.382041,0
16436,0.332591,0
16437,1.592786,0
16438,0.432450,0
16439,1.967943,0
16440,0.332746,0
16441,1.728062,0
16442,1.791311,0
16443,0.185740,0
16444,0.245992,0
16445,0.332339,0
16446,0.330059,0
16447,0.147659,0
16448,0.132327,0
16449,0.199514,0
16450,0.330952,0
16451,0.269447,0
16452,0.117017,0
16453,0.116153,0
16454,0.133755,0
16455,0.127224,0
16456,0.124211,0
16457,0.221984,0
16458,0.224747,0
16459,0.595249,0
16460,0.220996,0
16461,0.323036,0
16462,0.331652,0
16463,0.131801,0
16464,0.125227,0
16465,0.125227,0
16466,0.143342,0
16467,0.691810,0
16468,0.225065,0
16469,0.371211,0
16470,0.122093,0
16471,0.235503,0
16472,0.851936,0
16473,0.694451,0
16474,1.625608,0
16475,0.972682,0
16476,0.371449,0
16477,0.531393,0
16478,0.645193,0
16479,0.645113,0
16480,1.017006,0
16481,0.126920,0
16482,0.692508,0
16483,0.134330,0
16484,0.132370,0
16485,0.140898,0
16486,0.138684,0
16487,0.141679,0
16488,0.378602,0
16489,0.378602,0
16490,0.197918,0
16491,0.197918,0
16492,0.197918,0
16493,0.191440,0
16494,0.141398,0
16495,0.141398,0
16496,0.531445,0
16497,0.531032,0
16498,0.693313,0
16499,0.229378,0
16500,0.229214,0
16501,0.194164,0
16502,0.190585,0
16503,0.190585,0
16504,0.198728,0
16505,0.123711,0
16506,0.372332,0
16507,0.370825,0
16508,0.373771,0
16509,0.371365,0
16510,0.375928,0
16511,0.375872,0
16512,0.375900,0
16513,0.375900,0
16514,0.374821,0
16515,0.375784,0
16516,0.375784,0
16517,0.374821,0
16518,0.692292,0
16519,0.213421,0
16520,0.119311,0
16521,0.110641,0
16522,0.115488,0
16523,0.529100,0
16524,0.372866,0
16525,0.375276,0
16526,0.375903,0
16527,0.377978,0
16528,0.119503,0
16529,0.691622,0
16530,0.693052,0
16531,0.693052,0
16532,0.691743,0
16533,0.371566,0
16534,0.369173,0
16535,0.369063,0
16536,0.369256,0
16537,0.700628,0
16538,0.379098,0
16539,0.532328,0
16540,0.692948,0
16541,0.692224,0
16542,0.693192,0
16543,0.532998,0
16544,0.222466,0
16545,0.688803,0
16546,0.230825,0
16547,0.205602,0
16548,0.528523,0
16549,0.532827,0
16550,0.530247,0
16551,0.529862,0
16552,0.531698,0
16553,0.232760,0
16554,0.376885,0
16555,0.369287,0
16556,0.853282,0
16557,0.227025,0
16558,0.217290,0
16559,0.221662,0
16560,0.222968,0
16561,0.237007,0
16562,0.531857,0
16563,0.537432,0
16564,0.694476,0
16565,0.391612,0
16566,0.370176,0
16567,0.692726,0
16568,0.691337,0
16569,0.528165,0
16570,0.700030,0
16571,0.691627,0
16572,0.691497,0
16573,0.375046,0
16574,1.019307,0
16575,1.016394,0
16576,1.014407,0
16577,0.363349,0
16578,0.201814,0
16579,0.215889,0
16580,0.165861,0
16581,0.165861,0
16582,0.171848,0
16583,0.205440,0
16584,0.087253,0
16585,0.638287,0
16586,0.162700,0
16587,1.390812,0
16588,0.964358,0
16589,0.364179,0
16590,0.081873,0
16591,0.200433,0
16592,0.162280,0
16593,0.105929,0
16594,0.074218,0
16595,0.175045,0
16596,0.522105,0
16597,0.522105,0
16598,0.522349,0
16599,0.197260,0
16600,0.207607,0
16601,0.198845,0
16602,0.200337,0
16603,0.962790,0
16604,0.964667,0
16605,0.320948,0
16606,7.690308,1
16607,7.690308,1
16608,7.936269,1
16609,0.592607,0
16610,1.659702,0
16611,1.184096,0
16612,0.354128,0
16613,0.196368,0
16614,0.331727,0
16615,0.187263,0
16616,0.244571,0
16617,0.124660,0
16618,0.228559,0
16619,0.330821,0
16620,0.331808,0
16621,0.121336,0
16622,0.189825,0
16623,0.329728,0
16624,0.332143,0
16625,0.331156,0
16626,0.128260,0
16627,0.333268,0
16628,0.333268,0
16629,0.335366,0
16630,0.335366,0
16631,0.137435,0
16632,0.222050,0
16633,0.187403,0
16634,0.186622,0
16635,0.225333,0
16636,0.127072,0
16637,0.129437,0
16638,0.124598,0
16639,0.189814,0
16640,0.189814,0
16641,0.182580,0
16642,0.193087,0
16643,0.192178,0
16644,0.217339,0
16645,0.192084,0
16646,0.225061,0
16647,0.223502,0
16648,0.224202,0
16649,0.220092,0
16650,0.191657,0
16651,0.225015,0
16652,0.227177,0
16653,0.225088,0
16654,0.483825,0
16655,0.121743,0
16656,0.112401,0
16657,0.222143,0
16658,0.223502,0
16659,0.485336,0
16660,0.648169,0
16661,0.329793,0
16662,0.336718,0
16663,0.336873,0
16664,0.116495,0
16665,0.127366,0
16666,0.327492,0
16667,0.332739,0
16668,0.328218,0
16669,0.330750,0
16670,0.120877,0
16671,0.187821,0
16672,0.132352,0
16673,0.184270,0
16674,0.123413,0
16675,0.187895,0
16676,0.118931,0
16677,0.484952,0
16678,0.484786,0
16679,0.483614,0
16680,0.326097,0
16681,0.169298,0
16682,0.085132,0
16683,0.474503,0
16684,0.474624,0
16685,0.474686,0
16686,0.474632,0
16687,0.474653,0
16688,0.312624,0
16689,0.313143,0
16690,0.355376,0
16691,1.691057,0
16692,1.145856,0
16693,1.135166,0
16694,0.501363,0
16695,0.500096,0
16696,0.490527,0
16697,0.489675,0
16698,0.490194,0
16699,0.490194,0
16700,0.334757,0
16701,0.332773,0
16702,0.334419,0
16703,0.334419,0
16704,0.334419,0
16705,0.334419,0
16706,0.334419,0
16707,0.324080,0
16708,0.139926,0
16709,0.139926,0
16710,0.139926,0
16711,0.330295,0
16712,0.329362,0
16713,0.328061,0
16714,0.332193,0
16715,0.189103,0
16716,0.337805,0
16717,0.331145,0
16718,0.332837,0
16719,0.331193,0
16720,0.487170,0
16721,0.485834,0
16722,0.485332,0
16723,2.046200,0
16724,2.439601,1
16725,2.439389,1
16726,0.316787,0
16727,0.316345,0
16728,0.313577,0
16729,0.309351,0
16730,1.129639,0
16731,0.000000,0
16732,0.482775,0
16733,0.693640,0
16734,0.533960,0
16735,0.534564,0
16736,0.377268,0
16737,0.139172,0
16738,0.139172,0
16739,0.139603,0
16740,0.377884,0
16741,0.377884,0
16742,0.533639,0
16743,0.533639,0
16744,1.016327,0
16745,0.375786,0
16746,0.375786,0
16747,1.017980,0
16748,1.017587,0
16749,0.534975,0
16750,0.804929,0
16751,0.341374,0
16752,0.854988,0
16753,0.692649,0
16754,0.854489,0
16755,0.694316,0
16756,0.693830,0
16757,0.694959,0
16758,0.693252,0
16759,0.692983,0
16760,0.692127,0
16761,0.332292,0
16762,0.375422,0
16763,0.693178,0
16764,0.695186,0
16765,0.695186,0
16766,0.379655,0
16767,1.016700,0
16768,0.692033,0
16769,0.530761,0
16770,0.533524,0
16771,0.532868,0
16772,0.532005,0
16773,0.532005,0
16774,0.375307,0
16775,0.375307,0
16776,0.375307,0
16777,1.017217,0
16778,0.694206,0
16779,0.694156,0
16780,0.693731,0
16781,0.141398,0
16782,0.141398,0
16783,0.695305,0
16784,1.017963,0
16785,1.017963,0
16786,0.503330,0
16787,1.017690,0
16788,0.694126,0
16789,0.194369,0
16790,0.194453,0
16791,0.195533,0
16792,0.533328,0
16793,0.375114,0
16794,0.692187,0
16795,0.531581,0
16796,0.111419,0
16797,0.124956,0
16798,0.135346,0
16799,0.692295,0
16800,0.695568,0
16801,0.371490,0
16802,0.690902,0
16803,0.692062,0
16804,0.230264,0
16805,0.372113,0
16806,0.376205,0
16807,0.375194,0
16808,0.376469,0
16809,0.532676,0
16810,0.532102,0
16811,0.532167,0
16812,0.531319,0
16813,0.531273,0
16814,0.136086,0
16815,0.194287,0
16816,0.536142,0
16817,0.533062,0
16818,0.693809,0
16819,1.011840,0
16820,0.848355,0
16821,1.011840,0
16822,1.012323,0
16823,0.686067,0
16824,1.013067,0
16825,0.207299,0
16826,0.848477,0
16827,0.521113,0
16828,1.306169,0
16829,0.850706,0
16830,0.365708,0
16831,0.686022,0
16832,0.688630,0
16833,0.687313,0
16834,0.216894,0
16835,0.684577,0
16836,0.526219,0
16837,0.365348,0
16838,0.365348,0
16839,0.525634,0
16840,0.525634,0
16841,0.522852,0
16842,0.522852,0
16843,0.522852,0
16844,0.363701,0
16845,0.330758,0
16846,0.361271,0
16847,0.361401,0
16848,0.518549,0
16849,0.520857,0
16850,0.520964,0
16851,0.358529,0
16852,0.090282,0
16853,1.011941,0
16854,1.011154,0
16855,0.358340,0
16856,1.011723,0
16857,1.011916,0
16858,1.011916,0
16859,1.307250,0
16860,0.684847,0
16861,0.685525,0
16862,0.685720,0
16863,0.686162,0
16864,1.010697,0
16865,1.372311,0
16866,0.848391,0
16867,1.011818,0
16868,0.684502,0
16869,1.012710,0
16870,0.214449,0
16871,0.523924,0
16872,1.011937,0
16873,1.011937,0
16874,1.011296,0
16875,1.012062,0
16876,1.013422,0
16877,1.306619,0
16878,1.305897,0
16879,1.011512,0
16880,1.011512,0
16881,0.362816,0
16882,0.523492,0
16883,0.687057,0
16884,0.685957,0
16885,0.362487,0
16886,0.362476,0
16887,1.011212,0
16888,0.685147,0
16889,0.364175,0
16890,0.525372,0
16891,0.687550,0
16892,0.687438,0
16893,1.012047,0
16894,0.523179,0
16895,1.176885,0
16896,0.685979,0
16897,0.683357,0
16898,0.358927,0
16899,0.358927,0
16900,0.358574,0
16901,0.159154,0
16902,0.362018,0
16903,0.361046,0
16904,0.360146,0
16905,0.358459,0
16906,0.358099,0
16907,0.358099,0
16908,0.358099,0
16909,0.522681,0
16910,0.798942,0
16911,0.160672,0
16912,1.011845,0
16913,1.012369,0
16914,0.159588,0
16915,0.519778,0
16916,0.360290,0
16917,0.798062,0
16918,0.635132,0
16919,0.685546,0
16920,0.683729,0
16921,0.681465,0
16922,0.474261,0
16923,1.849228,0
16924,0.356565,0
16925,0.356565,0
16926,0.064580,0
16927,0.461629,0
16928,0.391386,0
16929,0.504248,0
16930,0.334846,0
16931,0.334054,0
16932,0.334948,0
16933,0.334881,0
16934,0.334546,0
16935,0.391403,0
16936,0.334054,0
16937,0.366135,0
16938,0.356310,0
16939,1.319692,0
16940,0.355961,0
16941,0.361339,0
16942,0.360287,0
16943,0.447571,0
16944,0.379672,0
16945,0.690786,0
16946,2.147500,1
16947,0.151124,0
16948,0.488836,0
16949,0.488836,0
16950,0.373945,0
16951,0.373945,0
16952,0.776295,0
16953,0.776012,0
16954,0.378371,0
16955,0.855985,0
16956,2.111938,0
16957,2.177861,1
16958,2.110975,0
16959,2.111083,0
16960,2.111460,0
16961,2.111498,0
16962,2.046555,0
16963,0.684314,0
16964,0.688123,0
16965,1.011644,0
16966,2.145188,0
16967,0.685757,0
16968,0.685872,0
16969,1.010815,0
16970,0.687933,0
16971,2.045660,0
16972,0.685429,0
16973,0.684476,0
16974,2.012744,0
16975,2.013194,0
16976,0.329372,0
16977,1.947253,0
16978,2.012554,0
16979,0.846252,0
16980,0.365515,0
16981,0.548162,0
16982,0.386694,0
16983,0.985644,0
16984,0.691006,0
16985,0.691047,0
16986,0.692932,0
16987,0.692839,0
16988,0.692859,0
16989,0.692275,0
16990,0.232300,0
16991,0.230742,0
16992,0.231313,0
16993,0.232940,0
16994,0.133961,0
16995,0.327332,0
16996,0.693282,0
16997,0.333568,0
16998,0.643919,0
16999,0.644181,0
17000,0.137878,0
17001,0.375994,0
17002,0.377423,0
17003,0.378662,0
17004,0.128478,0
17005,0.132782,0
17006,0.468985,0
17007,0.376978,0
17008,0.531438,0
17009,0.225647,0
17010,0.228561,0
17011,0.231198,0
17012,0.238631,0
17013,0.228413,0
17014,0.686057,0
17015,0.314686,0
17016,0.318837,0
17017,0.211931,0
17018,0.100997,0
17019,0.206056,0
17020,0.377838,0
17021,1.311934,0
17022,0.533136,0
17023,0.530779,0
17024,0.487751,0
17025,1.016502,0
17026,0.695929,0
17027,0.692408,0
17028,0.692490,0
17029,0.692490,0
17030,0.534393,0
17031,0.534225,0
17032,0.534225,0
17033,0.531287,0
17034,0.532019,0
17035,0.531146,0
17036,0.532672,0
17037,0.531144,0
17038,0.531144,0
17039,0.854731,0
17040,0.529198,0
17041,0.531760,0
17042,0.692327,0
17043,0.329760,0
17044,0.197825,0
17045,0.197825,0
17046,0.224873,0
17047,0.227199,0
17048,0.189166,0
17049,0.189166,0
17050,0.189860,0
17051,0.189860,0
17052,0.189860,0
17053,0.137212,0
17054,0.137212,0
17055,0.141268,0
17056,0.134005,0
17057,0.189686,0
17058,0.190095,0
17059,0.332285,0
17060,0.134313,0
17061,0.130991,0
17062,0.134313,0
17063,0.130991,0
17064,0.137602,0
17065,0.137602,0
17066,0.140767,0
17067,0.331538,0
17068,0.136053,0
17069,0.137602,0
17070,0.531538,0
17071,0.539811,0
17072,0.530554,0
17073,0.530780,0
17074,0.531228,0
17075,0.531228,0
17076,0.531945,0
17077,0.530696,0
17078,0.773907,0
17079,0.609052,0
17080,0.609052,0
17081,0.530857,0
17082,0.530958,0
17083,0.531096,0
17084,0.386851,0
17085,0.370661,0
17086,1.180439,0
17087,0.692738,0
17088,0.374881,0
17089,0.533177,0
17090,0.531951,0
17091,0.532868,0
17092,0.328079,0
17093,0.532819,0
17094,0.532819,0
17095,0.693102,0
17096,0.693102,0
17097,0.692330,0
17098,0.693052,0
17099,0.531106,0
17100,0.531106,0
17101,0.531877,0
17102,0.532802,0
17103,0.532802,0
17104,0.530510,0
17105,0.534603,0
17106,0.693022,0
17107,0.533991,0
17108,0.530812,0
17109,0.532361,0
17110,0.125388,0
17111,0.532868,0
17112,0.533078,0
17113,0.533515,0
17114,0.533515,0
17115,0.533515,0
17116,0.374296,0
17117,0.341124,0
17118,0.229028,0
17119,0.230407,0
17120,0.532941,0
17121,0.532941,0
17122,0.533078,0
17123,0.533078,0
17124,0.533078,0
17125,0.374389,0
17126,0.374389,0
17127,0.376362,0
17128,0.123384,0
17129,0.123384,0
17130,0.122433,0
17131,0.531946,0
17132,0.371881,0
17133,0.531080,0
17134,0.230015,0
17135,0.531602,0
17136,0.532673,0
17137,0.533349,0
17138,0.232457,0
17139,0.229162,0
17140,0.230430,0
17141,0.232672,0
17142,0.531814,0
17143,0.531814,0
17144,0.372689,0
17145,0.530125,0
17146,0.382198,0
17147,0.123220,0
17148,0.372249,0
17149,0.372249,0
17150,0.531167,0
17151,0.529344,0
17152,0.226478,0
17153,0.329831,0
17154,0.134721,0
17155,0.134388,0
17156,0.192791,0
17157,0.129505,0
17158,0.691404,0
17159,0.695227,0
17160,0.695227,0
17161,0.531354,0
17162,0.531354,0
17163,0.190904,0
17164,0.530077,0
17165,0.690882,0
17166,0.372638,0
17167,0.369275,0
17168,0.369275,0
17169,0.125927,0
17170,0.222458,0
17171,0.222458,0
17172,0.375925,0
17173,0.331788,0
17174,0.540947,0
17175,0.373326,0
17176,0.691259,0
17177,0.699570,0
17178,2.474838,1
17179,0.374266,0
17180,0.529463,0
17181,0.528422,0
17182,0.223419,0
17183,0.379644,0
17184,0.367856,0
17185,0.529830,0
17186,0.530648,0
17187,0.532053,0
17188,0.532053,0
17189,0.372669,0
17190,0.371902,0
17191,0.379568,0
17192,0.531625,0
17193,0.373677,0
17194,0.690997,0
17195,0.530049,0
17196,0.530049,0
17197,0.149998,0
17198,0.370472,0
17199,0.370472,0
17200,0.531328,0
17201,0.530300,0
17202,0.373013,0
17203,0.529092,0
17204,0.530776,0
17205,0.530902,0
17206,0.530975,0
17207,0.118172,0
17208,0.528912,0
17209,0.528912,0
17210,0.219924,0
17211,0.219924,0
17212,0.529753,0
17213,0.220252,0
17214,0.221804,0
17215,0.222828,0
17216,0.222828,0
17217,0.223023,0
17218,0.223023,0
17219,0.116516,0
17220,0.529996,0
17221,0.529705,0
17222,0.690434,0
17223,0.690586,0
17224,0.691430,0
17225,0.191356,0
17226,0.191356,0
17227,0.531422,0
17228,0.371076,0
17229,0.529770,0
17230,0.529770,0
17231,0.372115,0
17232,0.135789,0
17233,0.140708,0
17234,0.372462,0
17235,0.334438,0
17236,0.334438,0
17237,0.375032,0
17238,0.692066,0
17239,0.530550,0
17240,0.691084,0
17241,0.693275,0
17242,0.520983,0
17243,1.307485,0
17244,0.522744,0
17245,0.684994,0
17246,0.523445,0
17247,0.523034,0
17248,0.524805,0
17249,0.311605,0
17250,1.012045,0
17251,0.313208,0
17252,0.685815,0
17253,0.684601,0
17254,0.363289,0
17255,0.685445,0
17256,0.164994,0
17257,0.639006,0
17258,0.315761,0
17259,2.472313,1
17260,0.521414,0
17261,0.847656,0
17262,0.521761,0
17263,0.684394,0
17264,0.800094,0
17265,0.684394,0
17266,0.684394,0
17267,0.332489,0
17268,0.686686,0
17269,0.686686,0
17270,0.322107,0
17271,0.332589,0
17272,0.524298,0
17273,0.521572,0
17274,0.524571,0
17275,0.524709,0
17276,0.364412,0
17277,0.359264,0
17278,0.359264,0
17279,0.360607,0
17280,0.165670,0
17281,0.360163,0
17282,0.683960,0
17283,0.690726,0
17284,0.522116,0
17285,0.525542,0
17286,0.525542,0
17287,1.305938,0
17288,0.160167,0
17289,0.160167,0
17290,0.354560,0
17291,2.111518,0
17292,0.520961,0
17293,0.097427,0
17294,0.520515,0
17295,0.200892,0
17296,0.311309,0
17297,0.160290,0
17298,0.521966,0
17299,0.322040,0
17300,0.685166,0
17301,0.098575,0
17302,2.110933,0
17303,2.111211,0
17304,0.636346,0
17305,0.356292,0
17306,0.520394,0
17307,0.520394,0
17308,4.058217,1
17309,6.561638,1
17310,0.340313,0
17311,0.352122,0
17312,0.368442,0
17313,0.971506,0
17314,0.376847,0
17315,0.976326,0
17316,0.678679,0
17317,0.551806,0
17318,0.363437,0
17319,6.879230,1
17320,0.129200,0
17321,0.484696,0
17322,0.486855,0
17323,0.485028,0
17324,0.485028,0
17325,0.329048,0
17326,0.481681,0
17327,0.326493,0
17328,0.326129,0
17329,0.484181,0
17330,0.544951,0
17331,0.484817,0
17332,0.484678,0
17333,0.223846,0
17334,0.161536,0
17335,0.124181,0
17336,0.127930,0
17337,0.189755,0
17338,0.327722,0
17339,0.130214,0
17340,0.130214,0
17341,0.191965,0
17342,0.148099,0
17343,0.328688,0
17344,0.489334,0
17345,0.485161,0
17346,0.332369,0
17347,2.408630,1
17348,0.184322,0
17349,0.121452,0
17350,0.117492,0
17351,0.121510,0
17352,0.125908,0
17353,0.142997,0
17354,0.372107,0
17355,0.505969,0
17356,0.804311,0
17357,0.227099,0
17358,0.199285,0
17359,0.200724,0
17360,0.486546,0
17361,0.385069,0
17362,1.851523,0
17363,1.853553,0
17364,0.233083,0
17365,0.643586,0
17366,0.697658,0
17367,0.173138,0
17368,2.114268,0
17369,0.649379,0
17370,0.572173,0
17371,0.646298,0
17372,0.535562,0
17373,0.194617,0
17374,0.643124,0
17375,0.698746,0
17376,1.132905,0
17377,0.317225,0
17378,0.226733,0
17379,0.348650,0
17380,0.405669,0
17381,0.666258,0
17382,0.488152,0
17383,0.484823,0
17384,0.854959,0
17385,0.969276,0
17386,0.124396,0
17387,0.648562,0
17388,0.074359,0
17389,1.586669,0
17390,6.269029,1
17391,2.100278,0
17392,0.193479,0
17393,0.646441,0
17394,0.646466,0
17395,0.646006,0
17396,0.646006,0
17397,0.646006,0
17398,0.808360,0
17399,0.194232,0
17400,0.642864,0
17401,0.338244,0
17402,0.332015,0
17403,0.335436,0
17404,2.277509,1
17405,0.641459,0
17406,0.192187,0
17407,0.194232,0
17408,0.194232,0
17409,0.330853,0
17410,0.331534,0
17411,0.329431,0
17412,0.331685,0
17413,0.332398,0
17414,0.323661,0
17415,0.807495,0
17416,0.332439,0
17417,0.330157,0
17418,0.332874,0
17419,0.481278,0
17420,0.332874,0
17421,0.330999,0
17422,0.654229,0
17423,0.330135,0
17424,0.374742,0
17425,0.326245,0
17426,0.805327,0
17427,0.804843,0
17428,0.805345,0
17429,0.643158,0
17430,0.332874,0
17431,0.642724,0
17432,0.642724,0
17433,0.642724,0
17434,0.642764,0
17435,2.080911,0
17436,0.644331,0
17437,0.805697,0
17438,0.805050,0
17439,1.131037,0
17440,0.643408,0
17441,0.805147,0
17442,0.805147,0
17443,0.642540,0
17444,0.642388,0
17445,0.805592,0
17446,0.481777,0
17447,0.481777,0
17448,0.481777,0
17449,0.642599,0
17450,0.807249,0
17451,0.805276,0
17452,0.656696,0
17453,0.805283,0
17454,0.804945,0
17455,0.642837,0
17456,0.650303,0
17457,1.982162,0
17458,0.805116,0
17459,0.324322,0
17460,0.325079,0
17461,0.324660,0
17462,0.707531,0
17463,0.807065,0
17464,1.133047,0
17465,0.805062,0
17466,0.969169,0
17467,0.967771,0
17468,0.967771,0
17469,0.323470,0
17470,0.325045,0
17471,0.805002,0
17472,0.325094,0
17473,0.968985,0
17474,0.970560,0
17475,0.967772,0
17476,0.370284,0
17477,0.691259,0
17478,0.227750,0
17479,0.375054,0
17480,0.529631,0
17481,0.530419,0
17482,0.532722,0
17483,0.530663,0
17484,0.375433,0
17485,0.529912,0
17486,0.370558,0
17487,0.704063,0
17488,0.704063,0
17489,0.325185,0
17490,0.371892,0
17491,0.644124,0
17492,0.187399,0
17493,0.329104,0
17494,0.189523,0
17495,0.332287,0
17496,0.644615,0
17497,0.499914,0
17498,0.689608,0
17499,0.188665,0
17500,0.326656,0
17501,0.331378,0
17502,0.330758,0
17503,0.645375,0
17504,0.120011,0
17505,0.327732,0
17506,0.230200,0
17507,0.485641,0
17508,0.227511,0
17509,0.531543,0
17510,0.695534,0
17511,0.695513,0
17512,1.017459,0
17513,0.368588,0
17514,0.334815,0
17515,0.696505,0
17516,0.388028,0
17517,0.696785,0
17518,0.386461,0
17519,0.538429,0
17520,0.693017,0
17521,0.693762,0
17522,0.532460,0
17523,0.693090,0
17524,0.696369,0
17525,0.696369,0
17526,0.378175,0
17527,0.378999,0
17528,0.377144,0
17529,0.378610,0
17530,0.378570,0
17531,0.696918,0
17532,0.695635,0
17533,0.533189,0
17534,0.380332,0
17535,0.694809,0
17536,0.694809,0
17537,0.693416,0
17538,0.371677,0
17539,0.635002,0
17540,0.635696,0
17541,0.634832,0
17542,0.635682,0
17543,0.636181,0
17544,0.636181,0
17545,0.636888,0
17546,0.962360,0
17547,0.635471,0
17548,0.635461,0
17549,0.799304,0
17550,0.799304,0
17551,0.635461,0
17552,0.635475,0
17553,2.078725,0
17554,2.079121,0
17555,0.472699,0
17556,0.472765,0
17557,0.473009,0
17558,0.472871,0
17559,1.881600,0
17560,1.815865,0
17561,0.639393,0
17562,0.359977,0
17563,0.357650,0
17564,0.800091,0
17565,0.310586,0
17566,0.310586,0
17567,0.310343,0
17568,0.336386,0
17569,0.683167,0
17570,0.078984,0
17571,0.635869,0
17572,0.060925,0
17573,0.473125,0
17574,0.685563,0
17575,0.634633,0
17576,0.310482,0
17577,0.683448,0
17578,0.683167,0
17579,0.361455,0
17580,0.315039,0
17581,0.636156,0
17582,0.799943,0
17583,1.947255,0
17584,2.177432,1
17585,2.045642,0
17586,2.045625,0
17587,2.045625,0
17588,2.144250,0
17589,2.111561,0
17590,2.209718,1
17591,0.366234,0
17592,2.112591,0
17593,0.633856,0
17594,1.126014,0
17595,1.126014,0
17596,1.979462,0
17597,1.012243,0
17598,0.961823,0
17599,0.360446,0
17600,1.227419,0
17601,0.353725,0
17602,0.531837,0
17603,0.645457,0
17604,0.327715,0
17605,0.534547,0
17606,0.530776,0
17607,0.327675,0
17608,0.486964,0
17609,1.312237,0
17610,0.646342,0
17611,0.646342,0
17612,0.327847,0
17613,0.528834,0
17614,0.130216,0
17615,0.197128,0
17616,0.141398,0
17617,0.141398,0
17618,0.330355,0
17619,0.330294,0
17620,0.334474,0
17621,0.485371,0
17622,0.646835,0
17623,0.645341,0
17624,0.648159,0
17625,0.329920,0
17626,0.329920,0
17627,0.332043,0
17628,0.332043,0
17629,0.332043,0
17630,0.330877,0
17631,0.193961,0
17632,0.194164,0
17633,0.371067,0
17634,0.138274,0
17635,0.188689,0
17636,0.231954,0
17637,0.529870,0
17638,0.222066,0
17639,0.376205,0
17640,0.136990,0
17641,0.486851,0
17642,0.332091,0
17643,0.230376,0
17644,0.226516,0
17645,0.223240,0
17646,0.201713,0
17647,0.229678,0
17648,0.136131,0
17649,0.196329,0
17650,0.134147,0
17651,0.379270,0
17652,0.532478,0
17653,0.692178,0
17654,0.692178,0
17655,0.693253,0
17656,0.379785,0
17657,0.379785,0
17658,0.379785,0
17659,0.377404,0
17660,0.532938,0
17661,0.535464,0
17662,0.134995,0
17663,0.333118,0
17664,0.221025,0
17665,0.221025,0
17666,0.138220,0
17667,0.225896,0
17668,0.224399,0
17669,0.371986,0
17670,1.311400,0
17671,0.321556,0
17672,0.315311,0
17673,0.476959,0
17674,0.476977,0
17675,0.475402,0
17676,0.638759,0
17677,0.638759,0
17678,0.476740,0
17679,0.475882,0
17680,0.476977,0
17681,0.638795,0
17682,0.314151,0
17683,2.275277,1
17684,0.637641,0
17685,0.362961,0
17686,0.322167,0
17687,0.316644,0
17688,0.105553,0
17689,0.283494,0
17690,0.092176,0
17691,0.105553,0
17692,2.111844,0
17693,0.318505,0
17694,0.320256,0
17695,0.365416,0
17696,0.094278,0
17697,0.638759,0
17698,0.638759,0
17699,0.639834,0
17700,0.638446,0
17701,0.315022,0
17702,0.682424,0
17703,0.519465,0
17704,0.519465,0
17705,0.167590,0
17706,0.319545,0
17707,0.319275,0
17708,0.317581,0
17709,0.519648,0
17710,0.363498,0
17711,0.204059,0
17712,0.359124,0
17713,0.213829,0
17714,0.212015,0
17715,0.362831,0
17716,0.361221,0
17717,0.061331,0
17718,0.360306,0
17719,0.364777,0
17720,0.318341,0
17721,0.522698,0
17722,0.362308,0
17723,0.362164,0
17724,0.684595,0
17725,0.361537,0
17726,0.200303,0
17727,0.209631,0
17728,0.208378,0
17729,0.519810,0
17730,0.165881,0
17731,0.095014,0
17732,0.095459,0
17733,0.094539,0
17734,0.094539,0
17735,0.094539,0
17736,0.523307,0
17737,0.360009,0
17738,0.086150,0
17739,0.359678,0
17740,0.313709,0
17741,0.361947,0
17742,0.206560,0
17743,0.205869,0
17744,0.365488,0
17745,0.525450,0
17746,0.521329,0
17747,0.363504,0
17748,0.363504,0
17749,0.210574,0
17750,0.209074,0
17751,0.201677,0
17752,0.359894,0
17753,0.359711,0
17754,0.637287,0
17755,0.687191,0
17756,0.681614,0
17757,0.195935,0
17758,0.518993,0
17759,0.683258,0
17760,0.357489,0
17761,0.360364,0
17762,0.687742,0
17763,0.685303,0
17764,0.683755,0
17765,0.358607,0
17766,0.360856,0
17767,0.684297,0
17768,0.555397,0
17769,0.684820,0
17770,0.683812,0
17771,0.359233,0
17772,0.472942,0
17773,2.143907,0
17774,0.636164,0
17775,2.145470,1
17776,2.145470,1
17777,0.963900,0
17778,0.470718,0
17779,0.634855,0
17780,0.963434,0
17781,1.586220,0
17782,0.637098,0
17783,0.637480,0
17784,0.311204,0
17785,0.636110,0
17786,0.637797,0
17787,0.636129,0
17788,0.636748,0
17789,0.636748,0
17790,0.636748,0
17791,0.637131,0
17792,0.059326,0
17793,0.201178,0
17794,0.201340,0
17795,2.111342,0
17796,0.360543,0
17797,0.682372,0
17798,0.683274,0
17799,1.306671,0
17800,0.684050,0
17801,0.428958,0
17802,0.706928,0
17803,0.125579,0
17804,0.474463,0
17805,0.524750,0
17806,2.594457,1
17807,5.070798,1
17808,1.022764,0
17809,1.022764,0
17810,1.022764,0
17811,1.022764,0
17812,0.531815,0
17813,0.960384,0
17814,1.523273,0
17815,3.480860,1
17816,13.438290,1
17817,10.532008,1
17818,6.606389,1
17819,6.838381,1
17820,5.344969,1
17821,3.096560,1
17822,0.345369,0
17823,0.329770,0
17824,0.244889,0
17825,0.404821,0
17826,2.071512,0
17827,0.529415,0
17828,0.692085,0
17829,0.692002,0
17830,0.690938,0
17831,0.693459,0
17832,0.693339,0
17833,0.693830,0
17834,0.695339,0
17835,0.692596,0
17836,0.855251,0
17837,0.689332,0
17838,0.856542,0
17839,0.691044,0
17840,0.690643,0
17841,0.694608,0
17842,0.223231,0
17843,0.532927,0
17844,0.232469,0
17845,0.331802,0
17846,0.331631,0
17847,0.682050,0
17848,0.521628,0
17849,0.521345,0
17850,0.203151,0
17851,1.011219,0
17852,1.011219,0
17853,1.011219,0
17854,0.948426,0
17855,0.682719,0
17856,0.092786,0
17857,2.408017,1
17858,2.408032,1
17859,2.408032,1
17860,2.408032,1
17861,0.706598,0
17862,0.682163,0
17863,0.686203,0
17864,0.683638,0
17865,1.012246,0
17866,0.847318,0
17867,1.010050,0
17868,0.683627,0
17869,0.684043,0
17870,0.684043,0
17871,0.359220,0
17872,0.522080,0
17873,0.686765,0
17874,0.682679,0
17875,0.686931,0
17876,0.684562,0
17877,0.687256,0
17878,0.198606,0
17879,0.524777,0
17880,0.685463,0
17881,0.687341,0
17882,0.683720,0
17883,2.167325,1
17884,0.684951,0
17885,0.686465,0
17886,0.212579,0
17887,0.202538,0
17888,0.173958,0
17889,0.164806,0
17890,0.685221,0
17891,0.062425,0
17892,0.062425,0
17893,0.521600,0
17894,0.521600,0
17895,2.143970,0
17896,2.275032,1
17897,2.373447,1
17898,2.144600,0
17899,0.685474,0
17900,2.177277,1
17901,0.962216,0
17902,0.861193,0
17903,2.081002,0
17904,2.875815,1
17905,2.318306,1
17906,0.356531,0
17907,0.631416,0
17908,1.025776,0
17909,0.704121,0
17910,0.809082,0
17911,0.439460,0
17912,1.238392,0
17913,0.423314,0
17914,0.365106,0
17915,0.370299,0
17916,1.246168,0
17917,0.551832,0
17918,0.641171,0
17919,0.354839,0
17920,2.154846,1
17921,0.613796,0
17922,0.553900,0
17923,1.335997,0
17924,0.731659,0
17925,0.396533,0
17926,0.000000,0
17927,0.910335,0
17928,0.533411,0
17929,0.691392,0
17930,1.375920,0
17931,1.376891,0
17932,0.694957,0
17933,0.694746,0
17934,0.692102,0
17935,0.488048,0
17936,0.643028,0
17937,0.677801,0
17938,1.881629,0
17939,1.881629,0
17940,0.125441,0
17941,0.164067,0
17942,0.222974,0
17943,0.224474,0
17944,0.379821,0
17945,0.260325,0
17946,0.225214,0
17947,0.240184,0
17948,0.227251,0
17949,0.227251,0
17950,0.333366,0
17951,0.332769,0
17952,0.211697,0
17953,0.329854,0
17954,0.230057,0
17955,0.355474,0
17956,0.501933,0
17957,0.184843,0
17958,0.132323,0
17959,0.229187,0
17960,0.147276,0
17961,0.135359,0
17962,0.372607,0
17963,0.118465,0
17964,0.120294,0
17965,0.111376,0
17966,0.116858,0
17967,0.199830,0
17968,0.340678,0
17969,0.343305,0
17970,0.372059,0
17971,0.126631,0
17972,0.125121,0
17973,0.387257,0
17974,0.378178,0
17975,0.130395,0
17976,0.120063,0
17977,0.120063,0
17978,0.123648,0
17979,0.581156,0
17980,0.299516,0
17981,0.378463,0
17982,0.120025,0
17983,0.644229,0
17984,0.359929,0
17985,0.266051,0
17986,0.329363,0
17987,0.126676,0
17988,0.141734,0
17989,0.141734,0
17990,0.348695,0
17991,0.188046,0
17992,0.410670,0
17993,0.387943,0
17994,0.120295,0
17995,0.337017,0
17996,0.227721,0
17997,0.124396,0
17998,0.369056,0
17999,0.195813,0
18000,0.119148,0
18001,0.195436,0
18002,0.187336,0
18003,0.190647,0
18004,0.380620,0
18005,0.533447,0
18006,2.111056,0
18007,2.111330,0
18008,2.078542,0
18009,0.572443,0
18010,0.693669,0
18011,0.693273,0
18012,0.196829,0
18013,0.197031,0
18014,0.368673,0
18015,0.228375,0
18016,0.373165,0
18017,0.530551,0
18018,0.222300,0
18019,0.691122,0
18020,0.692178,0
18021,2.181170,1
18022,2.181170,1
18023,0.374149,0
18024,0.378050,0
18025,0.370592,0
18026,0.529211,0
18027,0.690571,0
18028,0.530141,0
18029,1.016105,0
18030,0.221917,0
18031,0.529953,0
18032,0.222081,0
18033,0.223449,0
18034,0.221709,0
18035,0.118422,0
18036,0.372856,0
18037,0.686813,0
18038,0.683211,0
18039,0.521174,0
18040,0.684015,0
18041,0.358226,0
18042,0.358511,0
18043,0.202644,0
18044,0.360728,0
18045,0.202309,0
18046,0.681921,0
18047,0.357050,0
18048,0.358516,0
18049,0.358743,0
18050,0.685054,0
18051,0.362136,0
18052,1.010272,0
18053,0.474786,0
18054,0.683579,0
18055,1.012534,0
18056,1.371735,0
18057,0.963563,0
18058,1.553665,0
18059,0.963718,0
18060,0.681088,0
18061,0.962560,0
18062,0.799689,0
18063,0.127822,0
18064,0.669800,0
18065,1.375637,0
18066,1.374655,0
18067,0.700775,0
18068,1.015943,0
18069,1.016945,0
18070,1.014462,0
18071,0.688350,0
18072,0.229004,0
18073,0.689505,0
18074,0.689745,0
18075,0.690243,0
18076,0.692297,0
18077,0.535427,0
18078,0.715221,0
18079,0.691206,0
18080,0.529345,0
18081,0.528985,0
18082,0.692435,0
18083,0.690815,0
18084,0.531654,0
18085,0.532602,0
18086,0.691180,0
18087,0.693102,0
18088,0.692738,0
18089,0.149667,0
18090,0.854871,0
18091,0.375589,0
18092,0.375154,0
18093,0.375735,0
18094,0.374364,0
18095,0.374522,0
18096,2.114617,0
18097,1.128032,0
18098,1.127733,0
18099,1.127742,0
18100,1.127742,0
18101,1.127742,0
18102,1.127827,0
18103,1.128784,0
18104,0.686513,0
18105,0.520832,0
18106,0.687832,0
18107,2.406408,1
18108,0.850406,0
18109,1.882282,0
18110,2.113152,0
18111,1.306040,0
18112,1.848891,0
18113,1.127724,0
18114,0.638204,0
18115,1.050324,0
18116,0.749112,0
18117,0.194967,0
18118,0.190962,0
18119,0.192002,0
18120,0.192002,0
18121,0.193963,0
18122,0.191041,0
18123,0.185097,0
18124,0.193146,0
18125,0.192472,0
18126,0.326812,0
18127,0.331321,0
18128,0.331307,0
18129,0.330048,0
18130,0.331160,0
18131,0.183099,0
18132,0.375790,0
18133,0.227774,0
18134,0.193760,0
18135,0.193760,0
18136,0.332869,0
18137,0.233933,0
18138,0.376137,0
18139,0.376137,0
18140,0.330863,0
18141,0.330992,0
18142,0.326928,0
18143,0.330935,0
18144,0.230919,0
18145,0.229694,0
18146,0.229694,0
18147,0.228789,0
18148,0.376458,0
18149,0.376458,0
18150,0.376458,0
18151,0.375913,0
18152,0.372476,0
18153,0.193537,0
18154,0.193127,0
18155,0.190462,0
18156,0.192474,0
18157,0.197688,0
18158,0.188846,0
18159,0.329029,0
18160,0.330175,0
18161,0.129731,0
18162,0.192359,0
18163,0.531668,0
18164,0.230490,0
18165,0.374417,0
18166,0.691848,0
18167,2.147620,1
18168,0.692146,0
18169,0.331966,0
18170,0.331966,0
18171,0.692695,0
18172,0.230556,0
18173,0.225963,0
18174,0.226031,0
18175,0.230556,0
18176,0.230742,0
18177,0.230742,0
18178,0.120543,0
18179,0.121341,0
18180,0.227930,0
18181,0.227930,0
18182,0.122436,0
18183,0.122884,0
18184,0.129318,0
18185,0.124963,0
18186,0.328591,0
18187,0.222531,0
18188,0.691594,0
18189,2.441607,1
18190,0.692849,0
18191,0.405194,0
18192,0.120782,0
18193,0.121411,0
18194,0.339584,0
18195,0.373983,0
18196,0.531958,0
18197,0.533944,0
18198,0.530698,0
18199,0.486814,0
18200,0.540366,0
18201,0.374410,0
18202,0.120942,0
18203,0.129197,0
18204,0.532420,0
18205,0.375691,0
18206,0.853357,0
18207,0.123131,0
18208,1.016157,0
18209,0.377162,0
18210,0.330853,0
18211,0.375396,0
18212,0.332656,0
18213,0.379314,0
18214,0.191747,0
18215,0.340173,0
18216,0.340173,0
18217,0.197007,0
18218,0.204482,0
18219,0.224307,0
18220,0.226684,0
18221,0.377950,0
18222,0.377950,0
18223,0.330763,0
18224,0.189456,0
18225,0.527853,0
18226,0.123534,0
18227,0.185295,0
18228,0.128192,0
18229,0.127153,0
18230,0.330545,0
18231,0.375513,0
18232,0.710477,0
18233,1.018463,0
18234,0.529026,0
18235,0.116908,0
18236,0.123718,0
18237,1.688915,0
18238,0.217009,0
18239,0.375379,0
18240,0.379188,0
18241,0.373029,0
18242,0.127170,0
18243,0.374075,0
18244,0.373844,0
18245,0.374041,0
18246,0.128673,0
18247,0.531108,0
18248,0.374113,0
18249,0.374113,0
18250,0.374015,0
18251,0.373843,0
18252,0.374199,0
18253,0.120001,0
18254,0.692033,0
18255,0.369733,0
18256,0.120734,0
18257,0.127334,0
18258,0.373590,0
18259,0.373341,0
18260,0.373688,0
18261,0.531461,0
18262,0.221865,0
18263,0.237213,0
18264,0.242986,0
18265,0.242986,0
18266,0.373677,0
18267,0.373677,0
18268,0.373955,0
18269,0.373843,0
18270,0.126850,0
18271,0.130859,0
18272,0.190631,0
18273,0.229611,0
18274,0.229611,0
18275,0.229611,0
18276,0.225362,0
18277,0.128438,0
18278,0.373171,0
18279,0.359701,0
18280,0.166685,0
18281,0.315704,0
18282,0.685285,0
18283,0.205148,0
18284,1.783302,0
18285,0.685503,0
18286,0.800939,0
18287,0.690519,0
18288,0.690519,0
18289,1.553967,0
18290,0.698362,0
18291,1.306440,0
18292,1.306440,0
18293,1.306440,0
18294,0.524785,0
18295,0.377277,0
18296,0.685052,0
18297,1.520705,0
18298,0.311809,0
18299,0.684708,0
18300,0.635647,0
18301,2.472352,1
18302,1.816401,0
18303,0.848969,0
18304,0.360492,0
18305,0.084428,0
18306,0.363294,0
18307,0.161675,0
18308,0.164136,0
18309,0.164863,0
18310,2.078387,0
18311,0.366448,0
18312,2.144945,0
18313,0.684878,0
18314,0.357395,0
18315,0.310323,0
18316,0.684914,0
18317,2.079251,0
18318,0.361435,0
18319,0.361846,0
18320,0.086621,0
18321,0.685521,0
18322,0.362009,0
18323,0.362009,0
18324,0.362283,0
18325,0.361926,0
18326,0.523099,0
18327,0.523099,0
18328,2.111572,0
18329,0.206451,0
18330,0.206451,0
18331,0.685533,0
18332,0.362159,0
18333,0.362159,0
18334,0.681500,0
18335,0.700468,0
18336,1.208951,0
18337,0.697338,0
18338,0.534668,0
18339,0.534668,0
18340,0.534668,0
18341,0.533277,0
18342,0.533181,0
18343,0.532975,0
18344,0.378676,0
18345,0.136317,0
18346,0.128952,0
18347,0.534981,0
18348,0.692817,0
18349,0.535114,0
18350,0.487780,0
18351,0.487780,0
18352,0.224736,0
18353,0.484357,0
18354,1.294803,0
18355,0.374229,0
18356,0.339268,0
18357,0.487878,0
18358,0.487766,0
18359,0.487091,0
18360,1.132700,0
18361,0.488930,0
18362,1.131714,0
18363,1.264217,0
18364,0.489844,0
18365,0.651183,0
18366,0.377185,0
18367,0.697897,0
18368,2.212114,1
18369,0.695189,0
18370,0.336070,0
18371,0.328224,0
18372,2.410373,1
18373,0.542800,0
18374,0.654400,0
18375,0.643186,0
18376,0.328755,0
18377,0.345763,0
18378,0.330923,0
18379,0.330615,0
18380,0.645436,0
18381,0.490397,0
18382,0.331001,0
18383,0.423697,0
18384,0.642354,0
18385,0.396225,0
18386,1.917409,0
18387,0.532705,0
18388,0.533129,0
18389,0.530012,0
18390,0.907327,0
18391,0.373807,0
18392,0.191419,0
18393,0.486814,0
18394,0.359180,0
18395,2.047884,0
18396,0.332283,0
18397,0.329278,0
18398,0.645617,0
18399,0.648969,0
18400,0.648969,0
18401,0.337678,0
18402,0.487088,0
18403,0.485982,0
18404,0.486297,0
18405,0.485812,0
18406,0.491510,0
18407,0.493341,0
18408,0.642905,0
18409,0.329457,0
18410,0.329349,0
18411,0.327448,0
18412,1.586325,0
18413,0.636177,0
18414,0.425850,0
18415,0.637566,0
18416,0.767734,0
18417,1.128236,0
18418,0.638621,0
18419,0.172603,0
18420,2.340802,1
18421,2.340940,1
18422,2.439410,1
18423,2.472198,1
18424,1.125952,0
18425,1.127010,0
18426,1.127010,0
18427,1.129215,0
18428,0.631373,0
18429,1.473672,0
18430,0.779458,0
18431,0.339077,0
18432,1.341312,0
18433,0.532404,0
18434,1.309543,0
18435,1.308837,0
18436,0.692547,0
18437,2.440558,1
18438,2.440571,1
18439,2.440621,1
18440,2.324732,1
18441,2.290443,1
18442,0.980170,0
18443,1.634500,0
18444,1.962755,0
18445,1.995951,0
18446,0.362944,0
18447,0.684879,0
18448,0.685078,0
18449,2.178179,1
18450,0.521761,0
18451,0.688099,0
18452,0.688099,0
18453,0.519383,0
18454,0.801130,0
18455,1.011078,0
18456,0.849236,0
18457,0.848320,0
18458,0.686134,0
18459,1.305462,0
18460,1.012186,0
18461,1.011982,0
18462,1.011851,0
18463,1.011995,0
18464,2.374459,1
18465,0.685662,0
18466,1.305707,0
18467,1.963076,0
18468,1.963076,0
18469,0.978084,0
18470,0.977896,0
18471,0.977351,0
18472,0.683102,0
18473,0.359234,0
18474,0.197267,0
18475,1.307109,0
18476,1.305233,0
18477,1.731802,0
18478,1.981573,0
18479,2.553728,1
18480,2.836648,1
18481,0.600426,0
18482,0.889791,0
18483,0.489661,0
18484,0.489661,0
18485,0.489661,0
18486,0.552150,0
18487,1.629603,0
18488,0.941851,0
18489,1.020806,0
18490,17.416830,1
18491,1.074749,0
18492,0.373882,0
18493,0.331990,0
18494,0.425163,0
18495,2.774168,1
18496,3.875571,1
18497,0.424195,0
18498,0.803096,0
18499,0.507849,0
18500,1.229240,0
18501,0.391859,0
18502,0.162925,0
18503,3.016474,1
18504,0.400007,0
18505,0.683469,0
18506,0.683469,0
18507,0.683469,0
18508,0.762845,0
18509,1.166329,0
18510,1.038864,0
18511,0.195850,0
18512,1.166265,0
18513,7.984166,1
18514,1.408745,0
18515,0.344590,0
18516,0.354925,0
18517,1.866884,0
18518,0.421661,0
18519,0.561602,0
18520,0.134618,0
18521,0.134618,0
18522,0.134618,0
18523,0.136386,0
18524,0.136386,0
18525,0.192585,0
18526,0.332383,0
18527,0.138167,0
18528,0.189076,0
18529,0.529705,0
18530,0.531625,0
18531,0.189774,0
18532,0.136868,0
18533,0.533056,0
18534,0.129263,0
18535,0.378602,0
18536,0.378602,0
18537,0.375280,0
18538,0.374979,0
18539,0.228962,0
18540,0.331549,0
18541,0.484829,0
18542,0.486701,0
18543,0.336919,0
18544,0.532478,0
18545,0.376159,0
18546,0.125189,0
18547,0.485165,0
18548,0.694408,0
18549,0.694345,0
18550,1.019149,0
18551,0.379179,0
18552,1.019025,0
18553,0.378934,0
18554,0.853595,0
18555,0.855511,0
18556,0.534372,0
18557,0.646497,0
18558,0.693800,0
18559,0.856535,0
18560,0.533686,0
18561,0.535244,0
18562,0.534034,0
18563,0.855480,0
18564,0.694746,0
18565,0.538011,0
18566,0.538011,0
18567,0.235280,0
18568,0.377467,0
18569,0.377467,0
18570,0.694190,0
18571,0.648508,0
18572,0.532730,0
18573,0.384648,0
18574,0.538798,0
18575,0.531682,0
18576,0.333111,0
18577,0.330610,0
18578,0.693820,0
18579,0.363926,0
18580,0.088525,0
18581,0.085469,0
18582,0.170080,0
18583,0.098737,0
18584,0.091857,0
18585,0.359687,0
18586,0.637730,0
18587,0.169602,0
18588,2.373921,1
18589,0.314011,0
18590,0.475122,0
18591,0.475053,0
18592,0.475053,0
18593,0.849946,0
18594,0.687153,0
18595,0.799696,0
18596,0.093384,0
18597,0.093384,0
18598,0.363493,0
18599,2.079028,0
18600,1.012216,0
18601,0.848786,0
18602,0.314674,0
18603,0.359953,0
18604,0.364662,0
18605,0.204074,0
18606,0.684533,0
18607,0.686451,0
18608,0.686451,0
18609,0.686430,0
18610,1.012520,0
18611,0.521741,0
18612,1.586327,0
18613,0.361831,0
18614,0.199029,0
18615,0.362338,0
18616,0.199848,0
18617,0.199848,0
18618,0.202534,0
18619,0.202534,0
18620,0.639253,0
18621,0.848922,0
18622,0.848922,0
18623,0.525033,0
18624,0.685823,0
18625,0.684985,0
18626,0.686164,0
18627,0.363745,0
18628,0.363745,0
18629,0.521684,0
18630,0.364203,0
18631,2.144908,0
18632,0.363046,0
18633,0.736463,0
18634,0.686572,0
18635,1.013217,0
18636,1.012250,0
18637,0.683559,0
18638,0.364718,0
18639,0.799098,0
18640,0.686483,0
18641,0.365716,0
18642,0.847864,0
18643,1.011482,0
18644,1.010830,0
18645,0.685467,0
18646,0.685467,0
18647,1.013752,0
18648,2.078331,0
18649,0.523389,0
18650,0.638411,0
18651,0.522595,0
18652,0.092249,0
18653,0.314229,0
18654,0.200875,0
18655,1.011256,0
18656,0.684715,0
18657,0.073967,0
18658,0.799873,0
18659,0.088583,0
18660,0.206510,0
18661,0.206510,0
18662,0.360652,0
18663,0.522420,0
18664,0.526503,0
18665,0.360582,0
18666,0.685962,0
18667,0.684823,0
18668,0.684823,0
18669,0.522050,0
18670,0.365554,0
18671,0.203304,0
18672,0.361537,0
18673,0.362872,0
18674,0.685490,0
18675,0.684303,0
18676,2.406924,1
18677,2.406649,1
18678,0.799981,0
18679,0.636409,0
18680,0.685322,0
18681,0.684119,0
18682,0.684550,0
18683,0.081155,0
18684,0.084196,0
18685,0.846722,0
18686,1.126294,0
18687,1.389905,0
18688,0.197489,0
18689,0.683392,0
18690,1.010372,0
18691,1.013033,0
18692,0.962187,0
18693,0.355521,0
18694,0.355521,0
18695,0.681864,0
18696,0.075088,0
18697,0.684348,0
18698,0.521703,0
18699,0.800380,0
18700,0.800492,0
18701,0.360501,0
18702,0.962374,0
18703,0.850593,0
18704,0.850617,0
18705,0.850617,0
18706,0.850997,0
18707,0.850769,0
18708,0.850715,0
18709,0.556746,0
18710,0.970624,0
18711,0.385877,0
18712,0.657666,0
18713,0.154450,0
18714,0.705124,0
18715,0.743424,0
18716,0.671788,0
18717,0.910877,0
18718,1.530535,0
18719,1.483043,0
18720,0.832455,0
18721,0.845023,0
18722,0.361522,0
18723,1.801878,0
18724,1.659767,0
18725,0.663356,0
18726,0.485432,0
18727,0.379232,0
18728,0.695860,0
18729,0.329320,0
18730,0.143661,0
18731,0.141053,0
18732,0.533850,0
18733,0.533850,0
18734,0.532530,0
18735,0.335187,0
18736,0.335179,0
18737,1.558268,0
18738,0.694462,0
18739,0.224575,0
18740,0.142150,0
18741,0.142150,0
18742,0.198276,0
18743,0.487297,0
18744,0.487297,0
18745,0.487297,0
18746,0.487297,0
18747,0.487050,0
18748,0.486501,0
18749,0.332022,0
18750,0.142530,0
18751,0.198728,0
18752,0.380280,0
18753,0.692989,0
18754,0.120873,0
18755,1.019514,0
18756,0.144407,0
18757,0.133329,0
18758,0.331575,0
18759,0.646473,0
18760,0.376846,0
18761,0.532817,0
18762,0.198728,0
18763,0.198728,0
18764,0.148088,0
18765,0.146151,0
18766,0.141742,0
18767,0.139744,0
18768,0.148088,0
18769,0.143813,0
18770,0.332589,0
18771,0.334394,0
18772,0.197918,0
18773,0.197918,0
18774,0.194793,0
18775,0.141398,0
18776,0.143589,0
18777,0.141783,0
18778,0.145895,0
18779,0.143202,0
18780,0.140680,0
18781,0.140903,0
18782,0.134549,0
18783,0.647373,0
18784,0.142530,0
18785,0.423338,0
18786,0.141398,0
18787,0.148088,0
18788,0.148088,0
18789,0.141398,0
18790,0.141398,0
18791,0.141961,0
18792,0.138561,0
18793,0.144858,0
18794,0.144858,0
18795,0.227716,0
18796,0.229555,0
18797,0.373940,0
18798,0.230848,0
18799,0.140874,0
18800,0.333742,0
18801,0.201299,0
18802,0.335276,0
18803,0.335276,0
18804,0.335065,0
18805,0.136355,0
18806,0.242862,0
18807,0.333394,0
18808,0.377749,0
18809,0.130796,0
18810,0.371767,0
18811,0.376978,0
18812,0.376978,0
18813,0.372040,0
18814,0.372040,0
18815,0.191419,0
18816,0.203145,0
18817,0.378812,0
18818,0.378812,0
18819,0.377907,0
18820,0.142434,0
18821,0.135508,0
18822,0.141398,0
18823,0.141398,0
18824,0.220314,0
18825,0.219043,0
18826,0.376341,0
18827,0.130033,0
18828,0.119023,0
18829,0.230831,0
18830,0.230099,0
18831,0.137203,0
18832,0.137203,0
18833,0.232376,0
18834,0.232525,0
18835,0.231006,0
18836,0.234934,0
18837,0.330382,0
18838,1.018242,0
18839,0.141527,0
18840,0.531393,0
18841,0.531393,0
18842,0.142766,0
18843,0.141398,0
18844,0.233915,0
18845,0.196998,0
18846,0.364652,0
18847,1.017935,0
18848,0.693221,0
18849,0.528586,0
18850,0.693731,0
18851,0.534082,0
18852,0.693930,0
18853,0.534709,0
18854,1.180541,0
18855,0.855729,0
18856,1.309987,0
18857,1.016836,0
18858,1.017329,0
18859,0.693114,0
18860,0.489726,0
18861,0.136596,0
18862,0.138612,0
18863,0.489581,0
18864,0.378060,0
18865,0.694258,0
18866,0.692329,0
18867,0.380568,0
18868,0.372140,0
18869,0.139714,0
18870,0.137649,0
18871,0.684361,0
18872,0.684361,0
18873,0.089554,0
18874,0.313686,0
18875,0.474045,0
18876,0.359338,0
18877,0.312850,0
18878,0.317453,0
18879,0.687541,0
18880,0.360811,0
18881,0.313717,0
18882,0.637534,0
18883,0.637857,0
18884,1.586555,0
18885,0.364511,0
18886,1.371318,0
18887,0.524752,0
18888,0.525147,0
18889,0.638603,0
18890,0.639771,0
18891,0.636327,0
18892,0.635093,0
18893,0.637206,0
18894,0.638036,0
18895,2.014561,0
18896,0.309415,0
18897,0.314346,0
18898,0.471767,0
18899,0.100157,0
18900,0.211937,0
18901,0.358228,0
18902,0.150687,0
18903,0.089138,0
18904,0.065549,0
18905,0.203225,0
18906,0.365048,0
18907,0.310597,0
18908,0.210103,0
18909,0.201145,0
18910,0.166275,0
18911,0.684329,0
18912,0.524837,0
18913,0.527872,0
18914,1.011614,0
18915,0.521264,0
18916,0.521352,0
18917,0.359466,0
18918,0.800912,0
18919,1.306020,0
18920,0.685190,0
18921,0.521855,0
18922,2.275496,1
18923,0.363654,0
18924,1.012115,0
18925,1.012036,0
18926,0.848418,0
18927,0.684952,0
18928,0.684952,0
18929,0.685135,0
18930,0.683504,0
18931,1.291611,0
18932,0.685984,0
18933,0.685844,0
18934,0.359881,0
18935,0.478226,0
18936,0.312722,0
18937,0.802318,0
18938,0.685297,0
18939,0.685922,0
18940,0.212461,0
18941,0.206518,0
18942,0.360357,0
18943,0.358932,0
18944,0.362109,0
18945,0.360796,0
18946,0.521913,0
18947,0.355141,0
18948,0.098932,0
18949,0.098940,0
18950,0.962179,0
18951,0.635876,0
18952,1.520059,0
18953,0.962710,0
18954,0.962126,0
18955,0.799028,0
18956,0.198703,0
18957,0.472147,0
18958,0.473244,0
18959,0.797781,0
18960,0.798389,0
18961,0.798389,0
18962,0.634412,0
18963,0.635468,0
18964,1.011189,0
18965,2.111326,0
18966,0.683897,0
18967,0.358051,0
18968,0.683495,0
18969,0.355846,0
18970,0.199840,0
18971,1.592871,0
18972,1.257262,0
18973,0.367325,0
18974,0.363115,0
18975,1.435302,0
18976,1.600527,0
18977,1.471021,0
18978,0.374755,0
18979,0.312430,0
18980,1.527255,0
18981,0.645722,0
18982,0.121120,0
18983,0.693594,0
18984,0.496324,0
18985,0.328758,0
18986,0.482835,0
18987,0.693863,0
18988,0.691632,0
18989,0.694056,0
18990,0.134912,0
18991,0.332908,0
18992,0.414999,0
18993,0.378426,0
18994,0.374461,0
18995,0.968865,0
18996,0.968865,0
18997,0.482466,0
18998,0.371296,0
18999,0.392746,0
19000,0.329741,0
19001,0.127557,0
19002,0.691297,0
19003,0.330993,0
19004,0.481992,0
19005,0.219193,0
19006,0.323786,0
19007,0.645083,0
19008,0.650031,0
19009,0.335221,0
19010,0.327722,0
19011,0.335223,0
19012,0.338788,0
19013,0.331662,0
19014,0.337232,0
19015,0.332161,0
19016,0.332042,0
19017,0.332116,0
19018,0.333291,0
19019,0.332168,0
19020,0.331957,0
19021,0.482395,0
19022,0.332532,0
19023,0.332532,0
19024,0.486390,0
19025,0.646107,0
19026,1.491355,0
19027,0.486287,0
19028,0.490858,0
19029,0.643043,0
19030,0.184040,0
19031,0.191291,0
19032,0.326854,0
19033,0.485503,0
19034,0.488956,0
19035,0.488636,0
19036,0.485267,0
19037,0.328752,0
19038,0.486660,0
19039,0.332469,0
19040,0.138226,0
19041,0.373150,0
19042,0.137017,0
19043,0.138360,0
19044,0.179285,0
19045,0.126876,0
19046,0.329088,0
19047,0.323876,0
19048,0.329023,0
19049,0.123170,0
19050,0.485505,0
19051,0.484743,0
19052,0.187391,0
19053,0.123946,0
19054,0.646866,0
19055,0.645624,0
19056,0.645624,0
19057,0.645624,0
19058,0.645624,0
19059,0.638675,0
19060,0.473564,0
19061,0.311037,0
19062,0.310995,0
19063,0.472567,0
19064,0.474026,0
19065,0.310619,0
19066,0.310969,0
19067,0.309987,0
19068,0.308955,0
19069,1.898940,0
19070,0.694458,0
19071,0.693944,0
19072,0.693223,0
19073,0.693903,0
19074,0.695210,0
19075,0.695429,0
19076,0.533389,0
19077,0.533389,0
19078,0.694410,0
19079,0.694410,0
19080,0.693774,0
19081,0.533682,0
19082,0.534325,0
19083,0.692050,0
19084,0.692031,0
19085,0.534225,0
19086,0.534975,0
19087,1.015280,0
19088,0.534124,0
19089,0.532304,0
19090,0.532304,0
19091,0.528768,0
19092,1.178554,0
19093,0.692545,0
19094,0.691851,0
19095,0.646360,0
19096,1.312918,0
19097,0.693341,0
19098,1.179955,0
19099,0.693923,0
19100,0.692281,0
19101,0.646165,0
19102,0.233772,0
19103,0.693372,0
19104,0.530611,0
19105,0.377741,0
19106,0.377596,0
19107,0.377596,0
19108,0.376153,0
19109,0.375332,0
19110,0.222739,0
19111,0.137224,0
19112,0.533476,0
19113,0.533716,0
19114,0.533997,0
19115,0.533121,0
19116,0.694432,0
19117,0.531923,0
19118,0.533623,0
19119,0.533623,0
19120,0.230585,0
19121,0.229611,0
19122,0.234328,0
19123,0.535154,0
19124,0.535051,0
19125,0.693407,0
19126,0.531751,0
19127,0.532851,0
19128,0.376244,0
19129,0.378194,0
19130,0.378435,0
19131,0.378435,0
19132,0.377823,0
19133,0.693054,0
19134,0.693039,0
19135,1.376505,0
19136,0.338295,0
19137,0.529669,0
19138,0.533002,0
19139,0.373649,0
19140,0.377261,0
19141,0.693090,0
19142,0.375694,0
19143,0.341499,0
19144,0.694066,0
19145,1.015672,0
19146,0.139226,0
19147,0.136195,0
19148,0.139226,0
19149,0.139226,0
19150,0.139226,0
19151,0.138158,0
19152,0.138158,0
19153,1.312066,0
19154,0.133720,0
19155,0.133720,0
19156,0.131110,0
19157,0.229214,0
19158,0.377128,0
19159,0.695278,0
19160,0.695313,0
19161,0.694149,0
19162,0.694170,0
19163,0.693296,0
19164,0.140637,0
19165,0.139226,0
19166,0.139226,0
19167,0.139226,0
19168,0.235301,0
19169,0.231767,0
19170,0.231767,0
19171,0.231767,0
19172,0.336007,0
19173,0.152096,0
19174,0.378958,0
19175,0.375229,0
19176,0.692605,0
19177,0.692605,0
19178,0.691867,0
19179,0.532263,0
19180,0.533686,0
19181,0.533673,0
19182,0.533810,0
19183,0.529753,0
19184,0.533059,0
19185,0.532586,0
19186,0.375540,0
19187,0.373973,0
19188,0.532181,0
19189,0.329459,0
19190,0.133005,0
19191,0.136825,0
19192,0.230778,0
19193,0.230778,0
19194,0.535149,0
19195,0.535440,0
19196,0.135921,0
19197,0.135921,0
19198,0.693039,0
19199,1.310745,0
19200,0.376459,0
19201,0.693072,0
19202,0.195661,0
19203,0.532672,0
19204,0.532672,0
19205,0.533252,0
19206,0.687536,0
19207,0.688882,0
19208,0.686071,0
19209,0.689965,0
19210,0.688435,0
19211,0.685893,0
19212,0.359305,0
19213,1.011990,0
19214,0.849382,0
19215,0.849235,0
19216,0.523672,0
19217,1.013948,0
19218,0.963820,0
19219,2.144440,0
19220,1.012351,0
19221,1.014020,0
19222,0.847141,0
19223,1.306362,0
19224,1.306362,0
19225,0.962537,0
19226,0.684502,0
19227,0.689057,0
19228,1.011220,0
19229,1.011220,0
19230,0.642061,0
19231,0.524628,0
19232,0.473070,0
19233,0.474471,0
19234,0.098199,0
19235,0.364445,0
19236,0.079730,0
19237,0.073709,0
19238,0.685385,0
19239,0.688042,0
19240,0.687782,0
19241,0.521725,0
19242,0.684559,0
19243,0.521344,0
19244,0.521344,0
19245,0.685316,0
19246,0.685490,0
19247,0.685998,0
19248,1.174820,0
19249,0.523596,0
19250,0.684999,0
19251,0.524990,0
19252,1.306287,0
19253,1.010947,0
19254,2.078486,0
19255,0.362138,0
19256,1.011988,0
19257,1.011988,0
19258,0.686018,0
19259,1.011154,0
19260,1.011154,0
19261,1.012345,0
19262,0.848038,0
19263,0.522451,0
19264,1.307452,0
19265,0.687207,0
19266,0.846332,0
19267,2.078883,0
19268,0.684664,0
19269,1.013203,0
19270,1.013203,0
19271,0.684504,0
19272,0.096970,0
19273,0.685708,0
19274,0.687650,0
19275,0.685061,0
19276,0.210166,0
19277,0.359420,0
19278,0.085247,0
19279,0.361680,0
19280,0.200113,0
19281,1.306607,0
19282,0.358626,0
19283,0.325556,0
19284,0.362607,0
19285,0.635618,0
19286,0.652441,0
19287,0.635700,0
19288,0.635567,0
19289,0.477236,0
19290,0.685863,0
19291,0.361854,0
19292,0.634700,0
19293,0.367027,0
19294,0.365128,0
19295,0.367116,0
19296,0.365225,0
19297,0.363673,0
19298,0.635427,0
19299,0.525136,0
19300,0.358591,0
19301,0.210517,0
19302,0.208779,0
19303,0.211711,0
19304,0.362410,0
19305,0.361937,0
19306,0.365034,0
19307,0.362207,0
19308,0.686914,0
19309,0.641079,0
19310,0.683798,0
19311,0.686032,0
19312,0.330607,0
19313,0.687656,0
19314,0.687656,0
19315,0.519791,0
19316,0.163039,0
19317,1.009798,0
19318,0.683100,0
19319,0.848015,0
19320,0.522607,0
19321,0.683731,0
19322,0.685397,0
19323,0.636699,0
19324,0.320281,0
19325,0.635723,0
19326,0.100015,0
19327,0.098474,0
19328,0.361381,0
19329,0.094681,0
19330,1.127909,0
19331,0.684741,0
19332,0.685954,0
19333,1.012149,0
19334,0.102624,0
19335,0.635988,0
19336,0.364106,0
19337,0.799344,0
19338,0.809135,0
19339,0.799905,0
19340,0.799098,0
19341,0.799130,0
19342,0.210786,0
19343,0.799371,0
19344,0.638698,0
19345,0.636831,0
19346,0.800321,0
19347,0.523674,0
19348,0.523555,0
19349,0.522529,0
19350,0.522529,0
19351,0.522529,0
19352,0.524792,0
19353,0.524098,0
19354,0.214513,0
19355,0.522697,0
19356,0.685842,0
19357,0.685842,0
19358,0.170080,0
19359,0.524657,0
19360,0.524121,0
19361,0.366996,0
19362,0.849961,0
19363,0.523914,0
19364,0.524312,0
19365,0.524312,0
19366,0.523908,0
19367,0.684892,0
19368,0.171555,0
19369,1.010827,0
19370,0.963269,0
19371,0.845967,0
19372,1.011235,0
19373,1.011235,0
19374,0.846166,0
19375,2.012978,0
19376,2.012978,0
19377,1.520639,0
19378,0.683859,0
19379,0.359035,0
19380,2.078483,0
19381,0.799519,0
19382,2.144431,0
19383,0.681223,0
19384,2.242431,1
19385,0.799956,0
19386,1.225339,0
19387,0.519103,0
19388,0.521767,0
19389,0.684507,0
19390,0.684507,0
19391,0.688610,0
19392,0.369220,0
19393,0.553740,0
19394,1.210925,0
19395,1.210891,0
19396,0.787858,0
19397,0.694515,0
19398,0.367413,0
19399,0.527906,0
19400,0.444912,0
19401,0.681695,0
19402,0.354918,0
19403,0.395256,0
19404,0.332900,0
19405,0.333153,0
19406,0.334313,0
19407,0.334313,0
19408,0.374014,0
19409,0.330022,0
19410,0.330022,0
19411,0.191049,0
19412,0.191049,0
19413,0.189304,0
19414,0.189269,0
19415,0.534185,0
19416,0.530501,0
19417,0.689802,0
19418,0.691570,0
19419,0.530451,0
19420,0.189860,0
19421,0.374865,0
19422,0.140966,0
19423,0.140966,0
19424,0.225633,0
19425,0.344793,0
19426,0.372244,0
19427,0.691037,0
19428,0.691398,0
19429,0.373730,0
19430,0.691325,0
19431,0.691575,0
19432,0.693244,0
19433,0.692096,0
19434,0.693507,0
19435,0.692944,0
19436,0.692944,0
19437,0.692407,0
19438,0.692940,0
19439,0.693211,0
19440,0.693224,0
19441,0.693591,0
19442,0.692210,0
19443,0.373438,0
19444,0.533137,0
19445,0.693929,0
19446,0.692996,0
19447,0.692438,0
19448,0.692864,0
19449,0.377066,0
19450,0.692693,0
19451,0.377336,0
19452,0.690887,0
19453,0.690530,0
19454,0.370944,0
19455,0.372228,0
19456,0.693270,0
19457,0.693554,0
19458,0.692946,0
19459,0.692823,0
19460,0.692468,0
19461,0.692724,0
19462,0.692724,0
19463,0.532738,0
19464,0.532738,0
19465,0.532832,0
19466,0.692992,0
19467,0.693132,0
19468,0.532736,0
19469,0.532494,0
19470,0.692839,0
19471,0.375892,0
19472,0.375851,0
19473,0.123291,0
19474,0.330347,0
19475,0.333147,0
19476,0.374196,0
19477,0.371880,0
19478,0.531535,0
19479,0.531422,0
19480,0.530948,0
19481,0.530948,0
19482,0.230218,0
19483,0.231387,0
19484,0.231387,0
19485,0.330693,0
19486,0.330693,0
19487,0.375280,0
19488,0.375293,0
19489,0.375293,0
19490,0.376745,0
19491,0.374438,0
19492,0.375994,0
19493,0.375994,0
19494,0.693052,0
19495,0.193315,0
19496,0.194530,0
19497,0.692410,0
19498,0.334133,0
19499,0.530868,0
19500,0.374672,0
19501,0.375499,0
19502,0.692568,0
19503,0.532430,0
19504,0.532252,0
19505,0.531567,0
19506,0.530007,0
19507,0.532348,0
19508,0.374137,0
19509,0.373796,0
19510,0.189931,0
19511,0.135106,0
19512,0.117765,0
19513,0.129149,0
19514,0.328505,0
19515,0.691437,0
19516,0.643258,0
19517,0.374953,0
19518,0.692385,0
19519,0.186855,0
19520,0.689818,0
19521,0.691252,0
19522,0.691252,0
19523,0.692724,0
19524,0.532672,0
19525,0.532672,0
19526,0.376487,0
19527,0.376487,0
19528,0.378326,0
19529,0.378326,0
19530,0.333979,0
19531,0.126663,0
19532,0.483016,0
19533,0.485861,0
19534,0.533757,0
19535,0.532200,0
19536,0.691087,0
19537,0.372421,0
19538,0.530170,0
19539,0.693724,0
19540,0.693349,0
19541,0.532071,0
19542,0.531561,0
19543,0.531561,0
19544,0.372756,0
19545,0.690898,0
19546,0.375390,0
19547,0.374453,0
19548,0.372575,0
19549,0.532172,0
19550,0.228723,0
19551,0.374958,0
19552,0.376123,0
19553,0.143413,0
19554,0.532129,0
19555,0.531700,0
19556,0.533188,0
19557,0.691768,0
19558,0.854450,0
19559,0.854450,0
19560,0.647806,0
19561,0.690424,0
19562,0.532106,0
19563,0.530354,0
19564,0.530232,0
19565,0.530232,0
19566,0.532375,0
19567,0.532892,0
19568,0.372869,0
19569,0.372869,0
19570,0.692028,0
19571,0.695575,0
19572,0.695575,0
19573,0.373238,0
19574,0.374565,0
19575,0.544290,0
19576,0.374763,0
19577,0.377350,0
19578,0.376976,0
19579,0.531245,0
19580,0.854402,0
19581,0.691678,0
19582,0.692255,0
19583,0.530955,0
19584,0.530538,0
19585,0.530538,0
19586,0.692832,0
19587,0.373674,0
19588,0.216361,0
19589,0.223746,0
19590,0.224538,0
19591,0.372965,0
19592,0.373065,0
19593,0.223469,0
19594,0.198708,0
19595,0.199984,0
19596,0.690136,0
19597,0.690949,0
19598,0.531342,0
19599,0.374934,0
19600,0.371468,0
19601,0.371519,0
19602,0.530489,0
19603,0.531496,0
19604,0.691725,0
19605,0.691405,0
19606,0.692856,0
19607,0.692704,0
19608,0.691941,0
19609,0.691272,0
19610,0.372837,0
19611,0.372402,0
19612,0.377531,0
19613,0.372228,0
19614,0.372228,0
19615,0.531495,0
19616,0.371863,0
19617,0.373910,0
19618,0.533502,0
19619,0.486220,0
19620,0.691956,0
19621,2.147678,1
19622,2.147959,1
19623,2.147959,1
19624,0.649048,0
19625,0.532607,0
19626,0.532607,0
19627,0.219257,0
19628,0.190296,0
19629,0.190533,0
19630,0.190533,0
19631,0.691183,0
19632,0.531149,0
19633,0.372392,0
19634,0.371470,0
19635,0.371470,0
19636,0.223724,0
19637,0.229486,0
19638,0.229332,0
19639,0.229332,0
19640,0.531565,0
19641,0.530956,0
19642,0.372616,0
19643,0.329311,0
19644,0.325959,0
19645,0.856388,0
19646,0.694072,0
19647,0.694601,0
19648,0.691775,0
19649,0.337192,0
19650,0.131262,0
19651,2.015701,0
19652,0.331378,0
19653,0.234163,0
19654,0.370849,0
19655,0.191805,0
19656,0.191805,0
19657,0.337374,0
19658,0.130733,0
19659,0.130733,0
19660,0.376449,0
19661,0.227471,0
19662,0.227471,0
19663,0.125595,0
19664,0.133944,0
19665,0.130901,0
19666,0.138919,0
19667,0.532739,0
19668,0.647097,0
19669,0.647772,0
19670,0.487230,0
19671,0.193538,0
19672,0.191109,0
19673,0.373184,0
19674,0.375476,0
19675,0.330853,0
19676,0.189947,0
19677,0.190146,0
19678,0.330075,0
19679,0.330118,0
19680,0.330175,0
19681,0.330639,0
19682,0.331559,0
19683,0.328986,0
19684,0.187763,0
19685,0.188631,0
19686,2.013049,0
19687,2.013871,0
19688,2.012934,0
19689,2.013780,0
19690,0.168398,0
19691,0.684825,0
19692,0.522315,0
19693,0.358364,0
19694,0.358498,0
19695,0.815096,0
19696,0.334944,0
19697,0.332007,0
19698,0.686016,0
19699,0.363722,0
19700,0.685413,0
19701,0.360528,0
19702,0.522416,0
19703,0.686636,0
19704,0.476295,0
19705,0.474988,0
19706,0.802492,0
19707,0.683558,0
19708,0.684598,0
19709,1.013511,0
19710,0.682828,0
19711,0.524634,0
19712,0.105553,0
19713,0.329361,0
19714,0.638126,0
19715,0.638126,0
19716,0.332820,0
19717,0.521767,0
19718,0.523908,0
19719,0.361590,0
19720,1.586399,0
19721,0.635822,0
19722,0.683669,0
19723,0.522531,0
19724,0.559628,0
19725,0.315085,0
19726,0.522332,0
19727,0.358203,0
19728,0.801745,0
19729,0.359128,0
19730,0.360335,0
19731,0.362341,0
19732,0.360340,0
19733,0.365413,0
19734,0.802700,0
19735,0.359742,0
19736,0.360380,0
19737,0.359699,0
19738,0.684328,0
19739,0.525384,0
19740,0.526271,0
19741,0.526271,0
19742,1.980372,0
19743,0.521346,0
19744,0.163473,0
19745,0.639511,0
19746,0.091808,0
19747,0.314847,0
19748,0.314847,0
19749,0.094170,0
19750,0.472802,0
19751,0.687808,0
19752,0.360278,0
19753,0.207046,0
19754,0.523330,0
19755,0.157986,0
19756,0.157986,0
19757,0.962052,0
19758,1.127191,0
19759,1.127129,0
19760,1.127335,0
19761,1.127335,0
19762,1.126295,0
19763,0.962121,0
19764,0.636979,0
19765,0.637678,0
19766,0.312783,0
19767,1.281347,0
19768,0.920959,0
19769,0.343662,0
19770,0.421841,0
19771,0.363803,0
19772,0.363803,0
19773,0.364036,0
19774,0.573553,0
19775,0.188107,0
19776,0.135789,0
19777,0.374016,0
19778,0.532564,0
19779,0.532564,0
19780,0.532564,0
19781,0.529879,0
19782,0.185392,0
19783,0.532133,0
19784,0.189513,0
19785,0.159822,0
19786,0.346700,0
19787,0.346700,0
19788,0.346700,0
19789,0.434293,0
19790,0.371176,0
19791,0.140841,0
19792,0.307534,0
19793,0.150133,0
19794,0.123565,0
19795,0.111896,0
19796,0.122751,0
19797,0.119384,0
19798,0.125693,0
19799,0.122583,0
19800,0.804961,0
19801,0.166240,0
19802,0.164856,0
19803,0.481478,0
19804,0.299292,0
19805,0.419036,0
19806,0.152041,0
19807,0.154042,0
19808,0.419498,0
19809,0.345738,0
19810,0.346499,0
19811,0.249349,0
19812,0.872138,0
19813,0.404710,0
19814,0.315139,0
19815,0.315139,0
19816,0.315139,0
19817,0.315154,0
19818,0.315290,0
19819,0.316037,0
19820,0.488891,0
19821,0.488392,0
19822,0.125257,0
19823,0.376072,0
19824,0.377105,0
19825,0.193088,0
19826,0.196552,0
19827,0.139308,0
19828,0.141749,0
19829,0.223227,0
19830,0.199066,0
19831,0.128490,0
19832,0.194243,0
19833,0.361226,0
19834,0.523029,0
19835,0.522538,0
19836,0.061641,0
19837,0.682850,0
19838,0.328055,0
19839,0.074192,0
19840,0.584013,0
19841,0.068051,0
19842,0.309952,0
19843,0.333517,0
19844,1.980476,0
19845,2.013706,0
19846,2.013706,0
19847,2.013706,0
19848,2.013706,0
19849,2.013706,0
19850,0.068476,0
19851,0.300766,0
19852,0.396286,0
19853,0.637083,0
19854,0.159137,0
19855,0.165447,0
19856,0.215417,0
19857,0.205989,0
19858,0.211517,0
19859,0.194938,0
19860,0.085961,0
19861,0.165611,0
19862,1.554272,0
19863,1.979668,0
19864,0.522387,0
19865,0.043240,0
19866,0.101032,0
19867,0.290412,0
19868,1.388600,0
19869,0.962480,0
19870,0.799722,0
19871,0.354770,0
19872,7.644895,1
19873,10.691245,1
19874,0.357953,0
19875,0.247840,0
19876,0.390265,0
19877,0.337783,0
19878,1.180011,0
19879,0.533830,0
19880,0.194814,0
19881,0.693547,0
19882,1.016311,0
19883,1.015405,0
19884,1.017958,0
19885,0.854856,0
19886,0.693238,0
19887,1.016823,0
19888,0.691673,0
19889,0.530638,0
19890,0.690393,0
19891,0.854487,0
19892,1.015750,0
19893,0.341166,0
19894,0.528351,0
19895,0.529615,0
19896,0.692024,0
19897,0.693704,0
19898,0.371742,0
19899,1.015766,0
19900,0.692198,0
19901,0.692601,0
19902,0.692721,0
19903,0.693830,0
19904,0.695062,0
19905,0.377633,0
19906,0.693414,0
19907,0.693892,0
19908,0.692632,0
19909,0.371065,0
19910,0.691072,0
19911,0.693064,0
19912,0.693920,0
19913,0.693930,0
19914,0.374816,0
19915,0.534031,0
19916,0.694447,0
19917,1.018901,0
19918,1.310441,0
19919,0.694719,0
19920,0.693616,0
19921,0.693180,0
19922,0.693180,0
19923,0.695279,0
19924,0.693930,0
19925,0.690056,0
19926,0.197028,0
19927,1.016066,0
19928,0.690016,0
19929,0.692566,0
19930,0.692098,0
19931,0.857440,0
19932,0.694169,0
19933,0.693260,0
19934,0.691520,0
19935,0.691386,0
19936,1.312158,0
19937,0.530480,0
19938,0.535250,0
19939,0.530198,0
19940,0.695335,0
19941,0.695733,0
19942,1.017817,0
19943,0.693531,0
19944,0.693938,0
19945,0.693938,0
19946,0.693286,0
19947,0.693454,0
19948,0.694835,0
19949,0.695004,0
19950,0.692683,0
19951,1.018725,0
19952,0.532268,0
19953,0.540603,0
19954,0.855317,0
19955,0.379873,0
19956,0.374667,0
19957,0.531657,0
19958,0.695220,0
19959,0.380047,0
19960,0.532109,0
19961,0.692204,0
19962,0.533284,0
19963,0.853864,0
19964,1.022490,0
19965,0.229037,0
19966,0.690999,0
19967,1.015924,0
19968,0.857243,0
19969,1.017423,0
19970,0.692757,0
19971,0.692604,0
19972,0.695863,0
19973,0.530435,0
19974,0.531883,0
19975,0.692387,0
19976,0.532955,0
19977,0.694207,0
19978,0.854745,0
19979,0.531447,0
19980,1.017681,0
19981,1.311789,0
19982,0.533909,0
19983,0.534465,0
19984,0.534158,0
19985,0.534158,0
19986,0.534158,0
19987,0.376073,0
19988,0.691831,0
19989,0.691831,0
19990,0.376605,0
19991,0.533651,0
19992,0.377087,0
19993,0.377240,0
19994,0.693889,0
19995,0.693138,0
19996,0.693597,0
19997,0.692876,0
19998,0.693682,0
19999,0.693682,0
20000,0.692241,0
20001,0.692241,0
20002,0.692549,0
20003,0.690245,0
20004,0.533402,0
20005,0.374442,0
20006,0.532203,0
20007,0.694109,0
20008,0.694235,0
20009,0.854828,0
20010,0.694237,0
20011,0.693152,0
20012,0.531729,0
20013,1.015716,0
20014,0.230175,0
20015,0.695092,0
20016,0.377144,0
20017,0.376780,0
20018,0.377150,0
20019,0.376111,0
20020,0.376009,0
20021,0.376477,0
20022,0.374109,0
20023,0.375061,0
20024,0.693150,0
20025,0.692594,0
20026,0.693860,0
20027,0.694196,0
20028,0.694196,0
20029,0.531987,0
20030,0.536457,0
20031,0.531923,0
20032,0.694204,0
20033,0.694034,0
20034,0.692747,0
20035,0.692889,0
20036,0.692046,0
20037,0.694575,0
20038,0.694575,0
20039,0.689258,0
20040,0.692313,0
20041,0.533625,0
20042,0.533625,0
20043,0.693068,0
20044,0.694514,0
20045,0.534376,0
20046,0.533553,0
20047,0.646477,0
20048,0.533451,0
20049,0.534160,0
20050,0.534283,0
20051,0.531499,0
20052,0.693780,0
20053,0.693625,0
20054,1.311037,0
20055,0.534051,0
20056,0.692543,0
20057,0.846843,0
20058,0.683940,0
20059,1.011667,0
20060,0.846681,0
20061,0.361049,0
20062,0.331213,0
20063,1.174456,0
20064,0.518583,0
20065,1.031737,0
20066,1.010487,0
20067,0.848357,0
20068,1.010865,0
20069,0.204460,0
20070,0.332568,0
20071,1.010454,0
20072,0.330105,0
20073,0.522187,0
20074,0.169130,0
20075,0.687624,0
20076,0.686230,0
20077,0.685215,0
20078,0.685874,0
20079,0.364522,0
20080,0.685221,0
20081,0.684840,0
20082,0.684116,0
20083,0.092187,0
20084,0.685986,0
20085,0.684397,0
20086,0.686261,0
20087,0.683551,0
20088,0.685449,0
20089,0.687698,0
20090,0.687698,0
20091,0.685490,0
20092,0.684609,0
20093,0.687512,0
20094,0.522373,0
20095,0.687938,0
20096,0.687938,0
20097,1.011050,0
20098,0.686048,0
20099,0.684675,0
20100,0.684675,0
20101,0.686649,0
20102,2.177499,1
20103,0.684478,0
20104,0.683282,0
20105,0.684687,0
20106,0.684687,0
20107,1.010894,0
20108,0.683634,0
20109,0.687310,0
20110,0.685874,0
20111,0.684363,0
20112,0.524560,0
20113,0.685673,0
20114,0.684859,0
20115,1.010883,0
20116,1.305053,0
20117,0.685490,0
20118,0.849173,0
20119,0.685284,0
20120,0.686070,0
20121,0.687397,0
20122,0.685463,0
20123,0.686900,0
20124,0.683537,0
20125,0.360738,0
20126,0.685047,0
20127,0.684228,0
20128,1.011194,0
20129,1.306056,0
20130,1.307022,0
20131,1.306998,0
20132,0.522473,0
20133,0.683711,0
20134,1.010708,0
20135,0.848518,0
20136,0.686726,0
20137,0.524753,0
20138,0.683980,0
20139,0.848134,0
20140,0.365610,0
20141,0.358614,0
20142,0.684952,0
20143,0.364685,0
20144,0.359137,0
20145,0.359766,0
20146,0.684637,0
20147,0.684393,0
20148,0.684247,0
20149,0.850601,0
20150,0.685921,0
20151,1.012139,0
20152,0.685378,0
20153,0.850671,0
20154,0.520825,0
20155,0.685446,0
20156,0.360063,0
20157,0.360063,0
20158,0.363353,0
20159,0.684632,0
20160,0.362520,0
20161,0.687466,0
20162,0.684637,0
20163,1.011400,0
20164,1.012288,0
20165,0.848258,0
20166,2.113018,0
20167,0.361454,0
20168,0.848859,0
20169,1.175416,0
20170,1.009990,0
20171,0.473675,0
20172,0.684292,0
20173,0.522628,0
20174,0.851744,0
20175,1.010565,0
20176,1.174437,0
20177,0.524895,0
20178,1.011597,0
20179,0.687378,0
20180,0.685823,0
20181,0.684727,0
20182,0.638545,0
20183,0.683551,0
20184,1.652784,0
20185,1.652782,0
20186,0.847710,0
20187,0.639192,0
20188,1.011801,0
20189,1.010554,0
20190,1.012438,0
20191,0.315663,0
20192,0.518115,0
20193,0.525946,0
20194,0.523027,0
20195,0.203242,0
20196,0.685404,0
20197,0.684374,0
20198,0.686468,0
20199,0.523237,0
20200,0.518997,0
20201,0.685455,0
20202,0.684509,0
20203,0.364618,0
20204,0.359706,0
20205,0.684182,0
20206,0.363570,0
20207,0.687512,0
20208,0.686375,0
20209,0.361308,0
20210,0.685750,0
20211,0.520662,0
20212,0.525040,0
20213,0.686110,0
20214,0.686723,0
20215,0.686216,0
20216,0.686976,0
20217,0.684557,0
20218,0.684111,0
20219,0.684864,0
20220,0.684864,0
20221,0.684864,0
20222,0.683837,0
20223,0.684590,0
20224,0.523917,0
20225,0.687418,0
20226,0.685727,0
20227,0.208914,0
20228,0.360950,0
20229,0.525870,0
20230,0.519915,0
20231,0.523613,0
20232,0.523111,0
20233,0.683887,0
20234,0.687390,0
20235,0.682172,0
20236,0.686512,0
20237,0.683800,0
20238,0.685909,0
20239,0.847416,0
20240,0.849672,0
20241,0.212408,0
20242,0.687257,0
20243,0.360834,0
20244,0.686719,0
20245,0.688291,0
20246,0.683752,0
20247,0.685986,0
20248,0.686778,0
20249,0.686372,0
20250,0.160104,0
20251,0.685488,0
20252,0.685518,0
20253,0.524574,0
20254,0.525266,0
20255,0.522706,0
20256,0.522706,0
20257,0.684976,0
20258,0.524036,0
20259,0.685959,0
20260,0.685959,0
20261,0.523143,0
20262,0.526338,0
20263,2.112062,0
20264,0.683748,0
20265,0.519387,0
20266,2.406903,1
20267,0.684107,0
20268,0.682219,0
20269,0.681324,0
20270,0.688745,0
20271,1.304701,0
20272,0.684240,0
20273,1.010058,0
20274,1.011196,0
20275,0.684945,0
20276,0.517574,0
20277,1.225016,0
20278,0.683275,0
20279,0.683275,0
20280,0.800336,0
20281,0.800336,0
20282,0.682230,0
20283,0.682230,0
20284,0.962871,0
20285,1.290340,0
20286,2.143955,0
20287,1.308070,0
20288,0.681164,0
20289,1.011004,0
20290,1.010815,0
20291,0.846487,0
20292,0.370887,0
20293,2.289443,1
20294,0.332081,0
20295,0.333872,0
20296,0.690726,0
20297,0.687178,0
20298,0.386250,0
20299,0.403542,0
20300,1.052911,0
20301,0.687452,0
20302,0.687452,0
20303,0.357008,0
20304,0.380902,0
20305,0.354472,0
20306,0.394660,0
20307,1.014621,0
20308,0.338184,0
20309,0.386177,0
20310,0.690636,0
20311,0.690126,0
20312,0.391297,0
20313,0.376405,0
20314,0.522013,0
20315,0.688250,0
20316,2.451233,1
20317,0.325893,0
20318,0.436844,0
20319,0.370774,0
20320,0.378046,0
20321,0.386280,0
20322,4.795821,1
20323,0.439261,0
20324,2.280721,1
20325,1.592584,0
20326,0.694237,0
20327,0.232317,0
20328,0.232317,0
20329,0.334803,0
20330,0.142328,0
20331,0.376445,0
20332,1.016673,0
20333,0.692739,0
20334,0.376159,0
20335,0.378226,0
20336,0.127035,0
20337,0.376921,0
20338,0.538010,0
20339,0.533106,0
20340,0.693659,0
20341,0.854163,0
20342,0.362791,0
20343,0.522481,0
20344,0.686030,0
20345,0.684245,0
20346,1.011857,0
20347,1.012151,0
20348,1.305857,0
20349,1.306813,0
20350,1.306813,0
20351,0.212565,0
20352,0.358987,0
20353,1.306074,0
20354,0.168660,0
20355,0.366943,0
20356,0.166543,0
20357,0.106795,0
20358,0.362911,0
20359,1.014388,0
20360,1.013103,0
20361,0.684283,0
20362,1.915553,0
20363,1.012403,0
20364,0.360941,0
20365,0.360912,0
20366,1.307761,0
20367,1.307063,0
20368,0.360026,0
20369,0.684138,0
20370,1.307622,0
20371,0.329272,0
20372,0.522090,0
20373,0.684103,0
20374,0.848884,0
20375,1.305862,0
20376,1.305844,0
20377,1.306963,0
20378,1.012059,0
20379,1.011174,0
20380,0.521359,0
20381,1.012607,0
20382,1.010878,0
20383,0.683423,0
20384,0.520847,0
20385,0.329408,0
20386,0.848986,0
20387,1.012209,0
20388,1.012730,0
20389,0.685936,0
20390,1.012079,0
20391,0.684484,0
20392,0.358831,0
20393,1.307023,0
20394,0.684467,0
20395,0.684809,0
20396,0.637463,0
20397,0.849543,0
20398,1.174755,0
20399,1.011999,0
20400,1.010400,0
20401,1.307371,0
20402,0.522005,0
20403,0.526912,0
20404,0.527385,0
20405,0.360987,0
20406,0.522283,0
20407,0.520434,0
20408,0.330858,0
20409,0.524282,0
20410,1.011471,0
20411,0.685232,0
20412,1.010850,0
20413,1.010544,0
20414,0.521317,0
20415,0.521584,0
20416,0.847231,0
20417,0.526373,0
20418,2.079573,0
20419,1.011136,0
20420,0.357116,0
20421,0.357116,0
20422,1.010486,0
20423,1.305883,0
20424,1.305820,0
20425,1.305570,0
20426,1.305543,0
20427,1.010782,0
20428,1.010812,0
20429,0.846700,0
20430,0.846669,0
20431,0.846669,0
20432,1.305700,0
20433,1.010755,0
20434,1.010755,0
20435,0.683030,0
20436,0.655501,0
20437,0.688394,0
20438,0.785325,0
20439,0.785207,0
20440,0.785174,0
20441,0.850323,0
20442,0.873281,0
20443,0.365716,0
20444,0.366546,0
20445,0.366135,0
20446,0.366135,0
20447,0.365447,0
20448,0.416666,0
20449,0.416666,0
20450,0.416347,0
20451,0.416634,0
20452,0.416666,0
20453,0.416666,0
20454,0.417383,0
20455,0.417383,0
20456,0.699412,0
20457,0.418329,0
20458,0.416205,0
20459,0.418291,0
20460,0.418258,0
20461,0.417624,0
20462,0.418287,0
20463,0.418287,0
20464,0.495919,0
20465,0.454574,0
20466,0.496399,0
20467,0.418291,0
20468,0.416778,0
20469,0.418310,0
20470,0.419307,0
20471,0.366135,0
20472,0.366135,0
20473,0.365752,0
20474,0.418291,0
20475,0.418291,0
20476,0.697748,0
20477,0.417443,0
20478,0.365552,0
20479,0.418329,0
20480,0.418291,0
20481,0.418753,0
20482,0.416057,0
20483,1.162359,0
20484,0.386782,0
20485,0.419689,0
20486,0.418608,0
20487,0.390394,0
20488,0.334498,0
20489,0.392032,0
20490,0.389319,0
20491,0.363044,0
20492,0.421725,0
20493,0.471270,0
20494,0.377467,0
20495,0.335854,0
20496,0.540030,0
20497,0.811798,0
20498,0.363454,0
20499,0.396639,0
20500,0.403688,0
20501,0.369580,0
20502,0.699899,0
20503,2.016268,0
20504,2.016618,0
20505,1.016553,0
20506,0.400708,0
20507,1.182876,0
20508,1.947204,0
20509,1.175498,0
20510,0.389056,0
20511,1.175366,0
20512,1.175270,0
20513,0.849117,0
20514,0.634975,0
20515,0.848134,0
20516,0.313584,0
20517,1.010160,0
20518,0.387398,0
20519,1.553087,0
20520,1.947085,0
20521,1.010165,0
20522,0.846119,0
20523,0.389336,0
20524,0.543856,0
20525,0.826043,0
20526,0.401955,0
20527,0.544477,0
20528,0.544477,0
20529,0.544477,0
20530,0.602073,0
20531,0.659993,0
20532,0.424977,0
20533,0.486401,0
20534,0.808146,0
20535,0.692320,0
20536,0.332260,0
20537,0.487679,0
20538,0.647174,0
20539,0.164235,0
20540,0.690209,0
20541,0.327762,0
20542,0.330009,0
20543,0.330222,0
20544,0.374348,0
20545,0.374348,0
20546,0.487269,0
20547,0.487269,0
20548,0.374312,0
20549,0.232849,0
20550,0.183998,0
20551,0.376490,0
20552,0.376709,0
20553,0.331736,0
20554,0.485121,0
20555,0.228132,0
20556,0.483060,0
20557,0.486580,0
20558,0.486728,0
20559,0.532743,0
20560,0.332469,0
20561,0.188732,0
20562,0.486699,0
20563,0.532918,0
20564,0.332959,0
20565,0.332959,0
20566,0.646435,0
20567,0.373394,0
20568,0.373394,0
20569,0.226283,0
20570,0.230919,0
20571,0.231923,0
20572,0.693503,0
20573,0.807667,0
20574,0.807667,0
20575,0.806611,0
20576,0.806611,0
20577,0.805300,0
20578,0.647507,0
20579,0.486572,0
20580,0.485866,0
20581,0.375422,0
20582,0.373965,0
20583,0.692736,0
20584,0.331492,0
20585,0.647578,0
20586,0.368627,0
20587,0.531474,0
20588,0.377563,0
20589,0.232557,0
20590,0.646458,0
20591,0.136086,0
20592,0.138220,0
20593,0.129594,0
20594,0.326096,0
20595,0.335468,0
20596,0.529628,0
20597,0.531322,0
20598,0.691947,0
20599,0.530440,0
20600,0.372616,0
20601,0.194313,0
20602,0.533242,0
20603,0.226942,0
20604,0.225668,0
20605,0.130137,0
20606,2.147718,1
20607,2.147718,1
20608,0.193538,0
20609,2.115390,0
20610,0.526831,0
20611,0.968899,0
20612,0.646408,0
20613,0.644008,0
20614,0.969457,0
20615,0.192032,0
20616,0.695670,0
20617,0.700273,0
20618,0.484761,0
20619,0.486254,0
20620,0.486454,0
20621,0.372677,0
20622,2.081270,0
20623,2.082203,0
20624,0.486031,0
20625,0.488868,0
20626,0.645506,0
20627,0.807887,0
20628,0.807887,0
20629,0.807887,0
20630,0.644932,0
20631,0.970047,0
20632,0.424275,0
20633,0.424275,0
20634,0.643572,0
20635,0.330853,0
20636,0.330853,0
20637,0.486254,0
20638,0.646006,0
20639,0.487744,0
20640,0.486386,0
20641,0.646456,0
20642,0.331534,0
20643,0.331534,0
20644,0.477026,0
20645,0.331659,0
20646,1.820327,0
20647,2.179348,1
20648,0.482279,0
20649,0.482279,0
20650,0.805899,0
20651,0.805927,0
20652,0.133385,0
20653,0.534292,0
20654,0.192549,0
20655,0.486733,0
20656,0.486733,0
20657,0.333572,0
20658,0.486934,0
20659,0.491191,0
20660,0.537190,0
20661,0.169850,0
20662,0.686200,0
20663,0.686200,0
20664,0.361247,0
20665,0.360473,0
20666,1.850300,0
20667,0.635030,0
20668,0.635030,0
20669,0.799537,0
20670,0.799457,0
20671,1.815901,0
20672,2.308647,1
20673,0.310172,0
20674,0.310172,0
20675,0.310960,0
20676,0.474950,0
20677,0.206041,0
20678,0.522136,0
20679,0.522136,0
20680,0.636989,0
20681,0.472222,0
20682,0.316988,0
20683,0.523824,0
20684,0.203127,0
20685,0.155402,0
20686,0.473554,0
20687,0.688594,0
20688,0.311887,0
20689,0.636740,0
20690,1.849367,0
20691,1.553451,0
20692,0.318855,0
20693,0.318855,0
20694,0.521523,0
20695,1.816079,0
20696,0.309990,0
20697,1.011299,0
20698,2.078976,0
20699,0.522656,0
20700,0.318475,0
20701,0.522339,0
20702,0.523943,0
20703,0.522086,0
20704,0.522086,0
20705,0.360380,0
20706,0.521632,0
20707,0.522086,0
20708,0.360049,0
20709,0.360678,0
20710,0.360678,0
20711,0.319524,0
20712,0.684478,0
20713,0.684911,0
20714,0.424961,0
20715,2.177177,1
20716,0.168055,0
20717,0.963308,0
20718,0.471273,0
20719,2.406765,1
20720,2.177997,1
20721,0.684611,0
20722,0.524166,0
20723,0.524164,0
20724,0.522774,0
20725,0.479118,0
20726,2.013377,0
20727,0.380090,0
20728,0.317322,0
20729,0.539179,0
20730,2.145152,0
20731,0.635078,0
20732,0.635610,0
20733,0.634832,0
20734,0.963150,0
20735,0.637641,0
20736,2.472420,1
20737,0.519065,0
20738,0.801150,0
20739,1.586320,0
20740,1.292173,0
20741,2.045986,0
20742,0.638244,0
20743,0.638244,0
20744,0.637668,0
20745,0.636479,0
20746,0.062693,0
20747,0.800340,0
20748,0.963727,0
20749,0.315299,0
20750,0.637804,0
20751,0.637804,0
20752,0.635559,0
20753,0.644664,0
20754,0.798667,0
20755,0.799303,0
20756,0.312978,0
20757,0.521604,0
20758,2.012724,0
20759,0.635567,0
20760,1.816578,0
20761,1.816578,0
20762,1.816578,0
20763,0.635450,0
20764,0.636452,0
20765,0.636563,0
20766,0.962504,0
20767,0.963936,0
20768,0.361204,0
20769,0.634647,0
20770,2.176979,1
20771,1.521661,0
20772,0.635761,0
20773,0.635761,0
20774,1.619164,0
20775,1.619164,0
20776,0.475569,0
20777,0.470870,0
20778,0.472944,0
20779,0.639482,0
20780,0.636770,0
20781,0.636770,0
20782,2.177513,1
20783,0.635980,0
20784,0.310401,0
20785,0.310401,0
20786,0.357862,0
20787,1.520492,0
20788,0.356813,0
20789,2.176868,1
20790,0.473027,0
20791,0.309701,0
20792,0.319753,0
20793,0.472441,0
20794,0.316653,0
20795,0.310141,0
20796,0.317667,0
20797,0.315572,0
20798,0.636368,0
20799,0.311123,0
20800,0.310336,0
20801,0.798947,0
20802,0.798154,0
20803,0.521145,0
20804,0.521313,0
20805,0.470024,0
20806,0.635557,0
20807,1.175767,0
20808,0.624119,0
20809,0.685412,0
20810,0.529721,0
20811,0.640693,0
20812,0.695111,0
20813,0.487596,0
20814,0.334772,0
20815,0.694342,0
20816,0.694342,0
20817,0.692134,0
20818,0.537624,0
20819,0.537593,0
20820,0.537593,0
20821,0.536692,0
20822,0.536692,0
20823,0.381356,0
20824,0.381356,0
20825,0.381356,0
20826,0.532982,0
20827,0.535494,0
20828,0.535494,0
20829,0.535494,0
20830,0.378452,0
20831,0.693266,0
20832,0.856397,0
20833,0.855825,0
20834,0.856397,0
20835,0.856397,0
20836,0.856397,0
20837,0.532941,0
20838,0.486704,0
20839,0.377703,0
20840,0.379868,0
20841,0.693846,0
20842,0.692002,0
20843,0.693665,0
20844,0.379302,0
20845,0.379344,0
20846,0.379344,0
20847,0.693852,0
20848,0.693852,0
20849,0.192027,0
20850,0.330605,0
20851,0.692477,0
20852,0.374723,0
20853,0.694308,0
20854,0.230200,0
20855,0.534564,0
20856,0.694178,0
20857,0.693076,0
20858,0.373728,0
20859,0.374520,0
20860,0.377509,0
20861,0.375942,0
20862,0.375154,0
20863,0.376254,0
20864,0.376754,0
20865,0.694392,0
20866,0.694392,0
20867,0.691695,0
20868,0.694966,0
20869,0.535135,0
20870,0.536856,0
20871,0.534222,0
20872,0.382180,0
20873,0.376159,0
20874,0.333781,0
20875,0.374520,0
20876,0.375150,0
20877,0.375150,0
20878,0.374187,0
20879,0.232608,0
20880,0.373179,0
20881,0.377610,0
20882,0.377610,0
20883,0.377890,0
20884,0.377610,0
20885,0.535174,0
20886,0.535174,0
20887,0.535174,0
20888,0.535174,0
20889,0.533623,0
20890,0.535559,0
20891,0.535494,0
20892,0.856692,0
20893,0.856692,0
20894,0.853932,0
20895,1.311707,0
20896,0.856530,0
20897,0.487114,0
20898,0.693929,0
20899,0.691788,0
20900,0.691788,0
20901,0.694729,0
20902,0.531966,0
20903,0.153905,0
20904,0.647082,0
20905,0.647082,0
20906,0.533860,0
20907,0.129301,0
20908,0.535494,0
20909,0.531084,0
20910,0.695364,0
20911,1.884308,0
20912,0.531708,0
20913,0.531874,0
20914,0.693407,0
20915,0.695109,0
20916,0.694342,0
20917,0.533998,0
20918,0.691093,0
20919,0.695152,0
20920,0.695003,0
20921,0.695003,0
20922,0.374980,0
20923,0.329479,0
20924,0.645201,0
20925,0.539090,0
20926,0.532758,0
20927,0.371926,0
20928,0.694789,0
20929,0.645940,0
20930,0.145766,0
20931,0.487079,0
20932,0.487079,0
20933,0.196378,0
20934,0.203054,0
20935,0.374870,0
20936,0.331535,0
20937,0.534796,0
20938,0.192901,0
20939,0.535269,0
20940,0.535269,0
20941,0.531521,0
20942,0.373453,0
20943,0.534985,0
20944,0.535644,0
20945,0.535530,0
20946,0.374857,0
20947,0.379712,0
20948,0.378983,0
20949,0.694623,0
20950,0.695313,0
20951,0.695011,0
20952,0.695211,0
20953,0.695211,0
20954,0.695415,0
20955,0.695615,0
20956,0.695141,0
20957,0.693389,0
20958,0.533585,0
20959,0.532922,0
20960,0.331969,0
20961,0.531488,0
20962,0.693941,0
20963,0.695624,0
20964,0.710431,0
20965,0.490170,0
20966,0.379776,0
20967,0.379776,0
20968,0.694913,0
20969,0.693043,0
20970,0.692209,0
20971,0.334555,0
20972,0.334555,0
20973,0.334555,0
20974,0.531279,0
20975,0.334518,0
20976,0.533388,0
20977,0.533388,0
20978,0.691684,0
20979,0.694677,0
20980,0.232589,0
20981,0.644137,0
20982,0.532253,0
20983,0.693227,0
20984,0.692385,0
20985,0.695111,0
20986,0.695111,0
20987,0.695111,0
20988,0.535043,0
20989,0.535088,0
20990,0.535494,0
20991,0.535494,0
20992,0.535494,0
20993,0.535494,0
20994,0.325171,0
20995,0.534909,0
20996,0.534901,0
20997,0.535494,0
20998,0.692895,0
20999,0.692895,0
21000,0.332195,0
21001,0.698121,0
21002,0.697922,0
21003,0.697476,0
21004,0.697488,0
21005,0.697488,0
21006,0.531667,0
21007,0.383954,0
21008,0.383954,0
21009,0.383954,0
21010,0.383954,0
21011,0.383954,0
21012,0.383954,0
21013,0.538090,0
21014,0.538090,0
21015,0.538090,0
21016,0.538204,0
21017,0.538204,0
21018,0.856924,0
21019,0.858002,0
21020,0.377671,0
21021,0.377671,0
21022,0.376750,0
21023,0.376750,0
21024,0.376750,0
21025,0.532037,0
21026,0.532037,0
21027,0.968751,0
21028,1.015701,0
21029,1.015711,0
21030,1.015711,0
21031,0.132386,0
21032,0.369360,0
21033,0.695107,0
21034,0.695111,0
21035,0.695211,0
21036,0.807724,0
21037,0.807724,0
21038,0.330463,0
21039,0.373588,0
21040,0.487307,0
21041,0.192821,0
21042,0.694528,0
21043,0.695430,0
21044,0.373543,0
21045,0.373543,0
21046,0.337771,0
21047,0.646275,0
21048,0.646231,0
21049,0.533137,0
21050,0.227893,0
21051,0.229920,0
21052,0.228719,0
21053,0.130959,0
21054,2.049153,0
21055,2.081663,0
21056,0.375581,0
21057,0.372077,0
21058,0.192626,0
21059,0.375281,0
21060,0.375969,0
21061,0.375969,0
21062,0.374678,0
21063,0.532452,0
21064,0.532452,0
21065,0.532801,0
21066,0.532819,0
21067,0.529226,0
21068,0.531106,0
21069,0.197918,0
21070,0.197918,0
21071,0.231061,0
21072,0.532607,0
21073,0.532819,0
21074,0.532819,0
21075,0.532819,0
21076,0.229019,0
21077,0.335659,0
21078,0.376158,0
21079,0.487213,0
21080,0.691333,0
21081,0.236623,0
21082,0.227366,0
21083,0.376159,0
21084,0.189619,0
21085,0.189619,0
21086,0.375925,0
21087,0.331190,0
21088,0.329989,0
21089,0.372566,0
21090,0.375620,0
21091,0.375620,0
21092,0.375977,0
21093,0.375723,0
21094,0.375723,0
21095,0.692435,0
21096,0.692326,0
21097,0.692326,0
21098,0.692484,0
21099,0.692484,0
21100,0.692484,0
21101,0.692397,0
21102,0.691504,0
21103,0.198993,0
21104,0.692421,0
21105,0.374273,0
21106,0.374273,0
21107,0.529728,0
21108,0.532381,0
21109,0.144389,0
21110,0.143660,0
21111,0.141646,0
21112,0.186595,0
21113,2.147933,1
21114,0.372725,0
21115,0.332415,0
21116,0.224623,0
21117,0.224623,0
21118,0.371614,0
21119,0.530570,0
21120,1.947447,0
21121,0.163662,0
21122,0.163662,0
21123,0.687938,0
21124,0.687938,0
21125,0.313611,0
21126,0.523116,0
21127,1.882328,0
21128,2.176870,1
21129,0.359018,0
21130,0.473477,0
21131,0.473089,0
21132,0.471401,0
21133,2.013284,0
21134,0.473240,0
21135,0.767735,0
21136,0.523719,0
21137,0.850724,0
21138,0.850724,0
21139,0.687794,0
21140,0.099256,0
21141,0.162049,0
21142,0.636406,0
21143,0.207224,0
21144,0.367052,0
21145,0.366173,0
21146,0.104671,0
21147,0.362259,0
21148,0.362259,0
21149,0.365606,0
21150,0.311770,0
21151,0.525263,0
21152,0.523116,0
21153,0.521458,0
21154,0.519839,0
21155,0.077338,0
21156,0.524330,0
21157,0.684371,0
21158,0.521464,0
21159,0.167940,0
21160,0.638411,0
21161,0.639528,0
21162,0.522716,0
21163,0.685947,0
21164,0.685947,0
21165,0.686803,0
21166,0.523486,0
21167,0.524205,0
21168,0.525537,0
21169,1.817803,0
21170,0.364707,0
21171,0.522464,0
21172,0.637716,0
21173,0.480920,0
21174,0.480920,0
21175,0.157247,0
21176,0.636182,0
21177,0.691015,0
21178,0.691015,0
21179,0.963735,0
21180,0.963908,0
21181,0.963908,0
21182,0.159096,0
21183,2.144551,0
21184,0.196469,0
21185,0.685616,0
21186,0.152487,0
21187,0.526604,0
21188,0.686936,0
21189,2.111757,0
21190,0.362208,0
21191,0.522946,0
21192,0.684100,0
21193,0.638909,0
21194,0.523006,0
21195,0.686595,0
21196,0.363681,0
21197,0.524261,0
21198,0.963306,0
21199,0.635896,0
21200,0.636868,0
21201,0.524648,0
21202,1.881721,0
21203,0.356885,0
21204,0.636383,0
21205,0.636383,0
21206,1.684871,0
21207,0.686491,0
21208,0.686491,0
21209,0.683305,0
21210,0.363585,0
21211,0.329776,0
21212,0.686477,0
21213,0.686477,0
21214,0.686477,0
21215,0.686477,0
21216,0.360868,0
21217,0.519912,0
21218,0.519186,0
21219,0.799899,0
21220,0.833487,0
21221,1.980083,0
21222,0.365389,0
21223,0.206820,0
21224,0.526177,0
21225,1.586426,0
21226,0.523257,0
21227,2.472572,1
21228,0.362919,0
21229,0.473698,0
21230,0.473698,0
21231,0.473698,0
21232,0.320526,0
21233,0.519423,0
21234,1.750703,0
21235,0.685180,0
21236,0.319231,0
21237,0.331175,0
21238,0.151826,0
21239,0.361925,0
21240,0.364223,0
21241,0.360852,0
21242,0.521631,0
21243,0.214826,0
21244,0.522891,0
21245,0.685170,0
21246,0.358233,0
21247,0.174945,0
21248,0.362254,0
21249,1.718161,0
21250,1.784208,0
21251,1.784208,0
21252,0.315875,0
21253,0.163453,0
21254,2.108003,0
21255,0.848151,0
21256,2.209213,1
21257,0.106490,0
21258,0.382877,0
21259,2.119053,0
21260,0.361848,0
21261,0.365876,0
21262,0.368939,0
21263,8.064798,1
21264,0.379610,0
21265,1.016073,0
21266,0.691894,0
21267,0.695745,0
21268,0.694056,0
21269,0.694056,0
21270,0.531973,0
21271,0.531683,0
21272,0.691300,0
21273,0.854702,0
21274,0.854042,0
21275,0.692561,0
21276,0.693315,0
21277,0.693315,0
21278,0.693518,0
21279,0.693518,0
21280,1.019911,0
21281,0.691668,0
21282,1.310510,0
21283,0.691458,0
21284,0.972340,0
21285,0.854744,0
21286,0.855159,0
21287,1.018317,0
21288,1.017330,0
21289,1.016817,0
21290,1.017272,0
21291,1.020747,0
21292,0.532714,0
21293,0.693507,0
21294,0.531284,0
21295,0.533137,0
21296,0.533137,0
21297,0.692414,0
21298,0.693441,0
21299,0.531981,0
21300,0.531665,0
21301,0.533737,0
21302,0.236037,0
21303,0.534233,0
21304,0.532895,0
21305,0.534070,0
21306,0.693749,0
21307,0.531835,0
21308,0.531580,0
21309,0.693362,0
21310,0.693729,0
21311,0.692885,0
21312,0.692481,0
21313,0.691843,0
21314,0.535512,0
21315,0.694257,0
21316,0.694257,0
21317,0.532054,0
21318,0.694308,0
21319,0.376841,0
21320,0.376938,0
21321,0.375652,0
21322,0.231022,0
21323,0.232154,0
21324,0.222151,0
21325,0.532461,0
21326,0.532461,0
21327,0.532672,0
21328,1.016778,0
21329,0.695653,0
21330,0.695653,0
21331,0.646275,0
21332,0.692762,0
21333,0.533960,0
21334,0.139957,0
21335,0.137361,0
21336,0.137361,0
21337,0.534420,0
21338,0.531567,0
21339,0.134517,0
21340,0.134517,0
21341,0.693491,0
21342,0.693764,0
21343,0.692864,0
21344,0.693437,0
21345,0.694579,0
21346,0.694579,0
21347,0.694534,0
21348,0.694691,0
21349,0.693823,0
21350,0.693823,0
21351,0.694962,0
21352,0.535138,0
21353,0.377610,0
21354,0.379947,0
21355,0.693899,0
21356,0.372330,0
21357,0.691182,0
21358,0.530848,0
21359,0.338748,0
21360,0.336933,0
21361,0.490913,0
21362,0.488696,0
21363,0.489022,0
21364,0.693393,0
21365,0.691788,0
21366,2.342763,1
21367,0.649219,0
21368,0.146181,0
21369,0.146181,0
21370,0.692226,0
21371,0.694226,0
21372,0.383372,0
21373,0.379860,0
21374,0.376357,0
21375,0.374782,0
21376,0.374782,0
21377,2.115359,0
21378,0.138220,0
21379,0.693110,0
21380,0.374299,0
21381,0.647284,0
21382,0.531627,0
21383,0.532884,0
21384,0.530510,0
21385,0.531298,0
21386,0.198367,0
21387,0.142025,0
21388,0.538021,0
21389,0.538021,0
21390,0.538021,0
21391,0.377882,0
21392,0.138220,0
21393,0.376179,0
21394,0.534773,0
21395,0.532877,0
21396,0.533079,0
21397,0.533079,0
21398,0.533079,0
21399,0.374602,0
21400,0.646330,0
21401,0.646330,0
21402,0.645747,0
21403,1.019257,0
21404,0.693290,0
21405,1.461191,0
21406,0.532737,0
21407,0.529547,0
21408,0.854468,0
21409,0.693600,0
21410,2.015563,0
21411,0.337359,0
21412,0.337359,0
21413,0.532989,0
21414,0.532868,0
21415,0.532868,0
21416,1.950508,0
21417,0.531837,0
21418,0.854450,0
21419,0.533100,0
21420,0.146041,0
21421,0.143529,0
21422,0.144103,0
21423,0.144103,0
21424,0.144103,0
21425,0.532424,0
21426,0.532424,0
21427,0.532424,0
21428,0.377989,0
21429,0.336581,0
21430,0.532607,0
21431,0.532737,0
21432,0.532737,0
21433,0.532737,0
21434,0.533782,0
21435,0.534378,0
21436,0.532125,0
21437,0.147950,0
21438,0.147950,0
21439,0.337855,0
21440,0.692391,0
21441,0.686968,0
21442,1.176343,0
21443,2.013231,0
21444,2.210252,1
21445,1.011226,0
21446,1.011509,0
21447,1.011509,0
21448,0.688031,0
21449,0.330592,0
21450,0.685581,0
21451,0.637347,0
21452,0.637347,0
21453,0.686104,0
21454,0.682307,0
21455,0.848836,0
21456,0.849554,0
21457,2.079185,0
21458,2.079983,0
21459,2.144763,0
21460,2.111683,0
21461,0.685710,0
21462,0.684215,0
21463,0.520925,0
21464,0.850244,0
21465,1.012680,0
21466,2.013112,0
21467,1.012076,0
21468,1.013835,0
21469,2.144568,0
21470,2.046339,0
21471,1.372925,0
21472,2.177799,1
21473,1.684773,0
21474,1.013731,0
21475,0.474360,0
21476,0.474360,0
21477,0.474360,0
21478,1.652061,0
21479,2.046935,0
21480,2.114053,0
21481,1.307621,0
21482,0.685051,0
21483,1.013676,0
21484,1.306806,0
21485,1.306861,0
21486,0.521185,0
21487,2.079475,0
21488,0.520940,0
21489,0.522774,0
21490,0.685413,0
21491,0.639943,0
21492,0.521110,0
21493,0.361615,0
21494,0.685554,0
21495,0.687236,0
21496,0.268260,0
21497,0.685634,0
21498,2.078926,0
21499,1.552884,0
21500,1.010272,0
21501,1.010272,0
21502,2.144531,0
21503,0.310925,0
21504,0.685170,0
21505,1.915188,0
21506,1.915492,0
21507,0.687808,0
21508,0.686449,0
21509,0.205869,0
21510,0.205869,0
21511,0.205869,0
21512,1.980284,0
21513,1.849022,0
21514,0.362077,0
21515,0.686914,0
21516,0.686914,0
21517,0.684858,0
21518,2.144675,0
21519,2.144195,0
21520,0.682696,0
21521,0.685600,0
21522,0.685532,0
21523,0.685532,0
21524,0.683638,0
21525,0.682904,0
21526,0.685223,0
21527,0.685223,0
21528,0.684822,0
21529,0.682399,0
21530,2.341865,1
21531,0.848867,0
21532,1.783096,0
21533,0.360920,0
21534,0.361947,0
21535,0.361947,0
21536,0.361947,0
21537,0.361947,0
21538,0.361947,0
21539,0.361947,0
21540,2.013287,0
21541,2.013287,0
21542,2.046478,0
21543,2.046478,0
21544,0.360137,0
21545,0.361947,0
21546,0.964246,0
21547,0.361833,0
21548,0.367536,0
21549,0.362161,0
21550,0.636622,0
21551,0.686471,0
21552,0.325212,0
21553,0.358785,0
21554,0.357470,0
21555,0.474911,0
21556,0.355681,0
21557,0.474890,0
21558,0.525676,0
21559,0.521301,0
21560,2.177929,1
21561,0.523681,0
21562,0.521832,0
21563,0.159284,0
21564,0.317964,0
21565,0.317258,0
21566,0.366653,0
21567,0.362820,0
21568,0.364672,0
21569,0.362894,0
21570,0.101256,0
21571,0.364223,0
21572,0.361118,0
21573,0.686140,0
21574,0.687049,0
21575,2.112122,0
21576,0.686396,0
21577,2.211075,1
21578,2.112042,0
21579,2.177438,1
21580,0.684109,0
21581,0.799826,0
21582,0.323973,0
21583,0.323973,0
21584,0.323973,0
21585,0.685641,0
21586,1.010557,0
21587,0.850133,0
21588,0.849848,0
21589,2.078474,0
21590,0.317741,0
21591,0.362199,0
21592,2.013827,0
21593,0.524497,0
21594,0.522341,0
21595,1.948228,0
21596,0.521897,0
21597,0.099224,0
21598,1.783324,0
21599,0.521493,0
21600,0.521806,0
21601,2.144415,0
21602,0.517468,0
21603,1.305081,0
21604,2.111378,0
21605,0.518970,0
21606,0.359938,0
21607,0.521983,0
21608,0.518424,0
21609,0.517821,0
21610,0.681563,0
21611,0.519889,0
21612,0.852886,0
21613,0.372067,0
21614,0.364898,0
21615,0.417360,0
21616,2.148759,1
21617,0.339531,0
21618,0.945212,0
21619,0.372147,0
21620,0.692935,0
21621,0.225447,0
21622,0.533730,0
21623,0.533730,0
21624,0.695656,0
21625,0.691360,0
21626,0.693277,0
21627,0.693810,0
21628,0.692382,0
21629,0.373767,0
21630,0.375373,0
21631,0.375373,0
21632,0.693974,0
21633,0.691862,0
21634,0.692876,0
21635,0.695721,0
21636,0.374846,0
21637,0.532795,0
21638,0.375994,0
21639,0.375994,0
21640,0.331408,0
21641,0.330809,0
21642,0.531171,0
21643,0.535524,0
21644,0.535612,0
21645,0.535683,0
21646,0.372386,0
21647,0.692889,0
21648,0.380093,0
21649,0.375462,0
21650,0.372763,0
21651,0.376065,0
21652,0.692989,0
21653,0.693507,0
21654,0.693545,0
21655,0.692843,0
21656,0.692059,0
21657,0.692059,0
21658,0.332510,0
21659,0.532000,0
21660,0.489335,0
21661,0.532648,0
21662,0.531599,0
21663,1.295683,0
21664,0.138645,0
21665,0.377483,0
21666,0.378211,0
21667,0.533823,0
21668,0.533823,0
21669,0.488097,0
21670,0.532607,0
21671,0.532607,0
21672,0.380146,0
21673,0.378561,0
21674,0.378561,0
21675,0.534668,0
21676,0.534668,0
21677,0.378166,0
21678,0.534861,0
21679,0.694151,0
21680,0.232287,0
21681,0.532531,0
21682,0.375349,0
21683,0.533511,0
21684,0.231073,0
21685,0.373942,0
21686,0.231073,0
21687,0.375492,0
21688,0.376821,0
21689,0.375878,0
21690,0.378149,0
21691,0.693002,0
21692,0.647567,0
21693,0.648555,0
21694,0.692938,0
21695,0.695989,0
21696,0.693016,0
21697,0.694394,0
21698,0.531857,0
21699,0.530680,0
21700,0.530680,0
21701,0.531844,0
21702,0.375786,0
21703,0.695364,0
21704,0.695364,0
21705,0.371573,0
21706,0.371573,0
21707,0.533533,0
21708,0.533533,0
21709,0.534292,0
21710,0.694289,0
21711,0.380648,0
21712,0.534556,0
21713,0.534985,0
21714,0.535494,0
21715,0.532816,0
21716,0.536159,0
21717,0.374207,0
21718,0.375119,0
21719,0.379776,0
21720,0.134457,0
21721,0.534529,0
21722,0.533113,0
21723,0.142644,0
21724,0.535482,0
21725,0.535482,0
21726,0.696350,0
21727,0.533863,0
21728,1.181414,0
21729,0.328522,0
21730,0.534590,0
21731,0.533990,0
21732,0.532319,0
21733,0.532319,0
21734,0.531256,0
21735,0.376325,0
21736,0.373601,0
21737,0.375786,0
21738,0.532470,0
21739,0.532095,0
21740,0.531545,0
21741,0.531545,0
21742,0.692431,0
21743,0.693731,0
21744,0.223364,0
21745,0.532686,0
21746,0.533051,0
21747,0.533738,0
21748,0.371460,0
21749,0.376260,0
21750,0.374059,0
21751,0.375900,0
21752,0.375487,0
21753,0.375103,0
21754,0.374688,0
21755,0.374871,0
21756,0.336441,0
21757,0.693930,0
21758,0.380373,0
21759,0.692165,0
21760,0.694776,0
21761,0.146643,0
21762,0.695105,0
21763,0.693460,0
21764,0.691040,0
21765,0.695364,0
21766,0.695061,0
21767,0.694326,0
21768,0.690910,0
21769,0.373971,0
21770,0.647953,0
21771,0.695096,0
21772,0.191498,0
21773,0.190808,0
21774,0.377000,0
21775,0.647028,0
21776,0.694403,0
21777,0.532137,0
21778,0.532137,0
21779,0.535690,0
21780,0.694930,0
21781,0.532253,0
21782,0.533780,0
21783,0.533780,0
21784,0.112601,0
21785,0.112601,0
21786,0.534882,0
21787,0.535889,0
21788,0.535889,0
21789,0.375293,0
21790,0.375156,0
21791,0.228273,0
21792,0.374318,0
21793,0.374035,0
21794,0.374035,0
21795,0.240557,0
21796,0.695453,0
21797,0.695453,0
21798,0.695202,0
21799,0.240557,0
21800,0.532951,0
21801,0.536152,0
21802,0.535480,0
21803,0.535480,0
21804,0.535480,0
21805,0.535480,0
21806,0.535480,0
21807,0.229793,0
21808,0.229793,0
21809,0.229793,0
21810,0.229793,0
21811,0.533125,0
21812,0.532255,0
21813,0.374080,0
21814,0.378882,0
21815,0.194862,0
21816,0.377014,0
21817,0.336506,0
21818,0.331773,0
21819,0.332954,0
21820,0.531022,0
21821,0.329598,0
21822,0.329598,0
21823,0.329066,0
21824,0.329845,0
21825,0.530684,0
21826,1.312040,0
21827,0.192736,0
21828,0.190010,0
21829,0.195030,0
21830,2.309952,1
21831,0.330776,0
21832,0.109373,0
21833,2.047856,0
21834,0.331534,0
21835,0.332585,0
21836,0.375556,0
21837,0.330853,0
21838,0.329324,0
21839,0.332042,0
21840,0.200882,0
21841,0.200882,0
21842,0.198142,0
21843,0.520381,0
21844,0.687306,0
21845,0.358689,0
21846,0.361377,0
21847,0.362085,0
21848,0.360560,0
21849,0.355624,0
21850,0.686459,0
21851,0.364498,0
21852,0.112842,0
21853,0.686269,0
21854,0.363207,0
21855,0.524433,0
21856,0.364033,0
21857,0.363845,0
21858,0.363845,0
21859,0.363845,0
21860,0.683999,0
21861,0.523761,0
21862,0.684364,0
21863,0.684364,0
21864,0.522169,0
21865,0.687481,0
21866,0.686172,0
21867,0.523104,0
21868,0.524157,0
21869,0.524683,0
21870,2.078857,0
21871,0.365956,0
21872,0.311877,0
21873,0.686332,0
21874,0.208956,0
21875,0.319660,0
21876,0.089923,0
21877,0.362124,0
21878,0.686729,0
21879,0.092840,0
21880,0.096688,0
21881,0.685699,0
21882,0.362198,0
21883,0.362198,0
21884,0.362198,0
21885,0.361036,0
21886,0.361036,0
21887,0.071871,0
21888,0.522298,0
21889,0.523554,0
21890,0.362198,0
21891,0.358855,0
21892,0.365351,0
21893,0.359821,0
21894,0.475751,0
21895,0.523863,0
21896,0.362516,0
21897,2.144531,0
21898,0.314887,0
21899,0.361107,0
21900,0.361107,0
21901,0.361107,0
21902,0.364337,0
21903,0.209204,0
21904,0.472039,0
21905,0.366087,0
21906,0.687260,0
21907,0.683074,0
21908,0.848926,0
21909,2.177231,1
21910,0.849263,0
21911,0.685419,0
21912,0.686665,0
21913,0.522278,0
21914,0.363310,0
21915,0.519623,0
21916,0.308926,0
21917,0.308926,0
21918,0.686080,0
21919,0.308727,0
21920,0.524166,0
21921,0.522712,0
21922,0.363891,0
21923,0.686025,0
21924,0.524466,0
21925,0.524836,0
21926,0.525295,0
21927,0.167561,0
21928,0.363112,0
21929,0.475048,0
21930,2.111401,0
21931,0.847421,0
21932,0.847437,0
21933,2.406713,1
21934,1.717399,0
21935,0.687272,0
21936,0.683252,0
21937,0.363276,0
21938,0.475793,0
21939,0.525831,0
21940,0.525831,0
21941,0.685749,0
21942,0.685749,0
21943,0.685488,0
21944,0.682807,0
21945,0.684654,0
21946,0.687515,0
21947,0.685115,0
21948,0.684316,0
21949,0.358682,0
21950,0.160987,0
21951,2.144531,0
21952,0.312473,0
21953,0.207563,0
21954,0.688806,0
21955,0.472559,0
21956,0.474147,0
21957,0.160987,0
21958,0.799613,0
21959,0.164075,0
21960,0.152015,0
21961,0.311555,0
21962,0.478383,0
21963,0.311907,0
21964,0.314531,0
21965,0.117541,0
21966,0.636653,0
21967,0.080594,0
21968,0.315851,0
21969,0.310653,0
21970,0.310653,0
21971,0.310237,0
21972,0.315058,0
21973,1.308187,0
21974,2.112389,0
21975,2.111280,0
21976,0.688564,0
21977,0.518630,0
21978,0.311541,0
21979,0.315945,0
21980,0.683150,0
21981,0.682999,0
21982,0.686697,0
21983,0.636199,0
21984,0.801413,0
21985,0.518703,0
21986,0.202154,0
21987,0.092363,0
21988,0.687680,0
21989,0.332854,0
21990,1.300587,0
21991,1.300574,0
21992,0.851578,0
21993,2.118725,0
21994,0.149711,0
21995,0.365476,0
21996,2.019045,0
21997,0.645232,0
21998,0.377527,0
21999,0.334856,0
22000,0.338708,0
22001,0.376029,0
22002,0.192616,0
22003,0.690589,0
22004,0.330108,0
22005,0.485238,0
22006,0.231731,0
22007,0.338688,0
22008,0.531858,0
22009,0.328201,0
22010,0.377950,0
22011,0.533222,0
22012,0.235353,0
22013,1.016387,0
22014,0.194674,0
22015,0.192636,0
22016,0.194674,0
22017,0.184776,0
22018,0.317070,0
22019,0.230567,0
22020,0.230567,0
22021,0.230567,0
22022,0.232381,0
22023,0.232381,0
22024,0.230567,0
22025,0.229214,0
22026,0.333138,0
22027,0.332726,0
22028,0.334463,0
22029,0.333667,0
22030,0.486208,0
22031,0.691970,0
22032,0.693172,0
22033,0.230742,0
22034,0.230742,0
22035,0.230742,0
22036,0.130953,0
22037,0.230567,0
22038,0.230567,0
22039,0.230567,0
22040,0.194369,0
22041,0.693257,0
22042,0.694625,0
22043,0.692616,0
22044,0.694419,0
22045,0.694419,0
22046,0.697000,0
22047,0.694282,0
22048,0.647299,0
22049,0.647299,0
22050,0.534768,0
22051,0.486689,0
22052,0.375202,0
22053,0.531127,0
22054,0.531127,0
22055,0.487914,0
22056,0.375161,0
22057,0.375161,0
22058,0.373354,0
22059,0.373354,0
22060,0.373388,0
22061,0.373351,0
22062,0.373351,0
22063,0.533998,0
22064,0.332175,0
22065,0.498492,0
22066,0.487759,0
22067,0.692589,0
22068,0.693781,0
22069,0.692902,0
22070,0.690514,0
22071,0.375462,0
22072,0.331229,0
22073,0.230559,0
22074,1.131203,0
22075,0.190748,0
22076,0.333574,0
22077,0.190648,0
22078,0.328511,0
22079,0.129938,0
22080,0.129938,0
22081,0.226772,0
22082,0.691865,0
22083,0.376278,0
22084,0.222545,0
22085,0.224795,0
22086,0.193462,0
22087,0.330427,0
22088,0.389111,0
22089,0.373470,0
22090,0.693052,0
22091,0.693052,0
22092,0.645528,0
22093,0.117123,0
22094,0.535918,0
22095,0.535918,0
22096,0.224167,0
22097,0.224167,0
22098,0.692584,0
22099,0.333797,0
22100,0.530759,0
22101,0.533226,0
22102,0.532988,0
22103,0.374017,0
22104,0.693989,0
22105,0.532700,0
22106,0.532238,0
22107,0.646735,0
22108,0.532324,0
22109,0.226528,0
22110,0.332089,0
22111,0.229428,0
22112,0.331671,0
22113,0.331671,0
22114,0.693089,0
22115,0.532110,0
22116,0.486954,0
22117,0.485663,0
22118,0.335117,0
22119,0.335117,0
22120,0.532432,0
22121,0.531890,0
22122,0.376070,0
22123,0.229794,0
22124,0.374673,0
22125,0.228330,0
22126,0.376070,0
22127,0.376070,0
22128,0.374197,0
22129,0.374197,0
22130,0.374653,0
22131,0.373825,0
22132,0.374011,0
22133,0.374903,0
22134,0.374812,0
22135,0.855655,0
22136,0.224899,0
22137,0.532696,0
22138,0.372588,0
22139,0.329921,0
22140,0.331389,0
22141,0.644227,0
22142,0.533579,0
22143,0.337719,0
22144,0.337719,0
22145,0.336797,0
22146,0.336797,0
22147,0.336797,0
22148,0.807853,0
22149,0.692398,0
22150,0.691783,0
22151,0.188813,0
22152,0.188813,0
22153,0.221213,0
22154,0.380727,0
22155,0.336549,0
22156,0.373750,0
22157,0.374447,0
22158,0.130323,0
22159,0.189943,0
22160,0.531774,0
22161,0.375007,0
22162,0.642591,0
22163,0.374448,0
22164,0.691930,0
22165,0.531450,0
22166,2.116178,0
22167,2.114982,0
22168,2.147831,1
22169,0.204483,0
22170,0.531961,0
22171,0.691443,0
22172,0.691443,0
22173,0.691972,0
22174,1.524153,0
22175,0.695010,0
22176,0.695010,0
22177,0.144927,0
22178,0.695197,0
22179,0.694943,0
22180,0.647712,0
22181,0.694997,0
22182,0.694997,0
22183,0.968642,0
22184,0.378044,0
22185,0.328281,0
22186,0.335049,0
22187,0.643790,0
22188,0.221013,0
22189,0.332568,0
22190,0.332568,0
22191,0.485485,0
22192,0.532055,0
22193,0.532055,0
22194,0.190213,0
22195,0.190808,0
22196,0.333096,0
22197,0.192213,0
22198,0.317355,0
22199,0.330545,0
22200,0.535440,0
22201,0.224064,0
22202,0.224064,0
22203,0.691280,0
22204,0.376455,0
22205,0.378557,0
22206,0.379908,0
22207,0.376127,0
22208,0.531410,0
22209,0.375894,0
22210,0.191780,0
22211,0.331336,0
22212,0.333187,0
22213,0.332947,0
22214,0.203604,0
22215,0.693856,0
22216,0.531423,0
22217,0.138926,0
22218,0.332415,0
22219,0.330668,0
22220,2.247113,1
22221,0.228299,0
22222,0.229296,0
22223,0.375441,0
22224,0.696500,0
22225,0.693836,0
22226,0.693836,0
22227,0.693836,0
22228,0.693836,0
22229,0.693836,0
22230,0.195543,0
22231,0.324864,0
22232,1.849142,0
22233,0.151684,0
22234,0.362675,0
22235,0.159658,0
22236,2.111275,0
22237,2.505840,1
22238,0.065240,0
22239,0.163871,0
22240,0.152743,0
22241,0.310856,0
22242,0.474423,0
22243,0.476805,0
22244,0.540050,0
22245,2.439751,1
22246,1.521107,0
22247,1.455508,0
22248,0.801192,0
22249,0.801192,0
22250,0.801507,0
22251,0.637969,0
22252,0.799999,0
22253,0.200352,0
22254,0.200352,0
22255,1.980543,0
22256,0.152821,0
22257,0.799817,0
22258,0.302789,0
22259,0.302789,0
22260,0.210497,0
22261,0.210497,0
22262,0.210497,0
22263,0.477704,0
22264,0.094681,0
22265,0.520599,0
22266,0.209594,0
22267,0.331803,0
22268,0.214191,0
22269,0.210193,0
22270,0.210193,0
22271,2.144985,0
22272,2.145428,0
22273,0.683587,0
22274,2.013002,0
22275,1.718302,0
22276,0.521215,0
22277,1.947311,0
22278,2.144592,0
22279,1.684738,0
22280,0.473502,0
22281,0.521341,0
22282,1.885336,0
22283,0.071259,0
22284,0.152903,0
22285,0.685167,0
22286,0.683268,0
22287,0.318659,0
22288,0.318659,0
22289,0.686562,0
22290,1.980087,0
22291,2.012902,0
22292,2.177276,1
22293,0.605897,0
22294,0.360586,0
22295,2.144633,0
22296,0.165743,0
22297,0.202241,0
22298,0.363954,0
22299,0.360756,0
22300,0.359400,0
22301,0.314898,0
22302,0.319488,0
22303,0.686677,0
22304,0.083876,0
22305,0.168543,0
22306,0.331299,0
22307,0.317286,0
22308,0.317286,0
22309,0.766749,0
22310,0.477936,0
22311,0.362947,0
22312,0.365518,0
22313,0.366976,0
22314,0.361019,0
22315,0.363353,0
22316,0.315658,0
22317,0.683631,0
22318,0.196695,0
22319,2.047460,0
22320,0.639174,0
22321,0.639130,0
22322,0.360428,0
22323,0.683647,0
22324,0.684946,0
22325,0.362108,0
22326,2.112115,0
22327,0.519520,0
22328,0.317440,0
22329,0.313740,0
22330,0.314088,0
22331,0.314826,0
22332,0.312827,0
22333,0.315290,0
22334,2.079849,0
22335,2.112100,0
22336,2.112100,0
22337,2.111214,0
22338,0.636622,0
22339,0.637231,0
22340,0.637231,0
22341,0.360903,0
22342,1.849220,0
22343,0.359300,0
22344,0.357181,0
22345,0.360077,0
22346,0.079819,0
22347,1.520634,0
22348,0.522370,0
22349,0.311809,0
22350,0.070482,0
22351,0.332770,0
22352,2.111601,0
22353,0.311462,0
22354,1.521180,0
22355,0.524827,0
22356,1.717704,0
22357,0.160397,0
22358,2.308211,1
22359,2.144710,0
22360,0.116837,0
22361,0.524827,0
22362,0.524827,0
22363,1.914571,0
22364,1.914476,0
22365,1.127200,0
22366,0.636772,0
22367,1.455295,0
22368,0.520497,0
22369,2.111984,0
22370,2.111984,0
22371,0.311104,0
22372,0.199406,0
22373,2.472559,1
22374,2.472457,1
22375,0.848039,0
22376,0.848899,0
22377,0.848899,0
22378,0.519779,0
22379,0.342425,0
22380,1.887569,0
22381,1.427433,0
22382,2.221443,1
22383,1.491842,0
22384,0.663471,0
22385,0.493287,0
22386,0.889414,0
22387,1.276472,0
22388,1.068212,0
22389,0.253526,0
22390,0.647890,0
22391,0.648871,0
22392,0.648871,0
22393,0.335038,0
22394,0.335038,0
22395,0.335038,0
22396,0.375286,0
22397,0.201363,0
22398,0.201363,0
22399,0.530715,0
22400,0.229485,0
22401,0.646704,0
22402,0.692677,0
22403,0.692671,0
22404,0.375999,0
22405,0.375694,0
22406,0.374110,0
22407,0.224438,0
22408,0.220092,0
22409,0.806384,0
22410,0.533805,0
22411,0.486097,0
22412,0.488153,0
22413,0.330819,0
22414,0.337073,0
22415,0.224324,0
22416,2.441544,1
22417,0.373624,0
22418,0.129166,0
22419,0.484414,0
22420,0.647124,0
22421,0.647124,0
22422,0.647124,0
22423,0.647124,0
22424,0.379362,0
22425,0.383743,0
22426,1.017342,0
22427,0.372567,0
22428,0.534806,0
22429,0.691032,0
22430,0.531835,0
22431,0.529844,0
22432,0.371805,0
22433,0.223413,0
22434,0.223413,0
22435,0.225717,0
22436,0.691596,0
22437,0.690893,0
22438,0.119325,0
22439,0.374055,0
22440,0.375361,0
22441,0.375361,0
22442,0.372732,0
22443,0.378133,0
22444,0.371092,0
22445,0.191050,0
22446,0.531997,0
22447,0.531997,0
22448,0.694790,0
22449,0.694790,0
22450,0.189827,0
22451,0.373174,0
22452,0.373649,0
22453,0.374425,0
22454,0.374425,0
22455,0.371043,0
22456,0.371043,0
22457,0.374788,0
22458,0.694640,0
22459,1.982497,0
22460,0.225447,0
22461,0.692499,0
22462,0.701593,0
22463,0.691767,0
22464,0.690534,0
22465,0.692540,0
22466,0.373414,0
22467,0.371979,0
22468,0.371979,0
22469,0.374439,0
22470,0.368388,0
22471,0.370867,0
22472,0.371389,0
22473,0.370780,0
22474,0.370780,0
22475,0.371079,0
22476,0.691464,0
22477,0.530994,0
22478,0.530458,0
22479,0.692002,0
22480,0.374127,0
22481,0.371210,0
22482,0.139412,0
22483,0.528509,0
22484,0.528961,0
22485,0.690077,0
22486,0.690864,0
22487,0.532254,0
22488,0.532254,0
22489,0.135965,0
22490,0.134876,0
22491,0.131675,0
22492,0.335038,0
22493,0.134354,0
22494,0.197918,0
22495,0.691675,0
22496,0.531205,0
22497,0.132337,0
22498,0.374036,0
22499,0.372811,0
22500,0.372800,0
22501,0.374266,0
22502,0.375006,0
22503,0.374199,0
22504,0.372656,0
22505,0.530832,0
22506,0.530832,0
22507,0.234666,0
22508,0.236715,0
22509,0.231696,0
22510,0.228831,0
22511,0.691140,0
22512,0.489315,0
22513,0.692356,0
22514,0.691442,0
22515,0.374517,0
22516,0.374517,0
22517,0.372459,0
22518,0.531942,0
22519,0.530985,0
22520,0.394054,0
22521,0.235303,0
22522,0.227506,0
22523,0.231276,0
22524,0.235303,0
22525,0.133379,0
22526,0.134607,0
22527,0.127058,0
22528,0.335038,0
22529,0.223262,0
22530,0.691327,0
22531,0.691327,0
22532,0.691327,0
22533,0.531741,0
22534,0.532799,0
22535,0.376646,0
22536,0.374394,0
22537,0.375832,0
22538,0.376646,0
22539,0.692990,0
22540,0.193852,0
22541,0.193852,0
22542,0.691406,0
22543,0.334419,0
22544,0.334419,0
22545,0.201618,0
22546,0.232667,0
22547,0.232760,0
22548,0.232008,0
22549,0.196552,0
22550,0.196552,0
22551,0.196552,0
22552,0.196552,0
22553,0.196552,0
22554,0.488560,0
22555,0.488560,0
22556,0.196552,0
22557,0.184477,0
22558,0.196552,0
22559,0.196552,0
22560,0.196552,0
22561,0.331484,0
22562,0.128206,0
22563,0.124783,0
22564,0.219827,0
22565,0.530725,0
22566,0.186279,0
22567,0.375149,0
22568,0.377325,0
22569,0.375066,0
22570,0.530468,0
22571,0.530580,0
22572,0.531290,0
22573,0.530573,0
22574,0.375914,0
22575,0.373651,0
22576,0.530832,0
22577,0.532185,0
22578,0.692282,0
22579,0.692282,0
22580,0.692282,0
22581,0.374724,0
22582,0.374724,0
22583,0.374580,0
22584,0.374580,0
22585,0.331286,0
22586,0.334233,0
22587,0.331674,0
22588,0.329747,0
22589,0.329747,0
22590,0.196552,0
22591,0.196552,0
22592,0.192011,0
22593,0.144445,0
22594,0.144445,0
22595,0.190748,0
22596,0.190748,0
22597,0.190593,0
22598,0.331802,0
22599,0.690455,0
22600,0.692669,0
22601,0.692669,0
22602,0.692669,0
22603,0.692046,0
22604,0.691034,0
22605,0.532053,0
22606,0.531186,0
22607,0.532677,0
22608,0.130455,0
22609,0.692019,0
22610,0.222174,0
22611,0.222174,0
22612,0.222174,0
22613,0.120000,0
22614,0.112476,0
22615,0.532229,0
22616,0.331808,0
22617,0.690604,0
22618,0.690604,0
22619,0.199225,0
22620,0.378602,0
22621,0.379151,0
22622,0.379151,0
22623,0.341935,0
22624,0.330071,0
22625,0.487063,0
22626,0.135789,0
22627,0.135789,0
22628,0.135789,0
22629,0.529867,0
22630,0.531238,0
22631,0.531238,0
22632,0.224196,0
22633,0.374856,0
22634,0.127771,0
22635,0.127709,0
22636,0.530754,0
22637,0.531585,0
22638,0.694232,0
22639,0.531340,0
22640,0.532737,0
22641,0.530388,0
22642,0.219139,0
22643,0.375399,0
22644,0.226366,0
22645,0.376254,0
22646,0.375878,0
22647,0.374509,0
22648,0.332029,0
22649,0.193835,0
22650,0.534940,0
22651,0.533804,0
22652,0.647243,0
22653,0.371330,0
22654,0.530625,0
22655,0.534708,0
22656,0.534015,0
22657,0.694050,0
22658,0.126533,0
22659,0.532748,0
22660,0.533749,0
22661,0.534417,0
22662,0.377735,0
22663,0.377735,0
22664,0.378990,0
22665,0.373689,0
22666,0.529579,0
22667,0.375006,0
22668,0.530186,0
22669,0.332999,0
22670,0.374137,0
22671,0.192549,0
22672,0.318303,0
22673,0.205431,0
22674,0.205431,0
22675,0.473438,0
22676,0.314087,0
22677,0.318910,0
22678,0.332465,0
22679,2.472701,1
22680,0.360681,0
22681,0.523634,0
22682,0.519954,0
22683,0.685270,0
22684,0.362162,0
22685,0.523831,0
22686,0.685390,0
22687,1.914877,0
22688,0.158690,0
22689,0.198684,0
22690,0.683851,0
22691,0.685384,0
22692,0.684983,0
22693,0.685220,0
22694,0.156105,0
22695,0.520617,0
22696,0.096641,0
22697,0.522972,0
22698,0.522648,0
22699,0.360394,0
22700,0.359269,0
22701,0.359269,0
22702,0.360129,0
22703,0.361215,0
22704,0.684706,0
22705,0.118029,0
22706,0.687685,0
22707,0.685514,0
22708,0.964647,0
22709,0.523555,0
22710,0.523555,0
22711,0.521395,0
22712,0.202212,0
22713,0.684895,0
22714,0.203572,0
22715,0.203572,0
22716,1.882183,0
22717,0.170350,0
22718,0.685000,0
22719,0.685000,0
22720,0.685000,0
22721,0.685665,0
22722,0.316272,0
22723,0.169870,0
22724,0.169870,0
22725,0.157791,0
22726,0.166169,0
22727,0.521832,0
22728,0.521832,0
22729,0.071696,0
22730,0.202204,0
22731,0.360038,0
22732,0.522353,0
22733,0.361817,0
22734,0.311486,0
22735,0.159887,0
22736,0.089422,0
22737,0.521343,0
22738,0.684651,0
22739,0.684651,0
22740,0.684757,0
22741,0.519261,0
22742,0.683431,0
22743,0.318792,0
22744,0.318792,0
22745,0.687205,0
22746,0.685386,0
22747,0.522771,0
22748,0.522763,0
22749,0.522763,0
22750,1.012986,0
22751,0.685887,0
22752,0.317862,0
22753,0.201269,0
22754,0.317253,0
22755,0.317253,0
22756,0.519844,0
22757,2.111557,0
22758,0.163848,0
22759,0.362857,0
22760,0.522943,0
22761,0.522943,0
22762,0.362308,0
22763,1.011706,0
22764,0.198775,0
22765,0.198775,0
22766,2.013901,0
22767,0.519989,0
22768,0.521306,0
22769,2.079164,0
22770,0.315893,0
22771,0.522473,0
22772,0.522473,0
22773,0.521580,0
22774,2.145191,0
22775,0.521811,0
22776,0.639361,0
22777,0.083450,0
22778,0.476088,0
22779,0.313199,0
22780,0.365018,0
22781,0.357694,0
22782,0.361679,0
22783,0.360872,0
22784,2.145062,0
22785,0.314562,0
22786,0.521344,0
22787,0.799573,0
22788,0.683114,0
22789,2.111592,0
22790,1.553239,0
22791,1.586078,0
22792,0.337631,0
22793,0.343519,0
22794,0.332950,0
22795,0.353055,0
22796,0.708143,0
22797,0.363097,0
22798,0.357158,0
22799,0.690046,0
22800,0.695899,0
22801,0.365071,0
22802,0.533645,0
22803,0.690468,0
22804,0.322115,0
22805,0.327953,0
22806,0.342998,0
22807,0.596467,0
22808,0.665573,0
22809,0.694342,0
22810,0.536316,0
22811,0.536026,0
22812,0.146472,0
22813,0.350376,0
22814,0.434928,0
22815,0.382633,0
22816,0.205524,0
22817,0.203322,0
22818,0.132699,0
22819,0.198967,0
22820,0.198683,0
22821,0.132738,0
22822,0.333549,0
22823,0.138615,0
22824,0.207050,0
22825,0.362664,0
22826,0.686117,0
22827,0.088890,0
22828,0.520554,0
22829,0.523639,0
22830,0.526407,0
22831,0.522625,0
22832,0.358938,0
22833,0.364676,0
22834,0.650205,0
22835,0.325410,0
22836,0.525767,0
22837,0.207328,0
22838,0.357061,0
22839,0.357061,0
22840,0.165090,0
22841,0.086365,0
22842,0.317488,0
22843,0.363534,0
22844,0.364676,0
22845,0.362476,0
22846,0.362476,0
22847,0.075414,0
22848,0.094049,0
22849,0.094839,0
22850,0.365478,0
22851,0.653002,0
22852,0.522432,0
22853,0.520756,0
22854,0.519663,0
22855,0.311794,0
22856,0.359241,0
22857,0.315441,0
22858,0.682710,0
22859,0.635721,0
22860,0.318834,0
22861,3.008628,1
22862,0.999187,0
22863,0.430035,0
22864,0.473757,0
22865,0.336289,0
22866,1.494457,0
22867,0.389760,0
22868,0.389760,0
22869,0.389760,0
22870,0.389760,0
22871,3.939014,1
22872,0.622730,0
22873,0.445423,0
22874,0.472373,0
22875,3.975376,1
22876,3.890803,1
22877,0.497588,0
22878,0.439261,0
22879,0.611831,0
22880,0.429696,0
22881,0.559174,0
22882,0.353786,0
22883,0.857716,0
22884,0.647945,0
22885,0.646536,0
22886,0.969913,0
22887,0.645631,0
22888,0.644465,0
22889,0.806565,0
22890,2.063196,0
22891,0.809151,0
22892,0.819812,0
22893,0.689316,0
22894,0.327206,0
22895,0.376124,0
22896,0.201493,0
22897,0.385954,0
22898,0.315941,0
22899,0.486134,0
22900,0.489368,0
22901,0.120970,0
22902,0.180851,0
22903,0.191948,0
22904,0.185264,0
22905,0.327655,0
22906,0.325807,0
22907,0.484816,0
22908,0.487139,0
22909,0.483262,0
22910,0.194033,0
22911,0.188098,0
22912,0.192577,0
22913,0.331525,0
22914,0.330552,0
22915,0.969416,0
22916,0.530726,0
22917,0.968318,0
22918,2.049158,0
22919,1.851269,0
22920,0.126254,0
22921,0.699174,0
22922,0.184390,0
22923,0.487811,0
22924,0.224152,0
22925,0.225667,0
22926,0.693656,0
22927,1.884279,0
22928,1.916536,0
22929,0.968410,0
22930,0.716266,0
22931,1.523440,0
22932,0.853952,0
22933,0.328710,0
22934,0.344030,0
22935,0.486660,0
22936,0.485921,0
22937,0.331808,0
22938,1.312942,0
22939,2.051970,0
22940,2.047955,0
22941,0.152905,0
22942,0.135056,0
22943,0.534338,0
22944,0.330633,0
22945,2.212894,1
22946,0.178201,0
22947,0.201322,0
22948,0.195957,0
22949,0.195957,0
22950,0.195957,0
22951,0.139592,0
22952,0.138977,0
22953,0.389113,0
22954,0.331247,0
22955,0.331245,0
22956,0.644275,0
22957,0.530624,0
22958,0.123567,0
22959,0.224464,0
22960,0.226877,0
22961,0.132812,0
22962,0.373667,0
22963,0.373816,0
22964,0.373445,0
22965,0.331467,0
22966,0.129457,0
22967,0.151324,0
22968,0.372874,0
22969,0.373777,0
22970,0.692763,0
22971,0.693593,0
22972,0.531427,0
22973,0.373757,0
22974,0.373211,0
22975,0.373211,0
22976,2.179898,1
22977,0.530775,0
22978,0.222767,0
22979,0.228879,0
22980,0.226773,0
22981,0.227874,0
22982,0.127325,0
22983,0.123945,0
22984,0.533683,0
22985,0.373563,0
22986,0.691468,0
22987,0.373656,0
22988,0.529380,0
22989,0.374218,0
22990,0.338140,0
22991,0.697723,0
22992,0.694361,0
22993,0.692297,0
22994,0.483766,0
22995,0.532521,0
22996,0.333138,0
22997,0.333467,0
22998,0.532324,0
22999,0.331743,0
23000,0.126573,0
23001,0.693585,0
23002,0.692616,0
23003,0.487443,0
23004,0.807912,0
23005,0.376420,0
23006,0.143683,0
23007,0.145482,0
23008,0.333363,0
23009,2.080851,0
23010,0.211883,0
23011,0.646720,0
23012,0.326683,0
23013,0.486166,0
23014,0.646245,0
23015,0.331378,0
23016,0.126487,0
23017,0.330022,0
23018,0.330022,0
23019,0.645929,0
23020,0.331829,0
23021,0.272821,0
23022,0.331829,0
23023,0.331541,0
23024,0.329943,0
23025,0.848397,0
23026,1.290611,0
23027,1.290566,0
23028,0.963699,0
23029,0.163076,0
23030,0.453248,0
23031,0.847547,0
23032,0.521426,0
23033,0.195268,0
23034,0.206181,0
23035,2.210065,1
23036,0.310520,0
23037,2.177284,1
23038,2.209999,1
23039,0.684063,0
23040,1.012516,0
23041,0.200709,0
23042,0.092070,0
23043,0.636664,0
23044,1.306156,0
23045,0.364894,0
23046,2.472848,1
23047,2.472848,1
23048,0.358277,0
23049,2.439746,1
23050,2.439746,1
23051,0.356788,0
23052,0.153219,0
23053,1.010610,0
23054,0.362198,0
23055,0.312899,0
23056,0.634940,0
23057,0.636087,0
23058,0.638415,0
23059,1.652448,0
23060,0.523806,0
23061,0.474725,0
23062,2.110927,0
23063,2.440311,1
23064,2.439265,1
23065,2.406850,1
23066,0.476878,0
23067,0.310609,0
23068,2.144062,0
23069,0.359146,0
23070,0.635295,0
23071,0.635624,0
23072,0.094942,0
23073,0.475598,0
23074,1.717528,0
23075,1.717777,0
23076,0.312493,0
23077,1.292034,0
23078,0.636176,0
23079,0.313122,0
23080,0.311739,0
23081,1.292784,0
23082,0.963053,0
23083,0.962104,0
23084,0.961947,0
23085,0.798991,0
23086,0.634654,0
23087,0.319969,0
23088,0.403891,0
23089,0.337216,0
23090,0.399942,0
23091,0.485488,0
23092,1.017149,0
23093,0.694711,0
23094,0.690371,0
23095,0.692402,0
23096,0.853729,0
23097,1.014645,0
23098,0.377680,0
23099,0.693580,0
23100,0.693520,0
23101,1.017692,0
23102,0.245402,0
23103,1.017733,0
23104,1.015565,0
23105,0.141290,0
23106,0.692743,0
23107,0.692443,0
23108,1.014973,0
23109,0.691663,0
23110,0.689404,0
23111,0.689404,0
23112,1.311688,0
23113,0.341567,0
23114,0.343887,0
23115,0.692084,0
23116,0.341366,0
23117,0.696022,0
23118,0.370354,0
23119,0.532013,0
23120,0.534838,0
23121,1.018792,0
23122,0.694378,0
23123,0.694329,0
23124,0.694193,0
23125,1.016496,0
23126,1.017052,0
23127,1.017217,0
23128,1.017217,0
23129,1.016430,0
23130,1.018529,0
23131,1.019170,0
23132,0.856429,0
23133,0.856194,0
23134,0.691735,0
23135,0.692970,0
23136,1.310138,0
23137,1.310503,0
23138,1.311703,0
23139,0.693740,0
23140,0.692790,0
23141,0.693768,0
23142,0.228694,0
23143,0.854843,0
23144,1.311580,0
23145,0.695266,0
23146,0.692944,0
23147,0.696041,0
23148,0.696041,0
23149,0.692481,0
23150,0.692384,0
23151,0.856979,0
23152,0.694200,0
23153,0.692050,0
23154,0.692050,0
23155,0.692050,0
23156,0.692166,0
23157,1.310647,0
23158,0.692979,0
23159,1.309920,0
23160,1.308873,0
23161,0.695294,0
23162,0.695255,0
23163,0.695255,0
23164,0.692977,0
23165,0.694727,0
23166,0.693460,0
23167,0.535592,0
23168,0.535592,0
23169,0.535592,0
23170,0.532676,0
23171,0.855493,0
23172,0.644913,0
23173,0.644913,0
23174,0.693959,0
23175,0.693959,0
23176,0.378594,0
23177,0.378594,0
23178,0.374230,0
23179,0.376835,0
23180,0.377454,0
23181,0.696407,0
23182,0.694590,0
23183,0.694590,0
23184,0.694590,0
23185,1.016679,0
23186,0.855113,0
23187,0.854073,0
23188,0.855409,0
23189,1.017742,0
23190,0.855880,0
23191,0.694566,0
23192,0.694185,0
23193,0.694185,0
23194,0.693780,0
23195,0.693780,0
23196,0.691390,0
23197,1.018125,0
23198,0.692319,0
23199,0.695275,0
23200,0.694960,0
23201,0.693369,0
23202,0.693634,0
23203,0.693634,0
23204,0.693634,0
23205,0.693959,0
23206,0.694985,0
23207,0.692953,0
23208,0.693634,0
23209,0.692840,0
23210,0.694162,0
23211,0.694026,0
23212,0.694138,0
23213,0.694159,0
23214,0.693666,0
23215,0.693666,0
23216,0.533033,0
23217,0.373923,0
23218,0.477234,0
23219,0.475936,0
23220,0.477581,0
23221,0.521054,0
23222,0.478339,0
23223,0.637407,0
23224,0.686891,0
23225,0.687025,0
23226,1.012260,0
23227,1.013159,0
23228,0.683885,0
23229,0.684416,0
23230,1.011920,0
23231,0.361234,0
23232,0.587877,0
23233,0.684991,0
23234,0.521302,0
23235,1.306786,0
23236,0.684916,0
23237,0.693775,0
23238,1.011937,0
23239,1.011937,0
23240,1.012606,0
23241,0.848825,0
23242,0.685071,0
23243,1.011165,0
23244,0.850067,0
23245,1.009939,0
23246,1.010147,0
23247,0.683183,0
23248,0.682248,0
23249,0.684709,0
23250,1.173998,0
23251,1.010175,0
23252,0.522563,0
23253,1.372740,0
23254,0.687096,0
23255,0.686016,0
23256,1.373589,0
23257,0.687239,0
23258,1.305934,0
23259,1.306054,0
23260,1.011475,0
23261,1.011475,0
23262,1.011500,0
23263,1.012691,0
23264,0.686610,0
23265,0.683468,0
23266,0.686035,0
23267,1.013777,0
23268,1.011157,0
23269,1.306770,0
23270,1.307400,0
23271,0.684921,0
23272,0.684856,0
23273,1.012118,0
23274,1.012534,0
23275,1.011335,0
23276,1.306458,0
23277,1.306316,0
23278,1.307202,0
23279,1.306558,0
23280,0.686459,0
23281,0.683852,0
23282,1.306841,0
23283,1.306661,0
23284,1.013375,0
23285,0.684116,0
23286,1.306559,0
23287,0.685788,0
23288,0.686190,0
23289,0.848944,0
23290,0.078326,0
23291,0.358995,0
23292,0.329705,0
23293,0.361979,0
23294,1.305021,0
23295,1.305712,0
23296,1.305712,0
23297,1.306290,0
23298,1.305389,0
23299,0.688352,0
23300,0.685488,0
23301,0.685423,0
23302,0.685443,0
23303,0.521650,0
23304,0.685121,0
23305,0.687468,0
23306,0.684637,0
23307,0.359242,0
23308,0.360542,0
23309,0.684375,0
23310,0.690039,0
23311,0.684380,0
23312,0.684665,0
23313,0.684934,0
23314,1.011886,0
23315,1.012053,0
23316,1.012102,0
23317,0.848412,0
23318,0.848932,0
23319,0.848703,0
23320,1.011456,0
23321,1.011865,0
23322,0.687779,0
23323,0.685778,0
23324,2.111517,0
23325,2.078649,0
23326,0.682604,0
23327,1.306997,0
23328,0.688820,0
23329,0.686006,0
23330,0.685925,0
23331,0.685149,0
23332,0.684282,0
23333,0.848228,0
23334,1.012523,0
23335,1.010911,0
23336,1.011762,0
23337,1.010013,0
23338,1.011661,0
23339,2.144159,0
23340,0.684168,0
23341,0.359479,0
23342,1.306861,0
23343,1.009915,0
23344,0.681245,0
23345,1.009487,0
23346,0.681377,0
23347,0.681694,0
23348,0.681694,0
23349,0.681629,0
23350,0.686279,0
23351,0.683860,0
23352,1.306439,0
23353,0.312642,0
23354,0.324622,0
23355,1.306860,0
23356,1.304935,0
23357,0.800930,0
23358,1.011828,0
23359,0.683992,0
23360,1.306710,0
23361,0.683749,0
23362,0.521017,0
23363,0.971547,0
23364,0.690680,0
23365,1.719043,0
23366,0.333164,0
23367,0.334684,0
23368,0.716169,0
23369,0.360823,0
23370,1.026367,0
23371,0.333921,0
23372,0.132200,0
23373,0.146132,0
23374,1.017383,0
23375,0.145324,0
23376,0.140924,0
23377,0.529563,0
23378,0.131514,0
23379,0.377133,0
23380,0.128475,0
23381,0.377865,0
23382,0.371683,0
23383,0.230647,0
23384,1.013284,0
23385,0.209409,0
23386,0.209409,0
23387,0.685676,0
23388,0.094596,0
23389,0.101422,0
23390,0.090106,0
23391,0.365278,0
23392,0.357759,0
23393,0.848796,0
23394,2.111912,0
23395,0.356044,0
23396,0.359011,0
23397,0.686801,0
23398,1.306907,0
23399,0.684324,0
23400,0.523449,0
23401,1.013344,0
23402,0.684062,0
23403,0.684062,0
23404,0.334370,0
23405,0.685446,0
23406,0.339450,0
23407,0.358925,0
23408,0.361655,0
23409,0.362019,0
23410,0.313544,0
23411,0.309762,0
23412,0.321468,0
23413,0.322156,0
23414,0.523486,0
23415,0.523969,0
23416,0.897581,0
23417,0.798313,0
23418,1.305360,0
23419,0.685280,0
23420,0.474883,0
23421,0.524005,0
23422,0.845342,0
23423,2.308472,1
23424,0.473457,0
23425,0.684909,0
23426,0.683788,0
23427,0.683788,0
23428,0.683788,0
23429,0.081383,0
23430,0.848010,0
23431,0.361173,0
23432,0.311994,0
23433,2.439145,1
23434,2.439249,1
23435,1.946874,0
23436,0.963145,0
23437,1.593057,0
23438,0.450873,0
23439,1.013025,0
23440,1.699745,0
23441,0.698137,0
23442,0.386547,0
23443,2.179038,1
23444,0.341450,0
23445,2.080511,0
23446,1.065122,0
23447,2.910228,1
23448,3.082221,1
23449,3.108165,1
23450,0.464426,0
23451,0.550359,0
23452,0.369069,0
23453,0.307069,0
23454,0.589436,0
23455,0.162751,0
23456,0.467760,0
23457,0.386635,0
23458,1.492996,0
23459,2.179740,1
23460,1.493120,0
23461,1.493065,0
23462,1.493035,0
23463,2.114891,0
23464,2.179599,1
23465,0.805122,0
23466,0.811877,0
23467,1.755026,0
23468,2.081354,0
23469,2.081898,0
23470,2.081898,0
23471,2.081898,0
23472,2.082387,0
23473,2.082387,0
23474,2.081695,0
23475,2.048873,0
23476,2.081556,0
23477,2.081556,0
23478,2.081631,0
23479,0.373582,0
23480,1.017749,0
23481,0.805139,0
23482,0.226554,0
23483,0.807387,0
23484,0.807387,0
23485,1.132726,0
23486,0.334296,0
23487,0.806171,0
23488,1.131603,0
23489,1.133706,0
23490,0.195901,0
23491,0.968216,0
23492,0.968216,0
23493,0.195006,0
23494,1.477886,0
23495,2.441242,1
23496,1.492449,0
23497,1.458177,0
23498,1.496594,0
23499,1.131452,0
23500,1.131428,0
23501,0.968091,0
23502,0.967989,0
23503,0.816761,0
23504,0.808360,0
23505,0.229994,0
23506,1.131869,0
23507,1.469836,0
23508,1.459085,0
23509,1.950383,0
23510,1.427728,0
23511,1.340843,0
23512,1.132671,0
23513,1.134319,0
23514,1.017435,0
23515,2.441508,1
23516,2.441508,1
23517,0.132245,0
23518,1.656784,0
23519,0.219371,0
23520,0.387874,0
23521,1.884885,0
23522,1.294408,0
23523,1.523268,0
23524,1.483901,0
23525,2.439451,1
23526,2.112121,0
23527,2.177478,1
23528,2.341265,1
23529,1.608774,0
23530,0.801087,0
23531,2.439508,1
23532,2.079209,0
23533,2.079209,0
23534,1.133920,0
23535,1.848697,0
23536,2.473220,1
23537,2.408273,1
23538,0.964022,0
23539,1.948154,0
23540,1.302030,0
23541,1.296927,0
23542,0.799931,0
23543,2.013432,0
23544,1.620246,0
23545,2.078495,0
23546,1.129398,0
23547,2.472300,1
23548,0.967809,0
23549,1.225843,0
23550,1.127251,0
23551,1.466834,0
23552,1.465901,0
23553,1.554326,0
23554,1.915901,0
23555,1.294452,0
23556,2.459602,1
23557,2.472674,1
23558,2.439855,1
23559,2.439878,1
23560,0.643191,0
23561,0.173075,0
23562,0.502919,0
23563,1.884683,0
23564,1.853599,0
23565,2.048668,0
23566,2.048668,0
23567,1.491837,0
23568,1.983316,0
23569,2.016901,0
23570,2.016901,0
23571,1.819304,0
23572,1.886516,0
23573,1.885338,0
23574,2.179361,1
23575,0.809147,0
23576,2.310944,1
23577,2.310647,1
23578,2.310823,1
23579,2.310947,1
23580,2.310372,1
23581,2.310947,1
23582,1.821798,0
23583,1.821798,0
23584,1.821486,0
23585,1.821798,0
23586,1.952672,0
23587,1.952672,0
23588,1.952672,0
23589,1.952672,0
23590,1.952424,0
23591,1.952672,0
23592,1.985400,0
23593,1.985400,0
23594,1.985400,0
23595,2.083372,0
23596,2.083332,0
23597,2.083372,0
23598,2.084272,0
23599,2.083604,0
23600,1.821798,0
23601,1.821798,0
23602,1.821798,0
23603,1.822562,0
23604,1.821798,0
23605,1.821798,0
23606,1.821798,0
23607,1.821798,0
23608,1.821532,0
23609,1.821532,0
23610,1.821798,0
23611,1.821798,0
23612,1.821798,0
23613,1.821798,0
23614,1.821798,0
23615,1.821798,0
23616,1.919695,0
23617,1.919947,0
23618,1.919652,0
23619,1.919947,0
23620,1.952672,0
23621,1.952424,0
23622,1.919947,0
23623,1.821486,0
23624,1.821798,0
23625,1.821798,0
23626,1.822562,0
23627,1.821486,0
23628,1.821798,0
23629,1.920672,0
23630,2.018131,0
23631,2.017891,0
23632,2.018131,0
23633,2.018131,0
23634,1.821532,0
23635,1.821798,0
23636,1.821486,0
23637,1.821798,0
23638,1.821798,0
23639,1.822562,0
23640,1.821798,0
23641,1.821798,0
23642,1.656584,0
23643,1.656605,0
23644,1.591589,0
23645,1.591589,0
23646,1.624262,0
23647,1.624245,0
23648,1.624352,0
23649,1.720992,0
23650,1.722031,0
23651,1.722411,0
23652,1.722411,0
23653,0.562596,0
23654,0.294707,0
23655,1.917307,0
23656,1.917307,0
23657,0.504236,0
23658,1.067494,0
23659,1.068485,0
23660,1.068485,0
23661,1.067984,0
23662,1.068783,0
23663,1.133513,0
23664,1.132097,0
23665,1.132288,0
23666,1.133513,0
23667,1.132900,0
23668,1.132900,0
23669,1.135152,0
23670,1.135093,0
23671,0.970342,0
23672,0.969178,0
23673,0.972493,0
23674,0.972550,0
23675,0.969180,0
23676,0.970969,0
23677,0.972283,0
23678,0.972725,0
23679,0.972725,0
23680,0.969180,0
23681,0.972725,0
23682,1.133554,0
23683,1.133520,0
23684,1.133188,0
23685,1.133739,0
23686,1.132438,0
23687,1.099321,0
23688,0.969121,0
23689,0.970897,0
23690,0.970067,0
23691,1.525603,0
23692,1.526056,0
23693,1.526056,0
23694,1.132748,0
23695,1.525888,0
23696,1.526519,0
23697,1.526519,0
23698,1.132816,0
23699,1.132477,0
23700,1.426908,0
23701,1.296991,0
23702,1.428507,0
23703,1.297117,0
23704,1.297352,0
23705,1.133925,0
23706,1.131913,0
23707,1.130741,0
23708,1.294953,0
23709,1.297821,0
23710,1.297821,0
23711,1.295649,0
23712,1.294687,0
23713,1.295079,0
23714,1.295113,0
23715,1.295649,0
23716,1.294956,0
23717,1.294956,0
23718,0.971728,0
23719,1.787786,0
23720,1.787786,0
23721,1.625903,0
23722,1.625903,0
23723,1.624208,0
23724,1.625729,0
23725,1.688861,0
23726,1.527914,0
23727,1.527914,0
23728,1.526110,0
23729,1.526110,0
23730,1.526474,0
23731,1.527914,0
23732,1.526518,0
23733,1.495077,0
23734,1.527729,0
23735,1.527729,0
23736,1.527914,0
23737,1.527111,0
23738,1.526877,0
23739,1.526110,0
23740,1.592650,0
23741,1.623973,0
23742,1.624582,0
23743,1.624582,0
23744,1.590900,0
23745,1.917985,0
23746,1.918064,0
23747,1.592219,0
23748,1.557677,0
23749,1.559561,0
23750,1.559844,0
23751,1.559844,0
23752,1.558948,0
23753,1.456997,0
23754,2.079694,0
23755,1.980573,0
23756,1.980788,0
23757,1.947983,0
23758,1.424951,0
23759,1.675579,0
23760,1.675579,0
23761,1.362448,0
23762,2.439665,1
23763,1.126889,0
23764,1.291868,0
23765,1.290734,0
23766,1.390830,0
23767,1.390492,0
23768,1.390220,0
23769,1.390212,0
23770,1.390454,0
23771,1.390503,0
23772,1.291456,0
23773,1.291456,0
23774,1.292015,0
23775,1.291606,0
23776,1.291523,0
23777,1.291887,0
23778,1.291887,0
23779,1.291774,0
23780,1.291620,0
23781,1.389357,0
23782,1.292339,0
23783,1.816471,0
23784,1.914983,0
23785,0.666116,0
23786,1.951234,0
23787,1.853874,0
23788,1.853980,0
23789,1.853963,0
23790,2.113888,0
23791,2.474799,1
23792,2.279012,1
23793,2.279012,1
23794,1.720527,0
23795,0.134452,0
23796,2.475306,1
23797,1.560409,0
23798,0.807745,0
23799,0.207104,0
23800,2.474471,1
23801,2.147038,1
23802,0.804257,0
23803,1.882730,0
23804,0.963878,0
23805,0.203180,0
23806,0.847525,0
23807,0.521122,0
23808,0.326942,0
23809,0.716135,0
23810,1.756198,0
23811,0.371866,0
23812,1.754067,0
23813,2.081620,0
23814,0.855780,0
23815,2.475544,1
23816,1.180498,0
23817,1.017708,0
23818,1.016531,0
23819,1.134042,0
23820,0.694982,0
23821,2.078571,0
23822,1.849891,0
23823,0.359101,0
23824,1.132825,0
23825,0.967688,0
23826,1.376609,0
23827,2.115361,0
23828,1.429678,0
23829,0.970965,0
23830,0.969038,0
23831,0.968304,0
23832,1.230826,0
23833,1.786853,0
23834,1.788265,0
23835,1.787909,0
23836,0.339026,0
23837,1.852025,0
23838,0.355871,0
23839,0.971123,0
23840,1.132611,0
23841,0.805188,0
23842,2.409300,1
23843,2.408829,1
23844,2.409992,1
23845,2.409992,1
23846,2.409851,1
23847,2.441920,1
23848,2.442766,1
23849,2.442768,1
23850,2.442773,1
23851,2.441925,1
23852,2.441927,1
23853,2.442785,1
23854,2.442787,1
23855,2.442789,1
23856,2.441939,1
23857,2.442889,1
23858,2.442890,1
23859,2.442891,1
23860,2.442893,1
23861,2.442563,1
23862,2.442588,1
23863,2.442588,1
23864,0.807783,0
23865,0.805150,0
23866,0.338643,0
23867,2.441384,1
23868,2.082047,0
23869,0.202986,0
23870,1.459755,0
23871,1.459755,0
23872,1.459755,0
23873,1.459214,0
23874,1.493166,0
23875,1.493856,0
23876,1.492636,0
23877,1.132371,0
23878,1.132504,0
23879,1.133384,0
23880,1.328875,0
23881,1.328943,0
23882,1.328653,0
23883,1.525924,0
23884,1.526640,0
23885,1.526280,0
23886,1.853775,0
23887,0.644388,0
23888,0.644300,0
23889,0.644419,0
23890,1.134619,0
23891,1.134394,0
23892,0.968949,0
23893,0.969490,0
23894,0.969432,0
23895,1.230797,0
23896,0.328679,0
23897,0.330088,0
23898,0.970447,0
23899,1.133185,0
23900,1.755139,0
23901,1.755139,0
23902,1.067745,0
23903,0.969931,0
23904,0.970738,0
23905,1.916704,0
23906,1.916704,0
23907,1.655580,0
23908,1.559041,0
23909,1.559681,0
23910,1.558243,0
23911,1.557161,0
23912,1.558815,0
23913,1.722362,0
23914,1.558060,0
23915,1.559005,0
23916,1.558312,0
23917,1.558264,0
23918,1.558843,0
23919,1.558843,0
23920,1.558895,0
23921,1.558264,0
23922,1.557754,0
23923,1.557754,0
23924,1.558843,0
23925,1.722870,0
23926,0.854076,0
23927,1.591140,0
23928,1.787415,0
23929,1.788370,0
23930,1.821002,0
23931,0.646429,0
23932,1.230665,0
23933,2.114667,0
23934,0.646147,0
23935,0.646147,0
23936,1.559060,0
23937,1.295885,0
23938,1.295986,0
23939,1.296030,0
23940,1.295373,0
23941,0.400171,0
23942,0.970282,0
23943,1.818787,0
23944,1.132678,0
23945,0.969679,0
23946,2.049431,0
23947,2.049431,0
23948,2.049431,0
23949,1.132579,0
23950,1.133306,0
23951,1.787079,0
23952,0.689721,0
23953,0.968080,0
23954,2.048379,0
23955,0.963515,0
23956,1.010938,0
23957,0.963070,0
23958,0.483474,0
23959,2.112114,0
23960,1.176427,0
23961,1.291375,0
23962,1.291544,0
23963,1.128522,0
23964,0.963616,0
23965,0.963549,0
23966,0.964039,0
23967,0.963549,0
23968,1.291047,0
23969,1.128125,0
23970,1.227584,0
23971,0.963008,0
23972,0.963008,0
23973,1.291429,0
23974,1.126983,0
23975,0.799512,0
23976,0.963276,0
23977,0.963398,0
23978,0.963525,0
23979,2.439824,1
23980,2.439995,1
23981,2.440786,1
23982,2.440848,1
23983,2.440036,1
23984,2.439983,1
23985,2.440126,1
23986,0.636866,0
23987,0.965089,0
23988,0.963774,0
23989,1.389799,0
23990,1.390198,0
23991,1.094847,0
23992,0.963781,0
23993,1.390260,0
23994,1.422390,0
23995,1.291907,0
23996,1.291915,0
23997,1.422415,0
23998,1.127305,0
23999,1.290937,0
24000,1.128778,0
24001,1.128778,0
24002,1.291852,0
24003,1.128460,0
24004,0.962893,0
24005,0.962893,0
24006,1.127403,0
24007,0.200909,0
24008,1.259624,0
24009,1.259665,0
24010,1.292737,0
24011,1.292127,0
24012,0.963361,0
24013,0.799778,0
24014,0.799867,0
24015,0.801602,0
24016,0.799867,0
24017,0.799524,0
24018,0.963939,0
24019,0.963920,0
24020,0.964041,0
24021,2.472712,1
24022,1.127992,0
24023,1.368650,0
24024,2.472712,1
24025,1.980892,0
24026,0.963291,0
24027,0.963250,0
24028,0.963366,0
24029,0.963366,0
24030,0.963341,0
24031,0.962644,0
24032,0.963102,0
24033,1.127141,0
24034,0.660574,0
24035,2.262929,1
24036,1.146684,0
24037,0.531281,0
24038,0.486023,0
24039,0.807411,0
24040,0.486420,0
24041,0.484614,0
24042,0.337537,0
24043,0.533675,0
24044,0.225405,0
24045,0.328631,0
24046,0.691479,0
24047,1.624405,0
24048,0.854255,0
24049,1.017221,0
24050,0.855019,0
24051,0.380577,0
24052,1.297066,0
24053,1.819216,0
24054,1.376557,0
24055,0.643960,0
24056,1.624785,0
24057,0.751802,0
24058,0.488548,0
24059,1.378631,0
24060,0.691742,0
24061,0.692340,0
24062,0.533831,0
24063,0.485558,0
24064,0.119108,0
24065,0.198089,0
24066,0.486512,0
24067,0.335897,0
24068,0.143422,0
24069,0.135956,0
24070,0.192683,0
24071,0.372700,0
24072,2.477183,1
24073,1.656452,0
24074,0.774630,0
24075,0.329669,0
24076,0.529912,0
24077,0.331736,0
24078,0.328740,0
24079,0.481616,0
24080,0.492002,0
24081,0.693002,0
24082,0.694078,0
24083,0.693727,0
24084,0.374769,0
24085,0.853293,0
24086,0.532934,0
24087,1.753801,0
24088,1.787426,0
24089,1.754318,0
24090,1.754451,0
24091,1.754690,0
24092,0.691961,0
24093,0.532338,0
24094,0.532481,0
24095,0.653070,0
24096,0.649201,0
24097,0.223101,0
24098,0.225914,0
24099,0.651972,0
24100,0.375357,0
24101,0.693667,0
24102,2.474851,1
24103,2.474839,1
24104,0.331676,0
24105,2.474321,1
24106,0.528215,0
24107,2.212067,1
24108,0.335047,0
24109,0.334220,0
24110,0.349475,0
24111,0.335360,0
24112,0.331824,0
24113,0.315897,0
24114,0.094512,0
24115,0.511292,0
24116,2.113279,0
24117,0.547992,0
24118,0.636158,0
24119,0.477161,0
24120,0.071401,0
24121,0.639613,0
24122,0.166545,0
24123,2.275569,1
24124,0.085182,0
24125,1.011659,0
24126,0.356910,0
24127,0.523502,0
24128,0.523502,0
24129,1.127754,0
24130,0.363077,0
24131,0.183622,0
24132,0.745014,0
24133,0.254808,0
24134,0.420143,0
24135,0.503852,0
24136,0.138664,0
24137,2.081465,0
24138,0.396763,0
24139,0.971323,0
24140,2.474339,1
24141,2.081475,0
24142,0.335373,0
24143,0.556014,0
24144,1.590381,0
24145,1.592103,0
24146,1.883741,0
24147,1.654087,0
24148,1.687884,0
24149,0.670996,0
24150,0.532331,0
24151,0.489316,0
24152,0.372800,0
24153,0.331514,0
24154,0.157980,0
24155,1.721876,0
24156,0.373708,0
24157,0.375162,0
24158,0.143837,0
24159,0.228675,0
24160,0.226234,0
24161,0.224738,0
24162,0.228834,0
24163,0.806018,0
24164,0.345730,0
24165,0.243878,0
24166,0.152062,0
24167,0.192976,0
24168,2.474164,1
24169,2.441629,1
24170,2.474106,1
24171,2.474090,1
24172,0.440024,0
24173,0.223100,0
24174,0.485905,0
24175,1.492059,0
24176,1.492059,0
24177,0.400273,0
24178,1.982775,0
24179,0.671336,0
24180,0.806863,0
24181,0.221160,0
24182,0.695355,0
24183,1.015701,0
24184,1.310193,0
24185,0.692395,0
24186,2.474955,1
24187,2.475089,1
24188,2.475704,1
24189,0.693188,0
24190,0.532910,0
24191,0.497178,0
24192,1.492326,0
24193,1.492326,0
24194,1.492617,0
24195,0.489292,0
24196,0.487119,0
24197,0.646842,0
24198,0.273394,0
24199,0.318424,0
24200,0.364015,0
24201,0.518464,0
24202,0.848837,0
24203,2.111211,0
24204,0.478659,0
24205,9.962804,1
24206,0.396417,0
24207,1.885982,0
24208,0.596664,0
24209,0.338007,0
24210,0.337045,0
24211,1.376452,0
24212,1.376397,0
24213,1.376397,0
24214,1.375813,0
24215,1.375731,0
24216,0.375878,0
24217,0.375878,0
24218,2.278529,1
24219,1.983418,0
24220,0.334480,0
24221,0.487224,0
24222,0.486518,0
24223,2.475038,1
24224,2.441777,1
24225,2.082942,0
24226,2.082942,0
24227,2.083094,0
24228,0.533464,0
24229,0.532599,0
24230,1.018183,0
24231,1.018183,0
24232,0.481266,0
24233,0.700213,0
24234,2.081499,0
24235,2.083179,0
24236,2.081272,0
24237,0.192656,0
24238,0.376736,0
24239,1.016718,0
24240,0.536449,0
24241,1.918334,0
24242,1.558186,0
24243,1.495598,0
24244,1.493952,0
24245,1.526628,0
24246,1.527087,0
24247,0.693535,0
24248,1.527207,0
24249,1.526895,0
24250,1.786919,0
24251,1.757081,0
24252,1.821036,0
24253,2.082830,0
24254,2.082531,0
24255,2.083217,0
24256,2.083130,0
24257,2.083098,0
24258,1.559205,0
24259,1.918284,0
24260,1.493265,0
24261,1.181324,0
24262,1.524937,0
24263,1.460016,0
24264,2.048795,0
24265,0.533693,0
24266,0.335297,0
24267,2.441818,1
24268,0.099704,0
24269,1.306930,0
24270,0.963656,0
24271,1.010773,0
24272,0.848914,0
24273,0.848481,0
24274,0.321831,0
24275,2.079569,0
24276,2.406483,1
24277,2.406740,1
24278,0.361425,0
24279,1.175524,0
24280,2.111826,0
24281,0.525787,0
24282,0.674167,0
24283,0.364660,0
24284,1.648122,0
24285,0.375130,0
24286,2.147351,1
24287,1.656505,0
24288,1.689809,0
24289,1.689916,0
24290,1.690967,0
24291,1.690087,0
24292,1.691223,0
24293,1.722672,0
24294,1.788954,0
24295,1.789384,0
24296,1.788388,0
24297,1.788930,0
24298,1.886539,0
24299,2.017359,0
24300,2.017564,0
24301,2.017564,0
24302,2.016847,0
24303,1.016140,0
24304,0.808310,0
24305,0.807529,0
24306,0.811580,0
24307,0.807474,0
24308,1.297006,0
24309,2.081653,0
24310,0.692376,0
24311,1.625256,0
24312,1.624839,0
24313,2.474295,1
24314,2.475360,1
24315,0.488418,0
24316,1.721261,0
24317,0.488418,0
24318,0.483948,0
24319,1.492983,0
24320,0.807739,0
24321,2.048806,0
24322,2.016130,0
24323,2.376040,1
24324,0.971622,0
24325,1.491115,0
24326,1.819428,0
24327,2.473298,1
24328,2.474341,1
24329,0.333837,0
24330,1.625717,0
24331,0.412485,0
24332,1.557718,0
24333,0.121335,0
24334,0.800874,0
24335,0.801433,0
24336,1.979959,0
24337,0.709376,0
24338,1.849540,0
24339,2.473066,1
24340,0.166572,0
24341,1.652233,0
24342,1.882779,0
24343,0.641453,0
24344,0.640756,0
24345,0.522874,0
24346,1.127552,0
24347,2.472272,1
24348,2.472272,1
24349,0.361127,0
24350,1.421814,0
24351,0.571616,0
24352,0.483388,0
24353,0.362939,0
24354,0.543299,0
24355,0.519109,0
24356,0.735547,0
24357,0.487013,0
24358,0.692854,0
24359,0.872152,0
24360,0.806065,0
24361,0.809479,0
24362,0.486240,0
24363,0.820752,0
24364,0.995270,0
24365,0.809248,0
24366,0.530551,0
24367,0.130740,0
24368,0.804920,0
24369,0.690983,0
24370,0.339522,0
24371,1.889828,0
24372,0.646970,0
24373,0.646970,0
24374,0.647994,0
24375,0.412053,0
24376,0.534220,0
24377,0.527922,0
24378,0.527922,0
24379,1.503032,0
24380,1.507166,0
24381,1.465892,0
24382,0.977483,0
24383,0.375365,0
24384,0.485395,0
24385,0.515813,0
24386,0.329773,0
24387,1.787076,0
24388,0.637855,0
24389,0.637855,0
24390,1.010515,0
24391,1.305924,0
24392,0.845634,0
24393,0.642348,0
24394,0.336993,0
24395,0.866337,0
24396,1.493106,0
24397,1.492722,0
24398,1.426468,0
24399,1.493070,0
24400,2.079325,0
24401,0.645939,0
24402,0.644456,0
24403,0.646503,0
24404,0.807728,0
24405,0.808120,0
24406,0.970575,0
24407,0.969929,0
24408,0.969950,0
24409,1.133175,0
24410,1.133175,0
24411,0.646608,0
24412,0.494287,0
24413,0.489523,0
24414,0.492698,0
24415,0.495493,0
24416,0.489334,0
24417,0.491052,0
24418,0.491052,0
24419,0.490806,0
24420,0.489865,0
24421,0.490048,0
24422,0.490806,0
24423,1.917757,0
24424,2.180964,1
24425,0.486373,0
24426,0.805606,0
24427,0.805109,0
24428,0.805109,0
24429,0.807332,0
24430,0.807332,0
24431,0.807460,0
24432,0.348328,0
24433,0.646253,0
24434,0.649000,0
24435,0.808656,0
24436,0.807032,0
24437,0.482073,0
24438,0.485925,0
24439,0.486389,0
24440,0.486389,0
24441,1.425890,0
24442,0.538785,0
24443,0.709666,0
24444,0.242910,0
24445,1.135357,0
24446,0.656489,0
24447,0.515519,0
24448,0.511228,0
24449,1.132725,0
24450,1.132905,0
24451,1.132980,0
24452,1.395592,0
24453,1.133762,0
24454,1.133702,0
24455,1.394000,0
24456,1.132627,0
24457,2.147356,1
24458,0.984967,0
24459,0.166033,0
24460,0.969637,0
24461,0.969611,0
24462,0.970130,0
24463,1.622810,0
24464,1.687657,0
24465,0.228516,0
24466,0.488709,0
24467,0.968216,0
24468,0.806315,0
24469,1.131768,0
24470,1.198128,0
24471,0.808289,0
24472,0.806157,0
24473,0.807928,0
24474,0.806195,0
24475,0.808392,0
24476,0.808392,0
24477,1.786354,0
24478,0.806627,0
24479,1.723552,0
24480,1.723125,0
24481,2.474111,1
24482,2.474482,1
24483,1.526509,0
24484,1.526836,0
24485,1.558967,0
24486,1.560724,0
24487,1.560384,0
24488,1.560384,0
24489,1.561105,0
24490,2.212516,1
24491,1.688875,0
24492,0.807523,0
24493,0.646465,0
24494,0.807897,0
24495,0.968942,0
24496,1.067723,0
24497,1.689728,0
24498,1.101270,0
24499,1.132273,0
24500,0.969288,0
24501,1.949513,0
24502,2.441370,1
24503,0.819468,0
24504,0.815874,0
24505,1.197486,0
24506,0.808125,0
24507,1.622591,0
24508,1.589834,0
24509,1.589853,0
24510,0.530625,0
24511,1.657845,0
24512,1.231106,0
24513,1.656880,0
24514,1.657272,0
24515,1.261796,0
24516,2.047902,0
24517,1.229774,0
24518,1.197348,0
24519,1.592535,0
24520,1.592283,0
24521,1.591663,0
24522,1.131242,0
24523,1.984082,0
24524,1.131242,0
24525,1.754505,0
24526,0.968539,0
24527,1.785929,0
24528,1.753708,0
24529,1.132642,0
24530,1.295772,0
24531,1.295799,0
24532,1.295762,0
24533,1.295729,0
24534,1.295729,0
24535,1.295720,0
24536,1.295777,0
24537,1.296120,0
24538,1.230892,0
24539,1.230254,0
24540,1.295507,0
24541,1.457997,0
24542,1.132410,0
24543,1.131270,0
24544,1.130982,0
24545,1.132870,0
24546,1.132931,0
24547,1.295936,0
24548,1.296455,0
24549,1.296014,0
24550,1.295853,0
24551,1.295842,0
24552,1.296040,0
24553,0.644939,0
24554,1.131810,0
24555,1.131385,0
24556,1.294819,0
24557,1.295814,0
24558,1.557105,0
24559,1.067737,0
24560,1.098931,0
24561,1.099987,0
24562,1.099920,0
24563,1.197410,0
24564,1.197410,0
24565,1.197410,0
24566,0.970796,0
24567,1.263631,0
24568,1.131149,0
24569,1.131149,0
24570,1.133367,0
24571,1.264082,0
24572,1.263530,0
24573,0.970213,0
24574,1.099166,0
24575,0.982586,0
24576,0.223366,0
24577,0.196318,0
24578,0.487124,0
24579,0.968076,0
24580,0.698581,0
24581,0.807722,0
24582,1.132878,0
24583,1.690173,0
24584,1.721365,0
24585,1.980620,0
24586,1.980620,0
24587,1.915765,0
24588,2.046050,0
24589,2.045905,0
24590,2.144240,0
24591,2.439886,1
24592,1.816132,0
24593,1.127107,0
24594,1.127092,0
24595,1.127051,0
24596,1.127051,0
24597,1.126901,0
24598,0.799505,0
24599,0.963639,0
24600,0.379186,0
24601,1.127040,0
24602,1.848761,0
24603,1.520397,0
24604,0.963746,0
24605,0.963190,0
24606,0.963143,0
24607,1.193029,0
24608,1.192894,0
24609,1.192894,0
24610,1.127858,0
24611,0.800453,0
24612,0.800626,0
24613,1.488330,0
24614,2.046396,0
24615,1.291361,0
24616,1.291478,0
24617,1.290708,0
24618,1.291443,0
24619,1.555674,0
24620,1.291444,0
24621,1.291173,0
24622,1.226077,0
24623,1.225689,0
24624,1.718221,0
24625,1.719299,0
24626,1.127605,0
24627,2.439746,1
24628,1.132007,0
24629,1.155260,0
24630,1.303696,0
24631,2.308384,1
24632,1.422186,0
24633,2.473251,1
24634,2.473251,1
24635,2.473251,1
24636,2.047022,0
24637,0.334096,0
24638,1.132828,0
24639,0.806663,0
24640,0.725711,0
24641,0.825791,0
24642,0.826515,0
24643,0.670299,0
24644,0.858140,0
24645,0.826228,0
24646,1.472957,0
24647,1.127189,0
24648,1.127176,0
24649,0.963585,0
24650,1.820699,0
24651,0.615076,0
24652,1.311982,0
24653,0.978319,0
24654,0.974845,0
24655,0.485624,0
24656,1.016157,0
24657,0.647031,0
24658,1.949901,0
24659,1.623313,0
24660,1.623313,0
24661,1.295929,0
24662,0.337380,0
24663,2.082191,0
24664,0.193538,0
24665,0.646960,0
24666,0.646791,0
24667,0.968832,0
24668,0.489308,0
24669,0.487233,0
24670,0.486687,0
24671,0.615141,0
24672,0.646877,0
24673,0.809673,0
24674,0.493034,0
24675,0.646536,0
24676,0.491658,0
24677,0.647290,0
24678,0.647290,0
24679,0.646253,0
24680,0.648775,0
24681,2.048648,0
24682,0.485946,0
24683,0.487103,0
24684,0.481611,0
24685,0.373928,0
24686,0.807728,0
24687,0.973249,0
24688,0.484034,0
24689,1.310738,0
24690,0.969199,0
24691,0.808924,0
24692,0.199026,0
24693,0.644133,0
24694,0.335995,0
24695,1.198255,0
24696,2.081368,0
24697,1.591018,0
24698,2.016399,0
24699,2.016399,0
24700,0.333140,0
24701,2.079449,0
24702,0.359599,0
24703,0.474169,0
24704,2.209750,1
24705,1.947791,0
24706,2.243189,1
24707,0.107150,0
24708,2.078945,0
24709,1.586864,0
24710,0.361078,0
24711,0.358635,0
24712,1.373385,0
24713,0.364599,0
24714,0.520351,0
24715,0.478883,0
24716,0.519985,0
24717,1.636119,0
24718,2.254795,1
24719,0.393364,0
24720,1.985058,0
24721,0.813227,0
24722,2.178840,1
24723,0.806364,0
24724,0.809528,0
24725,0.969171,0
24726,0.332853,0
24727,0.690446,0
24728,0.486080,0
24729,1.996956,0
24730,1.885322,0
24731,0.376965,0
24732,0.339152,0
24733,0.646683,0
24734,0.646683,0
24735,0.333837,0
24736,2.475326,1
24737,2.474639,1
24738,2.474617,1
24739,1.755340,0
24740,0.136454,0
24741,2.049110,0
24742,2.048545,0
24743,2.049153,0
24744,1.557117,0
24745,0.645882,0
24746,0.645882,0
24747,0.645882,0
24748,2.475966,1
24749,1.558372,0
24750,1.918267,0
24751,1.918000,0
24752,0.373938,0
24753,0.647396,0
24754,1.592253,0
24755,1.591831,0
24756,0.485663,0
24757,0.488290,0
24758,2.081907,0
24759,0.725987,0
24760,0.331336,0
24761,1.590965,0
24762,1.073318,0
24763,0.970068,0
24764,0.523395,0
24765,0.636619,0
24766,0.798983,0
24767,1.306084,0
24768,0.331313,0
24769,1.126726,0
24770,0.976925,0
24771,0.224596,0
24772,0.981349,0
24773,1.494785,0
24774,1.494785,0
24775,1.494905,0
24776,1.495412,0
24777,1.495412,0
24778,1.495412,0
24779,1.495412,0
24780,1.495451,0
24781,1.494944,0
24782,1.494944,0
24783,2.015985,0
24784,2.048853,0
24785,2.017140,0
24786,1.492029,0
24787,1.491565,0
24788,1.491551,0
24789,1.491705,0
24790,1.491585,0
24791,1.658574,0
24792,1.492066,0
24793,1.493381,0
24794,1.492125,0
24795,1.491953,0
24796,1.493752,0
24797,1.558537,0
24798,1.558668,0
24799,1.559770,0
24800,1.593020,0
24801,1.560371,0
24802,1.560380,0
24803,1.560371,0
24804,1.821931,0
24805,1.821931,0
24806,1.821931,0
24807,1.394340,0
24808,1.394340,0
24809,1.295089,0
24810,1.295089,0
24811,1.427590,0
24812,1.427009,0
24813,1.427739,0
24814,1.493361,0
24815,1.294381,0
24816,1.460504,0
24817,1.295766,0
24818,1.362358,0
24819,1.362358,0
24820,1.297327,0
24821,1.294404,0
24822,1.132661,0
24823,1.132661,0
24824,0.806182,0
24825,0.806182,0
24826,0.805491,0
24827,0.806034,0
24828,2.180680,1
24829,1.491364,0
24830,1.884920,0
24831,0.970068,0
24832,0.805632,0
24833,1.918019,0
24834,1.229676,0
24835,1.328783,0
24836,1.295466,0
24837,1.328764,0
24838,1.656946,0
24839,0.334929,0
24840,0.488730,0
24841,1.462519,0
24842,1.462519,0
24843,0.334105,0
24844,0.130214,0
24845,0.536364,0
24846,0.647814,0
24847,1.753975,0
24848,1.754048,0
24849,1.884731,0
24850,0.651040,0
24851,0.644246,0
24852,1.753759,0
24853,2.113651,0
24854,0.326227,0
24855,0.650016,0
24856,0.807977,0
24857,1.023042,0
24858,1.656399,0
24859,1.656148,0
24860,1.624609,0
24861,1.592222,0
24862,1.885815,0
24863,1.853078,0
24864,1.754253,0
24865,1.754963,0
24866,0.970471,0
24867,1.133149,0
24868,0.807997,0
24869,0.808737,0
24870,0.808702,0
24871,0.808201,0
24872,0.808166,0
24873,0.808166,0
24874,0.171748,0
24875,1.133529,0
24876,1.133322,0
24877,0.970483,0
24878,0.970323,0
24879,0.808320,0
24880,0.645967,0
24881,0.643702,0
24882,0.806048,0
24883,1.015825,0
24884,0.379891,0
24885,0.163037,0
24886,0.660776,0
24887,0.646175,0
24888,1.623872,0
24889,1.623846,0
24890,1.623846,0
24891,0.807364,0
24892,0.647127,0
24893,0.550730,0
24894,1.375861,0
24895,1.405188,0
24896,0.705718,0
24897,1.132108,0
24898,1.132843,0
24899,0.375303,0
24900,1.949391,0
24901,1.557309,0
24902,1.590878,0
24903,1.133015,0
24904,0.807588,0
24905,0.807588,0
24906,0.809199,0
24907,2.082053,0
24908,0.969254,0
24909,1.393972,0
24910,1.624405,0
24911,1.983371,0
24912,0.330911,0
24913,0.142098,0
24914,0.648709,0
24915,0.648709,0
24916,0.648709,0
24917,1.657268,0
24918,0.648286,0
24919,0.485428,0
24920,0.485428,0
24921,0.373644,0
24922,0.332705,0
24923,2.213303,1
24924,1.983247,0
24925,0.156835,0
24926,0.490676,0
24927,0.332380,0
24928,0.331649,0
24929,0.807130,0
24930,0.807665,0
24931,0.807130,0
24932,0.807130,0
24933,2.114328,0
24934,1.982848,0
24935,0.646311,0
24936,0.488036,0
24937,0.646578,0
24938,0.646385,0
24939,0.339406,0
24940,0.808622,0
24941,2.441344,1
24942,2.441344,1
24943,1.525333,0
24944,0.162400,0
24945,0.371497,0
24946,0.231172,0
24947,0.229511,0
24948,0.533248,0
24949,0.328054,0
24950,0.136074,0
24951,0.375466,0
24952,1.132683,0
24953,1.720652,0
24954,0.692252,0
24955,0.334146,0
24956,0.656185,0
24957,0.971476,0
24958,0.838101,0
24959,0.646745,0
24960,0.332204,0
24961,0.229590,0
24962,0.485600,0
24963,0.485509,0
24964,0.332312,0
24965,2.146438,1
24966,0.189447,0
24967,0.544602,0
24968,0.970015,0
24969,1.622475,0
24970,2.047894,0
24971,0.646791,0
24972,0.382136,0
24973,0.382136,0
24974,0.844768,0
24975,0.698585,0
24976,0.694623,0
24977,0.227930,0
24978,0.694174,0
24979,0.809189,0
24980,0.197950,0
24981,0.531533,0
24982,0.807361,0
24983,0.183190,0
24984,0.376750,0
24985,0.854049,0
24986,0.490400,0
24987,0.646633,0
24988,0.646633,0
24989,1.787325,0
24990,0.643729,0
24991,0.650549,0
24992,0.483234,0
24993,1.851810,0
24994,0.483173,0
24995,0.646638,0
24996,0.166140,0
24997,0.533946,0
24998,0.528905,0
24999,2.113946,0
25000,2.114477,0
25001,2.114275,0
25002,0.377483,0
25003,0.139439,0
25004,0.329229,0
25005,0.329229,0
25006,0.233568,0
25007,0.645310,0
25008,0.386645,0
25009,0.646676,0
25010,0.372032,0
25011,1.624872,0
25012,0.378506,0
25013,1.069685,0
25014,0.326571,0
25015,0.229621,0
25016,0.969140,0
25017,0.970413,0
25018,0.970192,0
25019,0.970192,0
25020,0.970192,0
25021,0.970192,0
25022,1.132996,0
25023,1.132689,0
25024,1.132947,0
25025,1.132831,0
25026,1.296572,0
25027,1.296572,0
25028,1.296334,0
25029,1.296334,0
25030,1.296334,0
25031,1.296334,0
25032,1.525153,0
25033,0.376783,0
25034,1.492989,0
25035,1.558456,0
25036,0.808007,0
25037,0.808007,0
25038,0.809442,0
25039,0.696198,0
25040,1.524254,0
25041,2.442123,1
25042,2.442221,1
25043,1.230902,0
25044,1.198368,0
25045,1.198368,0
25046,1.198389,0
25047,1.165766,0
25048,1.165766,0
25049,1.165600,0
25050,1.165682,0
25051,1.623062,0
25052,1.657705,0
25053,1.198341,0
25054,1.622875,0
25055,1.622875,0
25056,0.344863,0
25057,1.688426,0
25058,1.624764,0
25059,1.689323,0
25060,1.688249,0
25061,1.558953,0
25062,0.969294,0
25063,0.808673,0
25064,0.809528,0
25065,0.808625,0
25066,1.133227,0
25067,0.974386,0
25068,1.133202,0
25069,1.132621,0
25070,1.624184,0
25071,1.198569,0
25072,1.198415,0
25073,1.557187,0
25074,1.133910,0
25075,1.133420,0
25076,1.133658,0
25077,1.459755,0
25078,1.133299,0
25079,0.904990,0
25080,0.805606,0
25081,0.807402,0
25082,0.644199,0
25083,0.968462,0
25084,0.968781,0
25085,0.968470,0
25086,0.969025,0
25087,0.970262,0
25088,0.969877,0
25089,1.131587,0
25090,1.131587,0
25091,1.591375,0
25092,1.591375,0
25093,0.222500,0
25094,0.969946,0
25095,0.971576,0
25096,1.688213,0
25097,0.970834,0
25098,1.131961,0
25099,0.968485,0
25100,0.968485,0
25101,0.968914,0
25102,1.656907,0
25103,0.968404,0
25104,0.969864,0
25105,1.786089,0
25106,0.970104,0
25107,0.969986,0
25108,0.193996,0
25109,0.968107,0
25110,0.969854,0
25111,1.951129,0
25112,1.885398,0
25113,1.885398,0
25114,2.016185,0
25115,2.015829,0
25116,1.133375,0
25117,0.970819,0
25118,0.969913,0
25119,0.968362,0
25120,0.644356,0
25121,1.625314,0
25122,0.694638,0
25123,0.374660,0
25124,0.489842,0
25125,1.067598,0
25126,1.067598,0
25127,1.294917,0
25128,1.131426,0
25129,2.113797,0
25130,0.968557,0
25131,0.967903,0
25132,0.967903,0
25133,1.131397,0
25134,1.950642,0
25135,1.296313,0
25136,1.852600,0
25137,1.983332,0
25138,1.983188,0
25139,1.491729,0
25140,1.489157,0
25141,1.455339,0
25142,1.357020,0
25143,1.456191,0
25144,1.356228,0
25145,1.356228,0
25146,1.291219,0
25147,1.423078,0
25148,1.423078,0
25149,1.423078,0
25150,1.455054,0
25151,2.046550,0
25152,1.882345,0
25153,1.849650,0
25154,1.751164,0
25155,1.751506,0
25156,1.816817,0
25157,1.817051,0
25158,1.752348,0
25159,0.799675,0
25160,1.848557,0
25161,0.963361,0
25162,1.061934,0
25163,2.079466,0
25164,1.618722,0
25165,2.045825,0
25166,0.963610,0
25167,0.684594,0
25168,0.474644,0
25169,2.472355,1
25170,1.423299,0
25171,1.487738,0
25172,1.488948,0
25173,0.636442,0
25174,0.799276,0
25175,2.144355,0
25176,0.638439,0
25177,2.112298,0
25178,0.637315,0
25179,0.315620,0
25180,0.635947,0
25181,2.112032,0
25182,2.439753,1
25183,1.652400,0
25184,1.487656,0
25185,0.475121,0
25186,2.472219,1
25187,2.472219,1
25188,0.363587,0
25189,0.636501,0
25190,2.045414,0
25191,2.144628,0
25192,2.144584,0
25193,0.161471,0
25194,1.554407,0
25195,1.521300,0
25196,1.949339,0
25197,0.963394,0
25198,0.964270,0
25199,1.980961,0
25200,1.849589,0
25201,2.079533,0
25202,1.980499,0
25203,1.192761,0
25204,1.192761,0
25205,1.684195,0
25206,1.750543,0
25207,2.177292,1
25208,0.799794,0
25209,1.129387,0
25210,0.800102,0
25211,0.964234,0
25212,0.964954,0
25213,0.962731,0
25214,0.965205,0
25215,0.801287,0
25216,0.964160,0
25217,0.964160,0
25218,1.128803,0
25219,1.127193,0
25220,2.046010,0
25221,0.964178,0
25222,1.849109,0
25223,2.439726,1
25224,1.849188,0
25225,0.963525,0
25226,1.816381,0
25227,0.963528,0
25228,1.454666,0
25229,1.456165,0
25230,1.421997,0
25231,1.684895,0
25232,1.914654,0
25233,1.127440,0
25234,0.963973,0
25235,0.963973,0
25236,0.963900,0
25237,0.389144,0
25238,0.903008,0
25239,2.083230,0
25240,1.145711,0
25241,0.341892,0
25242,1.498739,0
25243,0.808469,0
25244,0.807465,0
25245,0.807824,0
25246,0.805267,0
25247,0.807625,0
25248,0.809181,0
25249,0.331279,0
25250,0.646089,0
25251,2.083133,0
25252,1.459888,0
25253,0.807255,0
25254,0.646985,0
25255,0.234418,0
25256,0.138799,0
25257,1.526689,0
25258,1.133529,0
25259,0.873286,0
25260,1.132595,0
25261,1.131186,0
25262,1.131223,0
25263,2.180003,1
25264,0.644592,0
25265,0.644592,0
25266,0.968409,0
25267,0.799985,0
25268,0.964679,0
25269,0.965194,0
25270,0.799599,0
25271,0.799552,0
25272,0.635567,0
25273,0.635567,0
25274,1.128889,0
25275,0.799924,0
25276,1.356393,0
25277,0.963955,0
25278,0.963787,0
25279,1.126914,0
25280,1.127329,0
25281,0.511087,0
25282,0.963108,0
25283,0.635633,0
25284,1.504332,0
25285,0.669360,0
25286,0.440243,0
25287,0.440243,0
25288,1.986470,0
25289,1.151264,0
25290,0.675657,0
25291,0.853837,0
25292,0.502381,0
25293,1.682024,0
25294,0.381081,0
25295,2.411077,1
25296,2.409229,1
25297,0.970225,0
25298,0.724798,0
25299,1.541119,0
25300,0.908487,0
25301,1.274585,0
25302,0.696267,0
25303,0.854296,0
25304,0.379795,0
25305,0.808011,0
25306,0.340410,0
25307,0.733425,0
25308,0.698822,0
25309,0.500621,0
25310,0.685320,0
25311,0.686365,0
25312,2.014512,0
25313,1.013007,0
25314,0.529657,0
25315,2.015475,0
25316,0.855342,0
25317,1.307062,0
25318,1.131574,0
25319,0.229113,0
25320,1.300399,0
25321,0.811143,0
25322,1.336205,0
25323,1.722057,0
25324,0.533068,0
25325,2.179482,1
25326,2.443742,1
25327,1.560274,0
25328,1.459146,0
25329,0.331643,0
25330,0.487714,0
25331,2.480741,1
25332,0.369880,0
25333,0.647512,0
25334,0.805776,0
25335,0.977007,0
25336,0.968309,0
25337,0.968148,0
25338,0.375892,0
25339,2.081247,0
25340,2.081247,0
25341,2.018120,0
25342,1.098715,0
25343,1.164085,0
25344,1.098607,0
25345,0.968293,0
25346,0.968197,0
25347,0.968096,0
25348,0.967863,0
25349,1.230738,0
25350,0.967595,0
25351,0.806202,0
25352,0.808347,0
25353,0.813438,0
25354,0.486947,0
25355,0.647785,0
25356,0.807583,0
25357,1.173755,0
25358,1.145521,0
25359,1.394945,0
25360,1.460426,0
25361,1.460426,0
25362,1.460052,0
25363,1.394680,0
25364,0.646414,0
25365,1.066178,0
25366,0.288373,0
25367,0.288373,0
25368,1.063875,0
25369,1.651925,0
25370,1.227224,0
25371,1.455099,0
25372,1.455099,0
25373,2.406996,1
25374,1.507010,0
25375,0.848807,0
25376,2.373993,1
25377,0.799282,0
25378,0.964384,0
25379,1.455290,0
25380,0.362270,0
25381,0.501617,0
25382,1.126959,0
25383,1.126959,0
25384,0.808544,0
25385,2.473678,1
25386,2.089809,0
25387,2.111532,0
25388,2.209883,1
25389,1.298319,0
25390,1.141651,0
25391,1.389600,0
25392,2.373724,1
25393,1.454739,0
25394,1.454708,0
25395,1.421892,0
25396,2.474330,1
25397,2.101977,0
25398,1.314841,0
25399,1.322086,0
25400,0.691375,0
25401,0.374238,0
25402,0.331095,0
25403,0.330491,0
25404,0.488277,0
25405,0.373771,0
25406,0.487303,0
25407,0.561626,0
25408,0.692420,0
25409,0.229047,0
25410,0.230161,0
25411,0.685002,0
25412,1.379764,0
25413,1.379764,0
25414,0.318457,0
25415,2.176634,1
25416,1.980671,0
25417,2.473158,1
25418,1.305387,0
25419,4.890900,1
25420,1.321564,0
25421,1.132919,0
25422,1.789546,0
25423,1.132552,0
25424,1.296306,0
25425,0.805337,0
25426,0.805450,0
25427,0.487580,0
25428,0.646556,0
25429,0.646602,0
25430,0.647338,0
25431,0.648436,0
25432,1.393599,0
25433,0.968576,0
25434,1.592384,0
25435,0.970262,0
25436,1.132864,0
25437,0.970257,0
25438,1.131009,0
25439,1.131412,0
25440,0.871479,0
25441,1.131028,0
25442,0.486889,0
25443,0.808087,0
25444,0.809213,0
25445,0.334749,0
25446,0.333751,0
25447,0.810330,0
25448,0.487518,0
25449,1.132389,0
25450,0.324584,0
25451,0.493490,0
25452,0.692786,0
25453,0.228196,0
25454,0.534576,0
25455,1.559951,0
25456,2.474352,1
25457,0.483222,0
25458,0.376525,0
25459,1.592608,0
25460,0.491989,0
25461,2.049222,0
25462,1.984272,0
25463,0.486660,0
25464,0.488042,0
25465,0.487053,0
25466,0.488042,0
25467,0.490770,0
25468,0.335093,0
25469,1.623363,0
25470,1.558668,0
25471,2.048919,0
25472,1.556272,0
25473,0.970182,0
25474,1.557113,0
25475,2.114367,0
25476,1.655562,0
25477,0.484576,0
25478,0.969114,0
25479,1.656677,0
25480,1.656640,0
25481,0.967992,0
25482,0.969687,0
25483,0.969781,0
25484,1.786739,0
25485,1.787176,0
25486,2.475466,1
25487,2.475466,1
25488,1.787920,0
25489,0.486757,0
25490,1.624439,0
25491,0.815600,0
25492,0.967941,0
25493,0.639097,0
25494,2.111422,0
25495,1.127293,0
25496,0.311615,0
25497,0.964452,0
25498,0.964298,0
25499,2.144247,0
25500,2.177161,1
25501,2.046703,0
25502,0.964048,0
25503,0.964452,0
25504,0.965598,0
25505,0.476270,0
25506,2.111607,0
25507,2.014783,0
25508,2.014637,0
25509,0.970408,0
25510,0.963793,0
25511,0.160848,0
25512,0.640350,0
25513,0.486129,0
25514,0.377672,0
25515,0.532885,0
25516,0.692131,0
25517,2.016778,0
25518,0.855164,0
25519,1.624409,0
25520,1.623874,0
25521,0.376366,0
25522,1.376251,0
25523,0.338228,0
25524,0.377612,0
25525,0.379520,0
25526,1.624180,0
25527,1.820955,0
25528,0.644938,0
25529,0.645110,0
25530,1.625107,0
25531,0.970942,0
25532,2.474548,1
25533,0.487425,0
25534,0.376065,0
25535,0.648776,0
25536,1.688513,0
25537,0.486917,0
25538,2.049173,0
25539,2.049717,0
25540,2.049717,0
25541,0.487626,0
25542,1.559290,0
25543,1.557933,0
25544,1.557933,0
25545,0.854498,0
25546,0.855046,0
25547,0.855046,0
25548,2.310564,1
25549,0.855898,0
25550,0.855898,0
25551,1.559002,0
25552,1.689620,0
25553,1.623528,0
25554,1.950014,0
25555,1.624764,0
25556,1.950816,0
25557,1.037017,0
25558,1.376012,0
25559,1.376012,0
25560,0.271237,0
25561,0.436232,0
25562,0.532525,0
25563,0.202056,0
25564,0.239762,0
25565,1.294456,0
25566,1.313110,0
25567,2.474652,1
25568,2.474651,1
25569,2.114957,0
25570,0.807335,0
25571,0.338414,0
25572,2.409025,1
25573,0.691087,0
25574,1.917772,0
25575,1.690663,0
25576,0.333526,0
25577,1.132729,0
25578,2.017586,0
25579,1.984546,0
25580,1.377582,0
25581,1.984217,0
25582,1.983566,0
25583,2.081766,0
25584,1.380837,0
25585,1.376569,0
25586,0.487480,0
25587,1.375761,0
25588,0.537787,0
25589,1.918007,0
25590,0.372901,0
25591,1.950996,0
25592,1.951445,0
25593,1.950918,0
25594,2.147010,1
25595,2.081693,0
25596,0.854132,0
25597,1.382331,0
25598,1.557400,0
25599,1.029206,0
25600,2.048703,0
25601,1.592749,0
25602,1.592452,0
25603,1.592536,0
25604,1.592416,0
25605,1.592452,0
25606,1.984321,0
25607,0.692741,0
25608,0.853835,0
25609,0.200102,0
25610,1.983857,0
25611,1.983690,0
25612,0.701199,0
25613,2.082177,0
25614,1.625294,0
25615,2.081255,0
25616,0.807654,0
25617,0.809417,0
25618,1.657101,0
25619,0.645925,0
25620,0.848947,0
25621,2.079600,0
25622,2.014007,0
25623,2.014007,0
25624,2.374011,1
25625,0.683639,0
25626,0.360093,0
25627,1.175278,0
25628,0.851947,0
25629,1.371797,0
25630,0.521680,0
25631,1.784426,0
25632,2.079586,0
25633,2.046494,0
25634,2.079494,0
25635,0.694799,0
25636,2.046252,0
25637,0.409953,0
25638,0.849809,0
25639,0.706201,0
25640,1.012038,0
25641,1.011176,0
25642,1.373206,0
25643,0.684309,0
25644,1.371906,0
25645,1.371906,0
25646,1.372590,0
25647,1.520823,0
25648,0.161825,0
25649,1.372242,0
25650,0.523092,0
25651,1.949112,0
25652,1.586777,0
25653,2.080502,0
25654,2.080502,0
25655,1.178659,0
25656,1.372280,0
25657,2.046183,0
25658,2.046183,0
25659,0.521769,0
25660,1.327045,0
25661,0.685738,0
25662,1.981104,0
25663,1.981359,0
25664,2.079136,0
25665,1.010901,0
25666,0.848063,0
25667,0.361651,0
25668,2.472319,1
25669,0.388040,0
25670,1.963046,0
25671,1.692697,0
25672,9.846346,1
25673,0.393871,0
25674,0.368840,0
25675,0.367270,0
25676,2.212817,1
25677,2.442684,1
25678,2.442684,1
25679,2.442684,1
25680,2.442684,1
25681,2.442684,1
25682,2.442684,1
25683,2.442684,1
25684,2.442684,1
25685,0.695518,0
25686,1.559060,0
25687,0.857736,0
25688,1.754022,0
25689,0.808015,0
25690,0.808015,0
25691,0.808015,0
25692,0.808015,0
25693,1.231109,0
25694,1.231109,0
25695,1.231109,0
25696,1.244483,0
25697,1.244483,0
25698,1.234034,0
25699,1.231109,0
25700,0.809202,0
25701,0.809202,0
25702,0.809202,0
25703,1.918033,0
25704,1.983385,0
25705,1.983370,0
25706,0.647491,0
25707,2.441815,1
25708,2.441899,1
25709,2.441899,1
25710,2.441899,1
25711,0.970295,0
25712,0.540114,0
25713,0.540114,0
25714,2.048970,0
25715,1.132759,0
25716,1.132759,0
25717,1.132759,0
25718,0.969670,0
25719,1.917777,0
25720,2.048561,0
25721,2.114741,0
25722,0.204141,0
25723,0.969970,0
25724,0.969970,0
25725,1.852531,0
25726,1.852549,0
25727,0.532210,0
25728,0.649366,0
25729,2.114891,0
25730,1.296374,0
25731,1.459760,0
25732,1.459760,0
25733,1.458625,0
25734,1.263521,0
25735,2.081617,0
25736,2.048861,0
25737,2.048861,0
25738,1.329418,0
25739,1.132688,0
25740,1.295736,0
25741,1.295808,0
25742,1.295808,0
25743,0.529592,0
25744,0.484740,0
25745,2.310915,1
25746,2.015719,0
25747,2.016390,0
25748,1.427729,0
25749,1.851894,0
25750,1.950395,0
25751,0.376855,0
25752,0.198309,0
25753,0.697912,0
25754,0.694719,0
25755,0.694719,0
25756,0.696300,0
25757,0.536935,0
25758,0.537359,0
25759,0.204451,0
25760,2.475466,1
25761,0.243891,0
25762,0.199847,0
25763,0.694463,0
25764,2.441334,1
25765,0.646835,0
25766,1.950769,0
25767,1.982829,0
25768,1.262018,0
25769,1.263141,0
25770,1.134302,0
25771,0.144692,0
25772,0.696747,0
25773,0.376865,0
25774,2.015933,0
25775,0.534841,0
25776,1.918273,0
25777,1.950662,0
25778,0.334598,0
25779,0.489651,0
25780,2.082086,0
25781,0.540996,0
25782,1.656684,0
25783,0.239289,0
25784,0.193155,0
25785,2.049380,0
25786,1.918467,0
25787,2.081488,0
25788,1.918115,0
25789,1.591549,0
25790,1.375969,0
25791,0.244657,0
25792,2.344347,1
25793,2.344347,1
25794,1.557934,0
25795,0.231676,0
25796,0.231056,0
25797,2.146114,1
25798,0.696436,0
25799,1.657519,0
25800,0.491085,0
25801,1.591391,0
25802,0.193559,0
25803,2.049260,0
25804,2.146283,1
25805,2.049922,0
25806,0.535582,0
25807,0.445244,0
25808,1.951341,0
25809,1.983851,0
25810,0.385892,0
25811,0.385666,0
25812,1.527151,0
25813,1.622654,0
25814,0.384908,0
25815,1.950816,0
25816,1.983355,0
25817,1.590780,0
25818,2.016673,0
25819,0.235967,0
25820,2.081744,0
25821,0.528593,0
25822,0.378212,0
25823,0.239894,0
25824,0.532566,0
25825,0.532729,0
25826,0.813215,0
25827,1.717142,0
25828,0.373793,0
25829,0.310994,0
25830,0.800084,0
25831,1.292407,0
25832,1.127973,0
25833,1.783479,0
25834,1.947170,0
25835,2.439239,1
25836,0.963645,0
25837,2.112490,0
25838,0.963657,0
25839,0.964323,0
25840,1.882378,0
25841,0.636643,0
25842,1.292387,0
25843,0.964101,0
25844,1.455730,0
25845,1.947567,0
25846,1.653694,0
25847,0.169423,0
25848,0.691081,0
25849,1.554793,0
25850,0.327183,0
25851,1.587544,0
25852,1.620463,0
25853,0.326741,0
25854,0.799694,0
25855,0.803220,0
25856,0.685564,0
25857,0.535308,0
25858,0.337451,0
25859,0.572047,0
25860,0.652672,0
25861,1.984874,0
25862,1.984874,0
25863,0.530977,0
25864,0.690318,0
25865,0.525965,0
25866,0.532044,0
25867,0.532044,0
25868,0.689719,0
25869,0.531463,0
25870,0.370687,0
25871,0.373865,0
25872,0.338463,0
25873,2.442017,1
25874,1.984784,0
25875,1.187256,0
25876,0.852979,0
25877,1.310889,0
25878,0.372738,0
25879,2.408962,1
25880,0.691896,0
25881,0.692318,0
25882,1.401994,0
25883,0.532584,0
25884,0.530918,0
25885,0.529884,0
25886,1.017207,0
25887,1.015846,0
25888,0.690834,0
25889,1.983312,0
25890,0.370311,0
25891,0.376646,0
25892,2.475068,1
25893,2.475056,1
25894,0.691709,0
25895,1.885114,0
25896,1.885114,0
25897,0.332076,0
25898,2.214668,1
25899,0.371058,0
25900,1.593170,0
25901,0.692154,0
25902,2.115179,0
25903,1.623572,0
25904,0.329843,0
25905,0.331745,0
25906,0.685443,0
25907,1.372399,0
25908,1.305821,0
25909,1.305821,0
25910,0.533935,0
25911,0.636657,0
25912,0.522175,0
25913,0.685698,0
25914,0.688378,0
25915,0.682763,0
25916,0.520014,0
25917,2.472484,1
25918,2.472484,1
25919,0.849059,0
25920,1.011552,0
25921,1.306442,0
25922,2.046721,0
25923,2.472677,1
25924,0.682297,0
25925,0.358997,0
25926,0.683531,0
25927,0.682318,0
25928,0.523015,0
25929,0.685654,0
25930,1.011910,0
25931,0.686471,0
25932,0.683759,0
25933,1.174944,0
25934,1.176329,0
25935,1.175588,0
25936,1.175588,0
25937,0.687176,0
25938,1.011307,0
25939,0.523174,0
25940,0.523174,0
25941,0.522176,0
25942,1.012195,0
25943,1.012195,0
25944,0.360786,0
25945,2.013464,0
25946,0.684957,0
25947,1.312272,0
25948,1.372966,0
25949,1.011303,0
25950,0.848449,0
25951,0.684041,0
25952,0.531392,0
25953,0.687795,0
25954,0.683066,0
25955,0.685052,0
25956,2.079477,0
25957,0.684048,0
25958,1.011819,0
25959,0.686721,0
25960,2.080213,0
25961,2.080227,0
25962,1.306319,0
25963,1.371494,0
25964,1.371494,0
25965,0.685473,0
25966,0.684206,0
25967,0.519152,0
25968,0.682924,0
25969,0.682995,0
25970,0.683929,0
25971,1.173938,0
25972,1.011047,0
25973,1.307045,0
25974,1.307045,0
25975,1.010780,0
25976,0.685136,0
25977,0.683614,0
25978,1.305393,0
25979,1.614250,0
25980,0.527140,0
25981,1.341293,0
25982,1.012941,0
25983,1.012941,0
25984,0.337150,0
25985,1.022936,0
25986,0.683966,0
25987,0.187289,0
25988,1.362181,0
25989,1.067220,0
25990,0.586120,0
25991,0.532190,0
25992,1.590919,0
25993,1.198179,0
25994,0.333350,0
25995,0.381419,0
25996,2.016330,0
25997,2.016330,0
25998,0.648956,0
25999,0.370873,0
26000,0.690886,0
26001,0.373301,0
26002,1.591787,0
26003,1.591787,0
26004,0.375057,0
26005,0.487437,0
26006,1.362088,0
26007,1.296764,0
26008,0.485025,0
26009,1.017197,0
26010,0.330022,0
26011,0.488084,0
26012,0.199493,0
26013,0.492071,0
26014,2.245587,1
26015,1.918699,0
26016,0.130025,0
26017,0.970080,0
26018,0.808809,0
26019,0.378624,0
26020,0.488160,0
26021,1.133244,0
26022,2.049344,0
26023,0.533930,0
26024,0.695245,0
26025,1.819358,0
26026,0.809113,0
26027,0.970428,0
26028,1.557747,0
26029,1.132513,0
26030,1.165739,0
26031,1.753608,0
26032,0.643820,0
26033,0.646569,0
26034,2.212880,1
26035,0.218755,0
26036,0.179755,0
26037,1.297055,0
26038,0.374984,0
26039,0.543962,0
26040,0.329657,0
26041,0.333850,0
26042,0.128795,0
26043,0.692064,0
26044,0.691588,0
26045,0.190989,0
26046,0.691169,0
26047,0.333931,0
26048,0.189817,0
26049,0.532556,0
26050,1.853403,0
26051,0.214906,0
26052,0.808011,0
26053,0.646123,0
26054,0.646608,0
26055,0.646618,0
26056,1.133502,0
26057,0.332963,0
26058,0.645911,0
26059,0.483924,0
26060,0.646115,0
26061,0.131752,0
26062,0.117765,0
26063,0.646552,0
26064,0.685765,0
26065,0.115392,0
26066,0.359660,0
26067,0.523013,0
26068,1.128508,0
26069,0.520182,0
26070,2.308094,1
26071,2.112893,0
26072,2.472127,1
26073,2.473538,1
26074,1.916655,0
26075,0.213666,0
26076,0.801280,0
26077,1.371393,0
26078,1.010625,0
26079,1.305750,0
26080,1.422117,0
26081,0.316101,0
26082,1.620792,0
26083,1.620792,0
26084,1.851424,0
26085,1.851432,0
26086,2.439510,1
26087,2.473701,1
26088,0.320516,0
26089,1.291844,0
26090,0.642207,0
26091,0.636383,0
26092,0.343606,0
26093,0.815485,0
26094,0.376671,0
26095,0.341102,0
26096,0.377492,0
26097,2.480665,1
26098,1.624598,0
26099,1.983363,0
26100,1.590463,0
26101,2.343861,1
26102,0.646224,0
26103,0.332129,0
26104,0.378754,0
26105,1.721708,0
26106,1.625073,0
26107,1.297498,0
26108,1.298793,0
26109,0.534843,0
26110,0.535852,0
26111,0.376226,0
26112,0.969767,0
26113,2.048635,0
26114,1.951164,0
26115,1.885791,0
26116,0.646608,0
26117,0.806704,0
26118,1.589846,0
26119,1.557112,0
26120,1.885106,0
26121,0.332173,0
26122,1.623774,0
26123,1.755197,0
26124,1.690101,0
26125,1.625111,0
26126,1.624860,0
26127,1.623782,0
26128,1.393314,0
26129,1.819623,0
26130,0.246187,0
26131,0.378946,0
26132,0.380175,0
26133,0.697495,0
26134,0.697495,0
26135,0.698983,0
26136,0.698610,0
26137,0.379976,0
26138,0.382139,0
26139,0.538405,0
26140,0.378491,0
26141,0.695380,0
26142,0.378420,0
26143,0.698107,0
26144,1.100509,0
26145,1.261970,0
26146,0.533702,0
26147,0.533702,0
26148,0.198222,0
26149,0.534781,0
26150,0.387027,0
26151,0.387027,0
26152,0.536874,0
26153,0.192195,0
26154,0.698468,0
26155,1.377714,0
26156,1.019846,0
26157,0.696050,0
26158,1.819624,0
26159,0.970648,0
26160,0.647059,0
26161,0.970538,0
26162,1.851790,0
26163,0.337594,0
26164,0.682511,0
26165,1.061204,0
26166,0.641114,0
26167,1.750925,0
26168,0.963767,0
26169,0.635493,0
26170,0.522368,0
26171,1.291379,0
26172,1.488648,0
26173,1.914647,0
26174,1.980633,0
26175,1.848900,0
26176,0.378043,0
26177,0.968982,0
26178,0.811513,0
26179,0.643045,0
26180,0.643009,0
26181,0.808070,0
26182,1.132724,0
26183,2.441708,1
26184,2.441603,1
26185,2.441674,1
26186,2.441611,1
26187,2.441519,1
26188,2.441524,1
26189,2.408874,1
26190,2.441592,1
26191,2.441513,1
26192,2.441513,1
26193,2.441592,1
26194,2.441686,1
26195,0.243305,0
26196,0.730462,0
26197,1.107353,0
26198,0.975310,0
26199,0.327710,0
26200,1.818218,0
26201,0.805233,0
26202,1.491882,0
26203,1.492094,0
26204,0.671333,0
26205,0.807338,0
26206,0.333663,0
26207,0.645541,0
26208,0.807622,0
26209,0.646904,0
26210,0.646946,0
26211,0.646946,0
26212,0.728970,0
26213,0.807411,0
26214,0.646598,0
26215,0.646598,0
26216,0.646121,0
26217,0.646203,0
26218,0.806286,0
26219,0.807812,0
26220,0.645572,0
26221,0.806854,0
26222,0.646966,0
26223,0.646506,0
26224,0.806051,0
26225,0.807049,0
26226,0.486074,0
26227,0.807422,0
26228,0.808270,0
26229,0.807032,0
26230,0.643255,0
26231,0.806422,0
26232,0.807362,0
26233,0.807726,0
26234,2.081800,0
26235,0.476503,0
26236,0.335676,0
26237,1.127111,0
26238,1.371413,0
26239,2.079353,0
26240,0.963073,0
26241,0.636686,0
26242,0.635882,0
26243,1.159904,0
26244,2.144653,0
26245,2.081250,0
26246,2.409306,1
26247,2.376042,1
26248,2.376272,1
26249,2.409213,1
26250,2.409600,1
26251,2.408708,1
26252,1.557540,0
26253,1.950308,0
26254,1.524096,0
26255,1.556223,0
26256,0.969616,0
26257,1.852057,0
26258,1.819320,0
26259,1.459689,0
26260,1.460837,0
26261,0.968372,0
26262,0.968402,0
26263,1.295248,0
26264,1.295548,0
26265,1.296914,0
26266,0.804958,0
26267,1.132906,0
26268,0.805170,0
26269,0.805173,0
26270,1.132610,0
26271,0.968238,0
26272,1.132620,0
26273,1.527215,0
26274,1.458483,0
26275,2.342846,1
26276,2.342896,1
26277,1.722426,0
26278,1.721352,0
26279,1.295185,0
26280,1.295969,0
26281,1.558887,0
26282,1.526287,0
26283,1.526504,0
26284,1.296110,0
26285,1.458182,0
26286,1.295255,0
26287,1.294925,0
26288,1.393425,0
26289,1.393170,0
26290,1.425245,0
26291,1.425705,0
26292,1.296294,0
26293,1.296417,0
26294,1.459054,0
26295,1.133171,0
26296,1.133171,0
26297,1.133794,0
26298,1.133794,0
26299,1.133794,0
26300,1.133794,0
26301,1.818599,0
26302,0.972179,0
26303,1.133387,0
26304,0.807356,0
26305,1.360456,0
26306,1.360456,0
26307,1.360456,0
26308,1.360456,0
26309,1.360192,0
26310,1.360456,0
26311,1.360456,0
26312,1.362123,0
26313,1.361480,0
26314,1.295804,0
26315,1.722538,0
26316,1.722705,0
26317,1.295310,0
26318,1.295126,0
26319,1.132850,0
26320,1.721081,0
26321,1.721081,0
26322,1.132963,0
26323,2.441880,1
26324,2.441880,1
26325,2.474700,1
26326,2.474686,1
26327,1.688370,0
26328,1.327449,0
26329,1.327419,0
26330,0.967789,0
26331,0.968838,0
26332,0.968838,0
26333,0.970105,0
26334,0.974666,0
26335,1.523836,0
26336,1.525173,0
26337,1.523617,0
26338,1.523867,0
26339,1.457997,0
26340,1.690267,0
26341,1.689859,0
26342,1.690831,0
26343,1.689614,0
26344,1.526109,0
26345,1.690074,0
26346,1.690080,0
26347,1.722381,0
26348,1.851718,0
26349,1.851620,0
26350,1.851655,0
26351,1.851562,0
26352,1.526138,0
26353,1.526138,0
26354,1.524638,0
26355,1.525787,0
26356,1.852274,0
26357,1.849456,0
26358,1.948285,0
26359,0.963204,0
26360,0.963366,0
26361,0.963322,0
26362,1.980181,0
26363,0.963315,0
26364,0.963252,0
26365,1.126640,0
26366,0.799920,0
26367,0.799920,0
26368,0.799012,0
26369,0.799427,0
26370,1.291421,0
26371,1.192927,0
26372,1.193183,0
26373,1.127350,0
26374,0.963234,0
26375,1.291569,0
26376,0.799402,0
26377,1.455295,0
26378,0.965981,0
26379,0.963432,0
26380,0.966063,0
26381,1.094714,0
26382,1.981541,0
26383,1.981487,0
26384,1.291181,0
26385,1.816898,0
26386,1.292160,0
26387,1.292871,0
26388,1.292884,0
26389,0.963090,0
26390,0.963627,0
26391,0.963572,0
26392,0.978562,0
26393,0.963198,0
26394,0.963541,0
26395,1.324850,0
26396,1.291290,0
26397,0.962479,0
26398,1.324195,0
26399,1.324267,0
26400,1.159778,0
26401,1.159596,0
26402,1.126876,0
26403,1.130252,0
26404,1.126743,0
26405,0.962769,0
26406,0.963340,0
26407,0.963329,0
26408,0.963231,0
26409,0.963421,0
26410,0.963409,0
26411,0.963579,0
26412,0.962952,0
26413,0.962838,0
26414,0.962965,0
26415,0.963129,0
26416,1.126871,0
26417,1.126681,0
26418,1.389092,0
26419,1.126718,0
26420,1.127662,0
26421,1.128160,0
26422,1.126785,0
26423,1.126568,0
26424,1.136427,0
26425,1.947842,0
26426,1.356466,0
26427,24.937600,1
26428,54.009344,1
26429,54.009344,1
26430,22.907887,1
26431,1.755279,0
26432,1.983392,0
26433,1.984186,0
26434,0.373224,0
26435,0.810913,0
26436,0.647949,0
26437,0.646262,0
26438,1.133938,0
26439,2.475689,1
26440,1.310840,0
26441,0.488553,0
26442,0.492632,0
26443,1.134008,0
26444,0.970096,0
26445,0.970096,0
26446,0.969099,0
26447,0.216965,0
26448,0.646881,0
26449,0.646881,0
26450,0.695390,0
26451,0.488518,0
26452,0.487385,0
26453,0.969924,0
26454,0.968660,0
26455,0.488404,0
26456,1.372022,0
26457,0.501883,0
26458,0.648820,0
26459,2.114616,0
26460,1.296101,0
26461,2.081666,0
26462,0.334851,0
26463,2.474002,1
26464,0.648010,0
26465,0.647299,0
26466,2.212507,1
26467,0.489162,0
26468,0.489584,0
26469,2.050056,0
26470,0.141670,0
26471,1.589645,0
26472,1.557783,0
26473,0.662469,0
26474,0.202831,0
26475,1.819311,0
26476,1.819599,0
26477,2.474194,1
26478,2.113983,0
26479,2.049596,0
26480,2.049626,0
26481,2.049214,0
26482,0.646458,0
26483,1.295481,0
26484,0.646339,0
26485,0.970780,0
26486,0.970163,0
26487,0.970780,0
26488,0.969944,0
26489,1.230623,0
26490,1.230982,0
26491,0.535420,0
26492,0.488483,0
26493,0.799130,0
26494,0.799130,0
26495,0.634747,0
26496,0.635988,0
26497,1.193888,0
26498,1.226983,0
26499,0.963975,0
26500,0.963975,0
26501,0.964049,0
26502,0.964017,0
26503,0.963799,0
26504,2.278936,1
26505,1.729743,0
26506,1.827209,0
26507,2.452413,1
26508,0.152735,0
26509,0.345485,0
26510,1.701696,0
26511,1.016539,0
26512,0.819811,0
26513,1.378414,0
26514,1.470328,0
26515,1.394915,0
26516,1.451300,0
26517,0.437175,0
26518,2.048492,0
26519,0.642613,0
26520,1.851620,0
26521,1.029651,0
26522,1.029651,0
26523,0.681482,0
26524,1.447565,0
26525,1.036075,0
26526,0.695466,0
26527,1.983254,0
26528,2.016810,0
26529,2.016091,0
26530,2.016956,0
26531,0.405136,0
26532,0.339079,0
26533,1.819540,0
26534,1.819540,0
26535,0.531242,0
26536,2.049665,0
26537,2.112922,0
26538,1.698776,0
26539,0.234084,0
26540,2.441179,1
26541,2.440977,1
26542,2.440989,1
26543,2.408648,1
26544,1.848814,0
26545,2.472915,1
26546,2.082555,0
26547,0.692498,0
26548,1.313330,0
26549,0.856049,0
26550,0.722769,0
26551,1.688371,0
26552,1.690145,0
26553,0.693623,0
26554,1.721796,0
26555,0.693811,0
26556,0.647825,0
26557,1.887111,0
26558,1.854756,0
26559,1.854756,0
26560,1.854213,0
26561,1.525592,0
26562,0.647006,0
26563,0.646973,0
26564,1.460591,0
26565,1.460591,0
26566,0.695652,0
26567,1.983260,0
26568,1.983260,0
26569,2.147922,1
26570,2.080071,0
26571,2.080071,0
26572,2.047348,0
26573,1.305647,0
26574,1.012018,0
26575,1.012018,0
26576,13.571458,1
26577,1.431449,0
26578,1.722435,0
26579,0.352997,0
26580,0.334385,0
26581,1.020148,0
26582,1.375053,0
26583,0.342629,0
26584,0.378393,0
26585,0.853568,0
26586,2.049718,0
26587,0.693143,0
26588,0.854108,0
26589,0.852621,0
26590,0.693234,0
26591,0.853408,0
26592,0.531537,0
26593,1.018492,0
26594,0.538468,0
26595,1.375733,0
26596,0.488796,0
26597,1.375652,0
26598,0.529474,0
26599,1.017338,0
26600,0.973234,0
26601,0.854429,0
26602,1.754722,0
26603,0.855170,0
26604,1.190561,0
26605,0.335028,0
26606,2.278065,1
26607,0.692898,0
26608,0.693455,0
26609,0.693624,0
26610,0.531411,0
26611,0.376968,0
26612,1.015873,0
26613,1.019018,0
26614,0.530168,0
26615,0.530168,0
26616,0.693557,0
26617,0.375472,0
26618,0.190283,0
26619,0.532152,0
26620,0.694002,0
26621,0.695445,0
26622,1.017701,0
26623,1.015731,0
26624,0.127672,0
26625,0.230688,0
26626,0.224258,0
26627,2.114610,0
26628,2.147168,1
26629,2.114571,0
26630,0.378510,0
26631,0.342712,0
26632,0.853932,0
26633,0.694137,0
26634,0.335319,0
26635,1.984296,0
26636,1.376495,0
26637,0.693834,0
26638,0.690942,0
26639,1.016619,0
26640,0.652818,0
26641,1.180473,0
26642,0.197174,0
26643,1.311714,0
26644,0.854010,0
26645,0.854804,0
26646,0.855150,0
26647,2.441874,1
26648,2.441916,1
26649,2.441916,1
26650,2.444046,1
26651,2.443705,1
26652,0.239787,0
26653,2.147690,1
26654,2.147650,1
26655,2.147650,1
26656,2.147647,1
26657,0.238580,0
26658,0.229965,0
26659,1.377025,0
26660,1.377025,0
26661,1.180081,0
26662,0.696470,0
26663,0.488096,0
26664,1.624520,0
26665,0.646633,0
26666,0.325416,0
26667,0.157969,0
26668,1.371582,0
26669,1.371582,0
26670,1.980678,0
26671,1.981288,0
26672,0.850287,0
26673,2.014325,0
26674,1.010630,0
26675,0.847356,0
26676,0.685084,0
26677,1.175589,0
26678,0.083126,0
26679,0.083126,0
26680,1.011359,0
26681,1.012558,0
26682,0.326862,0
26683,0.200138,0
26684,0.522506,0
26685,0.685177,0
26686,2.046735,0
26687,0.848718,0
26688,1.012822,0
26689,1.372345,0
26690,1.371533,0
26691,1.011754,0
26692,0.522802,0
26693,0.520703,0
26694,0.686097,0
26695,1.175746,0
26696,0.682565,0
26697,0.682565,0
26698,1.980797,0
26699,0.850440,0
26700,0.687134,0
26701,0.687134,0
26702,0.848418,0
26703,1.372101,0
26704,0.685576,0
26705,1.012491,0
26706,1.012466,0
26707,1.024012,0
26708,0.480547,0
26709,1.175112,0
26710,1.176358,0
26711,2.439858,1
26712,2.406857,1
26713,2.406857,1
26714,2.442935,1
26715,2.439577,1
26716,2.406857,1
26717,2.441925,1
26718,2.439693,1
26719,2.439728,1
26720,2.439728,1
26721,2.439819,1
26722,2.439708,1
26723,2.439679,1
26724,2.440178,1
26725,2.439852,1
26726,2.439720,1
26727,2.441177,1
26728,0.365625,0
26729,0.211937,0
26730,0.211937,0
26731,0.205078,0
26732,0.361690,0
26733,0.205638,0
26734,0.204325,0
26735,2.046703,0
26736,1.372781,0
26737,2.013746,0
26738,0.849351,0
26739,2.474955,1
26740,0.524400,0
26741,0.354929,0
26742,0.762745,0
26743,0.207448,0
26744,0.355679,0
26745,2.035357,0
26746,0.408302,0
26747,1.810387,0
26748,0.710075,0
26749,2.408719,1
26750,2.050284,0
26751,1.314085,0
26752,1.982629,0
26753,1.546687,0
26754,1.505780,0
26755,0.970855,0
26756,0.968451,0
26757,2.080884,0
26758,0.487305,0
26759,1.983535,0
26760,1.382456,0
26761,0.968341,0
26762,1.026438,0
26763,1.377606,0
26764,0.538085,0
26765,0.865548,0
26766,0.968141,0
26767,1.695210,0
26768,1.982288,0
26769,2.080685,0
26770,2.414625,1
26771,2.421369,1
26772,0.227080,0
26773,0.146397,0
26774,1.531890,0
26775,0.645581,0
26776,1.524772,0
26777,1.524801,0
26778,1.492206,0
26779,1.557413,0
26780,1.819054,0
26781,1.819199,0
26782,1.557213,0
26783,2.445942,1
26784,2.445942,1
26785,1.494373,0
26786,1.612632,0
26787,1.600460,0
26788,1.504929,0
26789,1.505222,0
26790,1.916675,0
26791,1.937972,0
26792,0.714546,0
26793,1.402391,0
26794,1.132250,0
26795,0.245417,0
26796,0.701895,0
26797,0.118480,0
26798,0.190658,0
26799,1.983075,0
26800,0.807798,0
26801,1.619786,0
26802,2.473203,1
26803,1.915179,0
26804,1.915179,0
26805,1.491855,0
26806,1.531363,0
26807,1.291671,0
26808,2.276110,1
26809,1.816355,0
26810,1.881981,0
26811,1.881981,0
26812,1.685551,0
26813,1.484724,0
26814,1.849193,0
26815,2.111345,0
26816,2.111345,0
26817,2.111354,0
26818,0.963810,0
26819,0.376133,0
26820,1.430927,0
26821,2.078813,0
26822,2.472445,1
26823,2.439673,1
26824,2.079711,0
26825,0.963728,0
26826,2.079258,0
26827,2.439981,1
26828,2.439953,1
26829,2.439919,1
26830,2.439938,1
26831,2.439976,1
26832,2.440218,1
26833,2.440011,1
26834,2.440100,1
26835,2.440234,1
26836,2.440311,1
26837,2.440015,1
26838,2.439973,1
26839,2.177812,1
26840,2.177817,1
26841,2.112251,0
26842,2.473012,1
26843,2.473014,1
26844,2.473014,1
26845,2.473032,1
26846,0.637897,0
26847,1.460148,0
26848,0.696223,0
26849,0.230187,0
26850,2.382643,1
26851,1.530772,0
26852,0.807892,0
26853,0.743175,0
26854,1.345477,0
26855,2.095293,0
26856,1.720960,0
26857,0.699635,0
26858,0.498583,0
26859,0.807278,0
26860,0.807379,0
26861,0.807065,0
26862,0.807065,0
26863,0.807172,0
26864,0.807042,0
26865,0.967164,0
26866,1.756415,0
26867,1.756566,0
26868,0.645669,0
26869,0.806187,0
26870,0.646017,0
26871,0.646331,0
26872,0.490737,0
26873,0.486371,0
26874,0.674251,0
26875,0.486431,0
26876,0.486431,0
26877,0.486874,0
26878,0.644644,0
26879,1.921894,0
26880,0.532351,0
26881,0.971096,0
26882,0.486542,0
26883,1.359994,0
26884,0.484012,0
26885,0.486583,0
26886,1.131462,0
26887,0.536194,0
26888,1.850866,0
26889,1.131535,0
26890,1.131803,0
26891,1.131777,0
26892,0.805659,0
26893,2.054206,0
26894,0.969890,0
26895,0.197076,0
26896,0.808049,0
26897,0.970904,0
26898,0.705305,0
26899,0.654249,0
26900,0.572891,0
26901,0.964003,0
26902,1.128060,0
26903,0.892152,0
26904,1.984409,0
26905,0.258878,0
26906,0.988462,0
26907,0.524713,0
26908,0.802513,0
26909,0.499764,0
26910,0.811583,0
26911,0.808715,0
26912,1.820718,0
26913,0.646681,0
26914,1.016471,0
26915,1.379268,0
26916,1.166448,0
26917,0.807856,0
26918,1.311518,0
26919,1.311518,0
26920,1.311518,0
26921,1.310929,0
26922,1.017050,0
26923,1.689311,0
26924,2.474468,1
26925,1.950773,0
26926,1.590595,0
26927,0.140639,0
26928,2.474552,1
26929,1.756126,0
26930,1.821597,0
26931,0.329922,0
26932,1.310756,0
26933,1.017480,0
26934,1.460548,0
26935,1.526613,0
26936,1.460831,0
26937,1.461267,0
26938,0.486917,0
26939,1.589518,0
26940,2.441676,1
26941,1.310254,0
26942,2.081499,0
26943,2.081499,0
26944,0.330958,0
26945,2.081771,0
26946,1.885691,0
26947,0.691000,0
26948,0.691000,0
26949,1.690660,0
26950,2.147159,1
26951,1.459409,0
26952,1.459413,0
26953,0.646476,0
26954,0.486447,0
26955,1.016753,0
26956,1.852325,0
26957,2.342834,1
26958,1.493388,0
26959,1.559595,0
26960,1.559595,0
26961,1.558676,0
26962,1.557683,0
26963,1.786270,0
26964,1.657233,0
26965,1.655867,0
26966,1.657362,0
26967,0.807745,0
26968,1.165887,0
26969,0.133540,0
26970,0.691505,0
26971,2.113468,0
26972,1.295972,0
26973,0.531809,0
26974,2.017082,0
26975,1.852333,0
26976,0.332169,0
26977,1.853309,0
26978,0.675554,0
26979,0.223922,0
26980,1.656840,0
26981,2.147072,1
26982,0.680308,0
26983,1.181172,0
26984,1.853103,0
26985,1.852951,0
26986,1.951469,0
26987,1.853468,0
26988,1.853468,0
26989,1.852002,0
26990,1.310780,0
26991,1.311093,0
26992,0.807653,0
26993,1.372796,0
26994,0.849650,0
26995,0.849650,0
26996,0.331962,0
26997,1.306781,0
26998,0.164147,0
26999,0.685114,0
27000,2.472388,1
27001,1.011151,0
27002,1.306550,0
27003,1.456588,0
27004,1.587252,0
27005,1.174712,0
27006,1.010753,0
27007,0.686269,0
27008,0.849424,0
27009,0.327355,0
27010,0.686648,0
27011,1.012120,0
27012,2.013509,0
27013,1.456085,0
27014,0.370624,0
27015,1.127265,0
27016,1.174483,0
27017,0.318269,0
27018,0.847174,0
27019,0.521501,0
27020,0.683720,0
27021,2.078857,0
27022,1.946975,0
27023,1.011705,0
27024,0.609629,0
27025,1.022143,0
27026,1.821840,0
27027,1.470029,0
27028,1.819498,0
27029,1.819521,0
27030,1.819521,0
27031,2.244859,1
27032,1.949602,0
27033,1.567546,0
27034,1.949397,0
27035,1.621516,0
27036,1.753986,0
27037,1.753975,0
27038,1.917325,0
27039,1.493006,0
27040,1.492374,0
27041,1.525747,0
27042,1.526619,0
27043,1.493098,0
27044,1.492449,0
27045,1.492106,0
27046,1.494147,0
27047,1.493803,0
27048,1.493228,0
27049,1.493290,0
27050,1.493685,0
27051,1.493779,0
27052,1.492991,0
27053,1.917622,0
27054,1.392880,0
27055,1.853661,0
27056,1.983797,0
27057,1.493951,0
27058,1.690651,0
27059,1.689696,0
27060,1.689696,0
27061,1.374371,0
27062,1.016913,0
27063,1.623204,0
27064,1.525524,0
27065,1.525530,0
27066,1.524214,0
27067,1.722106,0
27068,1.722281,0
27069,1.786845,0
27070,1.541509,0
27071,1.786920,0
27072,1.786920,0
27073,1.852470,0
27074,1.852123,0
27075,1.852123,0
27076,1.624580,0
27077,1.624103,0
27078,1.691168,0
27079,1.722468,0
27080,1.722468,0
27081,1.657638,0
27082,1.690323,0
27083,1.689934,0
27084,1.689243,0
27085,1.689243,0
27086,1.688408,0
27087,1.458624,0
27088,1.458624,0
27089,0.172776,0
27090,1.180649,0
27091,1.498832,0
27092,1.466894,0
27093,1.531923,0
27094,1.947514,0
27095,1.545776,0
27096,1.515436,0
27097,1.618795,0
27098,1.684445,0
27099,1.850135,0
27100,2.078707,0
27101,1.980261,0
27102,2.439722,1
27103,2.439851,1
27104,2.439851,1
27105,2.439851,1
27106,2.439640,1
27107,2.439794,1
27108,2.439794,1
27109,2.439794,1
27110,2.439794,1
27111,2.079580,0
27112,1.520525,0
27113,1.914532,0
27114,1.487708,0
27115,1.915285,0
27116,1.915285,0
27117,1.849053,0
27118,2.472505,1
27119,1.717977,0
27120,1.883347,0
27121,1.883840,0
27122,1.500612,0
27123,2.856684,1
27124,2.287738,1
27125,2.126769,0
27126,2.113668,0
27127,0.396146,0
27128,1.949943,0
27129,1.983447,0
27130,1.983526,0
27131,1.950508,0
27132,1.983882,0
27133,1.950561,0
27134,1.950178,0
27135,1.983676,0
27136,1.983318,0
27137,1.983676,0
27138,1.983378,0
27139,1.016504,0
27140,1.016504,0
27141,1.016218,0
27142,2.343827,1
27143,0.762932,0
27144,0.447301,0
27145,1.016040,0
27146,1.328254,0
27147,2.147107,1
27148,2.147107,1
27149,2.146890,1
27150,2.179883,1
27151,2.179883,1
27152,2.245440,1
27153,2.245232,1
27154,2.179780,1
27155,2.179669,1
27156,2.179669,1
27157,2.179883,1
27158,1.981096,0
27159,1.947907,0
27160,1.947907,0
27161,1.014359,0
27162,0.735299,0
27163,1.593439,0
27164,1.542978,0
27165,2.108164,0
27166,1.546398,0
27167,0.859585,0
27168,0.859585,0
27169,2.175529,1
27170,1.882387,0
27171,0.584753,0
27172,1.887998,0
27173,0.371250,0
27174,0.239837,0
27175,0.372636,0
27176,1.131739,0
27177,0.332353,0
27178,0.372916,0
27179,1.375377,0
27180,0.646229,0
27181,1.375444,0
27182,1.375951,0
27183,1.375759,0
27184,1.375708,0
27185,0.220488,0
27186,0.220445,0
27187,0.142573,0
27188,0.969026,0
27189,0.647916,0
27190,0.374413,0
27191,0.364365,0
27192,0.375522,0
27193,2.032968,0
27194,0.220372,0
27195,0.373563,0
27196,0.487903,0
27197,0.371780,0
27198,0.986509,0
27199,0.690115,0
27200,0.645500,0
27201,0.648723,0
27202,1.337455,0
27203,1.314629,0
27204,1.685340,0
27205,1.371536,0
27206,1.011199,0
27207,0.962858,0
27208,0.333603,0
27209,0.658165,0
27210,0.694018,0
27211,2.441096,1
27212,0.853139,0
27213,1.524610,0
27214,0.657128,0
27215,1.592265,0
27216,0.336461,0
27217,2.343690,1
27218,2.343689,1
27219,1.852754,0
27220,1.590858,0
27221,1.918109,0
27222,1.917700,0
27223,0.695378,0
27224,0.695458,0
27225,0.696249,0
27226,0.691479,0
27227,0.693649,0
27228,1.950745,0
27229,1.951760,0
27230,1.951760,0
27231,1.951706,0
27232,1.950257,0
27233,1.951540,0
27234,2.081507,0
27235,2.081507,0
27236,2.147549,1
27237,2.146900,1
27238,1.492393,0
27239,1.919449,0
27240,1.919573,0
27241,1.918553,0
27242,1.919069,0
27243,1.919560,0
27244,1.919529,0
27245,1.657336,0
27246,0.647424,0
27247,0.647098,0
27248,0.647098,0
27249,0.647098,0
27250,0.647098,0
27251,0.643479,0
27252,0.646238,0
27253,0.646719,0
27254,0.646352,0
27255,0.333837,0
27256,1.492486,0
27257,0.142907,0
27258,0.486091,0
27259,0.144665,0
27260,0.143648,0
27261,0.260798,0
27262,1.165958,0
27263,0.808011,0
27264,0.808011,0
27265,0.140479,0
27266,0.332741,0
27267,0.645939,0
27268,0.646932,0
27269,1.950161,0
27270,0.968492,0
27271,0.230085,0
27272,0.693220,0
27273,0.230409,0
27274,1.819799,0
27275,1.493721,0
27276,0.646778,0
27277,0.647621,0
27278,0.647621,0
27279,0.486013,0
27280,0.642145,0
27281,0.643038,0
27282,0.646466,0
27283,0.647691,0
27284,0.646209,0
27285,0.807396,0
27286,0.645885,0
27287,2.016599,0
27288,0.533494,0
27289,0.486173,0
27290,1.852537,0
27291,1.526352,0
27292,0.808384,0
27293,1.527499,0
27294,1.527622,0
27295,1.950997,0
27296,1.492772,0
27297,1.721917,0
27298,0.374837,0
27299,2.049431,0
27300,0.809227,0
27301,0.646776,0
27302,2.049213,0
27303,2.310154,1
27304,2.147262,1
27305,2.082146,0
27306,1.525690,0
27307,1.525404,0
27308,1.919258,0
27309,1.919258,0
27310,0.336412,0
27311,2.147216,1
27312,1.754338,0
27313,0.368320,0
27314,0.535994,0
27315,0.694239,0
27316,1.984179,0
27317,2.082521,0
27318,2.082521,0
27319,2.082521,0
27320,0.699722,0
27321,2.113115,0
27322,2.342790,1
27323,1.591960,0
27324,0.532578,0
27325,1.624239,0
27326,0.530338,0
27327,2.114663,0
27328,1.918033,0
27329,2.048723,0
27330,2.048685,0
27331,2.082454,0
27332,2.016306,0
27333,2.081716,0
27334,0.686056,0
27335,1.619122,0
27336,0.520195,0
27337,2.111860,0
27338,2.047462,0
27339,0.873403,0
27340,0.635865,0
27341,0.221707,0
27342,0.311182,0
27343,0.520421,0
27344,0.151145,0
27345,0.801074,0
27346,1.916162,0
27347,0.330288,0
27348,0.689901,0
27349,2.209697,1
27350,1.011873,0
27351,2.276021,1
27352,1.817871,0
27353,0.638008,0
27354,0.484307,0
27355,0.521760,0
27356,0.854917,0
27357,1.914440,0
27358,1.914440,0
27359,2.111276,0
27360,0.684132,0
27361,1.587510,0
27362,0.848562,0
27363,0.963885,0
27364,0.428151,0
27365,1.980331,0
27366,0.520901,0
27367,1.097676,0
27368,1.096822,0
27369,0.657285,0
27370,1.302108,0
27371,0.350782,0
27372,0.564819,0
27373,1.376651,0
27374,1.375528,0
27375,0.192699,0
27376,1.375657,0
27377,1.376682,0
27378,1.375650,0
27379,0.530155,0
27380,1.017947,0
27381,1.590845,0
27382,1.591941,0
27383,2.082931,0
27384,2.082931,0
27385,2.082931,0
27386,1.376792,0
27387,0.266464,0
27388,0.338660,0
27389,0.694254,0
27390,1.310377,0
27391,0.692219,0
27392,1.017378,0
27393,1.016338,0
27394,0.233611,0
27395,1.853419,0
27396,1.886290,0
27397,1.886290,0
27398,0.375288,0
27399,0.532819,0
27400,0.532819,0
27401,0.695109,0
27402,1.017394,0
27403,0.693211,0
27404,2.474598,1
27405,2.474774,1
27406,0.693820,0
27407,1.017114,0
27408,1.017114,0
27409,0.344935,0
27410,0.695315,0
27411,0.853517,0
27412,0.195222,0
27413,0.585311,0
27414,1.012902,0
27415,0.328323,0
27416,0.413298,0
27417,0.330808,0
27418,0.482231,0
27419,1.306215,0
27420,0.684659,0
27421,1.981394,0
27422,0.326181,0
27423,0.849966,0
27424,0.683253,0
27425,1.306885,0
27426,1.012879,0
27427,0.688231,0
27428,0.688396,0
27429,0.682565,0
27430,1.620935,0
27431,0.524490,0
27432,0.361663,0
27433,1.011462,0
27434,1.011462,0
27435,0.686806,0
27436,0.684660,0
27437,0.683336,0
27438,0.683336,0
27439,2.322997,1
27440,0.497103,0
27441,0.364484,0
27442,0.372220,0
27443,0.356452,0
27444,0.657992,0
27445,0.354418,0
27446,0.350403,0
27447,1.431302,0
27448,0.363133,0
27449,0.363133,0
27450,2.049848,0
27451,1.309112,0
27452,1.178986,0
27453,1.374814,0
27454,2.114530,0
27455,1.374953,0
27456,1.308702,0
27457,2.113715,0
27458,0.483444,0
27459,1.852311,0
27460,0.646956,0
27461,0.190875,0
27462,0.331861,0
27463,0.130803,0
27464,0.131290,0
27465,0.807822,0
27466,0.808007,0
27467,2.212761,1
27468,2.441936,1
27469,2.441936,1
27470,2.442531,1
27471,2.442531,1
27472,2.441952,1
27473,2.474766,1
27474,2.475331,1
27475,2.475331,1
27476,2.442696,1
27477,2.442547,1
27478,2.442547,1
27479,2.442547,1
27480,2.442373,1
27481,2.475017,1
27482,2.475331,1
27483,2.475331,1
27484,2.475331,1
27485,2.441673,1
27486,2.442547,1
27487,2.442547,1
27488,2.442547,1
27489,2.442547,1
27490,2.442547,1
27491,2.441861,1
27492,2.441721,1
27493,2.442163,1
27494,2.442205,1
27495,2.442742,1
27496,1.371563,0
27497,1.373437,0
27498,1.373627,0
27499,2.472267,1
27500,1.305461,0
27501,0.615928,0
27502,0.333630,0
27503,0.389353,0
27504,0.807441,0
27505,0.970448,0
27506,2.048665,0
27507,1.492236,0
27508,1.459164,0
27509,0.481244,0
27510,2.343909,1
27511,2.343909,1
27512,1.361183,0
27513,1.133790,0
27514,0.186994,0
27515,0.227850,0
27516,0.194870,0
27517,0.332771,0
27518,0.645601,0
27519,1.309286,0
27520,0.799404,0
27521,0.209497,0
27522,1.294621,0
27523,1.307366,0
27524,1.292168,0
27525,0.314093,0
27526,1.554421,0
27527,0.467405,0
27528,2.917447,1
27529,0.680849,0
27530,1.307541,0
27531,0.496437,0
27532,1.534567,0
27533,1.060675,0
27534,0.426325,0
27535,1.987390,0
27536,1.987390,0
27537,0.664131,0
27538,1.167881,0
27539,1.040186,0
27540,0.500794,0
27541,0.840669,0
27542,1.764905,0
27543,1.158145,0
27544,1.334295,0
27545,1.674933,0
27546,1.635279,0
27547,1.406448,0
27548,1.189350,0
27549,1.462517,0
27550,1.178187,0
27551,1.055098,0
27552,0.668890,0
27553,1.247711,0
27554,1.247711,0
27555,0.643535,0
27556,1.558191,0
27557,0.385618,0
27558,0.257385,0
27559,1.016716,0
27560,1.017978,0
27561,0.696296,0
27562,0.499096,0
27563,1.558253,0
27564,1.590692,0
27565,0.120501,0
27566,0.120501,0
27567,1.305587,0
27568,0.521411,0
27569,1.372589,0
27570,0.846707,0
27571,0.334918,0
27572,1.554145,0
27573,1.586879,0
27574,1.585718,0
27575,1.621370,0
27576,0.331833,0
27577,0.448744,0
27578,2.212693,1
27579,2.441659,1
27580,2.441659,1
27581,1.982265,0
27582,1.982265,0
27583,0.714438,0
27584,1.598955,0
27585,1.311268,0
27586,2.409289,1
27587,2.080285,0
27588,0.230254,0
27589,1.629743,0
27590,0.182511,0
27591,0.138592,0
27592,0.378028,0
27593,1.559916,0
27594,1.559328,0
27595,0.390318,0
27596,1.786708,0
27597,1.624803,0
27598,1.624785,0
27599,1.625029,0
27600,1.623973,0
27601,1.625736,0
27602,1.593288,0
27603,1.625957,0
27604,1.788837,0
27605,1.756689,0
27606,1.626359,0
27607,1.626359,0
27608,1.593699,0
27609,1.593699,0
27610,1.593699,0
27611,1.789295,0
27612,1.789295,0
27613,1.887342,0
27614,1.886640,0
27615,0.194766,0
27616,1.756651,0
27617,0.842415,0
27618,0.530722,0
27619,0.532133,0
27620,0.532133,0
27621,0.535515,0
27622,1.851606,0
27623,1.753833,0
27624,1.753850,0
27625,1.721218,0
27626,0.235974,0
27627,1.884185,0
27628,0.223887,0
27629,0.370706,0
27630,0.973577,0
27631,0.854761,0
27632,0.222710,0
27633,0.694772,0
27634,1.786800,0
27635,1.752682,0
27636,2.080602,0
27637,1.818433,0
27638,2.146157,1
27639,2.146157,1
27640,1.722124,0
27641,1.688269,0
27642,1.852232,0
27643,1.180019,0
27644,1.362212,0
27645,0.968332,0
27646,1.132383,0
27647,0.377691,0
27648,1.198485,0
27649,0.694144,0
27650,1.310708,0
27651,1.017509,0
27652,1.885760,0
27653,1.885687,0
27654,1.799807,0
27655,0.857316,0
27656,0.229539,0
27657,0.692398,0
27658,1.310210,0
27659,1.313113,0
27660,1.852481,0
27661,1.314052,0
27662,1.884244,0
27663,1.180653,0
27664,0.853675,0
27665,1.819418,0
27666,1.786548,0
27667,0.855023,0
27668,0.528495,0
27669,0.698471,0
27670,0.692798,0
27671,0.853429,0
27672,2.440453,1
27673,2.439794,1
27674,2.439792,1
27675,1.980174,0
27676,1.954042,0
27677,1.736150,0
27678,0.817491,0
27679,1.736525,0
27680,1.562195,0
27681,1.555552,0
27682,2.079871,0
27683,1.783357,0
27684,2.078732,0
27685,2.112304,0
27686,2.439445,1
27687,1.586382,0
27688,1.881573,0
27689,2.112252,0
27690,1.914647,0
27691,2.045647,0
27692,1.783366,0
27693,2.045587,0
27694,2.045599,0
27695,1.015384,0
27696,2.439676,1
27697,2.439616,1
27698,2.439618,1
27699,2.439544,1
27700,1.718634,0
27701,1.751427,0
27702,1.662539,0
27703,1.423057,0
27704,1.426542,0
27705,1.688135,0
27706,2.144108,0
27707,1.719398,0
27708,1.586339,0
27709,2.111128,0
27710,2.111887,0
27711,2.012452,0
27712,1.127650,0
27713,1.127650,0
27714,1.784615,0
27715,2.407451,1
27716,1.817520,0
27717,1.794519,0
27718,1.881534,0
27719,1.914498,0
27720,1.914479,0
27721,1.980424,0
27722,0.331649,0
27723,1.175678,0
27724,1.309005,0
27725,1.174446,0
27726,2.177206,1
27727,1.947434,0
27728,1.947005,0
27729,2.078781,0
27730,1.882258,0
27731,2.406434,1
27732,2.078140,0
27733,1.176030,0
27734,0.799379,0
27735,2.340835,1
27736,1.306317,0
27737,1.881833,0
27738,0.546934,0
27739,0.685902,0
27740,2.472308,1
27741,0.859971,0
27742,0.133550,0
27743,0.222043,0
27744,2.081612,0
27745,2.082596,0
27746,2.082596,0
27747,2.082070,0
27748,2.082176,0
27749,1.786946,0
27750,0.548059,0
27751,1.624369,0
27752,2.049287,0
27753,2.049309,0
27754,2.082255,0
27755,2.049697,0
27756,1.624147,0
27757,1.625923,0
27758,1.623575,0
27759,1.623575,0
27760,1.624602,0
27761,1.590856,0
27762,1.310728,0
27763,1.591663,0
27764,1.591663,0
27765,2.082485,0
27766,2.441903,1
27767,2.441903,1
27768,1.917538,0
27769,2.081605,0
27770,0.332812,0
27771,2.474886,1
27772,0.807238,0
27773,2.081650,0
27774,1.310463,0
27775,2.048690,0
27776,2.049107,0
27777,2.049107,0
27778,2.049107,0
27779,2.049107,0
27780,2.376103,1
27781,0.486725,0
27782,1.591405,0
27783,0.232692,0
27784,0.531524,0
27785,0.694210,0
27786,1.310834,0
27787,1.310946,0
27788,1.308708,0
27789,1.456169,0
27790,1.948332,0
27791,0.964941,0
27792,0.362657,0
27793,2.283921,1
27794,2.672795,1
27795,2.511142,1
27796,2.446844,1
27797,1.379194,0
27798,2.087240,0
27799,1.310705,0
27800,1.309465,0
27801,0.812752,0
27802,2.113614,0
27803,2.113614,0
27804,1.355807,0
27805,1.350141,0
27806,0.125599,0
27807,0.243219,0
27808,0.224049,0
27809,0.486276,0
27810,0.332676,0
27811,0.486477,0
27812,1.016662,0
27813,1.294169,0
27814,0.336948,0
27815,0.221293,0
27816,0.485551,0
27817,0.242528,0
27818,0.223409,0
27819,0.229936,0
27820,0.853662,0
27821,0.854286,0
27822,0.140390,0
27823,0.853990,0
27824,0.226457,0
27825,0.532868,0
27826,1.559971,0
27827,1.559971,0
27828,0.489891,0
27829,0.534699,0
27830,0.532486,0
27831,0.489653,0
27832,1.389488,0
27833,1.389488,0
27834,0.333107,0
27835,0.693706,0
27836,1.379269,0
27837,1.375783,0
27838,1.376810,0
27839,0.853479,0
27840,0.532926,0
27841,0.692313,0
27842,2.082410,0
27843,2.082410,0
27844,2.278336,1
27845,2.016502,0
27846,0.693612,0
27847,0.372593,0
27848,1.017845,0
27849,2.048896,0
27850,2.049161,0
27851,1.017566,0
27852,1.376203,0
27853,1.376064,0
27854,1.310615,0
27855,0.692640,0
27856,1.310517,0
27857,1.377754,0
27858,0.692318,0
27859,0.693629,0
27860,2.050205,0
27861,2.049639,0
27862,1.377108,0
27863,2.474712,1
27864,1.309997,0
27865,2.146550,1
27866,1.376705,0
27867,0.438088,0
27868,0.692209,0
27869,1.375915,0
27870,0.530691,0
27871,0.371963,0
27872,0.531681,0
27873,0.530001,0
27874,0.531460,0
27875,1.310780,0
27876,1.310188,0
27877,1.376925,0
27878,1.376144,0
27879,1.722910,0
27880,1.376957,0
27881,0.691021,0
27882,0.853039,0
27883,0.692865,0
27884,0.692239,0
27885,2.474160,1
27886,2.474170,1
27887,2.474490,1
27888,2.474398,1
27889,2.474406,1
27890,1.377857,0
27891,1.377537,0
27892,1.374979,0
27893,1.656510,0
27894,1.918784,0
27895,1.984603,0
27896,0.194121,0
27897,1.558958,0
27898,0.228867,0
27899,0.310897,0
27900,0.691638,0
27901,0.220178,0
27902,0.220178,0
27903,1.525249,0
27904,1.310287,0
27905,0.374492,0
27906,0.374492,0
27907,0.377037,0
27908,0.375625,0
27909,0.646263,0
27910,0.330051,0
27911,0.645902,0
27912,0.647487,0
27913,0.082991,0
27914,1.010173,0
27915,0.085422,0
27916,0.520093,0
27917,0.689226,0
27918,0.685275,0
27919,0.684853,0
27920,0.683464,0
27921,0.683692,0
27922,1.373150,0
27923,1.718450,0
27924,1.718435,0
27925,2.475417,1
27926,0.357456,0
27927,1.915076,0
27928,2.472030,1
27929,2.472030,1
27930,2.014419,0
27931,0.846889,0
27932,1.012419,0
27933,1.012419,0
27934,0.685261,0
27935,0.695658,0
27936,0.519645,0
27937,0.845881,0
27938,2.308840,1
27939,1.176070,0
27940,2.210144,1
27941,2.111665,0
27942,1.011029,0
27943,1.013800,0
27944,2.144284,0
27945,0.076539,0
27946,0.066360,0
27947,0.068849,0
27948,2.078710,0
27949,2.078710,0
27950,0.846117,0
27951,2.046608,0
27952,1.370601,0
27953,1.385568,0
27954,1.385631,0
27955,1.390054,0
27956,1.010911,0
27957,1.011754,0
27958,1.372208,0
27959,1.372208,0
27960,1.372253,0
27961,2.046813,0
27962,1.850582,0
27963,2.080223,0
27964,2.079624,0
27965,2.079211,0
27966,1.013451,0
27967,1.012270,0
27968,0.683962,0
27969,1.521548,0
27970,0.332264,0
27971,0.682779,0
27972,0.357560,0
27973,0.357560,0
27974,2.472468,1
27975,1.010233,0
27976,1.306843,0
27977,1.371552,0
27978,0.118522,0
27979,1.306319,0
27980,0.307824,0
27981,2.474248,1
27982,2.474299,1
27983,2.474163,1
27984,0.526715,0
27985,0.687941,0
27986,0.350992,0
27987,1.383648,0
27988,0.733482,0
27989,1.821907,0
27990,0.445223,0
27991,0.445223,0
27992,0.414261,0
27993,0.891477,0
27994,1.300536,0
27995,0.159219,0
27996,0.396057,0
27997,1.627746,0
27998,0.182374,0
27999,0.182374,0
28000,0.356146,0
28001,0.119541,0
28002,0.693128,0
28003,0.131696,0
28004,0.125922,0
28005,0.486045,0
28006,0.486045,0
28007,0.974124,0
28008,1.656020,0
28009,0.472654,0
28010,1.131453,0
28011,0.486275,0
28012,1.375584,0
28013,0.855394,0
28014,0.532794,0
28015,0.532103,0
28016,0.532709,0
28017,0.333321,0
28018,0.375190,0
28019,0.532516,0
28020,0.531532,0
28021,0.194711,0
28022,0.692980,0
28023,0.327581,0
28024,0.333015,0
28025,0.376009,0
28026,0.488292,0
28027,2.179525,1
28028,0.693305,0
28029,0.692677,0
28030,0.193178,0
28031,0.235160,0
28032,0.333574,0
28033,0.373467,0
28034,0.692226,0
28035,2.475122,1
28036,0.377577,0
28037,0.531743,0
28038,0.374268,0
28039,1.525978,0
28040,1.528103,0
28041,1.494202,0
28042,1.493856,0
28043,1.494016,0
28044,1.527417,0
28045,1.527417,0
28046,1.527417,0
28047,1.527417,0
28048,1.723013,0
28049,0.493826,0
28050,0.491688,0
28051,0.353512,0
28052,0.807974,0
28053,2.443002,1
28054,2.474949,1
28055,2.474949,1
28056,0.970404,0
28057,0.855076,0
28058,2.147898,1
28059,2.016137,0
28060,1.132243,0
28061,1.625249,0
28062,0.693875,0
28063,0.487529,0
28064,0.808740,0
28065,0.489380,0
28066,0.494644,0
28067,0.486495,0
28068,0.646563,0
28069,0.646533,0
28070,0.646796,0
28071,1.852922,0
28072,0.498278,0
28073,1.016941,0
28074,0.970782,0
28075,0.486411,0
28076,2.080573,0
28077,0.649895,0
28078,0.485861,0
28079,0.695905,0
28080,2.049031,0
28081,2.016565,0
28082,1.180361,0
28083,0.854154,0
28084,0.370679,0
28085,0.970561,0
28086,0.324699,0
28087,0.325042,0
28088,0.337984,0
28089,0.967569,0
28090,0.969686,0
28091,0.329761,0
28092,0.515068,0
28093,0.132422,0
28094,0.331243,0
28095,0.330847,0
28096,0.134097,0
28097,2.475933,1
28098,0.195310,0
28099,0.378171,0
28100,0.194758,0
28101,2.475757,1
28102,0.487447,0
28103,0.487068,0
28104,0.970359,0
28105,1.657283,0
28106,0.969504,0
28107,0.971365,0
28108,0.645457,0
28109,0.488117,0
28110,0.647831,0
28111,0.228192,0
28112,0.692563,0
28113,1.589800,0
28114,0.197788,0
28115,0.488036,0
28116,0.485358,0
28117,0.970495,0
28118,0.805255,0
28119,0.806789,0
28120,0.685331,0
28121,0.073588,0
28122,0.967573,0
28123,1.127048,0
28124,0.524935,0
28125,0.963240,0
28126,0.849223,0
28127,1.242673,0
28128,0.847003,0
28129,0.681819,0
28130,1.305927,0
28131,0.521843,0
28132,0.518089,0
28133,0.685667,0
28134,0.684511,0
28135,0.360666,0
28136,0.687702,0
28137,0.683087,0
28138,1.373501,0
28139,0.475165,0
28140,1.915095,0
28141,2.440100,1
28142,2.440100,1
28143,0.313073,0
28144,0.523947,0
28145,2.439408,1
28146,2.439408,1
28147,0.522762,0
28148,0.531266,0
28149,0.526520,0
28150,1.291407,0
28151,1.980872,0
28152,0.800187,0
28153,0.807855,0
28154,1.135629,0
28155,0.965801,0
28156,0.683729,0
28157,0.964123,0
28158,0.963978,0
28159,0.964937,0
28160,1.127346,0
28161,0.963519,0
28162,0.963523,0
28163,0.963523,0
28164,0.963178,0
28165,0.963178,0
28166,0.963330,0
28167,0.962796,0
28168,0.964579,0
28169,0.800024,0
28170,0.348197,0
28171,0.694352,0
28172,0.500634,0
28173,1.101296,0
28174,0.486905,0
28175,0.502004,0
28176,0.646095,0
28177,0.660882,0
28178,0.486660,0
28179,0.486828,0
28180,0.486928,0
28181,2.310667,1
28182,0.969938,0
28183,0.486583,0
28184,0.320806,0
28185,0.486297,0
28186,0.808073,0
28187,0.643511,0
28188,0.643978,0
28189,0.336322,0
28190,0.643240,0
28191,2.180485,1
28192,0.376108,0
28193,0.231004,0
28194,2.113688,0
28195,2.113688,0
28196,0.490497,0
28197,0.805603,0
28198,1.950086,0
28199,1.560052,0
28200,1.560052,0
28201,0.970506,0
28202,1.295789,0
28203,1.295440,0
28204,0.969889,0
28205,0.969985,0
28206,0.970050,0
28207,0.967978,0
28208,0.970013,0
28209,0.805202,0
28210,0.805688,0
28211,0.805204,0
28212,0.805170,0
28213,0.968884,0
28214,0.967119,0
28215,0.970122,0
28216,1.295913,0
28217,1.296276,0
28218,0.647473,0
28219,1.622819,0
28220,1.754812,0
28221,0.382628,0
28222,0.805616,0
28223,0.805616,0
28224,0.968738,0
28225,0.970428,0
28226,2.114248,0
28227,0.973809,0
28228,1.296092,0
28229,1.296189,0
28230,1.557231,0
28231,1.458533,0
28232,1.131705,0
28233,0.805223,0
28234,0.379703,0
28235,0.805480,0
28236,0.807513,0
28237,1.066728,0
28238,0.970006,0
28239,1.753115,0
28240,0.646935,0
28241,0.969084,0
28242,1.459734,0
28243,1.818278,0
28244,0.870083,0
28245,0.964220,0
28246,0.964220,0
28247,0.482992,0
28248,0.965782,0
28249,0.521727,0
28250,2.112254,0
28251,2.112254,0
28252,1.488210,0
28253,1.488210,0
28254,2.112152,0
28255,1.292386,0
28256,0.963405,0
28257,0.963206,0
28258,2.079696,0
28259,0.963315,0
28260,0.962908,0
28261,0.963213,0
28262,0.963451,0
28263,0.963366,0
28264,0.963536,0
28265,1.128358,0
28266,0.448802,0
28267,1.291066,0
28268,0.965814,0
28269,1.881927,0
28270,1.192905,0
28271,0.963677,0
28272,0.963085,0
28273,0.963085,0
28274,1.390022,0
28275,0.963309,0
28276,0.963049,0
28277,1.127141,0
28278,1.127704,0
28279,0.800341,0
28280,0.800337,0
28281,0.673609,0
28282,0.963948,0
28283,0.802493,0
28284,0.636540,0
28285,0.963723,0
28286,0.800514,0
28287,1.441824,0
28288,1.296646,0
28289,1.098695,0
28290,1.427185,0
28291,1.459986,0
28292,1.459986,0
28293,1.425480,0
28294,1.297638,0
28295,2.114159,0
28296,1.327566,0
28297,0.489037,0
28298,1.527719,0
28299,2.015909,0
28300,2.015909,0
28301,2.015909,0
28302,1.525205,0
28303,1.917309,0
28304,1.884860,0
28305,1.917461,0
28306,1.917461,0
28307,0.969802,0
28308,1.295559,0
28309,1.983100,0
28310,1.983073,0
28311,1.690059,0
28312,1.689226,0
28313,1.872039,0
28314,1.950255,0
28315,2.310753,1
28316,2.310753,1
28317,1.860085,0
28318,1.657548,0
28319,1.657844,0
28320,1.690556,0
28321,1.689877,0
28322,1.690556,0
28323,1.624376,0
28324,1.624518,0
28325,1.624734,0
28326,1.624097,0
28327,1.625074,0
28328,1.625072,0
28329,1.786648,0
28330,1.786524,0
28331,1.786524,0
28332,1.852046,0
28333,1.884806,0
28334,1.884661,0
28335,1.884876,0
28336,1.688630,0
28337,1.688790,0
28338,1.721589,0
28339,1.689374,0
28340,1.687409,0
28341,1.884824,0
28342,1.950508,0
28343,1.982939,0
28344,1.982700,0
28345,1.988509,0
28346,2.144139,0
28347,1.368587,0
28348,1.473193,0
28349,1.520729,0
28350,1.522024,0
28351,1.522024,0
28352,1.494699,0
28353,1.422609,0
28354,1.422016,0
28355,1.422752,0
28356,1.600637,0
28357,1.547356,0
28358,1.980389,0
28359,1.984500,0
28360,1.980263,0
28361,2.276016,1
28362,2.276087,1
28363,2.079163,0
28364,2.276720,1
28365,1.893424,0
28366,1.881761,0
28367,1.881903,0
28368,1.815736,0
28369,1.815720,0
28370,1.819876,0
28371,1.815722,0
28372,1.815745,0
28373,1.784144,0
28374,1.763944,0
28375,1.881843,0
28376,1.881902,0
28377,0.522157,0
28378,6.631609,1
28379,2.159255,1
